,price_real_clear,info_date,info_hour
0,40.0,2024-12-31,24:00
1,352.52,2025-01-01,00:15
2,343.13,2025-01-01,00:30
3,400.29,2025-01-01,00:45
4,406.53,2025-01-01,01:00
5,421.04,2025-01-01,01:15
6,405.03,2025-01-01,01:30
7,401.73,2025-01-01,01:45
8,404.78,2025-01-01,02:00
9,414.2,2025-01-01,02:15
10,417.29,2025-01-01,02:30
11,420.64,2025-01-01,02:45
12,418.49,2025-01-01,03:00
13,399.69,2025-01-01,03:15
14,419.82,2025-01-01,03:30
15,473.28,2025-01-01,03:45
16,472.07,2025-01-01,04:00
17,472.91,2025-01-01,04:15
18,473.48,2025-01-01,04:30
19,483.2,2025-01-01,04:45
20,515.74,2025-01-01,05:00
21,516.82,2025-01-01,05:15
22,511.06,2025-01-01,05:30
23,510.62,2025-01-01,05:45
24,483.76,2025-01-01,06:00
25,505.66,2025-01-01,06:15
26,477.76,2025-01-01,06:30
27,477.55,2025-01-01,06:45
28,430.42,2025-01-01,07:00
29,430.38,2025-01-01,07:15
30,411.45,2025-01-01,07:30
31,384.11,2025-01-01,07:45
32,383.99,2025-01-01,08:00
33,430.09,2025-01-01,08:15
34,430.34,2025-01-01,08:30
35,450.0,2025-01-01,08:45
36,449.99,2025-01-01,09:00
37,385.64,2025-01-01,09:15
38,433.25,2025-01-01,09:30
39,387.92,2025-01-01,09:45
40,360.67,2025-01-01,10:00
41,219.97,2025-01-01,10:15
42,209.96,2025-01-01,10:30
43,199.96,2025-01-01,10:45
44,199.96,2025-01-01,11:00
45,119.98,2025-01-01,11:15
46,40.0,2025-01-01,11:30
47,189.96,2025-01-01,11:45
48,40.1,2025-01-01,12:00
49,189.96,2025-01-01,12:15
50,79.99,2025-01-01,12:30
51,40.0,2025-01-01,12:45
52,40.0,2025-01-01,13:00
53,40.0,2025-01-01,13:15
54,40.0,2025-01-01,13:30
55,40.0,2025-01-01,13:45
56,40.0,2025-01-01,14:00
57,40.0,2025-01-01,14:15
58,189.96,2025-01-01,14:30
59,199.96,2025-01-01,14:45
60,199.97,2025-01-01,15:00
61,199.96,2025-01-01,15:15
62,209.97,2025-01-01,15:30
63,219.97,2025-01-01,15:45
64,332.8,2025-01-01,16:00
65,477.64,2025-01-01,16:15
66,369.99,2025-01-01,16:30
67,399.99,2025-01-01,16:45
68,369.99,2025-01-01,17:00
69,389.99,2025-01-01,17:15
70,450.0,2025-01-01,17:30
71,500.0,2025-01-01,17:45
72,540.0,2025-01-01,18:00
73,500.0,2025-01-01,18:15
74,500.0,2025-01-01,18:30
75,450.0,2025-01-01,18:45
76,450.0,2025-01-01,19:00
77,450.0,2025-01-01,19:15
78,450.0,2025-01-01,19:30
79,450.0,2025-01-01,19:45
80,450.0,2025-01-01,20:00
81,450.0,2025-01-01,20:15
82,450.0,2025-01-01,20:30
83,500.0,2025-01-01,20:45
84,500.0,2025-01-01,21:00
85,450.0,2025-01-01,21:15
86,450.0,2025-01-01,21:30
87,400.0,2025-01-01,21:45
88,220.0,2025-01-01,22:00
89,200.0,2025-01-01,22:15
90,200.0,2025-01-01,22:30
91,200.0,2025-01-01,22:45
92,200.0,2025-01-01,23:00
93,200.0,2025-01-01,23:15
94,200.0,2025-01-01,23:30
95,200.0,2025-01-01,23:45
96,200.0,2025-01-01,24:00
97,320.0,2025-01-02,00:15
98,320.0,2025-01-02,00:30
99,330.0,2025-01-02,00:45
100,320.0,2025-01-02,01:00
101,320.0,2025-01-02,01:15
102,320.0,2025-01-02,01:30
103,320.0,2025-01-02,01:45
104,330.0,2025-01-02,02:00
105,327.52,2025-01-02,02:15
106,335.08,2025-01-02,02:30
107,327.46,2025-01-02,02:45
108,327.72,2025-01-02,03:00
109,335.29,2025-01-02,03:15
110,400.0,2025-01-02,03:30
111,450.0,2025-01-02,03:45
112,370.0,2025-01-02,04:00
113,340.0,2025-01-02,04:15
114,340.0,2025-01-02,04:30
115,340.0,2025-01-02,04:45
116,330.0,2025-01-02,05:00
117,320.0,2025-01-02,05:15
118,330.0,2025-01-02,05:30
119,330.0,2025-01-02,05:45
120,289.81,2025-01-02,06:00
121,271.9,2025-01-02,06:15
122,334.33,2025-01-02,06:30
123,340.0,2025-01-02,06:45
124,420.0,2025-01-02,07:00
125,400.0,2025-01-02,07:15
126,430.0,2025-01-02,07:30
127,370.0,2025-01-02,07:45
128,350.0,2025-01-02,08:00
129,330.0,2025-01-02,08:15
130,340.0,2025-01-02,08:30
131,360.0,2025-01-02,08:45
132,359.99,2025-01-02,09:00
133,349.99,2025-01-02,09:15
134,339.98,2025-01-02,09:30
135,207.72,2025-01-02,09:45
136,40.0,2025-01-02,10:00
137,40.0,2025-01-02,10:15
138,40.0,2025-01-02,10:30
139,40.0,2025-01-02,10:45
140,81.0,2025-01-02,11:00
141,40.4,2025-01-02,11:15
142,40.37,2025-01-02,11:30
143,40.0,2025-01-02,11:45
144,40.0,2025-01-02,12:00
145,40.0,2025-01-02,12:15
146,40.0,2025-01-02,12:30
147,40.0,2025-01-02,12:45
148,40.0,2025-01-02,13:00
149,40.0,2025-01-02,13:15
150,40.0,2025-01-02,13:30
151,40.44,2025-01-02,13:45
152,40.0,2025-01-02,14:00
153,40.0,2025-01-02,14:15
154,40.0,2025-01-02,14:30
155,192.91,2025-01-02,14:45
156,261.61,2025-01-02,15:00
157,264.91,2025-01-02,15:15
158,310.64,2025-01-02,15:30
159,362.98,2025-01-02,15:45
160,382.72,2025-01-02,16:00
161,368.69,2025-01-02,16:15
162,355.62,2025-01-02,16:30
163,411.57,2025-01-02,16:45
164,312.78,2025-01-02,17:00
165,370.51,2025-01-02,17:15
166,405.13,2025-01-02,17:30
167,412.96,2025-01-02,17:45
168,464.41,2025-01-02,18:00
169,500.0,2025-01-02,18:15
170,450.0,2025-01-02,18:30
171,450.0,2025-01-02,18:45
172,500.0,2025-01-02,19:00
173,530.0,2025-01-02,19:15
174,500.0,2025-01-02,19:30
175,500.0,2025-01-02,19:45
176,500.0,2025-01-02,20:00
177,530.0,2025-01-02,20:15
178,550.0,2025-01-02,20:30
179,600.0,2025-01-02,20:45
180,600.0,2025-01-02,21:00
181,600.0,2025-01-02,21:15
182,600.0,2025-01-02,21:30
183,600.0,2025-01-02,21:45
184,450.0,2025-01-02,22:00
185,400.0,2025-01-02,22:15
186,440.0,2025-01-02,22:30
187,430.0,2025-01-02,22:45
188,420.0,2025-01-02,23:00
189,400.0,2025-01-02,23:15
190,450.0,2025-01-02,23:30
191,400.0,2025-01-02,23:45
192,450.0,2025-01-02,24:00
193,450.0,2025-01-03,00:15
194,430.0,2025-01-03,00:30
195,450.0,2025-01-03,00:45
196,500.0,2025-01-03,01:00
197,500.0,2025-01-03,01:15
198,500.0,2025-01-03,01:30
199,500.0,2025-01-03,01:45
200,500.0,2025-01-03,02:00
201,500.0,2025-01-03,02:15
202,500.0,2025-01-03,02:30
203,500.0,2025-01-03,02:45
204,530.0,2025-01-03,03:00
205,500.0,2025-01-03,03:15
206,600.0,2025-01-03,03:30
207,600.0,2025-01-03,03:45
208,600.0,2025-01-03,04:00
209,590.0,2025-01-03,04:15
210,590.0,2025-01-03,04:30
211,600.0,2025-01-03,04:45
212,600.0,2025-01-03,05:00
213,600.0,2025-01-03,05:15
214,590.0,2025-01-03,05:30
215,600.0,2025-01-03,05:45
216,600.0,2025-01-03,06:00
217,530.0,2025-01-03,06:15
218,530.0,2025-01-03,06:30
219,450.0,2025-01-03,06:45
220,350.0,2025-01-03,07:00
221,370.0,2025-01-03,07:15
222,350.0,2025-01-03,07:30
223,350.0,2025-01-03,07:45
224,350.0,2025-01-03,08:00
225,340.0,2025-01-03,08:15
226,400.0,2025-01-03,08:30
227,450.0,2025-01-03,08:45
228,419.99,2025-01-03,09:00
229,599.98,2025-01-03,09:15
230,529.98,2025-01-03,09:30
231,499.96,2025-01-03,09:45
232,509.95,2025-01-03,10:00
233,449.94,2025-01-03,10:15
234,449.8,2025-01-03,10:30
235,346.74,2025-01-03,10:45
236,218.22,2025-01-03,11:00
237,185.93,2025-01-03,11:15
238,76.36,2025-01-03,11:30
239,40.0,2025-01-03,11:45
240,306.78,2025-01-03,12:00
241,215.12,2025-01-03,12:15
242,224.92,2025-01-03,12:30
243,215.51,2025-01-03,12:45
244,206.53,2025-01-03,13:00
245,40.0,2025-01-03,13:15
246,40.0,2025-01-03,13:30
247,40.0,2025-01-03,13:45
248,40.0,2025-01-03,14:00
249,187.11,2025-01-03,14:15
250,186.89,2025-01-03,14:30
251,186.9,2025-01-03,14:45
252,40.0,2025-01-03,15:00
253,252.36,2025-01-03,15:15
254,299.97,2025-01-03,15:30
255,359.44,2025-01-03,15:45
256,347.74,2025-01-03,16:00
257,346.46,2025-01-03,16:15
258,403.89,2025-01-03,16:30
259,419.98,2025-01-03,16:45
260,407.71,2025-01-03,17:00
261,427.81,2025-01-03,17:15
262,347.86,2025-01-03,17:30
263,409.74,2025-01-03,17:45
264,460.97,2025-01-03,18:00
265,439.44,2025-01-03,18:15
266,500.0,2025-01-03,18:30
267,387.24,2025-01-03,18:45
268,348.46,2025-01-03,19:00
269,384.61,2025-01-03,19:15
270,357.51,2025-01-03,19:30
271,357.3,2025-01-03,19:45
272,450.0,2025-01-03,20:00
273,356.66,2025-01-03,20:15
274,296.02,2025-01-03,20:30
275,329.54,2025-01-03,20:45
276,396.84,2025-01-03,21:00
277,450.0,2025-01-03,21:15
278,444.72,2025-01-03,21:30
279,435.28,2025-01-03,21:45
280,442.2,2025-01-03,22:00
281,278.68,2025-01-03,22:15
282,284.96,2025-01-03,22:30
283,340.78,2025-01-03,22:45
284,387.48,2025-01-03,23:00
285,338.61,2025-01-03,23:15
286,329.31,2025-01-03,23:30
287,321.28,2025-01-03,23:45
288,310.57,2025-01-03,24:00
289,358.04,2025-01-04,00:15
290,359.09,2025-01-04,00:30
291,350.83,2025-01-04,00:45
292,350.21,2025-01-04,01:00
293,352.48,2025-01-04,01:15
294,429.21,2025-01-04,01:30
295,421.21,2025-01-04,01:45
296,320.77,2025-01-04,02:00
297,369.76,2025-01-04,02:15
298,327.51,2025-01-04,02:30
299,328.93,2025-01-04,02:45
300,373.63,2025-01-04,03:00
301,352.74,2025-01-04,03:15
302,342.15,2025-01-04,03:30
303,335.18,2025-01-04,03:45
304,332.49,2025-01-04,04:00
305,384.93,2025-01-04,04:15
306,380.91,2025-01-04,04:30
307,371.86,2025-01-04,04:45
308,331.21,2025-01-04,05:00
309,316.43,2025-01-04,05:15
310,184.81,2025-01-04,05:30
311,217.88,2025-01-04,05:45
312,206.04,2025-01-04,06:00
313,40.0,2025-01-04,06:15
314,40.0,2025-01-04,06:30
315,40.0,2025-01-04,06:45
316,339.01,2025-01-04,07:00
317,320.22,2025-01-04,07:15
318,320.49,2025-01-04,07:30
319,267.09,2025-01-04,07:45
320,189.09,2025-01-04,08:00
321,189.66,2025-01-04,08:15
322,302.02,2025-01-04,08:30
323,302.34,2025-01-04,08:45
324,40.0,2025-01-04,09:00
325,40.0,2025-01-04,09:15
326,40.0,2025-01-04,09:30
327,40.0,2025-01-04,09:45
328,40.09,2025-01-04,10:00
329,40.09,2025-01-04,10:15
330,40.0,2025-01-04,10:30
331,169.07,2025-01-04,10:45
332,40.0,2025-01-04,11:00
333,40.0,2025-01-04,11:15
334,40.0,2025-01-04,11:30
335,40.08,2025-01-04,11:45
336,40.08,2025-01-04,12:00
337,40.0,2025-01-04,12:15
338,40.0,2025-01-04,12:30
339,40.0,2025-01-04,12:45
340,40.0,2025-01-04,13:00
341,40.42,2025-01-04,13:15
342,40.0,2025-01-04,13:30
343,40.0,2025-01-04,13:45
344,40.0,2025-01-04,14:00
345,40.41,2025-01-04,14:15
346,40.0,2025-01-04,14:30
347,180.05,2025-01-04,14:45
348,212.98,2025-01-04,15:00
349,214.75,2025-01-04,15:15
350,265.27,2025-01-04,15:30
351,235.44,2025-01-04,15:45
352,170.86,2025-01-04,16:00
353,166.2,2025-01-04,16:15
354,40.0,2025-01-04,16:30
355,40.0,2025-01-04,16:45
356,339.98,2025-01-04,17:00
357,384.61,2025-01-04,17:15
358,373.12,2025-01-04,17:30
359,381.23,2025-01-04,17:45
360,418.98,2025-01-04,18:00
361,399.5,2025-01-04,18:15
362,370.0,2025-01-04,18:30
363,400.0,2025-01-04,18:45
364,450.0,2025-01-04,19:00
365,450.0,2025-01-04,19:15
366,500.0,2025-01-04,19:30
367,500.0,2025-01-04,19:45
368,500.0,2025-01-04,20:00
369,530.0,2025-01-04,20:15
370,500.0,2025-01-04,20:30
371,500.0,2025-01-04,20:45
372,590.0,2025-01-04,21:00
373,590.0,2025-01-04,21:15
374,590.0,2025-01-04,21:30
375,530.0,2025-01-04,21:45
376,450.0,2025-01-04,22:00
377,400.0,2025-01-04,22:15
378,430.0,2025-01-04,22:30
379,430.0,2025-01-04,22:45
380,400.0,2025-01-04,23:00
381,400.0,2025-01-04,23:15
382,370.0,2025-01-04,23:30
383,420.0,2025-01-04,23:45
384,400.0,2025-01-04,24:00
385,400.0,2025-01-05,00:15
386,400.0,2025-01-05,00:30
387,500.0,2025-01-05,00:45
388,500.0,2025-01-05,01:00
389,500.0,2025-01-05,01:15
390,500.0,2025-01-05,01:30
391,500.0,2025-01-05,01:45
392,500.0,2025-01-05,02:00
393,500.0,2025-01-05,02:15
394,500.0,2025-01-05,02:30
395,500.0,2025-01-05,02:45
396,500.0,2025-01-05,03:00
397,500.0,2025-01-05,03:15
398,500.0,2025-01-05,03:30
399,450.0,2025-01-05,03:45
400,450.0,2025-01-05,04:00
401,450.0,2025-01-05,04:15
402,490.0,2025-01-05,04:30
403,490.0,2025-01-05,04:45
404,450.0,2025-01-05,05:00
405,450.0,2025-01-05,05:15
406,490.0,2025-01-05,05:30
407,500.0,2025-01-05,05:45
408,500.0,2025-01-05,06:00
409,500.0,2025-01-05,06:15
410,530.0,2025-01-05,06:30
411,500.0,2025-01-05,06:45
412,500.0,2025-01-05,07:00
413,490.0,2025-01-05,07:15
414,450.0,2025-01-05,07:30
415,490.0,2025-01-05,07:45
416,490.0,2025-01-05,08:00
417,590.0,2025-01-05,08:15
418,590.0,2025-01-05,08:30
419,550.0,2025-01-05,08:45
420,499.99,2025-01-05,09:00
421,499.98,2025-01-05,09:15
422,459.57,2025-01-05,09:30
423,376.73,2025-01-05,09:45
424,320.99,2025-01-05,10:00
425,218.73,2025-01-05,10:15
426,190.45,2025-01-05,10:30
427,40.0,2025-01-05,10:45
428,40.0,2025-01-05,11:00
429,40.0,2025-01-05,11:15
430,40.0,2025-01-05,11:30
431,40.0,2025-01-05,11:45
432,40.0,2025-01-05,12:00
433,40.0,2025-01-05,12:15
434,40.0,2025-01-05,12:30
435,40.0,2025-01-05,12:45
436,40.0,2025-01-05,13:00
437,40.0,2025-01-05,13:15
438,40.0,2025-01-05,13:30
439,40.0,2025-01-05,13:45
440,40.0,2025-01-05,14:00
441,40.0,2025-01-05,14:15
442,40.0,2025-01-05,14:30
443,40.0,2025-01-05,14:45
444,172.2,2025-01-05,15:00
445,180.07,2025-01-05,15:15
446,181.63,2025-01-05,15:30
447,191.82,2025-01-05,15:45
448,268.52,2025-01-05,16:00
449,276.24,2025-01-05,16:15
450,265.71,2025-01-05,16:30
451,251.77,2025-01-05,16:45
452,338.76,2025-01-05,17:00
453,288.26,2025-01-05,17:15
454,350.39,2025-01-05,17:30
455,346.22,2025-01-05,17:45
456,346.39,2025-01-05,18:00
457,350.0,2025-01-05,18:15
458,340.0,2025-01-05,18:30
459,330.0,2025-01-05,18:45
460,330.0,2025-01-05,19:00
461,331.93,2025-01-05,19:15
462,221.01,2025-01-05,19:30
463,228.88,2025-01-05,19:45
464,228.42,2025-01-05,20:00
465,337.25,2025-01-05,20:15
466,345.63,2025-01-05,20:30
467,319.01,2025-01-05,20:45
468,199.18,2025-01-05,21:00
469,213.09,2025-01-05,21:15
470,206.09,2025-01-05,21:30
471,302.59,2025-01-05,21:45
472,290.67,2025-01-05,22:00
473,289.91,2025-01-05,22:15
474,243.24,2025-01-05,22:30
475,193.52,2025-01-05,22:45
476,191.79,2025-01-05,23:00
477,300.51,2025-01-05,23:15
478,300.74,2025-01-05,23:30
479,40.0,2025-01-05,23:45
480,40.0,2025-01-05,24:00
481,317.08,2025-01-06,00:15
482,325.47,2025-01-06,00:30
483,323.44,2025-01-06,00:45
484,309.59,2025-01-06,01:00
485,328.14,2025-01-06,01:15
486,354.08,2025-01-06,01:30
487,343.41,2025-01-06,01:45
488,320.6,2025-01-06,02:00
489,319.34,2025-01-06,02:15
490,319.35,2025-01-06,02:30
491,321.73,2025-01-06,02:45
492,375.14,2025-01-06,03:00
493,382.76,2025-01-06,03:15
494,352.34,2025-01-06,03:30
495,348.63,2025-01-06,03:45
496,327.37,2025-01-06,04:00
497,322.11,2025-01-06,04:15
498,361.56,2025-01-06,04:30
499,312.36,2025-01-06,04:45
500,361.26,2025-01-06,05:00
501,316.24,2025-01-06,05:15
502,323.41,2025-01-06,05:30
503,361.51,2025-01-06,05:45
504,339.17,2025-01-06,06:00
505,330.09,2025-01-06,06:15
506,442.73,2025-01-06,06:30
507,498.2,2025-01-06,06:45
508,522.37,2025-01-06,07:00
509,358.63,2025-01-06,07:15
510,469.55,2025-01-06,07:30
511,489.14,2025-01-06,07:45
512,525.95,2025-01-06,08:00
513,523.86,2025-01-06,08:15
514,533.36,2025-01-06,08:30
515,524.71,2025-01-06,08:45
516,489.85,2025-01-06,09:00
517,400.36,2025-01-06,09:15
518,375.15,2025-01-06,09:30
519,257.85,2025-01-06,09:45
520,202.87,2025-01-06,10:00
521,186.45,2025-01-06,10:15
522,165.09,2025-01-06,10:30
523,109.81,2025-01-06,10:45
524,180.92,2025-01-06,11:00
525,174.76,2025-01-06,11:15
526,40.0,2025-01-06,11:30
527,40.0,2025-01-06,11:45
528,40.0,2025-01-06,12:00
529,40.0,2025-01-06,12:15
530,40.0,2025-01-06,12:30
531,40.0,2025-01-06,12:45
532,40.0,2025-01-06,13:00
533,40.0,2025-01-06,13:15
534,40.0,2025-01-06,13:30
535,40.0,2025-01-06,13:45
536,40.0,2025-01-06,14:00
537,125.23,2025-01-06,14:15
538,194.59,2025-01-06,14:30
539,236.78,2025-01-06,14:45
540,292.9,2025-01-06,15:00
541,239.04,2025-01-06,15:15
542,318.57,2025-01-06,15:30
543,319.23,2025-01-06,15:45
544,352.92,2025-01-06,16:00
545,359.34,2025-01-06,16:15
546,342.25,2025-01-06,16:30
547,293.68,2025-01-06,16:45
548,326.4,2025-01-06,17:00
549,340.53,2025-01-06,17:15
550,346.04,2025-01-06,17:30
551,393.98,2025-01-06,17:45
552,558.06,2025-01-06,18:00
553,359.67,2025-01-06,18:15
554,323.32,2025-01-06,18:30
555,335.76,2025-01-06,18:45
556,409.65,2025-01-06,19:00
557,241.01,2025-01-06,19:15
558,241.11,2025-01-06,19:30
559,335.13,2025-01-06,19:45
560,387.6,2025-01-06,20:00
561,364.58,2025-01-06,20:15
562,353.7,2025-01-06,20:30
563,256.52,2025-01-06,20:45
564,257.42,2025-01-06,21:00
565,277.25,2025-01-06,21:15
566,291.54,2025-01-06,21:30
567,274.2,2025-01-06,21:45
568,329.47,2025-01-06,22:00
569,303.02,2025-01-06,22:15
570,302.42,2025-01-06,22:30
571,211.8,2025-01-06,22:45
572,207.29,2025-01-06,23:00
573,291.28,2025-01-06,23:15
574,213.3,2025-01-06,23:30
575,40.0,2025-01-06,23:45
576,40.0,2025-01-06,24:00
577,274.39,2025-01-07,00:15
578,294.24,2025-01-07,00:30
579,309.77,2025-01-07,00:45
580,319.42,2025-01-07,01:00
581,315.24,2025-01-07,01:15
582,297.69,2025-01-07,01:30
583,308.12,2025-01-07,01:45
584,394.22,2025-01-07,02:00
585,310.68,2025-01-07,02:15
586,318.39,2025-01-07,02:30
587,302.55,2025-01-07,02:45
588,294.09,2025-01-07,03:00
589,296.47,2025-01-07,03:15
590,297.44,2025-01-07,03:30
591,302.02,2025-01-07,03:45
592,326.13,2025-01-07,04:00
593,331.04,2025-01-07,04:15
594,331.29,2025-01-07,04:30
595,328.46,2025-01-07,04:45
596,301.4,2025-01-07,05:00
597,332.86,2025-01-07,05:15
598,314.89,2025-01-07,05:30
599,348.14,2025-01-07,05:45
600,346.15,2025-01-07,06:00
601,330.54,2025-01-07,06:15
602,447.03,2025-01-07,06:30
603,475.17,2025-01-07,06:45
604,474.74,2025-01-07,07:00
605,473.21,2025-01-07,07:15
606,478.56,2025-01-07,07:30
607,479.14,2025-01-07,07:45
608,500.0,2025-01-07,08:00
609,540.0,2025-01-07,08:15
610,550.0,2025-01-07,08:30
611,590.0,2025-01-07,08:45
612,589.99,2025-01-07,09:00
613,509.98,2025-01-07,09:15
614,399.98,2025-01-07,09:30
615,40.0,2025-01-07,09:45
616,40.0,2025-01-07,10:00
617,190.85,2025-01-07,10:15
618,257.63,2025-01-07,10:30
619,181.91,2025-01-07,10:45
620,260.91,2025-01-07,11:00
621,219.95,2025-01-07,11:15
622,179.76,2025-01-07,11:30
623,175.28,2025-01-07,11:45
624,143.69,2025-01-07,12:00
625,149.23,2025-01-07,12:15
626,40.0,2025-01-07,12:30
627,40.0,2025-01-07,12:45
628,40.0,2025-01-07,13:00
629,40.0,2025-01-07,13:15
630,40.0,2025-01-07,13:30
631,40.0,2025-01-07,13:45
632,40.0,2025-01-07,14:00
633,40.0,2025-01-07,14:15
634,40.0,2025-01-07,14:30
635,175.01,2025-01-07,14:45
636,184.81,2025-01-07,15:00
637,230.15,2025-01-07,15:15
638,241.78,2025-01-07,15:30
639,190.6,2025-01-07,15:45
640,40.0,2025-01-07,16:00
641,286.27,2025-01-07,16:15
642,328.76,2025-01-07,16:30
643,589.96,2025-01-07,16:45
644,549.97,2025-01-07,17:00
645,499.98,2025-01-07,17:15
646,450.0,2025-01-07,17:30
647,649.99,2025-01-07,17:45
648,650.0,2025-01-07,18:00
649,650.0,2025-01-07,18:15
650,590.0,2025-01-07,18:30
651,590.0,2025-01-07,18:45
652,600.0,2025-01-07,19:00
653,600.0,2025-01-07,19:15
654,600.0,2025-01-07,19:30
655,600.0,2025-01-07,19:45
656,600.0,2025-01-07,20:00
657,600.0,2025-01-07,20:15
658,620.0,2025-01-07,20:30
659,610.0,2025-01-07,20:45
660,530.0,2025-01-07,21:00
661,550.0,2025-01-07,21:15
662,590.0,2025-01-07,21:30
663,540.0,2025-01-07,21:45
664,540.0,2025-01-07,22:00
665,500.0,2025-01-07,22:15
666,510.0,2025-01-07,22:30
667,500.0,2025-01-07,22:45
668,500.0,2025-01-07,23:00
669,500.0,2025-01-07,23:15
670,500.0,2025-01-07,23:30
671,500.0,2025-01-07,23:45
672,500.0,2025-01-07,24:00
673,550.0,2025-01-08,00:15
674,540.0,2025-01-08,00:30
675,530.0,2025-01-08,00:45
676,550.0,2025-01-08,01:00
677,540.0,2025-01-08,01:15
678,530.0,2025-01-08,01:30
679,550.0,2025-01-08,01:45
680,550.0,2025-01-08,02:00
681,530.0,2025-01-08,02:15
682,530.0,2025-01-08,02:30
683,530.0,2025-01-08,02:45
684,530.0,2025-01-08,03:00
685,530.0,2025-01-08,03:15
686,520.0,2025-01-08,03:30
687,500.0,2025-01-08,03:45
688,500.0,2025-01-08,04:00
689,530.0,2025-01-08,04:15
690,530.0,2025-01-08,04:30
691,530.0,2025-01-08,04:45
692,540.0,2025-01-08,05:00
693,550.0,2025-01-08,05:15
694,540.0,2025-01-08,05:30
695,550.0,2025-01-08,05:45
696,530.0,2025-01-08,06:00
697,530.0,2025-01-08,06:15
698,540.0,2025-01-08,06:30
699,550.0,2025-01-08,06:45
700,540.0,2025-01-08,07:00
701,590.0,2025-01-08,07:15
702,540.0,2025-01-08,07:30
703,500.0,2025-01-08,07:45
704,500.0,2025-01-08,08:00
705,590.0,2025-01-08,08:15
706,600.0,2025-01-08,08:30
707,599.99,2025-01-08,08:45
708,599.99,2025-01-08,09:00
709,599.97,2025-01-08,09:15
710,599.96,2025-01-08,09:30
711,599.94,2025-01-08,09:45
712,589.92,2025-01-08,10:00
713,549.91,2025-01-08,10:15
714,522.63,2025-01-08,10:30
715,449.91,2025-01-08,10:45
716,449.91,2025-01-08,11:00
717,40.0,2025-01-08,11:15
718,233.54,2025-01-08,11:30
719,40.0,2025-01-08,11:45
720,40.0,2025-01-08,12:00
721,175.57,2025-01-08,12:15
722,173.46,2025-01-08,12:30
723,168.13,2025-01-08,12:45
724,40.0,2025-01-08,13:00
725,40.0,2025-01-08,13:15
726,40.0,2025-01-08,13:30
727,40.0,2025-01-08,13:45
728,40.0,2025-01-08,14:00
729,40.0,2025-01-08,14:15
730,40.0,2025-01-08,14:30
731,180.56,2025-01-08,14:45
732,176.28,2025-01-08,15:00
733,276.8,2025-01-08,15:15
734,177.13,2025-01-08,15:30
735,243.76,2025-01-08,15:45
736,436.26,2025-01-08,16:00
737,332.82,2025-01-08,16:15
738,322.32,2025-01-08,16:30
739,285.69,2025-01-08,16:45
740,589.97,2025-01-08,17:00
741,589.98,2025-01-08,17:15
742,529.99,2025-01-08,17:30
743,569.27,2025-01-08,17:45
744,600.0,2025-01-08,18:00
745,600.0,2025-01-08,18:15
746,590.0,2025-01-08,18:30
747,590.0,2025-01-08,18:45
748,540.0,2025-01-08,19:00
749,530.0,2025-01-08,19:15
750,500.0,2025-01-08,19:30
751,500.0,2025-01-08,19:45
752,450.0,2025-01-08,20:00
753,450.0,2025-01-08,20:15
754,500.0,2025-01-08,20:30
755,500.0,2025-01-08,20:45
756,390.0,2025-01-08,21:00
757,400.0,2025-01-08,21:15
758,430.0,2025-01-08,21:30
759,400.0,2025-01-08,21:45
760,400.0,2025-01-08,22:00
761,370.0,2025-01-08,22:15
762,400.0,2025-01-08,22:30
763,400.0,2025-01-08,22:45
764,490.0,2025-01-08,23:00
765,450.0,2025-01-08,23:15
766,450.0,2025-01-08,23:30
767,490.0,2025-01-08,23:45
768,500.0,2025-01-08,24:00
769,520.0,2025-01-09,00:15
770,510.0,2025-01-09,00:30
771,600.0,2025-01-09,00:45
772,600.0,2025-01-09,01:00
773,600.0,2025-01-09,01:15
774,600.0,2025-01-09,01:30
775,600.0,2025-01-09,01:45
776,590.0,2025-01-09,02:00
777,590.0,2025-01-09,02:15
778,590.0,2025-01-09,02:30
779,590.0,2025-01-09,02:45
780,590.0,2025-01-09,03:00
781,600.0,2025-01-09,03:15
782,590.0,2025-01-09,03:30
783,600.0,2025-01-09,03:45
784,600.0,2025-01-09,04:00
785,600.0,2025-01-09,04:15
786,600.0,2025-01-09,04:30
787,600.0,2025-01-09,04:45
788,600.0,2025-01-09,05:00
789,600.0,2025-01-09,05:15
790,590.0,2025-01-09,05:30
791,600.0,2025-01-09,05:45
792,596.56,2025-01-09,06:00
793,596.0,2025-01-09,06:15
794,596.0,2025-01-09,06:30
795,596.08,2025-01-09,06:45
796,595.95,2025-01-09,07:00
797,596.56,2025-01-09,07:15
798,600.0,2025-01-09,07:30
799,590.0,2025-01-09,07:45
800,540.0,2025-01-09,08:00
801,530.0,2025-01-09,08:15
802,500.0,2025-01-09,08:30
803,510.0,2025-01-09,08:45
804,599.99,2025-01-09,09:00
805,489.98,2025-01-09,09:15
806,499.97,2025-01-09,09:30
807,509.96,2025-01-09,09:45
808,509.94,2025-01-09,10:00
809,449.94,2025-01-09,10:15
810,329.95,2025-01-09,10:30
811,161.11,2025-01-09,10:45
812,164.45,2025-01-09,11:00
813,40.0,2025-01-09,11:15
814,243.52,2025-01-09,11:30
815,277.82,2025-01-09,11:45
816,141.12,2025-01-09,12:00
817,160.2,2025-01-09,12:15
818,144.27,2025-01-09,12:30
819,40.0,2025-01-09,12:45
820,40.0,2025-01-09,13:00
821,40.0,2025-01-09,13:15
822,40.0,2025-01-09,13:30
823,40.0,2025-01-09,13:45
824,40.0,2025-01-09,14:00
825,40.0,2025-01-09,14:15
826,40.0,2025-01-09,14:30
827,268.67,2025-01-09,14:45
828,285.51,2025-01-09,15:00
829,328.57,2025-01-09,15:15
830,328.45,2025-01-09,15:30
831,340.14,2025-01-09,15:45
832,338.37,2025-01-09,16:00
833,332.88,2025-01-09,16:15
834,360.77,2025-01-09,16:30
835,366.4,2025-01-09,16:45
836,382.33,2025-01-09,17:00
837,369.47,2025-01-09,17:15
838,321.25,2025-01-09,17:30
839,388.3,2025-01-09,17:45
840,410.51,2025-01-09,18:00
841,344.07,2025-01-09,18:15
842,346.33,2025-01-09,18:30
843,325.26,2025-01-09,18:45
844,423.53,2025-01-09,19:00
845,356.78,2025-01-09,19:15
846,291.63,2025-01-09,19:30
847,368.82,2025-01-09,19:45
848,427.57,2025-01-09,20:00
849,358.88,2025-01-09,20:15
850,355.91,2025-01-09,20:30
851,342.54,2025-01-09,20:45
852,381.03,2025-01-09,21:00
853,293.86,2025-01-09,21:15
854,326.24,2025-01-09,21:30
855,294.55,2025-01-09,21:45
856,330.0,2025-01-09,22:00
857,326.39,2025-01-09,22:15
858,40.0,2025-01-09,22:30
859,40.0,2025-01-09,22:45
860,40.0,2025-01-09,23:00
861,40.0,2025-01-09,23:15
862,40.0,2025-01-09,23:30
863,40.0,2025-01-09,23:45
864,40.0,2025-01-09,24:00
865,42.93,2025-01-10,00:15
866,40.0,2025-01-10,00:30
867,40.0,2025-01-10,00:45
868,40.0,2025-01-10,01:00
869,318.64,2025-01-10,01:15
870,302.97,2025-01-10,01:30
871,226.01,2025-01-10,01:45
872,219.82,2025-01-10,02:00
873,268.69,2025-01-10,02:15
874,295.89,2025-01-10,02:30
875,296.82,2025-01-10,02:45
876,227.84,2025-01-10,03:00
877,40.0,2025-01-10,03:15
878,278.89,2025-01-10,03:30
879,288.04,2025-01-10,03:45
880,219.13,2025-01-10,04:00
881,210.39,2025-01-10,04:15
882,218.86,2025-01-10,04:30
883,227.32,2025-01-10,04:45
884,287.07,2025-01-10,05:00
885,305.31,2025-01-10,05:15
886,40.0,2025-01-10,05:30
887,195.69,2025-01-10,05:45
888,40.0,2025-01-10,06:00
889,40.0,2025-01-10,06:15
890,240.0,2025-01-10,06:30
891,348.59,2025-01-10,06:45
892,357.88,2025-01-10,07:00
893,392.18,2025-01-10,07:15
894,299.22,2025-01-10,07:30
895,328.34,2025-01-10,07:45
896,338.38,2025-01-10,08:00
897,411.34,2025-01-10,08:15
898,575.26,2025-01-10,08:30
899,518.49,2025-01-10,08:45
900,499.99,2025-01-10,09:00
901,490.28,2025-01-10,09:15
902,434.25,2025-01-10,09:30
903,253.33,2025-01-10,09:45
904,236.32,2025-01-10,10:00
905,228.82,2025-01-10,10:15
906,174.49,2025-01-10,10:30
907,268.01,2025-01-10,10:45
908,304.82,2025-01-10,11:00
909,300.0,2025-01-10,11:15
910,302.75,2025-01-10,11:30
911,302.83,2025-01-10,11:45
912,294.71,2025-01-10,12:00
913,272.33,2025-01-10,12:15
914,261.52,2025-01-10,12:30
915,226.04,2025-01-10,12:45
916,225.84,2025-01-10,13:00
917,226.74,2025-01-10,13:15
918,201.61,2025-01-10,13:30
919,202.07,2025-01-10,13:45
920,207.77,2025-01-10,14:00
921,210.5,2025-01-10,14:15
922,254.72,2025-01-10,14:30
923,134.59,2025-01-10,14:45
924,253.12,2025-01-10,15:00
925,358.77,2025-01-10,15:15
926,362.23,2025-01-10,15:30
927,370.65,2025-01-10,15:45
928,376.23,2025-01-10,16:00
929,369.84,2025-01-10,16:15
930,381.69,2025-01-10,16:30
931,382.36,2025-01-10,16:45
932,378.66,2025-01-10,17:00
933,405.91,2025-01-10,17:15
934,381.91,2025-01-10,17:30
935,378.23,2025-01-10,17:45
936,366.35,2025-01-10,18:00
937,278.47,2025-01-10,18:15
938,207.2,2025-01-10,18:30
939,349.8,2025-01-10,18:45
940,395.37,2025-01-10,19:00
941,415.69,2025-01-10,19:15
942,325.33,2025-01-10,19:30
943,458.99,2025-01-10,19:45
944,459.69,2025-01-10,20:00
945,332.81,2025-01-10,20:15
946,331.68,2025-01-10,20:30
947,317.36,2025-01-10,20:45
948,304.18,2025-01-10,21:00
949,239.51,2025-01-10,21:15
950,247.43,2025-01-10,21:30
951,225.56,2025-01-10,21:45
952,200.06,2025-01-10,22:00
953,276.26,2025-01-10,22:15
954,207.94,2025-01-10,22:30
955,166.99,2025-01-10,22:45
956,40.0,2025-01-10,23:00
957,40.0,2025-01-10,23:15
958,40.0,2025-01-10,23:30
959,40.0,2025-01-10,23:45
960,40.0,2025-01-10,24:00
961,40.0,2025-01-11,00:15
962,40.0,2025-01-11,00:30
963,40.0,2025-01-11,00:45
964,40.0,2025-01-11,01:00
965,40.0,2025-01-11,01:15
966,40.0,2025-01-11,01:30
967,40.0,2025-01-11,01:45
968,40.0,2025-01-11,02:00
969,40.0,2025-01-11,02:15
970,40.0,2025-01-11,02:30
971,40.0,2025-01-11,02:45
972,40.0,2025-01-11,03:00
973,40.0,2025-01-11,03:15
974,40.0,2025-01-11,03:30
975,201.39,2025-01-11,03:45
976,90.99,2025-01-11,04:00
977,40.0,2025-01-11,04:15
978,40.0,2025-01-11,04:30
979,40.0,2025-01-11,04:45
980,40.0,2025-01-11,05:00
981,40.0,2025-01-11,05:15
982,40.0,2025-01-11,05:30
983,40.0,2025-01-11,05:45
984,40.0,2025-01-11,06:00
985,40.0,2025-01-11,06:15
986,40.0,2025-01-11,06:30
987,40.0,2025-01-11,06:45
988,40.0,2025-01-11,07:00
989,40.0,2025-01-11,07:15
990,40.0,2025-01-11,07:30
991,40.0,2025-01-11,07:45
992,40.0,2025-01-11,08:00
993,40.0,2025-01-11,08:15
994,40.0,2025-01-11,08:30
995,40.0,2025-01-11,08:45
996,40.0,2025-01-11,09:00
997,41.48,2025-01-11,09:15
998,41.43,2025-01-11,09:30
999,40.0,2025-01-11,09:45
1000,40.0,2025-01-11,10:00
1001,40.0,2025-01-11,10:15
1002,40.0,2025-01-11,10:30
1003,40.0,2025-01-11,10:45
1004,40.0,2025-01-11,11:00
1005,40.0,2025-01-11,11:15
1006,40.0,2025-01-11,11:30
1007,40.0,2025-01-11,11:45
1008,40.0,2025-01-11,12:00
1009,40.0,2025-01-11,12:15
1010,40.0,2025-01-11,12:30
1011,40.0,2025-01-11,12:45
1012,40.0,2025-01-11,13:00
1013,40.0,2025-01-11,13:15
1014,40.0,2025-01-11,13:30
1015,40.0,2025-01-11,13:45
1016,40.0,2025-01-11,14:00
1017,40.0,2025-01-11,14:15
1018,40.0,2025-01-11,14:30
1019,40.0,2025-01-11,14:45
1020,40.0,2025-01-11,15:00
1021,40.0,2025-01-11,15:15
1022,40.0,2025-01-11,15:30
1023,182.74,2025-01-11,15:45
1024,187.04,2025-01-11,16:00
1025,188.31,2025-01-11,16:15
1026,239.25,2025-01-11,16:30
1027,236.55,2025-01-11,16:45
1028,268.56,2025-01-11,17:00
1029,259.75,2025-01-11,17:15
1030,350.94,2025-01-11,17:30
1031,302.64,2025-01-11,17:45
1032,270.57,2025-01-11,18:00
1033,40.0,2025-01-11,18:15
1034,40.0,2025-01-11,18:30
1035,40.0,2025-01-11,18:45
1036,40.0,2025-01-11,19:00
1037,224.78,2025-01-11,19:15
1038,243.35,2025-01-11,19:30
1039,165.52,2025-01-11,19:45
1040,206.54,2025-01-11,20:00
1041,346.84,2025-01-11,20:15
1042,326.81,2025-01-11,20:30
1043,146.24,2025-01-11,20:45
1044,146.56,2025-01-11,21:00
1045,331.71,2025-01-11,21:15
1046,302.92,2025-01-11,21:30
1047,227.84,2025-01-11,21:45
1048,303.09,2025-01-11,22:00
1049,40.0,2025-01-11,22:15
1050,40.0,2025-01-11,22:30
1051,40.0,2025-01-11,22:45
1052,40.0,2025-01-11,23:00
1053,40.0,2025-01-11,23:15
1054,40.0,2025-01-11,23:30
1055,40.0,2025-01-11,23:45
1056,40.0,2025-01-11,24:00
1057,330.09,2025-01-12,00:15
1058,335.5,2025-01-12,00:30
1059,328.93,2025-01-12,00:45
1060,433.95,2025-01-12,01:00
1061,408.22,2025-01-12,01:15
1062,269.23,2025-01-12,01:30
1063,327.48,2025-01-12,01:45
1064,248.13,2025-01-12,02:00
1065,271.8,2025-01-12,02:15
1066,270.67,2025-01-12,02:30
1067,271.94,2025-01-12,02:45
1068,259.78,2025-01-12,03:00
1069,249.56,2025-01-12,03:15
1070,271.67,2025-01-12,03:30
1071,270.64,2025-01-12,03:45
1072,272.28,2025-01-12,04:00
1073,264.04,2025-01-12,04:15
1074,318.32,2025-01-12,04:30
1075,269.77,2025-01-12,04:45
1076,269.58,2025-01-12,05:00
1077,318.86,2025-01-12,05:15
1078,317.72,2025-01-12,05:30
1079,346.47,2025-01-12,05:45
1080,347.77,2025-01-12,06:00
1081,347.49,2025-01-12,06:15
1082,417.1,2025-01-12,06:30
1083,316.57,2025-01-12,06:45
1084,356.79,2025-01-12,07:00
1085,248.48,2025-01-12,07:15
1086,376.79,2025-01-12,07:30
1087,470.99,2025-01-12,07:45
1088,471.28,2025-01-12,08:00
1089,425.31,2025-01-12,08:15
1090,492.06,2025-01-12,08:30
1091,473.81,2025-01-12,08:45
1092,380.43,2025-01-12,09:00
1093,333.38,2025-01-12,09:15
1094,40.0,2025-01-12,09:30
1095,40.0,2025-01-12,09:45
1096,121.07,2025-01-12,10:00
1097,40.0,2025-01-12,10:15
1098,40.0,2025-01-12,10:30
1099,219.19,2025-01-12,10:45
1100,201.75,2025-01-12,11:00
1101,134.89,2025-01-12,11:15
1102,40.0,2025-01-12,11:30
1103,40.0,2025-01-12,11:45
1104,40.0,2025-01-12,12:00
1105,40.0,2025-01-12,12:15
1106,40.0,2025-01-12,12:30
1107,40.0,2025-01-12,12:45
1108,40.0,2025-01-12,13:00
1109,40.0,2025-01-12,13:15
1110,40.0,2025-01-12,13:30
1111,40.0,2025-01-12,13:45
1112,40.0,2025-01-12,14:00
1113,40.0,2025-01-12,14:15
1114,40.0,2025-01-12,14:30
1115,161.9,2025-01-12,14:45
1116,184.36,2025-01-12,15:00
1117,260.56,2025-01-12,15:15
1118,260.8,2025-01-12,15:30
1119,273.85,2025-01-12,15:45
1120,294.98,2025-01-12,16:00
1121,315.12,2025-01-12,16:15
1122,283.36,2025-01-12,16:30
1123,317.32,2025-01-12,16:45
1124,352.03,2025-01-12,17:00
1125,403.59,2025-01-12,17:15
1126,386.55,2025-01-12,17:30
1127,335.49,2025-01-12,17:45
1128,299.77,2025-01-12,18:00
1129,196.91,2025-01-12,18:15
1130,40.0,2025-01-12,18:30
1131,144.29,2025-01-12,18:45
1132,40.0,2025-01-12,19:00
1133,136.1,2025-01-12,19:15
1134,147.59,2025-01-12,19:30
1135,40.0,2025-01-12,19:45
1136,40.0,2025-01-12,20:00
1137,260.0,2025-01-12,20:15
1138,40.0,2025-01-12,20:30
1139,250.0,2025-01-12,20:45
1140,40.0,2025-01-12,21:00
1141,40.0,2025-01-12,21:15
1142,40.0,2025-01-12,21:30
1143,40.0,2025-01-12,21:45
1144,40.0,2025-01-12,22:00
1145,250.0,2025-01-12,22:15
1146,40.0,2025-01-12,22:30
1147,40.0,2025-01-12,22:45
1148,40.0,2025-01-12,23:00
1149,40.0,2025-01-12,23:15
1150,100.0,2025-01-12,23:30
1151,40.0,2025-01-12,23:45
1152,40.0,2025-01-12,24:00
1153,221.47,2025-01-13,00:15
1154,168.39,2025-01-13,00:30
1155,40.0,2025-01-13,00:45
1156,189.07,2025-01-13,01:00
1157,175.41,2025-01-13,01:15
1158,220.39,2025-01-13,01:30
1159,330.82,2025-01-13,01:45
1160,321.57,2025-01-13,02:00
1161,312.2,2025-01-13,02:15
1162,199.4,2025-01-13,02:30
1163,40.0,2025-01-13,02:45
1164,255.04,2025-01-13,03:00
1165,220.27,2025-01-13,03:15
1166,337.51,2025-01-13,03:30
1167,325.82,2025-01-13,03:45
1168,345.82,2025-01-13,04:00
1169,350.0,2025-01-13,04:15
1170,340.0,2025-01-13,04:30
1171,330.0,2025-01-13,04:45
1172,320.37,2025-01-13,05:00
1173,329.99,2025-01-13,05:15
1174,330.34,2025-01-13,05:30
1175,331.22,2025-01-13,05:45
1176,312.34,2025-01-13,06:00
1177,171.57,2025-01-13,06:15
1178,246.49,2025-01-13,06:30
1179,378.73,2025-01-13,06:45
1180,330.94,2025-01-13,07:00
1181,331.36,2025-01-13,07:15
1182,378.11,2025-01-13,07:30
1183,425.91,2025-01-13,07:45
1184,473.23,2025-01-13,08:00
1185,559.06,2025-01-13,08:15
1186,511.19,2025-01-13,08:30
1187,558.81,2025-01-13,08:45
1188,378.37,2025-01-13,09:00
1189,349.79,2025-01-13,09:15
1190,477.68,2025-01-13,09:30
1191,369.08,2025-01-13,09:45
1192,212.81,2025-01-13,10:00
1193,190.7,2025-01-13,10:15
1194,190.0,2025-01-13,10:30
1195,288.55,2025-01-13,10:45
1196,274.1,2025-01-13,11:00
1197,277.18,2025-01-13,11:15
1198,243.59,2025-01-13,11:30
1199,210.8,2025-01-13,11:45
1200,139.99,2025-01-13,12:00
1201,116.39,2025-01-13,12:15
1202,40.0,2025-01-13,12:30
1203,40.0,2025-01-13,12:45
1204,40.0,2025-01-13,13:00
1205,40.0,2025-01-13,13:15
1206,40.0,2025-01-13,13:30
1207,40.0,2025-01-13,13:45
1208,40.0,2025-01-13,14:00
1209,40.0,2025-01-13,14:15
1210,115.83,2025-01-13,14:30
1211,149.66,2025-01-13,14:45
1212,146.14,2025-01-13,15:00
1213,261.29,2025-01-13,15:15
1214,172.97,2025-01-13,15:30
1215,218.93,2025-01-13,15:45
1216,220.14,2025-01-13,16:00
1217,164.3,2025-01-13,16:15
1218,221.74,2025-01-13,16:30
1219,345.0,2025-01-13,16:45
1220,348.96,2025-01-13,17:00
1221,359.84,2025-01-13,17:15
1222,509.72,2025-01-13,17:30
1223,527.35,2025-01-13,17:45
1224,564.54,2025-01-13,18:00
1225,600.0,2025-01-13,18:15
1226,550.0,2025-01-13,18:30
1227,586.77,2025-01-13,18:45
1228,500.0,2025-01-13,19:00
1229,524.16,2025-01-13,19:15
1230,532.46,2025-01-13,19:30
1231,540.0,2025-01-13,19:45
1232,590.0,2025-01-13,20:00
1233,600.0,2025-01-13,20:15
1234,600.0,2025-01-13,20:30
1235,600.0,2025-01-13,20:45
1236,590.0,2025-01-13,21:00
1237,600.0,2025-01-13,21:15
1238,600.0,2025-01-13,21:30
1239,600.0,2025-01-13,21:45
1240,500.0,2025-01-13,22:00
1241,490.0,2025-01-13,22:15
1242,440.0,2025-01-13,22:30
1243,400.0,2025-01-13,22:45
1244,400.0,2025-01-13,23:00
1245,330.0,2025-01-13,23:15
1246,310.0,2025-01-13,23:30
1247,242.2,2025-01-13,23:45
1248,40.0,2025-01-13,24:00
1249,40.0,2025-01-14,00:15
1250,242.19,2025-01-14,00:30
1251,40.0,2025-01-14,00:45
1252,297.79,2025-01-14,01:00
1253,242.67,2025-01-14,01:15
1254,40.0,2025-01-14,01:30
1255,40.0,2025-01-14,01:45
1256,40.0,2025-01-14,02:00
1257,191.23,2025-01-14,02:15
1258,40.0,2025-01-14,02:30
1259,180.31,2025-01-14,02:45
1260,197.79,2025-01-14,03:00
1261,222.08,2025-01-14,03:15
1262,245.07,2025-01-14,03:30
1263,197.28,2025-01-14,03:45
1264,195.62,2025-01-14,04:00
1265,442.51,2025-01-14,04:15
1266,442.53,2025-01-14,04:30
1267,299.72,2025-01-14,04:45
1268,231.71,2025-01-14,05:00
1269,300.68,2025-01-14,05:15
1270,310.07,2025-01-14,05:30
1271,354.2,2025-01-14,05:45
1272,329.01,2025-01-14,06:00
1273,386.48,2025-01-14,06:15
1274,305.17,2025-01-14,06:30
1275,352.07,2025-01-14,06:45
1276,386.85,2025-01-14,07:00
1277,531.2,2025-01-14,07:15
1278,532.12,2025-01-14,07:30
1279,541.8,2025-01-14,07:45
1280,540.61,2025-01-14,08:00
1281,540.2,2025-01-14,08:15
1282,529.94,2025-01-14,08:30
1283,529.94,2025-01-14,08:45
1284,448.44,2025-01-14,09:00
1285,369.29,2025-01-14,09:15
1286,306.03,2025-01-14,09:30
1287,272.97,2025-01-14,09:45
1288,287.85,2025-01-14,10:00
1289,276.82,2025-01-14,10:15
1290,269.02,2025-01-14,10:30
1291,342.73,2025-01-14,10:45
1292,317.76,2025-01-14,11:00
1293,326.04,2025-01-14,11:15
1294,320.44,2025-01-14,11:30
1295,319.77,2025-01-14,11:45
1296,289.1,2025-01-14,12:00
1297,279.51,2025-01-14,12:15
1298,237.48,2025-01-14,12:30
1299,191.28,2025-01-14,12:45
1300,212.23,2025-01-14,13:00
1301,211.06,2025-01-14,13:15
1302,183.14,2025-01-14,13:30
1303,146.23,2025-01-14,13:45
1304,184.92,2025-01-14,14:00
1305,147.96,2025-01-14,14:15
1306,140.64,2025-01-14,14:30
1307,183.98,2025-01-14,14:45
1308,210.91,2025-01-14,15:00
1309,347.13,2025-01-14,15:15
1310,335.15,2025-01-14,15:30
1311,371.47,2025-01-14,15:45
1312,371.18,2025-01-14,16:00
1313,370.65,2025-01-14,16:15
1314,368.5,2025-01-14,16:30
1315,366.99,2025-01-14,16:45
1316,364.73,2025-01-14,17:00
1317,357.02,2025-01-14,17:15
1318,348.13,2025-01-14,17:30
1319,338.21,2025-01-14,17:45
1320,333.63,2025-01-14,18:00
1321,393.01,2025-01-14,18:15
1322,466.14,2025-01-14,18:30
1323,438.02,2025-01-14,18:45
1324,343.64,2025-01-14,19:00
1325,455.24,2025-01-14,19:15
1326,492.94,2025-01-14,19:30
1327,409.38,2025-01-14,19:45
1328,340.57,2025-01-14,20:00
1329,394.79,2025-01-14,20:15
1330,304.81,2025-01-14,20:30
1331,374.1,2025-01-14,20:45
1332,353.37,2025-01-14,21:00
1333,425.43,2025-01-14,21:15
1334,434.26,2025-01-14,21:30
1335,434.03,2025-01-14,21:45
1336,426.21,2025-01-14,22:00
1337,386.58,2025-01-14,22:15
1338,422.59,2025-01-14,22:30
1339,543.68,2025-01-14,22:45
1340,531.18,2025-01-14,23:00
1341,534.95,2025-01-14,23:15
1342,535.83,2025-01-14,23:30
1343,479.57,2025-01-14,23:45
1344,321.35,2025-01-14,24:00
1345,479.92,2025-01-15,00:15
1346,475.31,2025-01-15,00:30
1347,471.04,2025-01-15,00:45
1348,451.03,2025-01-15,01:00
1349,418.72,2025-01-15,01:15
1350,412.4,2025-01-15,01:30
1351,456.31,2025-01-15,01:45
1352,449.26,2025-01-15,02:00
1353,456.14,2025-01-15,02:15
1354,452.09,2025-01-15,02:30
1355,451.58,2025-01-15,02:45
1356,435.23,2025-01-15,03:00
1357,431.15,2025-01-15,03:15
1358,470.69,2025-01-15,03:30
1359,481.39,2025-01-15,03:45
1360,483.48,2025-01-15,04:00
1361,506.78,2025-01-15,04:15
1362,485.88,2025-01-15,04:30
1363,484.7,2025-01-15,04:45
1364,461.38,2025-01-15,05:00
1365,469.34,2025-01-15,05:15
1366,480.17,2025-01-15,05:30
1367,454.97,2025-01-15,05:45
1368,427.02,2025-01-15,06:00
1369,488.93,2025-01-15,06:15
1370,495.37,2025-01-15,06:30
1371,489.21,2025-01-15,06:45
1372,438.77,2025-01-15,07:00
1373,417.87,2025-01-15,07:15
1374,500.19,2025-01-15,07:30
1375,495.88,2025-01-15,07:45
1376,489.47,2025-01-15,08:00
1377,405.71,2025-01-15,08:15
1378,399.23,2025-01-15,08:30
1379,398.97,2025-01-15,08:45
1380,489.35,2025-01-15,09:00
1381,490.04,2025-01-15,09:15
1382,481.93,2025-01-15,09:30
1383,352.84,2025-01-15,09:45
1384,253.45,2025-01-15,10:00
1385,214.76,2025-01-15,10:15
1386,295.25,2025-01-15,10:30
1387,261.71,2025-01-15,10:45
1388,332.08,2025-01-15,11:00
1389,306.86,2025-01-15,11:15
1390,256.71,2025-01-15,11:30
1391,228.12,2025-01-15,11:45
1392,196.88,2025-01-15,12:00
1393,176.32,2025-01-15,12:15
1394,146.45,2025-01-15,12:30
1395,40.0,2025-01-15,12:45
1396,40.0,2025-01-15,13:00
1397,40.0,2025-01-15,13:15
1398,40.0,2025-01-15,13:30
1399,40.0,2025-01-15,13:45
1400,40.0,2025-01-15,14:00
1401,40.0,2025-01-15,14:15
1402,177.35,2025-01-15,14:30
1403,169.3,2025-01-15,14:45
1404,169.82,2025-01-15,15:00
1405,219.24,2025-01-15,15:15
1406,196.19,2025-01-15,15:30
1407,193.11,2025-01-15,15:45
1408,231.3,2025-01-15,16:00
1409,359.54,2025-01-15,16:15
1410,334.9,2025-01-15,16:30
1411,349.19,2025-01-15,16:45
1412,290.9,2025-01-15,17:00
1413,399.99,2025-01-15,17:15
1414,599.98,2025-01-15,17:30
1415,649.99,2025-01-15,17:45
1416,600.0,2025-01-15,18:00
1417,630.0,2025-01-15,18:15
1418,600.0,2025-01-15,18:30
1419,520.0,2025-01-15,18:45
1420,580.0,2025-01-15,19:00
1421,600.0,2025-01-15,19:15
1422,590.0,2025-01-15,19:30
1423,600.0,2025-01-15,19:45
1424,590.0,2025-01-15,20:00
1425,590.0,2025-01-15,20:15
1426,590.0,2025-01-15,20:30
1427,600.0,2025-01-15,20:45
1428,600.0,2025-01-15,21:00
1429,600.0,2025-01-15,21:15
1430,590.0,2025-01-15,21:30
1431,580.0,2025-01-15,21:45
1432,590.0,2025-01-15,22:00
1433,590.0,2025-01-15,22:15
1434,590.0,2025-01-15,22:30
1435,550.0,2025-01-15,22:45
1436,590.0,2025-01-15,23:00
1437,590.0,2025-01-15,23:15
1438,540.0,2025-01-15,23:30
1439,510.0,2025-01-15,23:45
1440,550.0,2025-01-15,24:00
1441,600.0,2025-01-16,00:15
1442,600.0,2025-01-16,00:30
1443,600.0,2025-01-16,00:45
1444,600.0,2025-01-16,01:00
1445,600.0,2025-01-16,01:15
1446,600.0,2025-01-16,01:30
1447,600.0,2025-01-16,01:45
1448,600.0,2025-01-16,02:00
1449,630.0,2025-01-16,02:15
1450,640.0,2025-01-16,02:30
1451,600.0,2025-01-16,02:45
1452,610.0,2025-01-16,03:00
1453,610.0,2025-01-16,03:15
1454,600.0,2025-01-16,03:30
1455,606.29,2025-01-16,03:45
1456,606.27,2025-01-16,04:00
1457,630.0,2025-01-16,04:15
1458,600.0,2025-01-16,04:30
1459,630.0,2025-01-16,04:45
1460,619.07,2025-01-16,05:00
1461,650.0,2025-01-16,05:15
1462,650.0,2025-01-16,05:30
1463,650.0,2025-01-16,05:45
1464,650.0,2025-01-16,06:00
1465,650.0,2025-01-16,06:15
1466,650.0,2025-01-16,06:30
1467,650.0,2025-01-16,06:45
1468,620.0,2025-01-16,07:00
1469,640.0,2025-01-16,07:15
1470,650.0,2025-01-16,07:30
1471,650.0,2025-01-16,07:45
1472,650.0,2025-01-16,08:00
1473,650.0,2025-01-16,08:15
1474,640.0,2025-01-16,08:30
1475,629.99,2025-01-16,08:45
1476,629.99,2025-01-16,09:00
1477,599.97,2025-01-16,09:15
1478,629.95,2025-01-16,09:30
1479,589.94,2025-01-16,09:45
1480,499.93,2025-01-16,10:00
1481,399.93,2025-01-16,10:15
1482,349.03,2025-01-16,10:30
1483,224.31,2025-01-16,10:45
1484,40.0,2025-01-16,11:00
1485,40.0,2025-01-16,11:15
1486,40.0,2025-01-16,11:30
1487,40.0,2025-01-16,11:45
1488,40.0,2025-01-16,12:00
1489,40.0,2025-01-16,12:15
1490,40.0,2025-01-16,12:30
1491,40.0,2025-01-16,12:45
1492,40.0,2025-01-16,13:00
1493,40.0,2025-01-16,13:15
1494,40.0,2025-01-16,13:30
1495,40.0,2025-01-16,13:45
1496,40.0,2025-01-16,14:00
1497,40.0,2025-01-16,14:15
1498,40.0,2025-01-16,14:30
1499,40.0,2025-01-16,14:45
1500,40.0,2025-01-16,15:00
1501,40.0,2025-01-16,15:15
1502,40.0,2025-01-16,15:30
1503,40.1,2025-01-16,15:45
1504,40.1,2025-01-16,16:00
1505,40.09,2025-01-16,16:15
1506,253.07,2025-01-16,16:30
1507,280.43,2025-01-16,16:45
1508,303.51,2025-01-16,17:00
1509,314.06,2025-01-16,17:15
1510,430.28,2025-01-16,17:30
1511,434.55,2025-01-16,17:45
1512,590.0,2025-01-16,18:00
1513,600.0,2025-01-16,18:15
1514,590.0,2025-01-16,18:30
1515,560.0,2025-01-16,18:45
1516,550.0,2025-01-16,19:00
1517,600.0,2025-01-16,19:15
1518,600.0,2025-01-16,19:30
1519,600.0,2025-01-16,19:45
1520,600.0,2025-01-16,20:00
1521,600.0,2025-01-16,20:15
1522,600.0,2025-01-16,20:30
1523,610.0,2025-01-16,20:45
1524,600.0,2025-01-16,21:00
1525,630.0,2025-01-16,21:15
1526,640.0,2025-01-16,21:30
1527,640.0,2025-01-16,21:45
1528,650.0,2025-01-16,22:00
1529,650.0,2025-01-16,22:15
1530,650.0,2025-01-16,22:30
1531,610.0,2025-01-16,22:45
1532,600.0,2025-01-16,23:00
1533,600.0,2025-01-16,23:15
1534,600.0,2025-01-16,23:30
1535,600.0,2025-01-16,23:45
1536,600.0,2025-01-16,24:00
1537,632.96,2025-01-17,00:15
1538,600.0,2025-01-17,00:30
1539,600.0,2025-01-17,00:45
1540,633.18,2025-01-17,01:00
1541,633.3,2025-01-17,01:15
1542,633.14,2025-01-17,01:30
1543,619.49,2025-01-17,01:45
1544,619.66,2025-01-17,02:00
1545,626.06,2025-01-17,02:15
1546,619.54,2025-01-17,02:30
1547,633.1,2025-01-17,02:45
1548,633.05,2025-01-17,03:00
1549,600.0,2025-01-17,03:15
1550,580.0,2025-01-17,03:30
1551,530.0,2025-01-17,03:45
1552,500.0,2025-01-17,04:00
1553,500.0,2025-01-17,04:15
1554,430.0,2025-01-17,04:30
1555,400.0,2025-01-17,04:45
1556,370.0,2025-01-17,05:00
1557,370.0,2025-01-17,05:15
1558,370.0,2025-01-17,05:30
1559,370.0,2025-01-17,05:45
1560,370.0,2025-01-17,06:00
1561,350.0,2025-01-17,06:15
1562,350.0,2025-01-17,06:30
1563,350.0,2025-01-17,06:45
1564,340.0,2025-01-17,07:00
1565,340.0,2025-01-17,07:15
1566,340.0,2025-01-17,07:30
1567,330.0,2025-01-17,07:45
1568,320.0,2025-01-17,08:00
1569,249.91,2025-01-17,08:15
1570,267.3,2025-01-17,08:30
1571,383.8,2025-01-17,08:45
1572,271.39,2025-01-17,09:00
1573,252.77,2025-01-17,09:15
1574,329.99,2025-01-17,09:30
1575,369.98,2025-01-17,09:45
1576,329.98,2025-01-17,10:00
1577,40.0,2025-01-17,10:15
1578,40.0,2025-01-17,10:30
1579,40.0,2025-01-17,10:45
1580,40.0,2025-01-17,11:00
1581,40.0,2025-01-17,11:15
1582,40.0,2025-01-17,11:30
1583,40.0,2025-01-17,11:45
1584,40.0,2025-01-17,12:00
1585,40.0,2025-01-17,12:15
1586,40.0,2025-01-17,12:30
1587,40.0,2025-01-17,12:45
1588,40.0,2025-01-17,13:00
1589,40.0,2025-01-17,13:15
1590,40.0,2025-01-17,13:30
1591,40.0,2025-01-17,13:45
1592,40.0,2025-01-17,14:00
1593,40.0,2025-01-17,14:15
1594,40.0,2025-01-17,14:30
1595,40.0,2025-01-17,14:45
1596,40.0,2025-01-17,15:00
1597,176.63,2025-01-17,15:15
1598,40.0,2025-01-17,15:30
1599,200.85,2025-01-17,15:45
1600,211.25,2025-01-17,16:00
1601,290.44,2025-01-17,16:15
1602,296.62,2025-01-17,16:30
1603,304.25,2025-01-17,16:45
1604,227.61,2025-01-17,17:00
1605,243.95,2025-01-17,17:15
1606,210.64,2025-01-17,17:30
1607,300.17,2025-01-17,17:45
1608,299.16,2025-01-17,18:00
1609,237.11,2025-01-17,18:15
1610,231.84,2025-01-17,18:30
1611,233.09,2025-01-17,18:45
1612,284.77,2025-01-17,19:00
1613,209.19,2025-01-17,19:15
1614,40.0,2025-01-17,19:30
1615,226.24,2025-01-17,19:45
1616,329.77,2025-01-17,20:00
1617,40.0,2025-01-17,20:15
1618,40.0,2025-01-17,20:30
1619,40.0,2025-01-17,20:45
1620,40.0,2025-01-17,21:00
1621,40.0,2025-01-17,21:15
1622,40.0,2025-01-17,21:30
1623,40.0,2025-01-17,21:45
1624,40.0,2025-01-17,22:00
1625,330.0,2025-01-17,22:15
1626,76.58,2025-01-17,22:30
1627,295.69,2025-01-17,22:45
1628,304.72,2025-01-17,23:00
1629,314.18,2025-01-17,23:15
1630,304.19,2025-01-17,23:30
1631,294.39,2025-01-17,23:45
1632,322.61,2025-01-17,24:00
1633,340.0,2025-01-18,00:15
1634,304.12,2025-01-18,00:30
1635,313.05,2025-01-18,00:45
1636,368.44,2025-01-18,01:00
1637,414.14,2025-01-18,01:15
1638,415.05,2025-01-18,01:30
1639,442.59,2025-01-18,01:45
1640,450.0,2025-01-18,02:00
1641,450.0,2025-01-18,02:15
1642,500.0,2025-01-18,02:30
1643,480.0,2025-01-18,02:45
1644,450.45,2025-01-18,03:00
1645,459.38,2025-01-18,03:15
1646,458.92,2025-01-18,03:30
1647,520.0,2025-01-18,03:45
1648,530.0,2025-01-18,04:00
1649,600.0,2025-01-18,04:15
1650,530.0,2025-01-18,04:30
1651,540.0,2025-01-18,04:45
1652,520.0,2025-01-18,05:00
1653,530.0,2025-01-18,05:15
1654,580.0,2025-01-18,05:30
1655,600.0,2025-01-18,05:45
1656,590.0,2025-01-18,06:00
1657,600.0,2025-01-18,06:15
1658,600.0,2025-01-18,06:30
1659,600.0,2025-01-18,06:45
1660,610.0,2025-01-18,07:00
1661,600.0,2025-01-18,07:15
1662,620.0,2025-01-18,07:30
1663,620.0,2025-01-18,07:45
1664,600.0,2025-01-18,08:00
1665,650.0,2025-01-18,08:15
1666,650.0,2025-01-18,08:30
1667,649.99,2025-01-18,08:45
1668,649.99,2025-01-18,09:00
1669,599.98,2025-01-18,09:15
1670,559.96,2025-01-18,09:30
1671,469.19,2025-01-18,09:45
1672,376.57,2025-01-18,10:00
1673,359.3,2025-01-18,10:15
1674,40.0,2025-01-18,10:30
1675,40.0,2025-01-18,10:45
1676,40.0,2025-01-18,11:00
1677,40.0,2025-01-18,11:15
1678,40.0,2025-01-18,11:30
1679,40.0,2025-01-18,11:45
1680,40.0,2025-01-18,12:00
1681,40.0,2025-01-18,12:15
1682,40.0,2025-01-18,12:30
1683,40.0,2025-01-18,12:45
1684,40.0,2025-01-18,13:00
1685,40.0,2025-01-18,13:15
1686,40.0,2025-01-18,13:30
1687,40.0,2025-01-18,13:45
1688,40.0,2025-01-18,14:00
1689,40.0,2025-01-18,14:15
1690,40.0,2025-01-18,14:30
1691,40.0,2025-01-18,14:45
1692,40.0,2025-01-18,15:00
1693,40.0,2025-01-18,15:15
1694,40.0,2025-01-18,15:30
1695,40.0,2025-01-18,15:45
1696,40.0,2025-01-18,16:00
1697,40.0,2025-01-18,16:15
1698,195.6,2025-01-18,16:30
1699,40.0,2025-01-18,16:45
1700,361.48,2025-01-18,17:00
1701,349.99,2025-01-18,17:15
1702,492.06,2025-01-18,17:30
1703,489.97,2025-01-18,17:45
1704,577.56,2025-01-18,18:00
1705,580.0,2025-01-18,18:15
1706,600.0,2025-01-18,18:30
1707,600.0,2025-01-18,18:45
1708,580.0,2025-01-18,19:00
1709,511.96,2025-01-18,19:15
1710,506.01,2025-01-18,19:30
1711,604.97,2025-01-18,19:45
1712,600.0,2025-01-18,20:00
1713,601.65,2025-01-18,20:15
1714,592.02,2025-01-18,20:30
1715,601.77,2025-01-18,20:45
1716,582.35,2025-01-18,21:00
1717,600.0,2025-01-18,21:15
1718,600.0,2025-01-18,21:30
1719,650.0,2025-01-18,21:45
1720,600.0,2025-01-18,22:00
1721,600.0,2025-01-18,22:15
1722,640.0,2025-01-18,22:30
1723,630.0,2025-01-18,22:45
1724,650.0,2025-01-18,23:00
1725,612.85,2025-01-18,23:15
1726,600.0,2025-01-18,23:30
1727,600.0,2025-01-18,23:45
1728,600.0,2025-01-18,24:00
1729,610.0,2025-01-19,00:15
1730,600.0,2025-01-19,00:30
1731,640.0,2025-01-19,00:45
1732,650.0,2025-01-19,01:00
1733,640.0,2025-01-19,01:15
1734,640.0,2025-01-19,01:30
1735,610.0,2025-01-19,01:45
1736,640.0,2025-01-19,02:00
1737,640.0,2025-01-19,02:15
1738,640.0,2025-01-19,02:30
1739,650.0,2025-01-19,02:45
1740,640.0,2025-01-19,03:00
1741,640.0,2025-01-19,03:15
1742,610.0,2025-01-19,03:30
1743,630.0,2025-01-19,03:45
1744,610.0,2025-01-19,04:00
1745,600.0,2025-01-19,04:15
1746,600.0,2025-01-19,04:30
1747,600.0,2025-01-19,04:45
1748,600.0,2025-01-19,05:00
1749,600.0,2025-01-19,05:15
1750,600.0,2025-01-19,05:30
1751,590.0,2025-01-19,05:45
1752,590.0,2025-01-19,06:00
1753,590.0,2025-01-19,06:15
1754,590.0,2025-01-19,06:30
1755,600.0,2025-01-19,06:45
1756,560.0,2025-01-19,07:00
1757,600.0,2025-01-19,07:15
1758,600.0,2025-01-19,07:30
1759,600.0,2025-01-19,07:45
1760,560.0,2025-01-19,08:00
1761,580.0,2025-01-19,08:15
1762,530.0,2025-01-19,08:30
1763,529.99,2025-01-19,08:45
1764,529.99,2025-01-19,09:00
1765,519.98,2025-01-19,09:15
1766,509.96,2025-01-19,09:30
1767,439.96,2025-01-19,09:45
1768,40.0,2025-01-19,10:00
1769,40.0,2025-01-19,10:15
1770,296.68,2025-01-19,10:30
1771,40.08,2025-01-19,10:45
1772,40.0,2025-01-19,11:00
1773,40.08,2025-01-19,11:15
1774,40.0,2025-01-19,11:30
1775,40.0,2025-01-19,11:45
1776,40.09,2025-01-19,12:00
1777,40.09,2025-01-19,12:15
1778,40.09,2025-01-19,12:30
1779,40.0,2025-01-19,12:45
1780,40.0,2025-01-19,13:00
1781,40.0,2025-01-19,13:15
1782,40.0,2025-01-19,13:30
1783,40.0,2025-01-19,13:45
1784,40.0,2025-01-19,14:00
1785,40.0,2025-01-19,14:15
1786,40.0,2025-01-19,14:30
1787,40.0,2025-01-19,14:45
1788,40.0,2025-01-19,15:00
1789,40.0,2025-01-19,15:15
1790,40.0,2025-01-19,15:30
1791,40.0,2025-01-19,15:45
1792,40.0,2025-01-19,16:00
1793,40.0,2025-01-19,16:15
1794,196.31,2025-01-19,16:30
1795,209.96,2025-01-19,16:45
1796,232.47,2025-01-19,17:00
1797,201.2,2025-01-19,17:15
1798,399.99,2025-01-19,17:30
1799,509.99,2025-01-19,17:45
1800,500.0,2025-01-19,18:00
1801,510.0,2025-01-19,18:15
1802,500.0,2025-01-19,18:30
1803,530.0,2025-01-19,18:45
1804,540.0,2025-01-19,19:00
1805,510.0,2025-01-19,19:15
1806,530.0,2025-01-19,19:30
1807,540.0,2025-01-19,19:45
1808,590.0,2025-01-19,20:00
1809,580.0,2025-01-19,20:15
1810,600.0,2025-01-19,20:30
1811,600.0,2025-01-19,20:45
1812,590.0,2025-01-19,21:00
1813,600.0,2025-01-19,21:15
1814,590.0,2025-01-19,21:30
1815,600.0,2025-01-19,21:45
1816,590.0,2025-01-19,22:00
1817,600.0,2025-01-19,22:15
1818,540.0,2025-01-19,22:30
1819,530.0,2025-01-19,22:45
1820,550.0,2025-01-19,23:00
1821,520.0,2025-01-19,23:15
1822,510.0,2025-01-19,23:30
1823,510.0,2025-01-19,23:45
1824,500.0,2025-01-19,24:00
1825,490.0,2025-01-20,00:15
1826,450.0,2025-01-20,00:30
1827,450.0,2025-01-20,00:45
1828,400.0,2025-01-20,01:00
1829,400.0,2025-01-20,01:15
1830,400.0,2025-01-20,01:30
1831,500.0,2025-01-20,01:45
1832,500.0,2025-01-20,02:00
1833,510.0,2025-01-20,02:15
1834,520.0,2025-01-20,02:30
1835,520.0,2025-01-20,02:45
1836,530.0,2025-01-20,03:00
1837,530.0,2025-01-20,03:15
1838,530.0,2025-01-20,03:30
1839,590.0,2025-01-20,03:45
1840,600.0,2025-01-20,04:00
1841,600.0,2025-01-20,04:15
1842,600.0,2025-01-20,04:30
1843,600.0,2025-01-20,04:45
1844,590.0,2025-01-20,05:00
1845,550.0,2025-01-20,05:15
1846,580.0,2025-01-20,05:30
1847,550.0,2025-01-20,05:45
1848,501.81,2025-01-20,06:00
1849,530.0,2025-01-20,06:15
1850,530.0,2025-01-20,06:30
1851,530.0,2025-01-20,06:45
1852,500.0,2025-01-20,07:00
1853,530.0,2025-01-20,07:15
1854,510.0,2025-01-20,07:30
1855,530.0,2025-01-20,07:45
1856,510.0,2025-01-20,08:00
1857,530.0,2025-01-20,08:15
1858,510.0,2025-01-20,08:30
1859,509.99,2025-01-20,08:45
1860,509.99,2025-01-20,09:00
1861,499.98,2025-01-20,09:15
1862,399.97,2025-01-20,09:30
1863,329.97,2025-01-20,09:45
1864,40.0,2025-01-20,10:00
1865,40.0,2025-01-20,10:15
1866,40.0,2025-01-20,10:30
1867,40.0,2025-01-20,10:45
1868,40.0,2025-01-20,11:00
1869,40.0,2025-01-20,11:15
1870,40.0,2025-01-20,11:30
1871,40.0,2025-01-20,11:45
1872,40.0,2025-01-20,12:00
1873,40.0,2025-01-20,12:15
1874,40.0,2025-01-20,12:30
1875,40.0,2025-01-20,12:45
1876,40.0,2025-01-20,13:00
1877,40.0,2025-01-20,13:15
1878,40.0,2025-01-20,13:30
1879,40.0,2025-01-20,13:45
1880,40.0,2025-01-20,14:00
1881,40.0,2025-01-20,14:15
1882,40.0,2025-01-20,14:30
1883,40.0,2025-01-20,14:45
1884,40.0,2025-01-20,15:00
1885,40.0,2025-01-20,15:15
1886,40.0,2025-01-20,15:30
1887,40.0,2025-01-20,15:45
1888,40.0,2025-01-20,16:00
1889,183.63,2025-01-20,16:15
1890,197.25,2025-01-20,16:30
1891,211.3,2025-01-20,16:45
1892,264.49,2025-01-20,17:00
1893,332.43,2025-01-20,17:15
1894,373.11,2025-01-20,17:30
1895,473.36,2025-01-20,17:45
1896,436.06,2025-01-20,18:00
1897,410.02,2025-01-20,18:15
1898,426.76,2025-01-20,18:30
1899,380.61,2025-01-20,18:45
1900,380.11,2025-01-20,19:00
1901,398.6,2025-01-20,19:15
1902,382.39,2025-01-20,19:30
1903,384.08,2025-01-20,19:45
1904,360.17,2025-01-20,20:00
1905,550.0,2025-01-20,20:15
1906,550.0,2025-01-20,20:30
1907,580.0,2025-01-20,20:45
1908,590.0,2025-01-20,21:00
1909,580.0,2025-01-20,21:15
1910,580.0,2025-01-20,21:30
1911,530.0,2025-01-20,21:45
1912,510.0,2025-01-20,22:00
1913,400.0,2025-01-20,22:15
1914,400.0,2025-01-20,22:30
1915,400.0,2025-01-20,22:45
1916,370.0,2025-01-20,23:00
1917,400.0,2025-01-20,23:15
1918,400.0,2025-01-20,23:30
1919,450.0,2025-01-20,23:45
1920,466.1,2025-01-20,24:00
1921,371.96,2025-01-21,00:15
1922,418.45,2025-01-21,00:30
1923,476.14,2025-01-21,00:45
1924,467.58,2025-01-21,01:00
1925,476.8,2025-01-21,01:15
1926,523.53,2025-01-21,01:30
1927,523.92,2025-01-21,01:45
1928,495.07,2025-01-21,02:00
1929,555.66,2025-01-21,02:15
1930,555.65,2025-01-21,02:30
1931,546.36,2025-01-21,02:45
1932,555.62,2025-01-21,03:00
1933,567.08,2025-01-21,03:15
1934,594.91,2025-01-21,03:30
1935,594.9,2025-01-21,03:45
1936,596.34,2025-01-21,04:00
1937,594.96,2025-01-21,04:15
1938,592.95,2025-01-21,04:30
1939,593.0,2025-01-21,04:45
1940,583.7,2025-01-21,05:00
1941,555.78,2025-01-21,05:15
1942,585.96,2025-01-21,05:30
1943,592.9,2025-01-21,05:45
1944,592.81,2025-01-21,06:00
1945,595.01,2025-01-21,06:15
1946,595.1,2025-01-21,06:30
1947,596.55,2025-01-21,06:45
1948,604.58,2025-01-21,07:00
1949,595.17,2025-01-21,07:15
1950,596.53,2025-01-21,07:30
1951,620.0,2025-01-21,07:45
1952,610.0,2025-01-21,08:00
1953,600.0,2025-01-21,08:15
1954,600.0,2025-01-21,08:30
1955,599.99,2025-01-21,08:45
1956,599.99,2025-01-21,09:00
1957,589.97,2025-01-21,09:15
1958,599.96,2025-01-21,09:30
1959,549.95,2025-01-21,09:45
1960,349.95,2025-01-21,10:00
1961,40.0,2025-01-21,10:15
1962,40.0,2025-01-21,10:30
1963,40.0,2025-01-21,10:45
1964,40.0,2025-01-21,11:00
1965,40.0,2025-01-21,11:15
1966,40.0,2025-01-21,11:30
1967,40.0,2025-01-21,11:45
1968,40.0,2025-01-21,12:00
1969,40.0,2025-01-21,12:15
1970,40.0,2025-01-21,12:30
1971,40.0,2025-01-21,12:45
1972,40.0,2025-01-21,13:00
1973,40.0,2025-01-21,13:15
1974,40.0,2025-01-21,13:30
1975,40.0,2025-01-21,13:45
1976,40.0,2025-01-21,14:00
1977,40.0,2025-01-21,14:15
1978,40.0,2025-01-21,14:30
1979,40.0,2025-01-21,14:45
1980,40.0,2025-01-21,15:00
1981,40.0,2025-01-21,15:15
1982,40.0,2025-01-21,15:30
1983,40.0,2025-01-21,15:45
1984,178.0,2025-01-21,16:00
1985,194.51,2025-01-21,16:15
1986,216.27,2025-01-21,16:30
1987,239.61,2025-01-21,16:45
1988,247.85,2025-01-21,17:00
1989,40.0,2025-01-21,17:15
1990,529.99,2025-01-21,17:30
1991,589.99,2025-01-21,17:45
1992,600.0,2025-01-21,18:00
1993,600.0,2025-01-21,18:15
1994,640.0,2025-01-21,18:30
1995,640.0,2025-01-21,18:45
1996,630.0,2025-01-21,19:00
1997,650.0,2025-01-21,19:15
1998,650.0,2025-01-21,19:30
1999,650.0,2025-01-21,19:45
2000,650.0,2025-01-21,20:00
2001,640.0,2025-01-21,20:15
2002,620.0,2025-01-21,20:30
2003,620.0,2025-01-21,20:45
2004,650.0,2025-01-21,21:00
2005,630.0,2025-01-21,21:15
2006,620.0,2025-01-21,21:30
2007,600.0,2025-01-21,21:45
2008,640.0,2025-01-21,22:00
2009,600.0,2025-01-21,22:15
2010,600.0,2025-01-21,22:30
2011,530.0,2025-01-21,22:45
2012,500.0,2025-01-21,23:00
2013,500.0,2025-01-21,23:15
2014,450.0,2025-01-21,23:30
2015,359.11,2025-01-21,23:45
2016,288.77,2025-01-21,24:00
2017,328.67,2025-01-22,00:15
2018,277.7,2025-01-22,00:30
2019,400.0,2025-01-22,00:45
2020,258.42,2025-01-22,01:00
2021,254.16,2025-01-22,01:15
2022,400.0,2025-01-22,01:30
2023,234.72,2025-01-22,01:45
2024,246.84,2025-01-22,02:00
2025,253.62,2025-01-22,02:15
2026,245.08,2025-01-22,02:30
2027,246.98,2025-01-22,02:45
2028,245.89,2025-01-22,03:00
2029,260.77,2025-01-22,03:15
2030,257.95,2025-01-22,03:30
2031,252.32,2025-01-22,03:45
2032,245.76,2025-01-22,04:00
2033,261.34,2025-01-22,04:15
2034,237.72,2025-01-22,04:30
2035,232.15,2025-01-22,04:45
2036,260.32,2025-01-22,05:00
2037,259.12,2025-01-22,05:15
2038,257.43,2025-01-22,05:30
2039,217.16,2025-01-22,05:45
2040,317.5,2025-01-22,06:00
2041,368.34,2025-01-22,06:15
2042,361.14,2025-01-22,06:30
2043,388.56,2025-01-22,06:45
2044,396.34,2025-01-22,07:00
2045,360.12,2025-01-22,07:15
2046,430.3,2025-01-22,07:30
2047,269.4,2025-01-22,07:45
2048,365.72,2025-01-22,08:00
2049,349.99,2025-01-22,08:15
2050,514.28,2025-01-22,08:30
2051,599.99,2025-01-22,08:45
2052,599.99,2025-01-22,09:00
2053,589.98,2025-01-22,09:15
2054,515.7,2025-01-22,09:30
2055,215.87,2025-01-22,09:45
2056,40.0,2025-01-22,10:00
2057,40.0,2025-01-22,10:15
2058,40.0,2025-01-22,10:30
2059,40.0,2025-01-22,10:45
2060,40.0,2025-01-22,11:00
2061,40.0,2025-01-22,11:15
2062,40.0,2025-01-22,11:30
2063,40.0,2025-01-22,11:45
2064,40.0,2025-01-22,12:00
2065,40.0,2025-01-22,12:15
2066,40.0,2025-01-22,12:30
2067,40.0,2025-01-22,12:45
2068,40.0,2025-01-22,13:00
2069,40.0,2025-01-22,13:15
2070,40.0,2025-01-22,13:30
2071,40.0,2025-01-22,13:45
2072,40.0,2025-01-22,14:00
2073,40.0,2025-01-22,14:15
2074,40.0,2025-01-22,14:30
2075,41.11,2025-01-22,14:45
2076,40.0,2025-01-22,15:00
2077,181.18,2025-01-22,15:15
2078,180.2,2025-01-22,15:30
2079,40.0,2025-01-22,15:45
2080,40.0,2025-01-22,16:00
2081,198.47,2025-01-22,16:15
2082,262.89,2025-01-22,16:30
2083,280.73,2025-01-22,16:45
2084,265.16,2025-01-22,17:00
2085,301.32,2025-01-22,17:15
2086,539.98,2025-01-22,17:30
2087,599.99,2025-01-22,17:45
2088,550.0,2025-01-22,18:00
2089,650.0,2025-01-22,18:15
2090,650.0,2025-01-22,18:30
2091,650.0,2025-01-22,18:45
2092,650.0,2025-01-22,19:00
2093,650.0,2025-01-22,19:15
2094,650.0,2025-01-22,19:30
2095,650.0,2025-01-22,19:45
2096,650.0,2025-01-22,20:00
2097,650.0,2025-01-22,20:15
2098,650.0,2025-01-22,20:30
2099,650.0,2025-01-22,20:45
2100,650.0,2025-01-22,21:00
2101,650.0,2025-01-22,21:15
2102,640.0,2025-01-22,21:30
2103,640.0,2025-01-22,21:45
2104,650.0,2025-01-22,22:00
2105,600.0,2025-01-22,22:15
2106,630.0,2025-01-22,22:30
2107,620.22,2025-01-22,22:45
2108,610.0,2025-01-22,23:00
2109,600.0,2025-01-22,23:15
2110,600.0,2025-01-22,23:30
2111,600.0,2025-01-22,23:45
2112,600.0,2025-01-22,24:00
2113,580.0,2025-01-23,00:15
2114,550.0,2025-01-23,00:30
2115,580.0,2025-01-23,00:45
2116,530.0,2025-01-23,01:00
2117,530.0,2025-01-23,01:15
2118,540.0,2025-01-23,01:30
2119,540.0,2025-01-23,01:45
2120,520.0,2025-01-23,02:00
2121,510.0,2025-01-23,02:15
2122,500.0,2025-01-23,02:30
2123,490.0,2025-01-23,02:45
2124,480.0,2025-01-23,03:00
2125,450.0,2025-01-23,03:15
2126,500.0,2025-01-23,03:30
2127,490.0,2025-01-23,03:45
2128,400.0,2025-01-23,04:00
2129,400.0,2025-01-23,04:15
2130,400.0,2025-01-23,04:30
2131,370.0,2025-01-23,04:45
2132,340.0,2025-01-23,05:00
2133,370.0,2025-01-23,05:15
2134,298.06,2025-01-23,05:30
2135,297.03,2025-01-23,05:45
2136,400.0,2025-01-23,06:00
2137,410.0,2025-01-23,06:15
2138,450.0,2025-01-23,06:30
2139,400.0,2025-01-23,06:45
2140,400.0,2025-01-23,07:00
2141,400.0,2025-01-23,07:15
2142,500.0,2025-01-23,07:30
2143,500.0,2025-01-23,07:45
2144,500.0,2025-01-23,08:00
2145,500.0,2025-01-23,08:15
2146,499.99,2025-01-23,08:30
2147,499.99,2025-01-23,08:45
2148,499.98,2025-01-23,09:00
2149,476.61,2025-01-23,09:15
2150,513.08,2025-01-23,09:30
2151,499.95,2025-01-23,09:45
2152,369.95,2025-01-23,10:00
2153,339.95,2025-01-23,10:15
2154,40.0,2025-01-23,10:30
2155,40.0,2025-01-23,10:45
2156,40.0,2025-01-23,11:00
2157,40.0,2025-01-23,11:15
2158,40.0,2025-01-23,11:30
2159,40.0,2025-01-23,11:45
2160,40.0,2025-01-23,12:00
2161,40.0,2025-01-23,12:15
2162,40.0,2025-01-23,12:30
2163,40.0,2025-01-23,12:45
2164,40.0,2025-01-23,13:00
2165,40.0,2025-01-23,13:15
2166,40.0,2025-01-23,13:30
2167,40.0,2025-01-23,13:45
2168,40.0,2025-01-23,14:00
2169,40.0,2025-01-23,14:15
2170,183.67,2025-01-23,14:30
2171,177.87,2025-01-23,14:45
2172,221.79,2025-01-23,15:00
2173,273.18,2025-01-23,15:15
2174,285.07,2025-01-23,15:30
2175,287.16,2025-01-23,15:45
2176,301.68,2025-01-23,16:00
2177,276.3,2025-01-23,16:15
2178,297.46,2025-01-23,16:30
2179,304.34,2025-01-23,16:45
2180,307.38,2025-01-23,17:00
2181,326.38,2025-01-23,17:15
2182,436.0,2025-01-23,17:30
2183,400.78,2025-01-23,17:45
2184,321.12,2025-01-23,18:00
2185,390.54,2025-01-23,18:15
2186,367.48,2025-01-23,18:30
2187,348.17,2025-01-23,18:45
2188,343.11,2025-01-23,19:00
2189,353.89,2025-01-23,19:15
2190,363.36,2025-01-23,19:30
2191,388.05,2025-01-23,19:45
2192,380.14,2025-01-23,20:00
2193,420.34,2025-01-23,20:15
2194,485.69,2025-01-23,20:30
2195,491.56,2025-01-23,20:45
2196,377.52,2025-01-23,21:00
2197,489.13,2025-01-23,21:15
2198,406.62,2025-01-23,21:30
2199,410.69,2025-01-23,21:45
2200,515.68,2025-01-23,22:00
2201,552.86,2025-01-23,22:15
2202,514.56,2025-01-23,22:30
2203,570.52,2025-01-23,22:45
2204,544.93,2025-01-23,23:00
2205,530.0,2025-01-23,23:15
2206,540.0,2025-01-23,23:30
2207,543.48,2025-01-23,23:45
2208,527.77,2025-01-23,24:00
2209,550.0,2025-01-24,00:15
2210,590.0,2025-01-24,00:30
2211,600.0,2025-01-24,00:45
2212,600.0,2025-01-24,01:00
2213,590.0,2025-01-24,01:15
2214,530.0,2025-01-24,01:30
2215,510.0,2025-01-24,01:45
2216,450.47,2025-01-24,02:00
2217,461.04,2025-01-24,02:15
2218,500.0,2025-01-24,02:30
2219,500.0,2025-01-24,02:45
2220,500.0,2025-01-24,03:00
2221,500.0,2025-01-24,03:15
2222,500.0,2025-01-24,03:30
2223,500.0,2025-01-24,03:45
2224,520.0,2025-01-24,04:00
2225,429.22,2025-01-24,04:15
2226,500.0,2025-01-24,04:30
2227,500.0,2025-01-24,04:45
2228,450.0,2025-01-24,05:00
2229,400.0,2025-01-24,05:15
2230,400.0,2025-01-24,05:30
2231,400.0,2025-01-24,05:45
2232,400.0,2025-01-24,06:00
2233,380.0,2025-01-24,06:15
2234,390.0,2025-01-24,06:30
2235,400.0,2025-01-24,06:45
2236,450.0,2025-01-24,07:00
2237,350.0,2025-01-24,07:15
2238,400.0,2025-01-24,07:30
2239,370.0,2025-01-24,07:45
2240,370.0,2025-01-24,08:00
2241,400.0,2025-01-24,08:15
2242,450.0,2025-01-24,08:30
2243,500.0,2025-01-24,08:45
2244,449.99,2025-01-24,09:00
2245,449.99,2025-01-24,09:15
2246,399.99,2025-01-24,09:30
2247,369.99,2025-01-24,09:45
2248,349.99,2025-01-24,10:00
2249,369.99,2025-01-24,10:15
2250,339.99,2025-01-24,10:30
2251,339.99,2025-01-24,10:45
2252,40.0,2025-01-24,11:00
2253,40.0,2025-01-24,11:15
2254,40.0,2025-01-24,11:30
2255,40.0,2025-01-24,11:45
2256,40.0,2025-01-24,12:00
2257,166.63,2025-01-24,12:15
2258,40.0,2025-01-24,12:30
2259,40.0,2025-01-24,12:45
2260,40.0,2025-01-24,13:00
2261,40.0,2025-01-24,13:15
2262,40.0,2025-01-24,13:30
2263,40.0,2025-01-24,13:45
2264,40.0,2025-01-24,14:00
2265,40.0,2025-01-24,14:15
2266,40.0,2025-01-24,14:30
2267,40.0,2025-01-24,14:45
2268,197.96,2025-01-24,15:00
2269,200.08,2025-01-24,15:15
2270,206.61,2025-01-24,15:30
2271,203.7,2025-01-24,15:45
2272,40.0,2025-01-24,16:00
2273,380.0,2025-01-24,16:15
2274,400.0,2025-01-24,16:30
2275,380.0,2025-01-24,16:45
2276,380.0,2025-01-24,17:00
2277,370.0,2025-01-24,17:15
2278,380.0,2025-01-24,17:30
2279,350.0,2025-01-24,17:45
2280,350.0,2025-01-24,18:00
2281,350.0,2025-01-24,18:15
2282,340.0,2025-01-24,18:30
2283,330.0,2025-01-24,18:45
2284,330.0,2025-01-24,19:00
2285,340.0,2025-01-24,19:15
2286,330.0,2025-01-24,19:30
2287,40.0,2025-01-24,19:45
2288,40.0,2025-01-24,20:00
2289,40.0,2025-01-24,20:15
2290,40.0,2025-01-24,20:30
2291,40.0,2025-01-24,20:45
2292,40.0,2025-01-24,21:00
2293,40.0,2025-01-24,21:15
2294,40.0,2025-01-24,21:30
2295,40.0,2025-01-24,21:45
2296,40.0,2025-01-24,22:00
2297,40.0,2025-01-24,22:15
2298,40.0,2025-01-24,22:30
2299,40.0,2025-01-24,22:45
2300,40.0,2025-01-24,23:00
2301,40.0,2025-01-24,23:15
2302,40.0,2025-01-24,23:30
2303,40.0,2025-01-24,23:45
2304,40.0,2025-01-24,24:00
2305,40.0,2025-01-25,00:15
2306,308.76,2025-01-25,00:30
2307,318.46,2025-01-25,00:45
2308,318.42,2025-01-25,01:00
2309,40.0,2025-01-25,01:15
2310,40.0,2025-01-25,01:30
2311,40.0,2025-01-25,01:45
2312,40.0,2025-01-25,02:00
2313,40.0,2025-01-25,02:15
2314,40.0,2025-01-25,02:30
2315,40.0,2025-01-25,02:45
2316,40.0,2025-01-25,03:00
2317,40.0,2025-01-25,03:15
2318,40.0,2025-01-25,03:30
2319,40.0,2025-01-25,03:45
2320,40.0,2025-01-25,04:00
2321,40.0,2025-01-25,04:15
2322,40.0,2025-01-25,04:30
2323,40.0,2025-01-25,04:45
2324,40.0,2025-01-25,05:00
2325,40.0,2025-01-25,05:15
2326,40.0,2025-01-25,05:30
2327,40.0,2025-01-25,05:45
2328,40.0,2025-01-25,06:00
2329,40.0,2025-01-25,06:15
2330,40.0,2025-01-25,06:30
2331,40.0,2025-01-25,06:45
2332,40.0,2025-01-25,07:00
2333,40.0,2025-01-25,07:15
2334,40.0,2025-01-25,07:30
2335,40.0,2025-01-25,07:45
2336,40.0,2025-01-25,08:00
2337,40.0,2025-01-25,08:15
2338,40.0,2025-01-25,08:30
2339,40.0,2025-01-25,08:45
2340,40.0,2025-01-25,09:00
2341,40.0,2025-01-25,09:15
2342,40.0,2025-01-25,09:30
2343,40.0,2025-01-25,09:45
2344,40.0,2025-01-25,10:00
2345,40.72,2025-01-25,10:15
2346,40.0,2025-01-25,10:30
2347,40.0,2025-01-25,10:45
2348,40.0,2025-01-25,11:00
2349,40.0,2025-01-25,11:15
2350,40.0,2025-01-25,11:30
2351,40.0,2025-01-25,11:45
2352,40.0,2025-01-25,12:00
2353,40.0,2025-01-25,12:15
2354,40.0,2025-01-25,12:30
2355,40.0,2025-01-25,12:45
2356,40.0,2025-01-25,13:00
2357,40.0,2025-01-25,13:15
2358,40.0,2025-01-25,13:30
2359,40.0,2025-01-25,13:45
2360,40.0,2025-01-25,14:00
2361,186.89,2025-01-25,14:15
2362,193.22,2025-01-25,14:30
2363,206.42,2025-01-25,14:45
2364,193.5,2025-01-25,15:00
2365,40.0,2025-01-25,15:15
2366,40.0,2025-01-25,15:30
2367,40.0,2025-01-25,15:45
2368,40.0,2025-01-25,16:00
2369,40.0,2025-01-25,16:15
2370,40.0,2025-01-25,16:30
2371,195.54,2025-01-25,16:45
2372,195.85,2025-01-25,17:00
2373,40.0,2025-01-25,17:15
2374,40.0,2025-01-25,17:30
2375,40.0,2025-01-25,17:45
2376,40.0,2025-01-25,18:00
2377,40.0,2025-01-25,18:15
2378,40.0,2025-01-25,18:30
2379,40.0,2025-01-25,18:45
2380,40.0,2025-01-25,19:00
2381,40.0,2025-01-25,19:15
2382,40.0,2025-01-25,19:30
2383,40.0,2025-01-25,19:45
2384,40.0,2025-01-25,20:00
2385,42.95,2025-01-25,20:15
2386,40.0,2025-01-25,20:30
2387,40.0,2025-01-25,20:45
2388,40.0,2025-01-25,21:00
2389,40.0,2025-01-25,21:15
2390,40.0,2025-01-25,21:30
2391,41.18,2025-01-25,21:45
2392,40.0,2025-01-25,22:00
2393,40.0,2025-01-25,22:15
2394,289.92,2025-01-25,22:30
2395,40.0,2025-01-25,22:45
2396,40.0,2025-01-25,23:00
2397,40.0,2025-01-25,23:15
2398,40.0,2025-01-25,23:30
2399,40.0,2025-01-25,23:45
2400,40.0,2025-01-25,24:00
2401,277.41,2025-01-26,00:15
2402,314.17,2025-01-26,00:30
2403,314.43,2025-01-26,00:45
2404,323.46,2025-01-26,01:00
2405,304.12,2025-01-26,01:15
2406,40.0,2025-01-26,01:30
2407,40.0,2025-01-26,01:45
2408,276.0,2025-01-26,02:00
2409,303.31,2025-01-26,02:15
2410,40.0,2025-01-26,02:30
2411,275.52,2025-01-26,02:45
2412,40.0,2025-01-26,03:00
2413,76.1,2025-01-26,03:15
2414,301.89,2025-01-26,03:30
2415,301.44,2025-01-26,03:45
2416,310.43,2025-01-26,04:00
2417,40.0,2025-01-26,04:15
2418,273.11,2025-01-26,04:30
2419,328.01,2025-01-26,04:45
2420,319.01,2025-01-26,05:00
2421,411.25,2025-01-26,05:15
2422,450.0,2025-01-26,05:30
2423,450.0,2025-01-26,05:45
2424,400.0,2025-01-26,06:00
2425,500.0,2025-01-26,06:15
2426,500.0,2025-01-26,06:30
2427,600.0,2025-01-26,06:45
2428,600.0,2025-01-26,07:00
2429,600.0,2025-01-26,07:15
2430,650.0,2025-01-26,07:30
2431,650.0,2025-01-26,07:45
2432,650.0,2025-01-26,08:00
2433,650.0,2025-01-26,08:15
2434,650.0,2025-01-26,08:30
2435,649.99,2025-01-26,08:45
2436,649.98,2025-01-26,09:00
2437,602.06,2025-01-26,09:15
2438,519.38,2025-01-26,09:30
2439,373.74,2025-01-26,09:45
2440,347.67,2025-01-26,10:00
2441,378.01,2025-01-26,10:15
2442,40.0,2025-01-26,10:30
2443,40.0,2025-01-26,10:45
2444,40.0,2025-01-26,11:00
2445,40.0,2025-01-26,11:15
2446,40.0,2025-01-26,11:30
2447,40.0,2025-01-26,11:45
2448,40.0,2025-01-26,12:00
2449,40.0,2025-01-26,12:15
2450,40.0,2025-01-26,12:30
2451,40.0,2025-01-26,12:45
2452,40.0,2025-01-26,13:00
2453,40.0,2025-01-26,13:15
2454,40.0,2025-01-26,13:30
2455,40.0,2025-01-26,13:45
2456,40.0,2025-01-26,14:00
2457,40.0,2025-01-26,14:15
2458,40.0,2025-01-26,14:30
2459,40.0,2025-01-26,14:45
2460,40.0,2025-01-26,15:00
2461,40.0,2025-01-26,15:15
2462,40.0,2025-01-26,15:30
2463,40.0,2025-01-26,15:45
2464,40.0,2025-01-26,16:00
2465,199.58,2025-01-26,16:15
2466,194.83,2025-01-26,16:30
2467,249.19,2025-01-26,16:45
2468,250.47,2025-01-26,17:00
2469,292.4,2025-01-26,17:15
2470,387.73,2025-01-26,17:30
2471,437.6,2025-01-26,17:45
2472,430.36,2025-01-26,18:00
2473,407.27,2025-01-26,18:15
2474,395.43,2025-01-26,18:30
2475,346.98,2025-01-26,18:45
2476,310.59,2025-01-26,19:00
2477,237.67,2025-01-26,19:15
2478,228.94,2025-01-26,19:30
2479,480.0,2025-01-26,19:45
2480,209.66,2025-01-26,20:00
2481,390.0,2025-01-26,20:15
2482,350.0,2025-01-26,20:30
2483,330.0,2025-01-26,20:45
2484,40.0,2025-01-26,21:00
2485,320.0,2025-01-26,21:15
2486,300.0,2025-01-26,21:30
2487,300.0,2025-01-26,21:45
2488,40.0,2025-01-26,22:00
2489,40.0,2025-01-26,22:15
2490,340.0,2025-01-26,22:30
2491,330.0,2025-01-26,22:45
2492,40.0,2025-01-26,23:00
2493,400.0,2025-01-26,23:15
2494,400.0,2025-01-26,23:30
2495,390.0,2025-01-26,23:45
2496,350.0,2025-01-26,24:00
2497,330.0,2025-01-27,00:15
2498,40.0,2025-01-27,00:30
2499,350.29,2025-01-27,00:45
2500,400.23,2025-01-27,01:00
2501,350.0,2025-01-27,01:15
2502,350.0,2025-01-27,01:30
2503,340.0,2025-01-27,01:45
2504,40.0,2025-01-27,02:00
2505,50.0,2025-01-27,02:15
2506,100.0,2025-01-27,02:30
2507,330.0,2025-01-27,02:45
2508,40.0,2025-01-27,03:00
2509,330.0,2025-01-27,03:15
2510,100.0,2025-01-27,03:30
2511,330.0,2025-01-27,03:45
2512,350.0,2025-01-27,04:00
2513,370.0,2025-01-27,04:15
2514,360.0,2025-01-27,04:30
2515,309.13,2025-01-27,04:45
2516,340.0,2025-01-27,05:00
2517,340.0,2025-01-27,05:15
2518,320.0,2025-01-27,05:30
2519,330.0,2025-01-27,05:45
2520,300.72,2025-01-27,06:00
2521,340.0,2025-01-27,06:15
2522,350.0,2025-01-27,06:30
2523,476.49,2025-01-27,06:45
2524,481.0,2025-01-27,07:00
2525,367.84,2025-01-27,07:15
2526,377.19,2025-01-27,07:30
2527,40.0,2025-01-27,07:45
2528,40.0,2025-01-27,08:00
2529,40.0,2025-01-27,08:15
2530,94.12,2025-01-27,08:30
2531,350.73,2025-01-27,08:45
2532,303.23,2025-01-27,09:00
2533,40.0,2025-01-27,09:15
2534,40.45,2025-01-27,09:30
2535,40.0,2025-01-27,09:45
2536,40.45,2025-01-27,10:00
2537,40.0,2025-01-27,10:15
2538,40.0,2025-01-27,10:30
2539,40.0,2025-01-27,10:45
2540,40.0,2025-01-27,11:00
2541,40.0,2025-01-27,11:15
2542,40.0,2025-01-27,11:30
2543,40.0,2025-01-27,11:45
2544,40.0,2025-01-27,12:00
2545,40.0,2025-01-27,12:15
2546,40.0,2025-01-27,12:30
2547,40.0,2025-01-27,12:45
2548,40.0,2025-01-27,13:00
2549,40.0,2025-01-27,13:15
2550,40.0,2025-01-27,13:30
2551,40.0,2025-01-27,13:45
2552,40.0,2025-01-27,14:00
2553,40.0,2025-01-27,14:15
2554,40.0,2025-01-27,14:30
2555,40.0,2025-01-27,14:45
2556,40.0,2025-01-27,15:00
2557,40.0,2025-01-27,15:15
2558,40.0,2025-01-27,15:30
2559,40.0,2025-01-27,15:45
2560,40.0,2025-01-27,16:00
2561,40.0,2025-01-27,16:15
2562,40.0,2025-01-27,16:30
2563,40.0,2025-01-27,16:45
2564,40.0,2025-01-27,17:00
2565,40.0,2025-01-27,17:15
2566,201.1,2025-01-27,17:30
2567,237.41,2025-01-27,17:45
2568,190.6,2025-01-27,18:00
2569,40.0,2025-01-27,18:15
2570,40.0,2025-01-27,18:30
2571,40.0,2025-01-27,18:45
2572,330.0,2025-01-27,19:00
2573,40.0,2025-01-27,19:15
2574,40.0,2025-01-27,19:30
2575,370.0,2025-01-27,19:45
2576,350.0,2025-01-27,20:00
2577,40.0,2025-01-27,20:15
2578,340.0,2025-01-27,20:30
2579,350.0,2025-01-27,20:45
2580,340.0,2025-01-27,21:00
2581,330.0,2025-01-27,21:15
2582,340.0,2025-01-27,21:30
2583,330.0,2025-01-27,21:45
2584,40.0,2025-01-27,22:00
2585,40.0,2025-01-27,22:15
2586,40.0,2025-01-27,22:30
2587,40.0,2025-01-27,22:45
2588,40.0,2025-01-27,23:00
2589,40.0,2025-01-27,23:15
2590,301.24,2025-01-27,23:30
2591,40.0,2025-01-27,23:45
2592,40.0,2025-01-27,24:00
2593,479.58,2025-01-28,00:15
2594,479.39,2025-01-28,00:30
2595,555.57,2025-01-28,00:45
2596,555.64,2025-01-28,01:00
2597,566.13,2025-01-28,01:15
2598,556.23,2025-01-28,01:30
2599,556.63,2025-01-28,01:45
2600,556.87,2025-01-28,02:00
2601,557.0,2025-01-28,02:15
2602,556.14,2025-01-28,02:30
2603,555.04,2025-01-28,02:45
2604,478.4,2025-01-28,03:00
2605,478.41,2025-01-28,03:15
2606,515.88,2025-01-28,03:30
2607,516.37,2025-01-28,03:45
2608,516.94,2025-01-28,04:00
2609,469.76,2025-01-28,04:15
2610,469.31,2025-01-28,04:30
2611,451.09,2025-01-28,04:45
2612,374.83,2025-01-28,05:00
2613,374.53,2025-01-28,05:15
2614,421.52,2025-01-28,05:30
2615,450.78,2025-01-28,05:45
2616,361.39,2025-01-28,06:00
2617,360.45,2025-01-28,06:15
2618,374.51,2025-01-28,06:30
2619,421.69,2025-01-28,06:45
2620,375.54,2025-01-28,07:00
2621,363.15,2025-01-28,07:15
2622,478.85,2025-01-28,07:30
2623,478.41,2025-01-28,07:45
2624,468.95,2025-01-28,08:00
2625,554.52,2025-01-28,08:15
2626,555.39,2025-01-28,08:30
2627,481.42,2025-01-28,08:45
2628,377.86,2025-01-28,09:00
2629,40.0,2025-01-28,09:15
2630,40.0,2025-01-28,09:30
2631,40.0,2025-01-28,09:45
2632,40.0,2025-01-28,10:00
2633,40.0,2025-01-28,10:15
2634,40.0,2025-01-28,10:30
2635,40.0,2025-01-28,10:45
2636,40.0,2025-01-28,11:00
2637,40.0,2025-01-28,11:15
2638,40.0,2025-01-28,11:30
2639,40.0,2025-01-28,11:45
2640,40.0,2025-01-28,12:00
2641,40.0,2025-01-28,12:15
2642,40.0,2025-01-28,12:30
2643,40.0,2025-01-28,12:45
2644,40.0,2025-01-28,13:00
2645,40.0,2025-01-28,13:15
2646,40.0,2025-01-28,13:30
2647,40.0,2025-01-28,13:45
2648,40.0,2025-01-28,14:00
2649,40.0,2025-01-28,14:15
2650,40.0,2025-01-28,14:30
2651,40.0,2025-01-28,14:45
2652,40.0,2025-01-28,15:00
2653,40.0,2025-01-28,15:15
2654,40.0,2025-01-28,15:30
2655,40.0,2025-01-28,15:45
2656,40.0,2025-01-28,16:00
2657,40.0,2025-01-28,16:15
2658,40.0,2025-01-28,16:30
2659,202.91,2025-01-28,16:45
2660,40.0,2025-01-28,17:00
2661,40.0,2025-01-28,17:15
2662,40.0,2025-01-28,17:30
2663,40.0,2025-01-28,17:45
2664,500.0,2025-01-28,18:00
2665,590.0,2025-01-28,18:15
2666,590.0,2025-01-28,18:30
2667,600.0,2025-01-28,18:45
2668,600.0,2025-01-28,19:00
2669,650.0,2025-01-28,19:15
2670,650.0,2025-01-28,19:30
2671,650.0,2025-01-28,19:45
2672,600.0,2025-01-28,20:00
2673,600.0,2025-01-28,20:15
2674,600.0,2025-01-28,20:30
2675,640.0,2025-01-28,20:45
2676,640.0,2025-01-28,21:00
2677,600.0,2025-01-28,21:15
2678,650.0,2025-01-28,21:30
2679,650.0,2025-01-28,21:45
2680,650.0,2025-01-28,22:00
2681,650.0,2025-01-28,22:15
2682,590.0,2025-01-28,22:30
2683,600.0,2025-01-28,22:45
2684,600.0,2025-01-28,23:00
2685,610.0,2025-01-28,23:15
2686,610.0,2025-01-28,23:30
2687,610.0,2025-01-28,23:45
2688,590.0,2025-01-28,24:00
2689,600.0,2025-01-29,00:15
2690,600.0,2025-01-29,00:30
2691,610.0,2025-01-29,00:45
2692,640.0,2025-01-29,01:00
2693,640.0,2025-01-29,01:15
2694,640.0,2025-01-29,01:30
2695,600.0,2025-01-29,01:45
2696,600.0,2025-01-29,02:00
2697,600.0,2025-01-29,02:15
2698,600.0,2025-01-29,02:30
2699,580.0,2025-01-29,02:45
2700,540.0,2025-01-29,03:00
2701,500.0,2025-01-29,03:15
2702,580.0,2025-01-29,03:30
2703,550.0,2025-01-29,03:45
2704,500.0,2025-01-29,04:00
2705,400.0,2025-01-29,04:15
2706,400.0,2025-01-29,04:30
2707,400.0,2025-01-29,04:45
2708,400.0,2025-01-29,05:00
2709,400.0,2025-01-29,05:15
2710,400.0,2025-01-29,05:30
2711,400.0,2025-01-29,05:45
2712,400.0,2025-01-29,06:00
2713,396.73,2025-01-29,06:15
2714,395.49,2025-01-29,06:30
2715,471.47,2025-01-29,06:45
2716,472.03,2025-01-29,07:00
2717,471.85,2025-01-29,07:15
2718,509.36,2025-01-29,07:30
2719,519.23,2025-01-29,07:45
2720,567.05,2025-01-29,08:00
2721,471.91,2025-01-29,08:15
2722,472.6,2025-01-29,08:30
2723,483.31,2025-01-29,08:45
2724,380.33,2025-01-29,09:00
2725,324.0,2025-01-29,09:15
2726,40.48,2025-01-29,09:30
2727,40.0,2025-01-29,09:45
2728,40.0,2025-01-29,10:00
2729,40.45,2025-01-29,10:15
2730,40.0,2025-01-29,10:30
2731,40.49,2025-01-29,10:45
2732,40.0,2025-01-29,11:00
2733,40.1,2025-01-29,11:15
2734,40.0,2025-01-29,11:30
2735,40.1,2025-01-29,11:45
2736,40.0,2025-01-29,12:00
2737,40.0,2025-01-29,12:15
2738,40.0,2025-01-29,12:30
2739,40.0,2025-01-29,12:45
2740,40.0,2025-01-29,13:00
2741,40.0,2025-01-29,13:15
2742,40.0,2025-01-29,13:30
2743,40.0,2025-01-29,13:45
2744,40.0,2025-01-29,14:00
2745,40.0,2025-01-29,14:15
2746,40.0,2025-01-29,14:30
2747,40.0,2025-01-29,14:45
2748,40.0,2025-01-29,15:00
2749,40.0,2025-01-29,15:15
2750,40.0,2025-01-29,15:30
2751,40.0,2025-01-29,15:45
2752,40.0,2025-01-29,16:00
2753,40.0,2025-01-29,16:15
2754,40.0,2025-01-29,16:30
2755,40.57,2025-01-29,16:45
2756,40.0,2025-01-29,17:00
2757,40.0,2025-01-29,17:15
2758,40.0,2025-01-29,17:30
2759,40.0,2025-01-29,17:45
2760,399.99,2025-01-29,18:00
2761,480.0,2025-01-29,18:15
2762,400.0,2025-01-29,18:30
2763,400.0,2025-01-29,18:45
2764,350.0,2025-01-29,19:00
2765,440.0,2025-01-29,19:15
2766,500.0,2025-01-29,19:30
2767,500.0,2025-01-29,19:45
2768,510.0,2025-01-29,20:00
2769,540.0,2025-01-29,20:15
2770,540.0,2025-01-29,20:30
2771,600.0,2025-01-29,20:45
2772,540.0,2025-01-29,21:00
2773,550.0,2025-01-29,21:15
2774,590.0,2025-01-29,21:30
2775,600.0,2025-01-29,21:45
2776,600.0,2025-01-29,22:00
2777,592.76,2025-01-29,22:15
2778,612.14,2025-01-29,22:30
2779,583.28,2025-01-29,22:45
2780,650.0,2025-01-29,23:00
2781,650.0,2025-01-29,23:15
2782,650.0,2025-01-29,23:30
2783,650.0,2025-01-29,23:45
2784,650.0,2025-01-29,24:00
2785,600.0,2025-01-30,00:15
2786,600.0,2025-01-30,00:30
2787,600.0,2025-01-30,00:45
2788,600.0,2025-01-30,01:00
2789,600.0,2025-01-30,01:15
2790,600.0,2025-01-30,01:30
2791,600.0,2025-01-30,01:45
2792,600.0,2025-01-30,02:00
2793,630.0,2025-01-30,02:15
2794,600.0,2025-01-30,02:30
2795,600.0,2025-01-30,02:45
2796,600.0,2025-01-30,03:00
2797,600.0,2025-01-30,03:15
2798,550.0,2025-01-30,03:30
2799,510.0,2025-01-30,03:45
2800,510.0,2025-01-30,04:00
2801,440.0,2025-01-30,04:15
2802,500.0,2025-01-30,04:30
2803,440.0,2025-01-30,04:45
2804,400.0,2025-01-30,05:00
2805,390.0,2025-01-30,05:15
2806,330.0,2025-01-30,05:30
2807,320.0,2025-01-30,05:45
2808,40.0,2025-01-30,06:00
2809,40.0,2025-01-30,06:15
2810,400.0,2025-01-30,06:30
2811,400.0,2025-01-30,06:45
2812,400.0,2025-01-30,07:00
2813,520.0,2025-01-30,07:15
2814,510.0,2025-01-30,07:30
2815,510.0,2025-01-30,07:45
2816,520.0,2025-01-30,08:00
2817,450.0,2025-01-30,08:15
2818,529.99,2025-01-30,08:30
2819,519.99,2025-01-30,08:45
2820,449.98,2025-01-30,09:00
2821,329.98,2025-01-30,09:15
2822,40.0,2025-01-30,09:30
2823,40.0,2025-01-30,09:45
2824,40.0,2025-01-30,10:00
2825,40.0,2025-01-30,10:15
2826,40.0,2025-01-30,10:30
2827,40.0,2025-01-30,10:45
2828,40.0,2025-01-30,11:00
2829,40.0,2025-01-30,11:15
2830,40.0,2025-01-30,11:30
2831,40.0,2025-01-30,11:45
2832,40.0,2025-01-30,12:00
2833,40.0,2025-01-30,12:15
2834,40.0,2025-01-30,12:30
2835,40.0,2025-01-30,12:45
2836,40.0,2025-01-30,13:00
2837,40.0,2025-01-30,13:15
2838,40.0,2025-01-30,13:30
2839,40.0,2025-01-30,13:45
2840,40.0,2025-01-30,14:00
2841,40.0,2025-01-30,14:15
2842,40.0,2025-01-30,14:30
2843,40.0,2025-01-30,14:45
2844,40.0,2025-01-30,15:00
2845,40.0,2025-01-30,15:15
2846,40.0,2025-01-30,15:30
2847,40.0,2025-01-30,15:45
2848,40.0,2025-01-30,16:00
2849,40.0,2025-01-30,16:15
2850,40.0,2025-01-30,16:30
2851,40.0,2025-01-30,16:45
2852,181.96,2025-01-30,17:00
2853,216.66,2025-01-30,17:15
2854,296.72,2025-01-30,17:30
2855,297.27,2025-01-30,17:45
2856,282.23,2025-01-30,18:00
2857,590.0,2025-01-30,18:15
2858,530.0,2025-01-30,18:30
2859,530.0,2025-01-30,18:45
2860,550.0,2025-01-30,19:00
2861,540.0,2025-01-30,19:15
2862,530.0,2025-01-30,19:30
2863,600.0,2025-01-30,19:45
2864,600.0,2025-01-30,20:00
2865,600.0,2025-01-30,20:15
2866,600.0,2025-01-30,20:30
2867,600.0,2025-01-30,20:45
2868,590.0,2025-01-30,21:00
2869,600.0,2025-01-30,21:15
2870,600.0,2025-01-30,21:30
2871,600.0,2025-01-30,21:45
2872,610.0,2025-01-30,22:00
2873,600.0,2025-01-30,22:15
2874,640.0,2025-01-30,22:30
2875,630.0,2025-01-30,22:45
2876,650.0,2025-01-30,23:00
2877,650.0,2025-01-30,23:15
2878,650.0,2025-01-30,23:30
2879,650.0,2025-01-30,23:45
2880,650.0,2025-01-30,24:00
2881,650.0,2025-01-31,00:15
2882,640.0,2025-01-31,00:30
2883,650.0,2025-01-31,00:45
2884,650.0,2025-01-31,01:00
2885,650.0,2025-01-31,01:15
2886,650.0,2025-01-31,01:30
2887,650.0,2025-01-31,01:45
2888,640.0,2025-01-31,02:00
2889,650.0,2025-01-31,02:15
2890,650.0,2025-01-31,02:30
2891,650.0,2025-01-31,02:45
2892,650.0,2025-01-31,03:00
2893,650.0,2025-01-31,03:15
2894,650.0,2025-01-31,03:30
2895,650.0,2025-01-31,03:45
2896,650.0,2025-01-31,04:00
2897,650.0,2025-01-31,04:15
2898,650.0,2025-01-31,04:30
2899,650.0,2025-01-31,04:45
2900,650.0,2025-01-31,05:00
2901,650.0,2025-01-31,05:15
2902,650.0,2025-01-31,05:30
2903,650.0,2025-01-31,05:45
2904,650.0,2025-01-31,06:00
2905,650.0,2025-01-31,06:15
2906,640.0,2025-01-31,06:30
2907,650.0,2025-01-31,06:45
2908,650.0,2025-01-31,07:00
2909,650.0,2025-01-31,07:15
2910,650.0,2025-01-31,07:30
2911,650.0,2025-01-31,07:45
2912,650.0,2025-01-31,08:00
2913,650.0,2025-01-31,08:15
2914,650.0,2025-01-31,08:30
2915,649.99,2025-01-31,08:45
2916,639.98,2025-01-31,09:00
2917,599.97,2025-01-31,09:15
2918,597.04,2025-01-31,09:30
2919,499.94,2025-01-31,09:45
2920,449.93,2025-01-31,10:00
2921,319.94,2025-01-31,10:15
2922,319.93,2025-01-31,10:30
2923,40.0,2025-01-31,10:45
2924,40.0,2025-01-31,11:00
2925,40.0,2025-01-31,11:15
2926,40.0,2025-01-31,11:30
2927,40.0,2025-01-31,11:45
2928,40.0,2025-01-31,12:00
2929,40.0,2025-01-31,12:15
2930,40.0,2025-01-31,12:30
2931,40.0,2025-01-31,12:45
2932,40.0,2025-01-31,13:00
2933,40.0,2025-01-31,13:15
2934,40.0,2025-01-31,13:30
2935,40.0,2025-01-31,13:45
2936,40.0,2025-01-31,14:00
2937,40.0,2025-01-31,14:15
2938,40.11,2025-01-31,14:30
2939,40.0,2025-01-31,14:45
2940,40.0,2025-01-31,15:00
2941,40.0,2025-01-31,15:15
2942,40.0,2025-01-31,15:30
2943,40.0,2025-01-31,15:45
2944,40.0,2025-01-31,16:00
2945,40.0,2025-01-31,16:15
2946,40.5,2025-01-31,16:30
2947,40.0,2025-01-31,16:45
2948,40.0,2025-01-31,17:00
2949,40.0,2025-01-31,17:15
2950,630.0,2025-01-31,17:30
2951,650.0,2025-01-31,17:45
2952,650.0,2025-01-31,18:00
2953,650.0,2025-01-31,18:15
2954,650.0,2025-01-31,18:30
2955,650.0,2025-01-31,18:45
2956,650.0,2025-01-31,19:00
2957,650.0,2025-01-31,19:15
2958,650.0,2025-01-31,19:30
2959,650.0,2025-01-31,19:45
2960,650.0,2025-01-31,20:00
2961,650.0,2025-01-31,20:15
2962,650.0,2025-01-31,20:30
2963,650.0,2025-01-31,20:45
2964,650.0,2025-01-31,21:00
2965,650.0,2025-01-31,21:15
2966,650.0,2025-01-31,21:30
2967,650.0,2025-01-31,21:45
2968,650.0,2025-01-31,22:00
2969,600.0,2025-01-31,22:15
2970,600.0,2025-01-31,22:30
2971,600.0,2025-01-31,22:45
2972,530.0,2025-01-31,23:00
2973,510.0,2025-01-31,23:15
2974,510.0,2025-01-31,23:30
2975,500.0,2025-01-31,23:45
2976,530.0,2025-01-31,24:00
2977,650.0,2025-02-01,00:15
2978,650.0,2025-02-01,00:30
2979,650.0,2025-02-01,00:45
2980,650.0,2025-02-01,01:00
2981,600.0,2025-02-01,01:15
2982,650.0,2025-02-01,01:30
2983,650.0,2025-02-01,01:45
2984,650.0,2025-02-01,02:00
2985,650.0,2025-02-01,02:15
2986,650.0,2025-02-01,02:30
2987,650.0,2025-02-01,02:45
2988,610.0,2025-02-01,03:00
2989,650.0,2025-02-01,03:15
2990,650.0,2025-02-01,03:30
2991,600.0,2025-02-01,03:45
2992,630.0,2025-02-01,04:00
2993,600.0,2025-02-01,04:15
2994,600.0,2025-02-01,04:30
2995,600.0,2025-02-01,04:45
2996,600.0,2025-02-01,05:00
2997,550.0,2025-02-01,05:15
2998,510.0,2025-02-01,05:30
2999,520.0,2025-02-01,05:45
3000,510.0,2025-02-01,06:00
3001,600.0,2025-02-01,06:15
3002,540.0,2025-02-01,06:30
3003,630.0,2025-02-01,06:45
3004,650.0,2025-02-01,07:00
3005,600.0,2025-02-01,07:15
3006,600.0,2025-02-01,07:30
3007,600.0,2025-02-01,07:45
3008,600.0,2025-02-01,08:00
3009,590.0,2025-02-01,08:15
3010,599.99,2025-02-01,08:30
3011,599.99,2025-02-01,08:45
3012,589.98,2025-02-01,09:00
3013,589.96,2025-02-01,09:15
3014,599.95,2025-02-01,09:30
3015,499.95,2025-02-01,09:45
3016,349.96,2025-02-01,10:00
3017,329.95,2025-02-01,10:15
3018,40.0,2025-02-01,10:30
3019,40.0,2025-02-01,10:45
3020,40.0,2025-02-01,11:00
3021,40.0,2025-02-01,11:15
3022,40.0,2025-02-01,11:30
3023,40.0,2025-02-01,11:45
3024,40.0,2025-02-01,12:00
3025,40.0,2025-02-01,12:15
3026,40.0,2025-02-01,12:30
3027,40.0,2025-02-01,12:45
3028,40.0,2025-02-01,13:00
3029,40.0,2025-02-01,13:15
3030,40.0,2025-02-01,13:30
3031,40.0,2025-02-01,13:45
3032,40.0,2025-02-01,14:00
3033,40.0,2025-02-01,14:15
3034,40.0,2025-02-01,14:30
3035,40.0,2025-02-01,14:45
3036,40.0,2025-02-01,15:00
3037,40.51,2025-02-01,15:15
3038,40.0,2025-02-01,15:30
3039,40.51,2025-02-01,15:45
3040,40.0,2025-02-01,16:00
3041,40.0,2025-02-01,16:15
3042,40.0,2025-02-01,16:30
3043,40.0,2025-02-01,16:45
3044,40.0,2025-02-01,17:00
3045,246.06,2025-02-01,17:15
3046,360.96,2025-02-01,17:30
3047,450.05,2025-02-01,17:45
3048,479.99,2025-02-01,18:00
3049,480.0,2025-02-01,18:15
3050,410.0,2025-02-01,18:30
3051,350.0,2025-02-01,18:45
3052,340.0,2025-02-01,19:00
3053,40.0,2025-02-01,19:15
3054,40.0,2025-02-01,19:30
3055,310.0,2025-02-01,19:45
3056,330.0,2025-02-01,20:00
3057,340.0,2025-02-01,20:15
3058,340.0,2025-02-01,20:30
3059,400.0,2025-02-01,20:45
3060,440.0,2025-02-01,21:00
3061,450.0,2025-02-01,21:15
3062,520.0,2025-02-01,21:30
3063,490.0,2025-02-01,21:45
3064,500.0,2025-02-01,22:00
3065,450.0,2025-02-01,22:15
3066,500.0,2025-02-01,22:30
3067,400.0,2025-02-01,22:45
3068,400.0,2025-02-01,23:00
3069,452.02,2025-02-01,23:15
3070,350.55,2025-02-01,23:30
3071,359.72,2025-02-01,23:45
3072,461.72,2025-02-01,24:00
3073,470.96,2025-02-02,00:15
3074,442.96,2025-02-02,00:30
3075,461.25,2025-02-02,00:45
3076,470.36,2025-02-02,01:00
3077,553.3,2025-02-02,01:15
3078,600.0,2025-02-02,01:30
3079,600.0,2025-02-02,01:45
3080,600.0,2025-02-02,02:00
3081,554.22,2025-02-02,02:15
3082,650.0,2025-02-02,02:30
3083,650.0,2025-02-02,02:45
3084,650.0,2025-02-02,03:00
3085,500.0,2025-02-02,03:15
3086,590.0,2025-02-02,03:30
3087,600.0,2025-02-02,03:45
3088,590.0,2025-02-02,04:00
3089,650.0,2025-02-02,04:15
3090,650.0,2025-02-02,04:30
3091,650.0,2025-02-02,04:45
3092,650.0,2025-02-02,05:00
3093,650.0,2025-02-02,05:15
3094,650.0,2025-02-02,05:30
3095,650.0,2025-02-02,05:45
3096,650.0,2025-02-02,06:00
3097,650.0,2025-02-02,06:15
3098,650.0,2025-02-02,06:30
3099,650.0,2025-02-02,06:45
3100,650.0,2025-02-02,07:00
3101,650.0,2025-02-02,07:15
3102,650.0,2025-02-02,07:30
3103,650.0,2025-02-02,07:45
3104,650.0,2025-02-02,08:00
3105,650.0,2025-02-02,08:15
3106,649.99,2025-02-02,08:30
3107,649.99,2025-02-02,08:45
3108,649.98,2025-02-02,09:00
3109,555.82,2025-02-02,09:15
3110,556.79,2025-02-02,09:30
3111,499.96,2025-02-02,09:45
3112,489.95,2025-02-02,10:00
3113,399.96,2025-02-02,10:15
3114,40.0,2025-02-02,10:30
3115,40.0,2025-02-02,10:45
3116,40.0,2025-02-02,11:00
3117,40.0,2025-02-02,11:15
3118,40.0,2025-02-02,11:30
3119,40.0,2025-02-02,11:45
3120,40.0,2025-02-02,12:00
3121,40.0,2025-02-02,12:15
3122,40.0,2025-02-02,12:30
3123,40.0,2025-02-02,12:45
3124,40.0,2025-02-02,13:00
3125,40.0,2025-02-02,13:15
3126,40.0,2025-02-02,13:30
3127,40.0,2025-02-02,13:45
3128,40.0,2025-02-02,14:00
3129,40.0,2025-02-02,14:15
3130,40.0,2025-02-02,14:30
3131,40.0,2025-02-02,14:45
3132,40.0,2025-02-02,15:00
3133,40.0,2025-02-02,15:15
3134,40.0,2025-02-02,15:30
3135,40.0,2025-02-02,15:45
3136,40.0,2025-02-02,16:00
3137,40.0,2025-02-02,16:15
3138,40.0,2025-02-02,16:30
3139,40.0,2025-02-02,16:45
3140,40.0,2025-02-02,17:00
3141,40.0,2025-02-02,17:15
3142,40.0,2025-02-02,17:30
3143,40.0,2025-02-02,17:45
3144,40.0,2025-02-02,18:00
3145,40.0,2025-02-02,18:15
3146,40.0,2025-02-02,18:30
3147,40.0,2025-02-02,18:45
3148,40.0,2025-02-02,19:00
3149,40.0,2025-02-02,19:15
3150,40.0,2025-02-02,19:30
3151,40.0,2025-02-02,19:45
3152,310.0,2025-02-02,20:00
3153,40.0,2025-02-02,20:15
3154,130.0,2025-02-02,20:30
3155,330.0,2025-02-02,20:45
3156,350.0,2025-02-02,21:00
3157,350.0,2025-02-02,21:15
3158,400.0,2025-02-02,21:30
3159,450.0,2025-02-02,21:45
3160,400.0,2025-02-02,22:00
3161,500.0,2025-02-02,22:15
3162,500.0,2025-02-02,22:30
3163,500.0,2025-02-02,22:45
3164,510.0,2025-02-02,23:00
3165,600.0,2025-02-02,23:15
3166,590.0,2025-02-02,23:30
3167,600.0,2025-02-02,23:45
3168,640.0,2025-02-02,24:00
3169,650.0,2025-02-03,00:15
3170,650.0,2025-02-03,00:30
3171,650.0,2025-02-03,00:45
3172,650.0,2025-02-03,01:00
3173,650.0,2025-02-03,01:15
3174,650.0,2025-02-03,01:30
3175,650.0,2025-02-03,01:45
3176,650.0,2025-02-03,02:00
3177,600.0,2025-02-03,02:15
3178,650.0,2025-02-03,02:30
3179,650.0,2025-02-03,02:45
3180,650.0,2025-02-03,03:00
3181,650.0,2025-02-03,03:15
3182,650.0,2025-02-03,03:30
3183,650.0,2025-02-03,03:45
3184,650.0,2025-02-03,04:00
3185,650.0,2025-02-03,04:15
3186,650.0,2025-02-03,04:30
3187,650.0,2025-02-03,04:45
3188,650.0,2025-02-03,05:00
3189,650.0,2025-02-03,05:15
3190,650.0,2025-02-03,05:30
3191,650.0,2025-02-03,05:45
3192,650.0,2025-02-03,06:00
3193,650.0,2025-02-03,06:15
3194,650.0,2025-02-03,06:30
3195,650.0,2025-02-03,06:45
3196,650.0,2025-02-03,07:00
3197,650.0,2025-02-03,07:15
3198,650.0,2025-02-03,07:30
3199,650.0,2025-02-03,07:45
3200,650.0,2025-02-03,08:00
3201,650.0,2025-02-03,08:15
3202,650.0,2025-02-03,08:30
3203,649.99,2025-02-03,08:45
3204,609.98,2025-02-03,09:00
3205,579.96,2025-02-03,09:15
3206,476.33,2025-02-03,09:30
3207,109.99,2025-02-03,09:45
3208,40.0,2025-02-03,10:00
3209,40.0,2025-02-03,10:15
3210,40.0,2025-02-03,10:30
3211,40.0,2025-02-03,10:45
3212,40.0,2025-02-03,11:00
3213,40.0,2025-02-03,11:15
3214,40.0,2025-02-03,11:30
3215,40.0,2025-02-03,11:45
3216,40.0,2025-02-03,12:00
3217,40.0,2025-02-03,12:15
3218,40.0,2025-02-03,12:30
3219,40.0,2025-02-03,12:45
3220,40.0,2025-02-03,13:00
3221,40.0,2025-02-03,13:15
3222,40.0,2025-02-03,13:30
3223,40.0,2025-02-03,13:45
3224,40.0,2025-02-03,14:00
3225,40.0,2025-02-03,14:15
3226,40.0,2025-02-03,14:30
3227,40.0,2025-02-03,14:45
3228,40.0,2025-02-03,15:00
3229,40.0,2025-02-03,15:15
3230,40.0,2025-02-03,15:30
3231,40.0,2025-02-03,15:45
3232,40.0,2025-02-03,16:00
3233,40.0,2025-02-03,16:15
3234,40.0,2025-02-03,16:30
3235,40.0,2025-02-03,16:45
3236,40.0,2025-02-03,17:00
3237,40.0,2025-02-03,17:15
3238,40.0,2025-02-03,17:30
3239,40.0,2025-02-03,17:45
3240,355.46,2025-02-03,18:00
3241,326.04,2025-02-03,18:15
3242,305.28,2025-02-03,18:30
3243,40.0,2025-02-03,18:45
3244,40.0,2025-02-03,19:00
3245,40.0,2025-02-03,19:15
3246,40.0,2025-02-03,19:30
3247,400.0,2025-02-03,19:45
3248,450.0,2025-02-03,20:00
3249,450.0,2025-02-03,20:15
3250,450.0,2025-02-03,20:30
3251,500.0,2025-02-03,20:45
3252,510.0,2025-02-03,21:00
3253,510.0,2025-02-03,21:15
3254,510.0,2025-02-03,21:30
3255,530.0,2025-02-03,21:45
3256,550.0,2025-02-03,22:00
3257,590.0,2025-02-03,22:15
3258,600.0,2025-02-03,22:30
3259,600.0,2025-02-03,22:45
3260,600.0,2025-02-03,23:00
3261,620.0,2025-02-03,23:15
3262,650.0,2025-02-03,23:30
3263,600.0,2025-02-03,23:45
3264,600.0,2025-02-03,24:00
3265,650.0,2025-02-04,00:15
3266,650.0,2025-02-04,00:30
3267,650.0,2025-02-04,00:45
3268,650.0,2025-02-04,01:00
3269,650.0,2025-02-04,01:15
3270,650.0,2025-02-04,01:30
3271,650.0,2025-02-04,01:45
3272,650.0,2025-02-04,02:00
3273,650.0,2025-02-04,02:15
3274,650.0,2025-02-04,02:30
3275,650.0,2025-02-04,02:45
3276,650.0,2025-02-04,03:00
3277,650.0,2025-02-04,03:15
3278,650.0,2025-02-04,03:30
3279,650.0,2025-02-04,03:45
3280,650.0,2025-02-04,04:00
3281,650.0,2025-02-04,04:15
3282,650.0,2025-02-04,04:30
3283,650.0,2025-02-04,04:45
3284,650.0,2025-02-04,05:00
3285,650.0,2025-02-04,05:15
3286,650.0,2025-02-04,05:30
3287,650.0,2025-02-04,05:45
3288,650.0,2025-02-04,06:00
3289,650.0,2025-02-04,06:15
3290,650.0,2025-02-04,06:30
3291,650.0,2025-02-04,06:45
3292,650.0,2025-02-04,07:00
3293,650.0,2025-02-04,07:15
3294,650.0,2025-02-04,07:30
3295,650.0,2025-02-04,07:45
3296,650.0,2025-02-04,08:00
3297,650.0,2025-02-04,08:15
3298,630.0,2025-02-04,08:30
3299,629.99,2025-02-04,08:45
3300,609.98,2025-02-04,09:00
3301,399.97,2025-02-04,09:15
3302,339.97,2025-02-04,09:30
3303,40.0,2025-02-04,09:45
3304,40.0,2025-02-04,10:00
3305,40.0,2025-02-04,10:15
3306,40.0,2025-02-04,10:30
3307,40.0,2025-02-04,10:45
3308,40.0,2025-02-04,11:00
3309,40.0,2025-02-04,11:15
3310,40.0,2025-02-04,11:30
3311,40.0,2025-02-04,11:45
3312,40.0,2025-02-04,12:00
3313,40.0,2025-02-04,12:15
3314,40.0,2025-02-04,12:30
3315,40.0,2025-02-04,12:45
3316,40.0,2025-02-04,13:00
3317,40.0,2025-02-04,13:15
3318,40.0,2025-02-04,13:30
3319,40.0,2025-02-04,13:45
3320,40.0,2025-02-04,14:00
3321,40.0,2025-02-04,14:15
3322,40.0,2025-02-04,14:30
3323,40.0,2025-02-04,14:45
3324,40.0,2025-02-04,15:00
3325,40.0,2025-02-04,15:15
3326,40.0,2025-02-04,15:30
3327,40.0,2025-02-04,15:45
3328,40.0,2025-02-04,16:00
3329,40.0,2025-02-04,16:15
3330,40.0,2025-02-04,16:30
3331,40.0,2025-02-04,16:45
3332,40.0,2025-02-04,17:00
3333,40.0,2025-02-04,17:15
3334,40.0,2025-02-04,17:30
3335,40.0,2025-02-04,17:45
3336,40.0,2025-02-04,18:00
3337,562.12,2025-02-04,18:15
3338,559.52,2025-02-04,18:30
3339,559.58,2025-02-04,18:45
3340,559.95,2025-02-04,19:00
3341,590.0,2025-02-04,19:15
3342,550.0,2025-02-04,19:30
3343,590.0,2025-02-04,19:45
3344,590.0,2025-02-04,20:00
3345,590.0,2025-02-04,20:15
3346,640.0,2025-02-04,20:30
3347,480.0,2025-02-04,20:45
3348,510.0,2025-02-04,21:00
3349,510.0,2025-02-04,21:15
3350,500.0,2025-02-04,21:30
3351,400.0,2025-02-04,21:45
3352,40.0,2025-02-04,22:00
3353,40.0,2025-02-04,22:15
3354,40.0,2025-02-04,22:30
3355,350.66,2025-02-04,22:45
3356,40.0,2025-02-04,23:00
3357,40.0,2025-02-04,23:15
3358,121.47,2025-02-04,23:30
3359,121.64,2025-02-04,23:45
3360,40.0,2025-02-04,24:00
3361,40.0,2025-02-05,00:15
3362,40.0,2025-02-05,00:30
3363,40.0,2025-02-05,00:45
3364,280.1,2025-02-05,01:00
3365,318.84,2025-02-05,01:15
3366,282.85,2025-02-05,01:30
3367,40.0,2025-02-05,01:45
3368,40.0,2025-02-05,02:00
3369,214.66,2025-02-05,02:15
3370,250.56,2025-02-05,02:30
3371,40.0,2025-02-05,02:45
3372,282.64,2025-02-05,03:00
3373,40.0,2025-02-05,03:15
3374,130.0,2025-02-05,03:30
3375,320.0,2025-02-05,03:45
3376,340.0,2025-02-05,04:00
3377,40.0,2025-02-05,04:15
3378,320.0,2025-02-05,04:30
3379,40.0,2025-02-05,04:45
3380,310.0,2025-02-05,05:00
3381,330.0,2025-02-05,05:15
3382,380.0,2025-02-05,05:30
3383,400.0,2025-02-05,05:45
3384,400.0,2025-02-05,06:00
3385,400.0,2025-02-05,06:15
3386,400.0,2025-02-05,06:30
3387,400.0,2025-02-05,06:45
3388,430.0,2025-02-05,07:00
3389,440.0,2025-02-05,07:15
3390,500.0,2025-02-05,07:30
3391,530.0,2025-02-05,07:45
3392,490.0,2025-02-05,08:00
3393,500.0,2025-02-05,08:15
3394,400.0,2025-02-05,08:30
3395,389.99,2025-02-05,08:45
3396,349.99,2025-02-05,09:00
3397,40.0,2025-02-05,09:15
3398,40.0,2025-02-05,09:30
3399,40.0,2025-02-05,09:45
3400,40.0,2025-02-05,10:00
3401,40.0,2025-02-05,10:15
3402,40.0,2025-02-05,10:30
3403,40.0,2025-02-05,10:45
3404,40.0,2025-02-05,11:00
3405,40.0,2025-02-05,11:15
3406,40.0,2025-02-05,11:30
3407,40.0,2025-02-05,11:45
3408,40.0,2025-02-05,12:00
3409,40.0,2025-02-05,12:15
3410,40.0,2025-02-05,12:30
3411,40.0,2025-02-05,12:45
3412,40.0,2025-02-05,13:00
3413,40.0,2025-02-05,13:15
3414,40.0,2025-02-05,13:30
3415,40.0,2025-02-05,13:45
3416,40.0,2025-02-05,14:00
3417,40.0,2025-02-05,14:15
3418,40.0,2025-02-05,14:30
3419,40.0,2025-02-05,14:45
3420,40.0,2025-02-05,15:00
3421,40.0,2025-02-05,15:15
3422,40.0,2025-02-05,15:30
3423,40.0,2025-02-05,15:45
3424,40.0,2025-02-05,16:00
3425,40.0,2025-02-05,16:15
3426,40.0,2025-02-05,16:30
3427,40.0,2025-02-05,16:45
3428,40.0,2025-02-05,17:00
3429,175.37,2025-02-05,17:15
3430,198.71,2025-02-05,17:30
3431,165.89,2025-02-05,17:45
3432,130.0,2025-02-05,18:00
3433,439.99,2025-02-05,18:15
3434,550.0,2025-02-05,18:30
3435,600.0,2025-02-05,18:45
3436,390.0,2025-02-05,19:00
3437,390.0,2025-02-05,19:15
3438,340.0,2025-02-05,19:30
3439,334.53,2025-02-05,19:45
3440,362.66,2025-02-05,20:00
3441,382.03,2025-02-05,20:15
3442,372.64,2025-02-05,20:30
3443,362.78,2025-02-05,20:45
3444,372.34,2025-02-05,21:00
3445,380.7,2025-02-05,21:15
3446,380.35,2025-02-05,21:30
3447,400.0,2025-02-05,21:45
3448,320.0,2025-02-05,22:00
3449,396.88,2025-02-05,22:15
3450,396.9,2025-02-05,22:30
3451,446.79,2025-02-05,22:45
3452,437.35,2025-02-05,23:00
3453,490.11,2025-02-05,23:15
3454,376.94,2025-02-05,23:30
3455,291.82,2025-02-05,23:45
3456,356.18,2025-02-05,24:00
3457,440.0,2025-02-06,00:15
3458,394.64,2025-02-06,00:30
3459,495.15,2025-02-06,00:45
3460,543.28,2025-02-06,01:00
3461,500.0,2025-02-06,01:15
3462,450.0,2025-02-06,01:30
3463,463.29,2025-02-06,01:45
3464,463.43,2025-02-06,02:00
3465,416.9,2025-02-06,02:15
3466,416.94,2025-02-06,02:30
3467,462.98,2025-02-06,02:45
3468,462.99,2025-02-06,03:00
3469,416.88,2025-02-06,03:15
3470,463.14,2025-02-06,03:30
3471,463.19,2025-02-06,03:45
3472,463.33,2025-02-06,04:00
3473,462.8,2025-02-06,04:15
3474,416.98,2025-02-06,04:30
3475,417.03,2025-02-06,04:45
3476,410.07,2025-02-06,05:00
3477,432.79,2025-02-06,05:15
3478,434.12,2025-02-06,05:30
3479,478.32,2025-02-06,05:45
3480,435.7,2025-02-06,06:00
3481,479.47,2025-02-06,06:15
3482,479.24,2025-02-06,06:30
3483,435.26,2025-02-06,06:45
3484,383.57,2025-02-06,07:00
3485,348.41,2025-02-06,07:15
3486,347.5,2025-02-06,07:30
3487,348.31,2025-02-06,07:45
3488,347.97,2025-02-06,08:00
3489,392.09,2025-02-06,08:15
3490,393.12,2025-02-06,08:30
3491,439.98,2025-02-06,08:45
3492,459.92,2025-02-06,09:00
3493,300.45,2025-02-06,09:15
3494,40.0,2025-02-06,09:30
3495,40.0,2025-02-06,09:45
3496,40.0,2025-02-06,10:00
3497,40.0,2025-02-06,10:15
3498,40.0,2025-02-06,10:30
3499,40.0,2025-02-06,10:45
3500,40.0,2025-02-06,11:00
3501,40.0,2025-02-06,11:15
3502,40.0,2025-02-06,11:30
3503,40.0,2025-02-06,11:45
3504,40.0,2025-02-06,12:00
3505,40.0,2025-02-06,12:15
3506,40.0,2025-02-06,12:30
3507,40.0,2025-02-06,12:45
3508,40.0,2025-02-06,13:00
3509,40.0,2025-02-06,13:15
3510,40.0,2025-02-06,13:30
3511,40.0,2025-02-06,13:45
3512,40.0,2025-02-06,14:00
3513,40.0,2025-02-06,14:15
3514,40.0,2025-02-06,14:30
3515,40.0,2025-02-06,14:45
3516,40.0,2025-02-06,15:00
3517,40.0,2025-02-06,15:15
3518,40.0,2025-02-06,15:30
3519,40.0,2025-02-06,15:45
3520,40.0,2025-02-06,16:00
3521,40.0,2025-02-06,16:15
3522,40.0,2025-02-06,16:30
3523,40.0,2025-02-06,16:45
3524,40.0,2025-02-06,17:00
3525,40.0,2025-02-06,17:15
3526,40.0,2025-02-06,17:30
3527,40.0,2025-02-06,17:45
3528,40.0,2025-02-06,18:00
3529,563.42,2025-02-06,18:15
3530,552.27,2025-02-06,18:30
3531,562.03,2025-02-06,18:45
3532,600.0,2025-02-06,19:00
3533,590.0,2025-02-06,19:15
3534,467.24,2025-02-06,19:30
3535,500.0,2025-02-06,19:45
3536,500.0,2025-02-06,20:00
3537,500.0,2025-02-06,20:15
3538,500.0,2025-02-06,20:30
3539,500.0,2025-02-06,20:45
3540,440.0,2025-02-06,21:00
3541,440.0,2025-02-06,21:15
3542,450.0,2025-02-06,21:30
3543,400.0,2025-02-06,21:45
3544,450.0,2025-02-06,22:00
3545,340.0,2025-02-06,22:15
3546,350.0,2025-02-06,22:30
3547,130.0,2025-02-06,22:45
3548,500.0,2025-02-06,23:00
3549,500.49,2025-02-06,23:15
3550,440.0,2025-02-06,23:30
3551,130.0,2025-02-06,23:45
3552,310.0,2025-02-06,24:00
3553,380.0,2025-02-07,00:15
3554,400.0,2025-02-07,00:30
3555,276.25,2025-02-07,00:45
3556,364.55,2025-02-07,01:00
3557,363.78,2025-02-07,01:15
3558,355.16,2025-02-07,01:30
3559,348.69,2025-02-07,01:45
3560,456.39,2025-02-07,02:00
3561,359.24,2025-02-07,02:15
3562,394.86,2025-02-07,02:30
3563,396.34,2025-02-07,02:45
3564,397.95,2025-02-07,03:00
3565,386.22,2025-02-07,03:15
3566,387.38,2025-02-07,03:30
3567,486.95,2025-02-07,03:45
3568,488.96,2025-02-07,04:00
3569,402.82,2025-02-07,04:15
3570,402.06,2025-02-07,04:30
3571,349.41,2025-02-07,04:45
3572,357.09,2025-02-07,05:00
3573,393.53,2025-02-07,05:15
3574,363.37,2025-02-07,05:30
3575,441.24,2025-02-07,05:45
3576,399.39,2025-02-07,06:00
3577,386.1,2025-02-07,06:15
3578,568.0,2025-02-07,06:30
3579,550.7,2025-02-07,06:45
3580,480.97,2025-02-07,07:00
3581,586.46,2025-02-07,07:15
3582,597.58,2025-02-07,07:30
3583,598.29,2025-02-07,07:45
3584,596.19,2025-02-07,08:00
3585,617.52,2025-02-07,08:15
3586,619.58,2025-02-07,08:30
3587,621.22,2025-02-07,08:45
3588,611.3,2025-02-07,09:00
3589,624.75,2025-02-07,09:15
3590,578.61,2025-02-07,09:30
3591,197.68,2025-02-07,09:45
3592,88.44,2025-02-07,10:00
3593,245.31,2025-02-07,10:15
3594,40.0,2025-02-07,10:30
3595,40.0,2025-02-07,10:45
3596,40.0,2025-02-07,11:00
3597,40.0,2025-02-07,11:15
3598,40.0,2025-02-07,11:30
3599,40.0,2025-02-07,11:45
3600,40.0,2025-02-07,12:00
3601,40.0,2025-02-07,12:15
3602,40.0,2025-02-07,12:30
3603,40.0,2025-02-07,12:45
3604,40.0,2025-02-07,13:00
3605,40.0,2025-02-07,13:15
3606,40.0,2025-02-07,13:30
3607,40.0,2025-02-07,13:45
3608,40.0,2025-02-07,14:00
3609,40.0,2025-02-07,14:15
3610,40.0,2025-02-07,14:30
3611,40.0,2025-02-07,14:45
3612,40.68,2025-02-07,15:00
3613,40.0,2025-02-07,15:15
3614,40.68,2025-02-07,15:30
3615,81.89,2025-02-07,15:45
3616,183.91,2025-02-07,16:00
3617,211.09,2025-02-07,16:15
3618,303.76,2025-02-07,16:30
3619,340.84,2025-02-07,16:45
3620,353.34,2025-02-07,17:00
3621,403.85,2025-02-07,17:15
3622,403.09,2025-02-07,17:30
3623,496.6,2025-02-07,17:45
3624,493.27,2025-02-07,18:00
3625,499.53,2025-02-07,18:15
3626,650.0,2025-02-07,18:30
3627,582.88,2025-02-07,18:45
3628,582.58,2025-02-07,19:00
3629,550.0,2025-02-07,19:15
3630,590.0,2025-02-07,19:30
3631,550.0,2025-02-07,19:45
3632,440.0,2025-02-07,20:00
3633,530.0,2025-02-07,20:15
3634,421.7,2025-02-07,20:30
3635,427.47,2025-02-07,20:45
3636,535.7,2025-02-07,21:00
3637,596.71,2025-02-07,21:15
3638,566.83,2025-02-07,21:30
3639,560.13,2025-02-07,21:45
3640,550.0,2025-02-07,22:00
3641,600.0,2025-02-07,22:15
3642,596.57,2025-02-07,22:30
3643,600.0,2025-02-07,22:45
3644,600.0,2025-02-07,23:00
3645,580.0,2025-02-07,23:15
3646,396.69,2025-02-07,23:30
3647,500.0,2025-02-07,23:45
3648,600.0,2025-02-07,24:00
3649,335.73,2025-02-08,00:15
3650,343.12,2025-02-08,00:30
3651,550.0,2025-02-08,00:45
3652,535.81,2025-02-08,01:00
3653,471.74,2025-02-08,01:15
3654,476.44,2025-02-08,01:30
3655,454.97,2025-02-08,01:45
3656,568.73,2025-02-08,02:00
3657,457.82,2025-02-08,02:15
3658,458.11,2025-02-08,02:30
3659,600.0,2025-02-08,02:45
3660,600.0,2025-02-08,03:00
3661,526.85,2025-02-08,03:15
3662,530.0,2025-02-08,03:30
3663,500.0,2025-02-08,03:45
3664,500.0,2025-02-08,04:00
3665,403.18,2025-02-08,04:15
3666,500.0,2025-02-08,04:30
3667,500.0,2025-02-08,04:45
3668,500.0,2025-02-08,05:00
3669,500.0,2025-02-08,05:15
3670,500.0,2025-02-08,05:30
3671,510.0,2025-02-08,05:45
3672,550.0,2025-02-08,06:00
3673,400.0,2025-02-08,06:15
3674,500.0,2025-02-08,06:30
3675,500.0,2025-02-08,06:45
3676,490.0,2025-02-08,07:00
3677,550.0,2025-02-08,07:15
3678,590.0,2025-02-08,07:30
3679,590.0,2025-02-08,07:45
3680,600.0,2025-02-08,08:00
3681,600.0,2025-02-08,08:15
3682,599.99,2025-02-08,08:30
3683,629.99,2025-02-08,08:45
3684,599.98,2025-02-08,09:00
3685,549.96,2025-02-08,09:15
3686,399.96,2025-02-08,09:30
3687,119.99,2025-02-08,09:45
3688,40.0,2025-02-08,10:00
3689,40.0,2025-02-08,10:15
3690,40.0,2025-02-08,10:30
3691,40.0,2025-02-08,10:45
3692,40.0,2025-02-08,11:00
3693,40.0,2025-02-08,11:15
3694,40.0,2025-02-08,11:30
3695,40.0,2025-02-08,11:45
3696,40.0,2025-02-08,12:00
3697,40.0,2025-02-08,12:15
3698,40.0,2025-02-08,12:30
3699,40.0,2025-02-08,12:45
3700,40.0,2025-02-08,13:00
3701,40.0,2025-02-08,13:15
3702,40.0,2025-02-08,13:30
3703,40.0,2025-02-08,13:45
3704,40.0,2025-02-08,14:00
3705,40.0,2025-02-08,14:15
3706,40.0,2025-02-08,14:30
3707,40.0,2025-02-08,14:45
3708,40.0,2025-02-08,15:00
3709,40.0,2025-02-08,15:15
3710,40.0,2025-02-08,15:30
3711,40.0,2025-02-08,15:45
3712,40.0,2025-02-08,16:00
3713,83.34,2025-02-08,16:15
3714,248.9,2025-02-08,16:30
3715,309.91,2025-02-08,16:45
3716,323.41,2025-02-08,17:00
3717,352.98,2025-02-08,17:15
3718,491.18,2025-02-08,17:30
3719,520.78,2025-02-08,17:45
3720,494.17,2025-02-08,18:00
3721,493.68,2025-02-08,18:15
3722,481.44,2025-02-08,18:30
3723,470.76,2025-02-08,18:45
3724,473.74,2025-02-08,19:00
3725,420.79,2025-02-08,19:15
3726,538.48,2025-02-08,19:30
3727,491.51,2025-02-08,19:45
3728,441.83,2025-02-08,20:00
3729,355.49,2025-02-08,20:15
3730,305.6,2025-02-08,20:30
3731,400.0,2025-02-08,20:45
3732,450.0,2025-02-08,21:00
3733,400.0,2025-02-08,21:15
3734,440.0,2025-02-08,21:30
3735,450.0,2025-02-08,21:45
3736,500.0,2025-02-08,22:00
3737,550.0,2025-02-08,22:15
3738,550.0,2025-02-08,22:30
3739,590.0,2025-02-08,22:45
3740,585.09,2025-02-08,23:00
3741,586.71,2025-02-08,23:15
3742,586.65,2025-02-08,23:30
3743,585.46,2025-02-08,23:45
3744,585.19,2025-02-08,24:00
3745,600.0,2025-02-09,00:15
3746,600.0,2025-02-09,00:30
3747,600.0,2025-02-09,00:45
3748,600.0,2025-02-09,01:00
3749,600.0,2025-02-09,01:15
3750,600.0,2025-02-09,01:30
3751,600.0,2025-02-09,01:45
3752,590.0,2025-02-09,02:00
3753,600.0,2025-02-09,02:15
3754,600.0,2025-02-09,02:30
3755,600.0,2025-02-09,02:45
3756,600.0,2025-02-09,03:00
3757,600.0,2025-02-09,03:15
3758,600.0,2025-02-09,03:30
3759,590.0,2025-02-09,03:45
3760,530.0,2025-02-09,04:00
3761,550.0,2025-02-09,04:15
3762,530.0,2025-02-09,04:30
3763,530.0,2025-02-09,04:45
3764,500.0,2025-02-09,05:00
3765,510.0,2025-02-09,05:15
3766,500.0,2025-02-09,05:30
3767,500.0,2025-02-09,05:45
3768,500.0,2025-02-09,06:00
3769,500.0,2025-02-09,06:15
3770,530.0,2025-02-09,06:30
3771,530.0,2025-02-09,06:45
3772,500.0,2025-02-09,07:00
3773,500.0,2025-02-09,07:15
3774,600.0,2025-02-09,07:30
3775,600.0,2025-02-09,07:45
3776,520.57,2025-02-09,08:00
3777,650.0,2025-02-09,08:15
3778,629.99,2025-02-09,08:30
3779,599.99,2025-02-09,08:45
3780,369.99,2025-02-09,09:00
3781,40.0,2025-02-09,09:15
3782,129.64,2025-02-09,09:30
3783,139.77,2025-02-09,09:45
3784,113.18,2025-02-09,10:00
3785,40.0,2025-02-09,10:15
3786,40.0,2025-02-09,10:30
3787,40.0,2025-02-09,10:45
3788,40.0,2025-02-09,11:00
3789,40.0,2025-02-09,11:15
3790,40.0,2025-02-09,11:30
3791,40.0,2025-02-09,11:45
3792,40.0,2025-02-09,12:00
3793,40.0,2025-02-09,12:15
3794,40.0,2025-02-09,12:30
3795,40.0,2025-02-09,12:45
3796,40.0,2025-02-09,13:00
3797,40.0,2025-02-09,13:15
3798,40.0,2025-02-09,13:30
3799,40.0,2025-02-09,13:45
3800,40.0,2025-02-09,14:00
3801,40.0,2025-02-09,14:15
3802,40.0,2025-02-09,14:30
3803,40.0,2025-02-09,14:45
3804,40.0,2025-02-09,15:00
3805,40.0,2025-02-09,15:15
3806,40.0,2025-02-09,15:30
3807,169.87,2025-02-09,15:45
3808,179.7,2025-02-09,16:00
3809,253.18,2025-02-09,16:15
3810,302.34,2025-02-09,16:30
3811,301.92,2025-02-09,16:45
3812,328.1,2025-02-09,17:00
3813,345.65,2025-02-09,17:15
3814,360.22,2025-02-09,17:30
3815,366.3,2025-02-09,17:45
3816,362.83,2025-02-09,18:00
3817,435.27,2025-02-09,18:15
3818,459.93,2025-02-09,18:30
3819,439.44,2025-02-09,18:45
3820,409.82,2025-02-09,19:00
3821,298.8,2025-02-09,19:15
3822,376.94,2025-02-09,19:30
3823,400.0,2025-02-09,19:45
3824,260.06,2025-02-09,20:00
3825,323.83,2025-02-09,20:15
3826,340.61,2025-02-09,20:30
3827,399.03,2025-02-09,20:45
3828,462.14,2025-02-09,21:00
3829,400.0,2025-02-09,21:15
3830,500.0,2025-02-09,21:30
3831,500.0,2025-02-09,21:45
3832,550.0,2025-02-09,22:00
3833,600.0,2025-02-09,22:15
3834,600.0,2025-02-09,22:30
3835,600.0,2025-02-09,22:45
3836,600.0,2025-02-09,23:00
3837,600.0,2025-02-09,23:15
3838,600.0,2025-02-09,23:30
3839,600.0,2025-02-09,23:45
3840,530.0,2025-02-09,24:00
3841,650.0,2025-02-10,00:15
3842,650.0,2025-02-10,00:30
3843,597.55,2025-02-10,00:45
3844,571.08,2025-02-10,01:00
3845,553.39,2025-02-10,01:15
3846,552.9,2025-02-10,01:30
3847,552.46,2025-02-10,01:45
3848,593.86,2025-02-10,02:00
3849,600.0,2025-02-10,02:15
3850,564.83,2025-02-10,02:30
3851,551.45,2025-02-10,02:45
3852,565.79,2025-02-10,03:00
3853,600.0,2025-02-10,03:15
3854,600.0,2025-02-10,03:30
3855,600.0,2025-02-10,03:45
3856,565.05,2025-02-10,04:00
3857,525.14,2025-02-10,04:15
3858,513.26,2025-02-10,04:30
3859,504.52,2025-02-10,04:45
3860,495.61,2025-02-10,05:00
3861,550.0,2025-02-10,05:15
3862,590.0,2025-02-10,05:30
3863,515.1,2025-02-10,05:45
3864,463.32,2025-02-10,06:00
3865,455.91,2025-02-10,06:15
3866,477.8,2025-02-10,06:30
3867,470.83,2025-02-10,06:45
3868,497.41,2025-02-10,07:00
3869,500.0,2025-02-10,07:15
3870,530.0,2025-02-10,07:30
3871,590.0,2025-02-10,07:45
3872,550.0,2025-02-10,08:00
3873,600.0,2025-02-10,08:15
3874,599.99,2025-02-10,08:30
3875,599.99,2025-02-10,08:45
3876,599.97,2025-02-10,09:00
3877,489.96,2025-02-10,09:15
3878,329.96,2025-02-10,09:30
3879,319.96,2025-02-10,09:45
3880,121.85,2025-02-10,10:00
3881,40.0,2025-02-10,10:15
3882,40.0,2025-02-10,10:30
3883,40.0,2025-02-10,10:45
3884,40.0,2025-02-10,11:00
3885,40.0,2025-02-10,11:15
3886,40.0,2025-02-10,11:30
3887,40.0,2025-02-10,11:45
3888,40.0,2025-02-10,12:00
3889,40.0,2025-02-10,12:15
3890,40.0,2025-02-10,12:30
3891,40.0,2025-02-10,12:45
3892,40.0,2025-02-10,13:00
3893,40.0,2025-02-10,13:15
3894,40.0,2025-02-10,13:30
3895,40.0,2025-02-10,13:45
3896,40.0,2025-02-10,14:00
3897,40.0,2025-02-10,14:15
3898,40.0,2025-02-10,14:30
3899,40.0,2025-02-10,14:45
3900,40.0,2025-02-10,15:00
3901,40.0,2025-02-10,15:15
3902,40.0,2025-02-10,15:30
3903,40.0,2025-02-10,15:45
3904,40.0,2025-02-10,16:00
3905,40.0,2025-02-10,16:15
3906,160.3,2025-02-10,16:30
3907,358.08,2025-02-10,16:45
3908,376.29,2025-02-10,17:00
3909,333.36,2025-02-10,17:15
3910,330.89,2025-02-10,17:30
3911,411.5,2025-02-10,17:45
3912,404.18,2025-02-10,18:00
3913,354.58,2025-02-10,18:15
3914,440.29,2025-02-10,18:30
3915,431.38,2025-02-10,18:45
3916,375.06,2025-02-10,19:00
3917,319.5,2025-02-10,19:15
3918,268.21,2025-02-10,19:30
3919,268.28,2025-02-10,19:45
3920,340.3,2025-02-10,20:00
3921,317.92,2025-02-10,20:15
3922,313.59,2025-02-10,20:30
3923,361.83,2025-02-10,20:45
3924,258.71,2025-02-10,21:00
3925,204.49,2025-02-10,21:15
3926,175.2,2025-02-10,21:30
3927,172.16,2025-02-10,21:45
3928,40.0,2025-02-10,22:00
3929,185.03,2025-02-10,22:15
3930,171.74,2025-02-10,22:30
3931,40.0,2025-02-10,22:45
3932,40.0,2025-02-10,23:00
3933,374.36,2025-02-10,23:15
3934,361.49,2025-02-10,23:30
3935,360.68,2025-02-10,23:45
3936,451.15,2025-02-10,24:00
3937,270.63,2025-02-11,00:15
3938,313.76,2025-02-11,00:30
3939,325.38,2025-02-11,00:45
3940,249.12,2025-02-11,01:00
3941,288.37,2025-02-11,01:15
3942,285.18,2025-02-11,01:30
3943,424.2,2025-02-11,01:45
3944,433.72,2025-02-11,02:00
3945,347.01,2025-02-11,02:15
3946,272.83,2025-02-11,02:30
3947,273.47,2025-02-11,02:45
3948,275.58,2025-02-11,03:00
3949,249.73,2025-02-11,03:15
3950,241.54,2025-02-11,03:30
3951,240.54,2025-02-11,03:45
3952,307.55,2025-02-11,04:00
3953,350.0,2025-02-11,04:15
3954,350.0,2025-02-11,04:30
3955,400.0,2025-02-11,04:45
3956,400.0,2025-02-11,05:00
3957,440.0,2025-02-11,05:15
3958,450.0,2025-02-11,05:30
3959,500.0,2025-02-11,05:45
3960,500.0,2025-02-11,06:00
3961,550.0,2025-02-11,06:15
3962,600.0,2025-02-11,06:30
3963,550.0,2025-02-11,06:45
3964,520.0,2025-02-11,07:00
3965,440.0,2025-02-11,07:15
3966,500.0,2025-02-11,07:30
3967,540.0,2025-02-11,07:45
3968,600.0,2025-02-11,08:00
3969,520.0,2025-02-11,08:15
3970,499.99,2025-02-11,08:30
3971,499.99,2025-02-11,08:45
3972,433.35,2025-02-11,09:00
3973,407.31,2025-02-11,09:15
3974,334.58,2025-02-11,09:30
3975,307.72,2025-02-11,09:45
3976,40.0,2025-02-11,10:00
3977,291.28,2025-02-11,10:15
3978,40.0,2025-02-11,10:30
3979,40.0,2025-02-11,10:45
3980,40.0,2025-02-11,11:00
3981,40.0,2025-02-11,11:15
3982,40.0,2025-02-11,11:30
3983,40.0,2025-02-11,11:45
3984,40.0,2025-02-11,12:00
3985,40.0,2025-02-11,12:15
3986,40.0,2025-02-11,12:30
3987,40.0,2025-02-11,12:45
3988,40.0,2025-02-11,13:00
3989,40.0,2025-02-11,13:15
3990,40.0,2025-02-11,13:30
3991,40.0,2025-02-11,13:45
3992,40.0,2025-02-11,14:00
3993,40.0,2025-02-11,14:15
3994,40.0,2025-02-11,14:30
3995,40.0,2025-02-11,14:45
3996,40.41,2025-02-11,15:00
3997,40.41,2025-02-11,15:15
3998,40.41,2025-02-11,15:30
3999,40.41,2025-02-11,15:45
4000,40.0,2025-02-11,16:00
4001,40.0,2025-02-11,16:15
4002,40.37,2025-02-11,16:30
4003,151.45,2025-02-11,16:45
4004,217.01,2025-02-11,17:00
4005,158.7,2025-02-11,17:15
4006,40.0,2025-02-11,17:30
4007,40.0,2025-02-11,17:45
4008,40.0,2025-02-11,18:00
4009,40.0,2025-02-11,18:15
4010,314.18,2025-02-11,18:30
4011,310.97,2025-02-11,18:45
4012,40.0,2025-02-11,19:00
4013,310.96,2025-02-11,19:15
4014,310.82,2025-02-11,19:30
4015,310.5,2025-02-11,19:45
4016,281.56,2025-02-11,20:00
4017,327.95,2025-02-11,20:15
4018,374.2,2025-02-11,20:30
4019,374.98,2025-02-11,20:45
4020,375.06,2025-02-11,21:00
4021,412.08,2025-02-11,21:15
4022,411.31,2025-02-11,21:30
4023,373.27,2025-02-11,21:45
4024,410.93,2025-02-11,22:00
4025,467.59,2025-02-11,22:15
4026,504.54,2025-02-11,22:30
4027,503.79,2025-02-11,22:45
4028,420.22,2025-02-11,23:00
4029,513.95,2025-02-11,23:15
4030,560.37,2025-02-11,23:30
4031,559.84,2025-02-11,23:45
4032,558.12,2025-02-11,24:00
4033,462.9,2025-02-12,00:15
4034,461.62,2025-02-12,00:30
4035,498.99,2025-02-12,00:45
4036,498.74,2025-02-12,01:00
4037,461.07,2025-02-12,01:15
4038,461.08,2025-02-12,01:30
4039,460.9,2025-02-12,01:45
4040,460.64,2025-02-12,02:00
4041,506.9,2025-02-12,02:15
4042,414.33,2025-02-12,02:30
4043,450.85,2025-02-12,02:45
4044,506.99,2025-02-12,03:00
4045,497.13,2025-02-12,03:15
4046,542.55,2025-02-12,03:30
4047,542.57,2025-02-12,03:45
4048,590.0,2025-02-12,04:00
4049,600.0,2025-02-12,04:15
4050,600.0,2025-02-12,04:30
4051,600.0,2025-02-12,04:45
4052,600.0,2025-02-12,05:00
4053,620.0,2025-02-12,05:15
4054,650.0,2025-02-12,05:30
4055,650.0,2025-02-12,05:45
4056,650.0,2025-02-12,06:00
4057,650.0,2025-02-12,06:15
4058,650.0,2025-02-12,06:30
4059,650.0,2025-02-12,06:45
4060,650.0,2025-02-12,07:00
4061,650.0,2025-02-12,07:15
4062,650.0,2025-02-12,07:30
4063,650.0,2025-02-12,07:45
4064,650.0,2025-02-12,08:00
4065,649.99,2025-02-12,08:15
4066,649.99,2025-02-12,08:30
4067,649.98,2025-02-12,08:45
4068,609.96,2025-02-12,09:00
4069,599.95,2025-02-12,09:15
4070,639.93,2025-02-12,09:30
4071,599.92,2025-02-12,09:45
4072,499.92,2025-02-12,10:00
4073,342.88,2025-02-12,10:15
4074,280.32,2025-02-12,10:30
4075,40.0,2025-02-12,10:45
4076,200.84,2025-02-12,11:00
4077,40.0,2025-02-12,11:15
4078,40.0,2025-02-12,11:30
4079,40.0,2025-02-12,11:45
4080,40.0,2025-02-12,12:00
4081,40.0,2025-02-12,12:15
4082,40.0,2025-02-12,12:30
4083,40.0,2025-02-12,12:45
4084,40.0,2025-02-12,13:00
4085,40.0,2025-02-12,13:15
4086,40.0,2025-02-12,13:30
4087,40.0,2025-02-12,13:45
4088,40.0,2025-02-12,14:00
4089,40.0,2025-02-12,14:15
4090,40.0,2025-02-12,14:30
4091,40.0,2025-02-12,14:45
4092,40.0,2025-02-12,15:00
4093,40.0,2025-02-12,15:15
4094,40.0,2025-02-12,15:30
4095,40.0,2025-02-12,15:45
4096,40.0,2025-02-12,16:00
4097,40.0,2025-02-12,16:15
4098,166.81,2025-02-12,16:30
4099,245.36,2025-02-12,16:45
4100,186.55,2025-02-12,17:00
4101,229.08,2025-02-12,17:15
4102,40.0,2025-02-12,17:30
4103,329.99,2025-02-12,17:45
4104,499.99,2025-02-12,18:00
4105,649.99,2025-02-12,18:15
4106,649.99,2025-02-12,18:30
4107,650.0,2025-02-12,18:45
4108,650.0,2025-02-12,19:00
4109,640.0,2025-02-12,19:15
4110,600.0,2025-02-12,19:30
4111,620.0,2025-02-12,19:45
4112,600.0,2025-02-12,20:00
4113,600.0,2025-02-12,20:15
4114,640.0,2025-02-12,20:30
4115,650.0,2025-02-12,20:45
4116,650.0,2025-02-12,21:00
4117,650.0,2025-02-12,21:15
4118,650.0,2025-02-12,21:30
4119,650.0,2025-02-12,21:45
4120,650.0,2025-02-12,22:00
4121,650.0,2025-02-12,22:15
4122,650.0,2025-02-12,22:30
4123,650.0,2025-02-12,22:45
4124,650.0,2025-02-12,23:00
4125,600.0,2025-02-12,23:15
4126,620.0,2025-02-12,23:30
4127,600.0,2025-02-12,23:45
4128,600.16,2025-02-12,24:00
4129,600.0,2025-02-13,00:15
4130,610.0,2025-02-13,00:30
4131,650.0,2025-02-13,00:45
4132,640.0,2025-02-13,01:00
4133,650.0,2025-02-13,01:15
4134,650.0,2025-02-13,01:30
4135,630.03,2025-02-13,01:45
4136,630.0,2025-02-13,02:00
4137,610.0,2025-02-13,02:15
4138,600.0,2025-02-13,02:30
4139,600.0,2025-02-13,02:45
4140,600.0,2025-02-13,03:00
4141,610.0,2025-02-13,03:15
4142,640.0,2025-02-13,03:30
4143,630.0,2025-02-13,03:45
4144,630.0,2025-02-13,04:00
4145,640.0,2025-02-13,04:15
4146,650.0,2025-02-13,04:30
4147,640.0,2025-02-13,04:45
4148,640.0,2025-02-13,05:00
4149,640.0,2025-02-13,05:15
4150,640.0,2025-02-13,05:30
4151,630.0,2025-02-13,05:45
4152,610.0,2025-02-13,06:00
4153,650.0,2025-02-13,06:15
4154,650.0,2025-02-13,06:30
4155,650.0,2025-02-13,06:45
4156,640.0,2025-02-13,07:00
4157,630.0,2025-02-13,07:15
4158,600.0,2025-02-13,07:30
4159,610.0,2025-02-13,07:45
4160,600.0,2025-02-13,08:00
4161,610.0,2025-02-13,08:15
4162,599.99,2025-02-13,08:30
4163,629.98,2025-02-13,08:45
4164,549.97,2025-02-13,09:00
4165,399.97,2025-02-13,09:15
4166,329.96,2025-02-13,09:30
4167,319.95,2025-02-13,09:45
4168,230.36,2025-02-13,10:00
4169,40.0,2025-02-13,10:15
4170,149.04,2025-02-13,10:30
4171,131.52,2025-02-13,10:45
4172,40.0,2025-02-13,11:00
4173,40.0,2025-02-13,11:15
4174,40.0,2025-02-13,11:30
4175,40.0,2025-02-13,11:45
4176,40.0,2025-02-13,12:00
4177,40.0,2025-02-13,12:15
4178,40.0,2025-02-13,12:30
4179,40.0,2025-02-13,12:45
4180,40.0,2025-02-13,13:00
4181,40.0,2025-02-13,13:15
4182,40.0,2025-02-13,13:30
4183,40.0,2025-02-13,13:45
4184,40.0,2025-02-13,14:00
4185,40.0,2025-02-13,14:15
4186,40.0,2025-02-13,14:30
4187,40.0,2025-02-13,14:45
4188,40.46,2025-02-13,15:00
4189,40.48,2025-02-13,15:15
4190,40.5,2025-02-13,15:30
4191,40.52,2025-02-13,15:45
4192,80.34,2025-02-13,16:00
4193,226.46,2025-02-13,16:15
4194,301.61,2025-02-13,16:30
4195,334.73,2025-02-13,16:45
4196,322.71,2025-02-13,17:00
4197,324.18,2025-02-13,17:15
4198,320.18,2025-02-13,17:30
4199,373.99,2025-02-13,17:45
4200,369.67,2025-02-13,18:00
4201,381.0,2025-02-13,18:15
4202,388.21,2025-02-13,18:30
4203,402.96,2025-02-13,18:45
4204,402.29,2025-02-13,19:00
4205,342.66,2025-02-13,19:15
4206,312.29,2025-02-13,19:30
4207,321.0,2025-02-13,19:45
4208,399.92,2025-02-13,20:00
4209,418.42,2025-02-13,20:15
4210,244.95,2025-02-13,20:30
4211,338.26,2025-02-13,20:45
4212,481.58,2025-02-13,21:00
4213,335.11,2025-02-13,21:15
4214,303.0,2025-02-13,21:30
4215,279.21,2025-02-13,21:45
4216,329.62,2025-02-13,22:00
4217,518.26,2025-02-13,22:15
4218,517.8,2025-02-13,22:30
4219,519.28,2025-02-13,22:45
4220,249.99,2025-02-13,23:00
4221,463.54,2025-02-13,23:15
4222,402.36,2025-02-13,23:30
4223,459.87,2025-02-13,23:45
4224,468.91,2025-02-13,24:00
4225,384.59,2025-02-14,00:15
4226,413.31,2025-02-14,00:30
4227,507.71,2025-02-14,00:45
4228,516.08,2025-02-14,01:00
4229,563.7,2025-02-14,01:15
4230,564.93,2025-02-14,01:30
4231,566.15,2025-02-14,01:45
4232,566.6,2025-02-14,02:00
4233,557.2,2025-02-14,02:15
4234,566.36,2025-02-14,02:30
4235,566.23,2025-02-14,02:45
4236,566.67,2025-02-14,03:00
4237,567.4,2025-02-14,03:15
4238,568.23,2025-02-14,03:30
4239,577.22,2025-02-14,03:45
4240,567.66,2025-02-14,04:00
4241,567.28,2025-02-14,04:15
4242,566.8,2025-02-14,04:30
4243,566.36,2025-02-14,04:45
4244,566.22,2025-02-14,05:00
4245,547.64,2025-02-14,05:15
4246,566.22,2025-02-14,05:30
4247,565.97,2025-02-14,05:45
4248,556.77,2025-02-14,06:00
4249,565.72,2025-02-14,06:15
4250,546.51,2025-02-14,06:30
4251,517.69,2025-02-14,06:45
4252,471.25,2025-02-14,07:00
4253,471.37,2025-02-14,07:15
4254,519.21,2025-02-14,07:30
4255,519.18,2025-02-14,07:45
4256,566.1,2025-02-14,08:00
4257,566.81,2025-02-14,08:15
4258,586.19,2025-02-14,08:30
4259,568.57,2025-02-14,08:45
4260,474.26,2025-02-14,09:00
4261,339.98,2025-02-14,09:15
4262,281.79,2025-02-14,09:30
4263,40.44,2025-02-14,09:45
4264,156.08,2025-02-14,10:00
4265,171.71,2025-02-14,10:15
4266,160.19,2025-02-14,10:30
4267,154.85,2025-02-14,10:45
4268,40.0,2025-02-14,11:00
4269,40.0,2025-02-14,11:15
4270,40.0,2025-02-14,11:30
4271,40.0,2025-02-14,11:45
4272,40.0,2025-02-14,12:00
4273,40.0,2025-02-14,12:15
4274,40.0,2025-02-14,12:30
4275,40.0,2025-02-14,12:45
4276,40.0,2025-02-14,13:00
4277,40.0,2025-02-14,13:15
4278,40.0,2025-02-14,13:30
4279,40.0,2025-02-14,13:45
4280,40.0,2025-02-14,14:00
4281,40.0,2025-02-14,14:15
4282,40.0,2025-02-14,14:30
4283,40.0,2025-02-14,14:45
4284,40.0,2025-02-14,15:00
4285,40.0,2025-02-14,15:15
4286,40.0,2025-02-14,15:30
4287,40.0,2025-02-14,15:45
4288,40.0,2025-02-14,16:00
4289,154.05,2025-02-14,16:15
4290,173.2,2025-02-14,16:30
4291,230.33,2025-02-14,16:45
4292,273.67,2025-02-14,17:00
4293,289.57,2025-02-14,17:15
4294,287.88,2025-02-14,17:30
4295,290.05,2025-02-14,17:45
4296,277.03,2025-02-14,18:00
4297,265.52,2025-02-14,18:15
4298,272.79,2025-02-14,18:30
4299,441.41,2025-02-14,18:45
4300,449.33,2025-02-14,19:00
4301,489.54,2025-02-14,19:15
4302,447.71,2025-02-14,19:30
4303,447.97,2025-02-14,19:45
4304,375.51,2025-02-14,20:00
4305,201.63,2025-02-14,20:15
4306,227.31,2025-02-14,20:30
4307,229.74,2025-02-14,20:45
4308,415.16,2025-02-14,21:00
4309,377.34,2025-02-14,21:15
4310,219.27,2025-02-14,21:30
4311,377.89,2025-02-14,21:45
4312,520.49,2025-02-14,22:00
4313,454.07,2025-02-14,22:15
4314,253.74,2025-02-14,22:30
4315,255.7,2025-02-14,22:45
4316,248.33,2025-02-14,23:00
4317,248.54,2025-02-14,23:15
4318,349.46,2025-02-14,23:30
4319,377.14,2025-02-14,23:45
4320,310.24,2025-02-14,24:00
4321,456.97,2025-02-15,00:15
4322,412.09,2025-02-15,00:30
4323,457.7,2025-02-15,00:45
4324,509.17,2025-02-15,01:00
4325,458.9,2025-02-15,01:15
4326,510.83,2025-02-15,01:30
4327,558.09,2025-02-15,01:45
4328,541.59,2025-02-15,02:00
4329,546.75,2025-02-15,02:15
4330,507.92,2025-02-15,02:30
4331,456.46,2025-02-15,02:45
4332,470.66,2025-02-15,03:00
4333,470.54,2025-02-15,03:15
4334,509.03,2025-02-15,03:30
4335,556.26,2025-02-15,03:45
4336,555.71,2025-02-15,04:00
4337,413.67,2025-02-15,04:15
4338,413.89,2025-02-15,04:30
4339,422.56,2025-02-15,04:45
4340,413.64,2025-02-15,05:00
4341,413.58,2025-02-15,05:15
4342,376.73,2025-02-15,05:30
4343,414.57,2025-02-15,05:45
4344,376.88,2025-02-15,06:00
4345,310.14,2025-02-15,06:15
4346,319.03,2025-02-15,06:30
4347,318.39,2025-02-15,06:45
4348,259.59,2025-02-15,07:00
4349,364.89,2025-02-15,07:15
4350,411.69,2025-02-15,07:30
4351,373.3,2025-02-15,07:45
4352,411.41,2025-02-15,08:00
4353,553.17,2025-02-15,08:15
4354,517.4,2025-02-15,08:30
4355,566.95,2025-02-15,08:45
4356,568.61,2025-02-15,09:00
4357,381.0,2025-02-15,09:15
4358,40.0,2025-02-15,09:30
4359,40.43,2025-02-15,09:45
4360,40.0,2025-02-15,10:00
4361,140.63,2025-02-15,10:15
4362,103.41,2025-02-15,10:30
4363,111.48,2025-02-15,10:45
4364,40.0,2025-02-15,11:00
4365,95.3,2025-02-15,11:15
4366,40.0,2025-02-15,11:30
4367,40.0,2025-02-15,11:45
4368,40.0,2025-02-15,12:00
4369,40.0,2025-02-15,12:15
4370,40.0,2025-02-15,12:30
4371,40.0,2025-02-15,12:45
4372,40.0,2025-02-15,13:00
4373,40.0,2025-02-15,13:15
4374,40.0,2025-02-15,13:30
4375,40.0,2025-02-15,13:45
4376,40.0,2025-02-15,14:00
4377,40.1,2025-02-15,14:15
4378,40.0,2025-02-15,14:30
4379,40.0,2025-02-15,14:45
4380,40.0,2025-02-15,15:00
4381,40.0,2025-02-15,15:15
4382,40.0,2025-02-15,15:30
4383,40.49,2025-02-15,15:45
4384,40.0,2025-02-15,16:00
4385,222.68,2025-02-15,16:15
4386,183.82,2025-02-15,16:30
4387,180.5,2025-02-15,16:45
4388,196.42,2025-02-15,17:00
4389,288.42,2025-02-15,17:15
4390,169.34,2025-02-15,17:30
4391,159.75,2025-02-15,17:45
4392,178.14,2025-02-15,18:00
4393,181.82,2025-02-15,18:15
4394,245.66,2025-02-15,18:30
4395,400.0,2025-02-15,18:45
4396,400.0,2025-02-15,19:00
4397,400.0,2025-02-15,19:15
4398,400.0,2025-02-15,19:30
4399,440.0,2025-02-15,19:45
4400,440.0,2025-02-15,20:00
4401,440.0,2025-02-15,20:15
4402,480.0,2025-02-15,20:30
4403,550.0,2025-02-15,20:45
4404,560.0,2025-02-15,21:00
4405,600.0,2025-02-15,21:15
4406,600.0,2025-02-15,21:30
4407,600.0,2025-02-15,21:45
4408,600.0,2025-02-15,22:00
4409,600.0,2025-02-15,22:15
4410,600.0,2025-02-15,22:30
4411,600.0,2025-02-15,22:45
4412,600.0,2025-02-15,23:00
4413,600.0,2025-02-15,23:15
4414,640.0,2025-02-15,23:30
4415,630.0,2025-02-15,23:45
4416,630.0,2025-02-15,24:00
4417,600.0,2025-02-16,00:15
4418,600.0,2025-02-16,00:30
4419,630.0,2025-02-16,00:45
4420,640.0,2025-02-16,01:00
4421,650.0,2025-02-16,01:15
4422,650.0,2025-02-16,01:30
4423,640.0,2025-02-16,01:45
4424,610.0,2025-02-16,02:00
4425,630.0,2025-02-16,02:15
4426,600.0,2025-02-16,02:30
4427,600.0,2025-02-16,02:45
4428,600.0,2025-02-16,03:00
4429,600.0,2025-02-16,03:15
4430,600.0,2025-02-16,03:30
4431,600.0,2025-02-16,03:45
4432,600.0,2025-02-16,04:00
4433,630.0,2025-02-16,04:15
4434,630.0,2025-02-16,04:30
4435,630.0,2025-02-16,04:45
4436,640.0,2025-02-16,05:00
4437,650.0,2025-02-16,05:15
4438,640.0,2025-02-16,05:30
4439,650.0,2025-02-16,05:45
4440,650.0,2025-02-16,06:00
4441,650.0,2025-02-16,06:15
4442,600.0,2025-02-16,06:30
4443,600.0,2025-02-16,06:45
4444,600.0,2025-02-16,07:00
4445,600.0,2025-02-16,07:15
4446,630.0,2025-02-16,07:30
4447,630.0,2025-02-16,07:45
4448,650.0,2025-02-16,08:00
4449,649.99,2025-02-16,08:15
4450,649.98,2025-02-16,08:30
4451,649.97,2025-02-16,08:45
4452,629.96,2025-02-16,09:00
4453,551.13,2025-02-16,09:15
4454,301.0,2025-02-16,09:30
4455,381.89,2025-02-16,09:45
4456,386.66,2025-02-16,10:00
4457,281.47,2025-02-16,10:15
4458,40.0,2025-02-16,10:30
4459,40.0,2025-02-16,10:45
4460,47.38,2025-02-16,11:00
4461,40.0,2025-02-16,11:15
4462,40.0,2025-02-16,11:30
4463,40.0,2025-02-16,11:45
4464,40.0,2025-02-16,12:00
4465,40.0,2025-02-16,12:15
4466,40.0,2025-02-16,12:30
4467,40.0,2025-02-16,12:45
4468,40.0,2025-02-16,13:00
4469,40.0,2025-02-16,13:15
4470,40.0,2025-02-16,13:30
4471,40.44,2025-02-16,13:45
4472,40.43,2025-02-16,14:00
4473,40.44,2025-02-16,14:15
4474,40.0,2025-02-16,14:30
4475,40.0,2025-02-16,14:45
4476,40.44,2025-02-16,15:00
4477,40.44,2025-02-16,15:15
4478,40.43,2025-02-16,15:30
4479,40.41,2025-02-16,15:45
4480,52.14,2025-02-16,16:00
4481,142.95,2025-02-16,16:15
4482,96.22,2025-02-16,16:30
4483,40.0,2025-02-16,16:45
4484,98.08,2025-02-16,17:00
4485,190.55,2025-02-16,17:15
4486,166.79,2025-02-16,17:30
4487,87.63,2025-02-16,17:45
4488,40.0,2025-02-16,18:00
4489,310.0,2025-02-16,18:15
4490,600.0,2025-02-16,18:30
4491,630.0,2025-02-16,18:45
4492,650.0,2025-02-16,19:00
4493,650.0,2025-02-16,19:15
4494,650.0,2025-02-16,19:30
4495,650.0,2025-02-16,19:45
4496,650.0,2025-02-16,20:00
4497,650.0,2025-02-16,20:15
4498,650.0,2025-02-16,20:30
4499,650.0,2025-02-16,20:45
4500,630.97,2025-02-16,21:00
4501,640.0,2025-02-16,21:15
4502,650.0,2025-02-16,21:30
4503,650.0,2025-02-16,21:45
4504,650.0,2025-02-16,22:00
4505,650.0,2025-02-16,22:15
4506,640.0,2025-02-16,22:30
4507,640.0,2025-02-16,22:45
4508,650.0,2025-02-16,23:00
4509,650.0,2025-02-16,23:15
4510,640.0,2025-02-16,23:30
4511,610.0,2025-02-16,23:45
4512,600.0,2025-02-16,24:00
4513,600.0,2025-02-17,00:15
4514,600.0,2025-02-17,00:30
4515,600.0,2025-02-17,00:45
4516,600.0,2025-02-17,01:00
4517,600.0,2025-02-17,01:15
4518,600.0,2025-02-17,01:30
4519,590.0,2025-02-17,01:45
4520,600.0,2025-02-17,02:00
4521,600.0,2025-02-17,02:15
4522,590.0,2025-02-17,02:30
4523,600.0,2025-02-17,02:45
4524,560.0,2025-02-17,03:00
4525,550.0,2025-02-17,03:15
4526,550.0,2025-02-17,03:30
4527,540.0,2025-02-17,03:45
4528,500.0,2025-02-17,04:00
4529,450.0,2025-02-17,04:15
4530,400.0,2025-02-17,04:30
4531,360.0,2025-02-17,04:45
4532,340.0,2025-02-17,05:00
4533,400.0,2025-02-17,05:15
4534,390.0,2025-02-17,05:30
4535,330.0,2025-02-17,05:45
4536,330.0,2025-02-17,06:00
4537,330.0,2025-02-17,06:15
4538,330.0,2025-02-17,06:30
4539,320.0,2025-02-17,06:45
4540,320.0,2025-02-17,07:00
4541,310.0,2025-02-17,07:15
4542,320.0,2025-02-17,07:30
4543,330.0,2025-02-17,07:45
4544,330.0,2025-02-17,08:00
4545,328.96,2025-02-17,08:15
4546,314.6,2025-02-17,08:30
4547,106.46,2025-02-17,08:45
4548,40.49,2025-02-17,09:00
4549,139.97,2025-02-17,09:15
4550,132.59,2025-02-17,09:30
4551,102.86,2025-02-17,09:45
4552,40.0,2025-02-17,10:00
4553,40.0,2025-02-17,10:15
4554,40.0,2025-02-17,10:30
4555,40.0,2025-02-17,10:45
4556,40.0,2025-02-17,11:00
4557,40.0,2025-02-17,11:15
4558,40.0,2025-02-17,11:30
4559,40.0,2025-02-17,11:45
4560,40.0,2025-02-17,12:00
4561,40.0,2025-02-17,12:15
4562,40.0,2025-02-17,12:30
4563,40.0,2025-02-17,12:45
4564,40.0,2025-02-17,13:00
4565,40.0,2025-02-17,13:15
4566,40.0,2025-02-17,13:30
4567,40.11,2025-02-17,13:45
4568,40.0,2025-02-17,14:00
4569,40.0,2025-02-17,14:15
4570,40.1,2025-02-17,14:30
4571,40.0,2025-02-17,14:45
4572,40.46,2025-02-17,15:00
4573,40.47,2025-02-17,15:15
4574,50.9,2025-02-17,15:30
4575,51.06,2025-02-17,15:45
4576,53.7,2025-02-17,16:00
4577,48.48,2025-02-17,16:15
4578,93.9,2025-02-17,16:30
4579,54.84,2025-02-17,16:45
4580,177.49,2025-02-17,17:00
4581,247.07,2025-02-17,17:15
4582,326.45,2025-02-17,17:30
4583,319.07,2025-02-17,17:45
4584,227.8,2025-02-17,18:00
4585,109.22,2025-02-17,18:15
4586,222.87,2025-02-17,18:30
4587,288.61,2025-02-17,18:45
4588,298.5,2025-02-17,19:00
4589,277.49,2025-02-17,19:15
4590,325.64,2025-02-17,19:30
4591,282.97,2025-02-17,19:45
4592,290.65,2025-02-17,20:00
4593,231.27,2025-02-17,20:15
4594,211.68,2025-02-17,20:30
4595,274.64,2025-02-17,20:45
4596,242.27,2025-02-17,21:00
4597,269.37,2025-02-17,21:15
4598,265.31,2025-02-17,21:30
4599,377.79,2025-02-17,21:45
4600,321.67,2025-02-17,22:00
4601,190.67,2025-02-17,22:15
4602,310.0,2025-02-17,22:30
4603,140.0,2025-02-17,22:45
4604,320.0,2025-02-17,23:00
4605,310.0,2025-02-17,23:15
4606,440.0,2025-02-17,23:30
4607,420.0,2025-02-17,23:45
4608,330.0,2025-02-17,24:00
4609,83.84,2025-02-18,00:15
4610,100.0,2025-02-18,00:30
4611,330.0,2025-02-18,00:45
4612,360.0,2025-02-18,01:00
4613,450.0,2025-02-18,01:15
4614,450.0,2025-02-18,01:30
4615,540.0,2025-02-18,01:45
4616,550.0,2025-02-18,02:00
4617,540.0,2025-02-18,02:15
4618,550.0,2025-02-18,02:30
4619,540.0,2025-02-18,02:45
4620,500.0,2025-02-18,03:00
4621,450.0,2025-02-18,03:15
4622,400.0,2025-02-18,03:30
4623,450.0,2025-02-18,03:45
4624,440.0,2025-02-18,04:00
4625,450.0,2025-02-18,04:15
4626,450.0,2025-02-18,04:30
4627,450.0,2025-02-18,04:45
4628,450.0,2025-02-18,05:00
4629,450.0,2025-02-18,05:15
4630,450.0,2025-02-18,05:30
4631,500.0,2025-02-18,05:45
4632,500.0,2025-02-18,06:00
4633,500.0,2025-02-18,06:15
4634,500.0,2025-02-18,06:30
4635,500.0,2025-02-18,06:45
4636,500.0,2025-02-18,07:00
4637,500.0,2025-02-18,07:15
4638,550.0,2025-02-18,07:30
4639,580.0,2025-02-18,07:45
4640,580.0,2025-02-18,08:00
4641,599.99,2025-02-18,08:15
4642,599.99,2025-02-18,08:30
4643,589.98,2025-02-18,08:45
4644,549.97,2025-02-18,09:00
4645,448.19,2025-02-18,09:15
4646,449.93,2025-02-18,09:30
4647,427.33,2025-02-18,09:45
4648,374.0,2025-02-18,10:00
4649,216.87,2025-02-18,10:15
4650,199.42,2025-02-18,10:30
4651,159.85,2025-02-18,10:45
4652,145.93,2025-02-18,11:00
4653,55.89,2025-02-18,11:15
4654,54.32,2025-02-18,11:30
4655,52.27,2025-02-18,11:45
4656,40.0,2025-02-18,12:00
4657,40.0,2025-02-18,12:15
4658,49.77,2025-02-18,12:30
4659,40.0,2025-02-18,12:45
4660,48.47,2025-02-18,13:00
4661,48.49,2025-02-18,13:15
4662,40.0,2025-02-18,13:30
4663,48.25,2025-02-18,13:45
4664,40.0,2025-02-18,14:00
4665,40.0,2025-02-18,14:15
4666,40.0,2025-02-18,14:30
4667,40.0,2025-02-18,14:45
4668,40.0,2025-02-18,15:00
4669,40.0,2025-02-18,15:15
4670,40.0,2025-02-18,15:30
4671,40.0,2025-02-18,15:45
4672,40.0,2025-02-18,16:00
4673,40.0,2025-02-18,16:15
4674,40.0,2025-02-18,16:30
4675,40.0,2025-02-18,16:45
4676,350.4,2025-02-18,17:00
4677,40.0,2025-02-18,17:15
4678,40.0,2025-02-18,17:30
4679,414.66,2025-02-18,17:45
4680,410.64,2025-02-18,18:00
4681,507.72,2025-02-18,18:15
4682,542.04,2025-02-18,18:30
4683,548.36,2025-02-18,18:45
4684,547.19,2025-02-18,19:00
4685,552.36,2025-02-18,19:15
4686,546.77,2025-02-18,19:30
4687,533.6,2025-02-18,19:45
4688,551.77,2025-02-18,20:00
4689,554.89,2025-02-18,20:15
4690,591.65,2025-02-18,20:30
4691,600.0,2025-02-18,20:45
4692,600.0,2025-02-18,21:00
4693,600.0,2025-02-18,21:15
4694,610.0,2025-02-18,21:30
4695,630.0,2025-02-18,21:45
4696,640.0,2025-02-18,22:00
4697,650.0,2025-02-18,22:15
4698,650.0,2025-02-18,22:30
4699,650.0,2025-02-18,22:45
4700,650.0,2025-02-18,23:00
4701,630.0,2025-02-18,23:15
4702,600.0,2025-02-18,23:30
4703,600.0,2025-02-18,23:45
4704,600.0,2025-02-18,24:00
4705,600.0,2025-02-19,00:15
4706,600.0,2025-02-19,00:30
4707,600.0,2025-02-19,00:45
4708,590.0,2025-02-19,01:00
4709,550.0,2025-02-19,01:15
4710,500.0,2025-02-19,01:30
4711,490.0,2025-02-19,01:45
4712,530.0,2025-02-19,02:00
4713,500.0,2025-02-19,02:15
4714,500.0,2025-02-19,02:30
4715,500.0,2025-02-19,02:45
4716,460.0,2025-02-19,03:00
4717,470.0,2025-02-19,03:15
4718,450.0,2025-02-19,03:30
4719,450.0,2025-02-19,03:45
4720,450.0,2025-02-19,04:00
4721,311.86,2025-02-19,04:15
4722,360.0,2025-02-19,04:30
4723,400.0,2025-02-19,04:45
4724,500.19,2025-02-19,05:00
4725,500.19,2025-02-19,05:15
4726,500.0,2025-02-19,05:30
4727,500.0,2025-02-19,05:45
4728,500.0,2025-02-19,06:00
4729,363.18,2025-02-19,06:15
4730,398.41,2025-02-19,06:30
4731,403.37,2025-02-19,06:45
4732,600.0,2025-02-19,07:00
4733,465.12,2025-02-19,07:15
4734,500.0,2025-02-19,07:30
4735,560.0,2025-02-19,07:45
4736,580.0,2025-02-19,08:00
4737,599.99,2025-02-19,08:15
4738,599.99,2025-02-19,08:30
4739,599.98,2025-02-19,08:45
4740,549.97,2025-02-19,09:00
4741,456.72,2025-02-19,09:15
4742,390.93,2025-02-19,09:30
4743,361.57,2025-02-19,09:45
4744,349.53,2025-02-19,10:00
4745,348.36,2025-02-19,10:15
4746,338.57,2025-02-19,10:30
4747,162.99,2025-02-19,10:45
4748,146.86,2025-02-19,11:00
4749,146.86,2025-02-19,11:15
4750,144.25,2025-02-19,11:30
4751,145.31,2025-02-19,11:45
4752,141.24,2025-02-19,12:00
4753,192.39,2025-02-19,12:15
4754,177.62,2025-02-19,12:30
4755,161.02,2025-02-19,12:45
4756,161.48,2025-02-19,13:00
4757,162.57,2025-02-19,13:15
4758,158.97,2025-02-19,13:30
4759,50.36,2025-02-19,13:45
4760,160.49,2025-02-19,14:00
4761,138.4,2025-02-19,14:15
4762,153.43,2025-02-19,14:30
4763,182.03,2025-02-19,14:45
4764,183.97,2025-02-19,15:00
4765,196.57,2025-02-19,15:15
4766,205.95,2025-02-19,15:30
4767,204.82,2025-02-19,15:45
4768,199.98,2025-02-19,16:00
4769,206.12,2025-02-19,16:15
4770,256.43,2025-02-19,16:30
4771,274.17,2025-02-19,16:45
4772,506.9,2025-02-19,17:00
4773,497.66,2025-02-19,17:15
4774,508.94,2025-02-19,17:30
4775,517.6,2025-02-19,17:45
4776,533.5,2025-02-19,18:00
4777,601.18,2025-02-19,18:15
4778,598.12,2025-02-19,18:30
4779,650.0,2025-02-19,18:45
4780,637.56,2025-02-19,19:00
4781,591.84,2025-02-19,19:15
4782,597.49,2025-02-19,19:30
4783,585.41,2025-02-19,19:45
4784,507.13,2025-02-19,20:00
4785,560.57,2025-02-19,20:15
4786,590.0,2025-02-19,20:30
4787,590.0,2025-02-19,20:45
4788,560.0,2025-02-19,21:00
4789,600.0,2025-02-19,21:15
4790,600.0,2025-02-19,21:30
4791,600.0,2025-02-19,21:45
4792,590.0,2025-02-19,22:00
4793,600.0,2025-02-19,22:15
4794,600.0,2025-02-19,22:30
4795,590.0,2025-02-19,22:45
4796,580.0,2025-02-19,23:00
4797,600.0,2025-02-19,23:15
4798,600.0,2025-02-19,23:30
4799,590.0,2025-02-19,23:45
4800,580.0,2025-02-19,24:00
4801,560.0,2025-02-20,00:15
4802,590.0,2025-02-20,00:30
4803,580.0,2025-02-20,00:45
4804,560.0,2025-02-20,01:00
4805,560.0,2025-02-20,01:15
4806,560.0,2025-02-20,01:30
4807,560.0,2025-02-20,01:45
4808,500.0,2025-02-20,02:00
4809,580.0,2025-02-20,02:15
4810,590.0,2025-02-20,02:30
4811,600.0,2025-02-20,02:45
4812,600.0,2025-02-20,03:00
4813,590.0,2025-02-20,03:15
4814,590.0,2025-02-20,03:30
4815,580.0,2025-02-20,03:45
4816,500.0,2025-02-20,04:00
4817,500.0,2025-02-20,04:15
4818,500.0,2025-02-20,04:30
4819,500.0,2025-02-20,04:45
4820,500.0,2025-02-20,05:00
4821,500.0,2025-02-20,05:15
4822,500.0,2025-02-20,05:30
4823,500.0,2025-02-20,05:45
4824,500.0,2025-02-20,06:00
4825,500.0,2025-02-20,06:15
4826,580.0,2025-02-20,06:30
4827,580.0,2025-02-20,06:45
4828,560.0,2025-02-20,07:00
4829,580.0,2025-02-20,07:15
4830,560.0,2025-02-20,07:30
4831,590.0,2025-02-20,07:45
4832,590.0,2025-02-20,08:00
4833,599.99,2025-02-20,08:15
4834,589.99,2025-02-20,08:30
4835,499.98,2025-02-20,08:45
4836,399.97,2025-02-20,09:00
4837,366.14,2025-02-20,09:15
4838,163.82,2025-02-20,09:30
4839,158.77,2025-02-20,09:45
4840,158.88,2025-02-20,10:00
4841,145.06,2025-02-20,10:15
4842,143.7,2025-02-20,10:30
4843,141.33,2025-02-20,10:45
4844,54.59,2025-02-20,11:00
4845,53.18,2025-02-20,11:15
4846,149.26,2025-02-20,11:30
4847,128.94,2025-02-20,11:45
4848,48.92,2025-02-20,12:00
4849,50.66,2025-02-20,12:15
4850,48.94,2025-02-20,12:30
4851,49.03,2025-02-20,12:45
4852,49.0,2025-02-20,13:00
4853,47.7,2025-02-20,13:15
4854,51.02,2025-02-20,13:30
4855,49.67,2025-02-20,13:45
4856,40.0,2025-02-20,14:00
4857,125.89,2025-02-20,14:15
4858,124.51,2025-02-20,14:30
4859,40.0,2025-02-20,14:45
4860,87.35,2025-02-20,15:00
4861,121.91,2025-02-20,15:15
4862,52.39,2025-02-20,15:30
4863,115.47,2025-02-20,15:45
4864,122.14,2025-02-20,16:00
4865,155.61,2025-02-20,16:15
4866,145.55,2025-02-20,16:30
4867,147.63,2025-02-20,16:45
4868,151.07,2025-02-20,17:00
4869,149.47,2025-02-20,17:15
4870,130.0,2025-02-20,17:30
4871,150.0,2025-02-20,17:45
4872,416.54,2025-02-20,18:00
4873,511.38,2025-02-20,18:15
4874,600.15,2025-02-20,18:30
4875,600.07,2025-02-20,18:45
4876,623.02,2025-02-20,19:00
4877,540.92,2025-02-20,19:15
4878,450.11,2025-02-20,19:30
4879,442.06,2025-02-20,19:45
4880,384.61,2025-02-20,20:00
4881,413.12,2025-02-20,20:15
4882,411.29,2025-02-20,20:30
4883,261.6,2025-02-20,20:45
4884,230.48,2025-02-20,21:00
4885,360.2,2025-02-20,21:15
4886,330.15,2025-02-20,21:30
4887,360.03,2025-02-20,21:45
4888,350.03,2025-02-20,22:00
4889,450.13,2025-02-20,22:15
4890,360.02,2025-02-20,22:30
4891,340.02,2025-02-20,22:45
4892,146.77,2025-02-20,23:00
4893,194.17,2025-02-20,23:15
4894,192.33,2025-02-20,23:30
4895,188.65,2025-02-20,23:45
4896,194.17,2025-02-20,24:00
4897,400.0,2025-02-21,00:15
4898,400.0,2025-02-21,00:30
4899,301.39,2025-02-21,00:45
4900,301.92,2025-02-21,01:00
4901,344.1,2025-02-21,01:15
4902,347.15,2025-02-21,01:30
4903,259.71,2025-02-21,01:45
4904,288.33,2025-02-21,02:00
4905,358.04,2025-02-21,02:15
4906,397.13,2025-02-21,02:30
4907,436.95,2025-02-21,02:45
4908,446.6,2025-02-21,03:00
4909,445.55,2025-02-21,03:15
4910,446.04,2025-02-21,03:30
4911,446.74,2025-02-21,03:45
4912,449.46,2025-02-21,04:00
4913,449.7,2025-02-21,04:15
4914,449.36,2025-02-21,04:30
4915,384.74,2025-02-21,04:45
4916,362.77,2025-02-21,05:00
4917,449.77,2025-02-21,05:15
4918,382.96,2025-02-21,05:30
4919,426.73,2025-02-21,05:45
4920,531.06,2025-02-21,06:00
4921,552.52,2025-02-21,06:15
4922,552.73,2025-02-21,06:30
4923,553.72,2025-02-21,06:45
4924,553.87,2025-02-21,07:00
4925,554.48,2025-02-21,07:15
4926,553.59,2025-02-21,07:30
4927,437.14,2025-02-21,07:45
4928,459.61,2025-02-21,08:00
4929,544.12,2025-02-21,08:15
4930,462.79,2025-02-21,08:30
4931,416.43,2025-02-21,08:45
4932,465.62,2025-02-21,09:00
4933,203.91,2025-02-21,09:15
4934,172.39,2025-02-21,09:30
4935,294.06,2025-02-21,09:45
4936,293.5,2025-02-21,10:00
4937,306.09,2025-02-21,10:15
4938,256.92,2025-02-21,10:30
4939,236.14,2025-02-21,10:45
4940,222.53,2025-02-21,11:00
4941,287.92,2025-02-21,11:15
4942,255.37,2025-02-21,11:30
4943,207.84,2025-02-21,11:45
4944,146.8,2025-02-21,12:00
4945,144.51,2025-02-21,12:15
4946,154.68,2025-02-21,12:30
4947,144.62,2025-02-21,12:45
4948,54.33,2025-02-21,13:00
4949,135.23,2025-02-21,13:15
4950,52.96,2025-02-21,13:30
4951,52.97,2025-02-21,13:45
4952,52.97,2025-02-21,14:00
4953,54.72,2025-02-21,14:15
4954,56.41,2025-02-21,14:30
4955,171.3,2025-02-21,14:45
4956,178.31,2025-02-21,15:00
4957,216.77,2025-02-21,15:15
4958,223.99,2025-02-21,15:30
4959,251.64,2025-02-21,15:45
4960,270.79,2025-02-21,16:00
4961,314.99,2025-02-21,16:15
4962,319.19,2025-02-21,16:30
4963,331.17,2025-02-21,16:45
4964,331.72,2025-02-21,17:00
4965,323.45,2025-02-21,17:15
4966,321.22,2025-02-21,17:30
4967,390.24,2025-02-21,17:45
4968,390.92,2025-02-21,18:00
4969,381.99,2025-02-21,18:15
4970,381.36,2025-02-21,18:30
4971,335.56,2025-02-21,18:45
4972,333.34,2025-02-21,19:00
4973,456.85,2025-02-21,19:15
4974,408.35,2025-02-21,19:30
4975,274.13,2025-02-21,19:45
4976,321.97,2025-02-21,20:00
4977,264.92,2025-02-21,20:15
4978,270.38,2025-02-21,20:30
4979,299.5,2025-02-21,20:45
4980,345.56,2025-02-21,21:00
4981,338.16,2025-02-21,21:15
4982,245.13,2025-02-21,21:30
4983,338.42,2025-02-21,21:45
4984,314.96,2025-02-21,22:00
4985,198.04,2025-02-21,22:15
4986,203.24,2025-02-21,22:30
4987,295.54,2025-02-21,22:45
4988,274.74,2025-02-21,23:00
4989,182.01,2025-02-21,23:15
4990,177.16,2025-02-21,23:30
4991,180.62,2025-02-21,23:45
4992,173.08,2025-02-21,24:00
4993,262.48,2025-02-22,00:15
4994,334.14,2025-02-22,00:30
4995,389.7,2025-02-22,00:45
4996,398.34,2025-02-22,01:00
4997,325.92,2025-02-22,01:15
4998,218.26,2025-02-22,01:30
4999,252.39,2025-02-22,01:45
5000,254.26,2025-02-22,02:00
5001,251.59,2025-02-22,02:15
5002,203.96,2025-02-22,02:30
5003,274.78,2025-02-22,02:45
5004,400.82,2025-02-22,03:00
5005,359.83,2025-02-22,03:15
5006,360.6,2025-02-22,03:30
5007,361.7,2025-02-22,03:45
5008,329.14,2025-02-22,04:00
5009,313.4,2025-02-22,04:15
5010,368.96,2025-02-22,04:30
5011,414.88,2025-02-22,04:45
5012,416.17,2025-02-22,05:00
5013,415.91,2025-02-22,05:15
5014,368.4,2025-02-22,05:30
5015,415.2,2025-02-22,05:45
5016,451.66,2025-02-22,06:00
5017,414.15,2025-02-22,06:15
5018,414.18,2025-02-22,06:30
5019,414.13,2025-02-22,06:45
5020,371.14,2025-02-22,07:00
5021,470.34,2025-02-22,07:15
5022,397.42,2025-02-22,07:30
5023,375.89,2025-02-22,07:45
5024,422.81,2025-02-22,08:00
5025,423.65,2025-02-22,08:15
5026,471.02,2025-02-22,08:30
5027,423.6,2025-02-22,08:45
5028,311.18,2025-02-22,09:00
5029,232.3,2025-02-22,09:15
5030,210.29,2025-02-22,09:30
5031,184.1,2025-02-22,09:45
5032,250.59,2025-02-22,10:00
5033,157.97,2025-02-22,10:15
5034,157.54,2025-02-22,10:30
5035,160.05,2025-02-22,10:45
5036,248.96,2025-02-22,11:00
5037,276.7,2025-02-22,11:15
5038,261.52,2025-02-22,11:30
5039,207.74,2025-02-22,11:45
5040,260.75,2025-02-22,12:00
5041,54.77,2025-02-22,12:15
5042,54.86,2025-02-22,12:30
5043,54.96,2025-02-22,12:45
5044,153.46,2025-02-22,13:00
5045,153.3,2025-02-22,13:15
5046,53.28,2025-02-22,13:30
5047,55.06,2025-02-22,13:45
5048,40.0,2025-02-22,14:00
5049,190.72,2025-02-22,14:15
5050,155.16,2025-02-22,14:30
5051,151.18,2025-02-22,14:45
5052,256.86,2025-02-22,15:00
5053,162.88,2025-02-22,15:15
5054,207.59,2025-02-22,15:30
5055,284.82,2025-02-22,15:45
5056,317.45,2025-02-22,16:00
5057,340.08,2025-02-22,16:15
5058,338.05,2025-02-22,16:30
5059,335.45,2025-02-22,16:45
5060,339.04,2025-02-22,17:00
5061,340.35,2025-02-22,17:15
5062,324.22,2025-02-22,17:30
5063,370.08,2025-02-22,17:45
5064,319.6,2025-02-22,18:00
5065,301.88,2025-02-22,18:15
5066,304.1,2025-02-22,18:30
5067,337.51,2025-02-22,18:45
5068,453.85,2025-02-22,19:00
5069,391.34,2025-02-22,19:15
5070,283.36,2025-02-22,19:30
5071,217.62,2025-02-22,19:45
5072,326.65,2025-02-22,20:00
5073,311.96,2025-02-22,20:15
5074,337.93,2025-02-22,20:30
5075,406.83,2025-02-22,20:45
5076,372.05,2025-02-22,21:00
5077,339.56,2025-02-22,21:15
5078,325.74,2025-02-22,21:30
5079,282.52,2025-02-22,21:45
5080,297.09,2025-02-22,22:00
5081,316.38,2025-02-22,22:15
5082,368.92,2025-02-22,22:30
5083,337.55,2025-02-22,22:45
5084,296.1,2025-02-22,23:00
5085,207.62,2025-02-22,23:15
5086,305.16,2025-02-22,23:30
5087,302.63,2025-02-22,23:45
5088,240.9,2025-02-22,24:00
5089,358.07,2025-02-23,00:15
5090,302.84,2025-02-23,00:30
5091,384.19,2025-02-23,00:45
5092,416.62,2025-02-23,01:00
5093,417.47,2025-02-23,01:15
5094,288.34,2025-02-23,01:30
5095,321.59,2025-02-23,01:45
5096,396.99,2025-02-23,02:00
5097,398.53,2025-02-23,02:15
5098,420.41,2025-02-23,02:30
5099,389.12,2025-02-23,02:45
5100,414.66,2025-02-23,03:00
5101,415.04,2025-02-23,03:15
5102,437.22,2025-02-23,03:30
5103,424.57,2025-02-23,03:45
5104,409.08,2025-02-23,04:00
5105,391.0,2025-02-23,04:15
5106,404.42,2025-02-23,04:30
5107,437.24,2025-02-23,04:45
5108,402.77,2025-02-23,05:00
5109,424.14,2025-02-23,05:15
5110,403.63,2025-02-23,05:30
5111,420.46,2025-02-23,05:45
5112,499.37,2025-02-23,06:00
5113,311.01,2025-02-23,06:15
5114,343.09,2025-02-23,06:30
5115,341.29,2025-02-23,06:45
5116,429.57,2025-02-23,07:00
5117,547.84,2025-02-23,07:15
5118,587.07,2025-02-23,07:30
5119,567.75,2025-02-23,07:45
5120,606.6,2025-02-23,08:00
5121,568.41,2025-02-23,08:15
5122,568.91,2025-02-23,08:30
5123,560.18,2025-02-23,08:45
5124,467.38,2025-02-23,09:00
5125,231.4,2025-02-23,09:15
5126,228.88,2025-02-23,09:30
5127,218.34,2025-02-23,09:45
5128,263.91,2025-02-23,10:00
5129,161.77,2025-02-23,10:15
5130,57.59,2025-02-23,10:30
5131,56.89,2025-02-23,10:45
5132,56.8,2025-02-23,11:00
5133,149.82,2025-02-23,11:15
5134,58.64,2025-02-23,11:30
5135,55.55,2025-02-23,11:45
5136,54.07,2025-02-23,12:00
5137,51.01,2025-02-23,12:15
5138,48.04,2025-02-23,12:30
5139,49.43,2025-02-23,12:45
5140,51.02,2025-02-23,13:00
5141,49.56,2025-02-23,13:15
5142,40.06,2025-02-23,13:30
5143,40.06,2025-02-23,13:45
5144,40.0,2025-02-23,14:00
5145,40.06,2025-02-23,14:15
5146,40.4,2025-02-23,14:30
5147,47.55,2025-02-23,14:45
5148,50.06,2025-02-23,15:00
5149,50.04,2025-02-23,15:15
5150,51.61,2025-02-23,15:30
5151,40.0,2025-02-23,15:45
5152,162.53,2025-02-23,16:00
5153,236.27,2025-02-23,16:15
5154,278.33,2025-02-23,16:30
5155,298.12,2025-02-23,16:45
5156,529.12,2025-02-23,17:00
5157,293.53,2025-02-23,17:15
5158,302.61,2025-02-23,17:30
5159,150.0,2025-02-23,17:45
5160,629.98,2025-02-23,18:00
5161,549.99,2025-02-23,18:15
5162,649.99,2025-02-23,18:30
5163,650.0,2025-02-23,18:45
5164,650.0,2025-02-23,19:00
5165,650.0,2025-02-23,19:15
5166,610.0,2025-02-23,19:30
5167,600.0,2025-02-23,19:45
5168,580.0,2025-02-23,20:00
5169,590.0,2025-02-23,20:15
5170,590.0,2025-02-23,20:30
5171,600.0,2025-02-23,20:45
5172,600.0,2025-02-23,21:00
5173,600.0,2025-02-23,21:15
5174,600.0,2025-02-23,21:30
5175,640.0,2025-02-23,21:45
5176,650.0,2025-02-23,22:00
5177,650.0,2025-02-23,22:15
5178,650.0,2025-02-23,22:30
5179,650.0,2025-02-23,22:45
5180,650.0,2025-02-23,23:00
5181,650.0,2025-02-23,23:15
5182,650.0,2025-02-23,23:30
5183,650.0,2025-02-23,23:45
5184,650.0,2025-02-23,24:00
5185,650.0,2025-02-24,00:15
5186,650.0,2025-02-24,00:30
5187,650.0,2025-02-24,00:45
5188,650.0,2025-02-24,01:00
5189,650.0,2025-02-24,01:15
5190,650.0,2025-02-24,01:30
5191,610.0,2025-02-24,01:45
5192,630.0,2025-02-24,02:00
5193,630.0,2025-02-24,02:15
5194,630.0,2025-02-24,02:30
5195,610.0,2025-02-24,02:45
5196,600.0,2025-02-24,03:00
5197,600.0,2025-02-24,03:15
5198,600.0,2025-02-24,03:30
5199,600.0,2025-02-24,03:45
5200,600.0,2025-02-24,04:00
5201,600.0,2025-02-24,04:15
5202,600.0,2025-02-24,04:30
5203,600.0,2025-02-24,04:45
5204,600.0,2025-02-24,05:00
5205,600.0,2025-02-24,05:15
5206,610.0,2025-02-24,05:30
5207,630.0,2025-02-24,05:45
5208,630.0,2025-02-24,06:00
5209,600.0,2025-02-24,06:15
5210,610.0,2025-02-24,06:30
5211,630.0,2025-02-24,06:45
5212,630.0,2025-02-24,07:00
5213,650.0,2025-02-24,07:15
5214,650.0,2025-02-24,07:30
5215,650.0,2025-02-24,07:45
5216,649.99,2025-02-24,08:00
5217,649.99,2025-02-24,08:15
5218,649.98,2025-02-24,08:30
5219,649.98,2025-02-24,08:45
5220,589.97,2025-02-24,09:00
5221,324.61,2025-02-24,09:15
5222,266.91,2025-02-24,09:30
5223,578.73,2025-02-24,09:45
5224,580.21,2025-02-24,10:00
5225,502.43,2025-02-24,10:15
5226,473.4,2025-02-24,10:30
5227,264.16,2025-02-24,10:45
5228,273.07,2025-02-24,11:00
5229,259.54,2025-02-24,11:15
5230,275.98,2025-02-24,11:30
5231,261.66,2025-02-24,11:45
5232,155.5,2025-02-24,12:00
5233,149.47,2025-02-24,12:15
5234,144.04,2025-02-24,12:30
5235,143.0,2025-02-24,12:45
5236,59.67,2025-02-24,13:00
5237,147.32,2025-02-24,13:15
5238,194.77,2025-02-24,13:30
5239,170.84,2025-02-24,13:45
5240,105.17,2025-02-24,14:00
5241,162.31,2025-02-24,14:15
5242,153.23,2025-02-24,14:30
5243,153.01,2025-02-24,14:45
5244,52.08,2025-02-24,15:00
5245,158.59,2025-02-24,15:15
5246,155.82,2025-02-24,15:30
5247,167.84,2025-02-24,15:45
5248,257.1,2025-02-24,16:00
5249,317.14,2025-02-24,16:15
5250,373.0,2025-02-24,16:30
5251,352.35,2025-02-24,16:45
5252,350.95,2025-02-24,17:00
5253,345.81,2025-02-24,17:15
5254,363.0,2025-02-24,17:30
5255,367.91,2025-02-24,17:45
5256,400.53,2025-02-24,18:00
5257,423.22,2025-02-24,18:15
5258,439.55,2025-02-24,18:30
5259,497.31,2025-02-24,18:45
5260,432.55,2025-02-24,19:00
5261,401.04,2025-02-24,19:15
5262,321.32,2025-02-24,19:30
5263,277.39,2025-02-24,19:45
5264,304.34,2025-02-24,20:00
5265,332.35,2025-02-24,20:15
5266,332.46,2025-02-24,20:30
5267,307.77,2025-02-24,20:45
5268,312.04,2025-02-24,21:00
5269,471.67,2025-02-24,21:15
5270,575.19,2025-02-24,21:30
5271,490.09,2025-02-24,21:45
5272,360.0,2025-02-24,22:00
5273,360.0,2025-02-24,22:15
5274,300.0,2025-02-24,22:30
5275,300.0,2025-02-24,22:45
5276,260.0,2025-02-24,23:00
5277,130.0,2025-02-24,23:15
5278,433.94,2025-02-24,23:30
5279,443.47,2025-02-24,23:45
5280,489.94,2025-02-24,24:00
5281,427.88,2025-02-25,00:15
5282,280.24,2025-02-25,00:30
5283,492.98,2025-02-25,00:45
5284,500.0,2025-02-25,01:00
5285,550.0,2025-02-25,01:15
5286,550.0,2025-02-25,01:30
5287,590.0,2025-02-25,01:45
5288,580.0,2025-02-25,02:00
5289,590.0,2025-02-25,02:15
5290,590.0,2025-02-25,02:30
5291,590.0,2025-02-25,02:45
5292,590.0,2025-02-25,03:00
5293,590.0,2025-02-25,03:15
5294,590.0,2025-02-25,03:30
5295,600.0,2025-02-25,03:45
5296,600.0,2025-02-25,04:00
5297,600.0,2025-02-25,04:15
5298,590.0,2025-02-25,04:30
5299,600.0,2025-02-25,04:45
5300,600.0,2025-02-25,05:00
5301,630.0,2025-02-25,05:15
5302,650.0,2025-02-25,05:30
5303,630.0,2025-02-25,05:45
5304,630.0,2025-02-25,06:00
5305,650.0,2025-02-25,06:15
5306,650.0,2025-02-25,06:30
5307,650.0,2025-02-25,06:45
5308,650.0,2025-02-25,07:00
5309,650.0,2025-02-25,07:15
5310,650.0,2025-02-25,07:30
5311,650.0,2025-02-25,07:45
5312,649.99,2025-02-25,08:00
5313,649.99,2025-02-25,08:15
5314,649.98,2025-02-25,08:30
5315,649.96,2025-02-25,08:45
5316,599.95,2025-02-25,09:00
5317,396.75,2025-02-25,09:15
5318,278.05,2025-02-25,09:30
5319,384.27,2025-02-25,09:45
5320,179.6,2025-02-25,10:00
5321,98.3,2025-02-25,10:15
5322,40.0,2025-02-25,10:30
5323,40.0,2025-02-25,10:45
5324,40.0,2025-02-25,11:00
5325,98.03,2025-02-25,11:15
5326,40.0,2025-02-25,11:30
5327,40.0,2025-02-25,11:45
5328,40.0,2025-02-25,12:00
5329,40.0,2025-02-25,12:15
5330,40.0,2025-02-25,12:30
5331,40.0,2025-02-25,12:45
5332,40.0,2025-02-25,13:00
5333,40.0,2025-02-25,13:15
5334,40.0,2025-02-25,13:30
5335,40.0,2025-02-25,13:45
5336,40.0,2025-02-25,14:00
5337,40.0,2025-02-25,14:15
5338,40.0,2025-02-25,14:30
5339,40.0,2025-02-25,14:45
5340,40.0,2025-02-25,15:00
5341,40.0,2025-02-25,15:15
5342,40.0,2025-02-25,15:30
5343,40.0,2025-02-25,15:45
5344,40.0,2025-02-25,16:00
5345,40.0,2025-02-25,16:15
5346,40.0,2025-02-25,16:30
5347,40.0,2025-02-25,16:45
5348,143.4,2025-02-25,17:00
5349,151.28,2025-02-25,17:15
5350,177.82,2025-02-25,17:30
5351,159.66,2025-02-25,17:45
5352,203.85,2025-02-25,18:00
5353,202.13,2025-02-25,18:15
5354,290.27,2025-02-25,18:30
5355,460.44,2025-02-25,18:45
5356,510.5,2025-02-25,19:00
5357,347.02,2025-02-25,19:15
5358,450.0,2025-02-25,19:30
5359,437.57,2025-02-25,19:45
5360,480.86,2025-02-25,20:00
5361,500.0,2025-02-25,20:15
5362,500.0,2025-02-25,20:30
5363,500.0,2025-02-25,20:45
5364,500.0,2025-02-25,21:00
5365,590.0,2025-02-25,21:15
5366,590.0,2025-02-25,21:30
5367,583.48,2025-02-25,21:45
5368,500.0,2025-02-25,22:00
5369,500.0,2025-02-25,22:15
5370,500.0,2025-02-25,22:30
5371,550.0,2025-02-25,22:45
5372,590.0,2025-02-25,23:00
5373,600.0,2025-02-25,23:15
5374,600.0,2025-02-25,23:30
5375,600.0,2025-02-25,23:45
5376,600.0,2025-02-25,24:00
5377,650.0,2025-02-26,00:15
5378,650.0,2025-02-26,00:30
5379,650.0,2025-02-26,00:45
5380,650.0,2025-02-26,01:00
5381,650.0,2025-02-26,01:15
5382,650.0,2025-02-26,01:30
5383,620.0,2025-02-26,01:45
5384,600.0,2025-02-26,02:00
5385,600.0,2025-02-26,02:15
5386,600.0,2025-02-26,02:30
5387,600.0,2025-02-26,02:45
5388,610.0,2025-02-26,03:00
5389,610.0,2025-02-26,03:15
5390,600.0,2025-02-26,03:30
5391,600.0,2025-02-26,03:45
5392,600.0,2025-02-26,04:00
5393,600.0,2025-02-26,04:15
5394,600.0,2025-02-26,04:30
5395,600.0,2025-02-26,04:45
5396,600.0,2025-02-26,05:00
5397,600.0,2025-02-26,05:15
5398,590.0,2025-02-26,05:30
5399,590.0,2025-02-26,05:45
5400,550.0,2025-02-26,06:00
5401,500.0,2025-02-26,06:15
5402,540.0,2025-02-26,06:30
5403,500.0,2025-02-26,06:45
5404,500.0,2025-02-26,07:00
5405,410.89,2025-02-26,07:15
5406,580.0,2025-02-26,07:30
5407,590.0,2025-02-26,07:45
5408,600.0,2025-02-26,08:00
5409,499.99,2025-02-26,08:15
5410,449.98,2025-02-26,08:30
5411,114.02,2025-02-26,08:45
5412,257.14,2025-02-26,09:00
5413,209.83,2025-02-26,09:15
5414,216.01,2025-02-26,09:30
5415,136.95,2025-02-26,09:45
5416,140.63,2025-02-26,10:00
5417,95.02,2025-02-26,10:15
5418,92.72,2025-02-26,10:30
5419,40.0,2025-02-26,10:45
5420,40.0,2025-02-26,11:00
5421,72.2,2025-02-26,11:15
5422,40.0,2025-02-26,11:30
5423,40.0,2025-02-26,11:45
5424,40.0,2025-02-26,12:00
5425,40.0,2025-02-26,12:15
5426,40.0,2025-02-26,12:30
5427,40.0,2025-02-26,12:45
5428,40.0,2025-02-26,13:00
5429,40.0,2025-02-26,13:15
5430,40.0,2025-02-26,13:30
5431,40.0,2025-02-26,13:45
5432,40.0,2025-02-26,14:00
5433,40.0,2025-02-26,14:15
5434,40.0,2025-02-26,14:30
5435,40.0,2025-02-26,14:45
5436,40.0,2025-02-26,15:00
5437,49.22,2025-02-26,15:15
5438,49.2,2025-02-26,15:30
5439,49.18,2025-02-26,15:45
5440,47.82,2025-02-26,16:00
5441,40.0,2025-02-26,16:15
5442,65.81,2025-02-26,16:30
5443,40.0,2025-02-26,16:45
5444,40.0,2025-02-26,17:00
5445,40.0,2025-02-26,17:15
5446,40.0,2025-02-26,17:30
5447,40.0,2025-02-26,17:45
5448,439.99,2025-02-26,18:00
5449,439.99,2025-02-26,18:15
5450,499.99,2025-02-26,18:30
5451,600.0,2025-02-26,18:45
5452,600.0,2025-02-26,19:00
5453,600.0,2025-02-26,19:15
5454,600.0,2025-02-26,19:30
5455,600.0,2025-02-26,19:45
5456,600.0,2025-02-26,20:00
5457,600.0,2025-02-26,20:15
5458,600.0,2025-02-26,20:30
5459,600.0,2025-02-26,20:45
5460,600.0,2025-02-26,21:00
5461,600.0,2025-02-26,21:15
5462,600.0,2025-02-26,21:30
5463,600.0,2025-02-26,21:45
5464,600.0,2025-02-26,22:00
5465,600.0,2025-02-26,22:15
5466,600.0,2025-02-26,22:30
5467,600.0,2025-02-26,22:45
5468,590.0,2025-02-26,23:00
5469,590.0,2025-02-26,23:15
5470,550.0,2025-02-26,23:30
5471,500.0,2025-02-26,23:45
5472,450.0,2025-02-26,24:00
5473,500.0,2025-02-27,00:15
5474,450.0,2025-02-27,00:30
5475,400.0,2025-02-27,00:45
5476,450.0,2025-02-27,01:00
5477,400.0,2025-02-27,01:15
5478,400.0,2025-02-27,01:30
5479,400.0,2025-02-27,01:45
5480,360.0,2025-02-27,02:00
5481,400.0,2025-02-27,02:15
5482,400.65,2025-02-27,02:30
5483,400.0,2025-02-27,02:45
5484,400.0,2025-02-27,03:00
5485,400.0,2025-02-27,03:15
5486,450.0,2025-02-27,03:30
5487,450.0,2025-02-27,03:45
5488,500.0,2025-02-27,04:00
5489,500.0,2025-02-27,04:15
5490,550.0,2025-02-27,04:30
5491,590.0,2025-02-27,04:45
5492,590.0,2025-02-27,05:00
5493,600.0,2025-02-27,05:15
5494,600.0,2025-02-27,05:30
5495,600.0,2025-02-27,05:45
5496,600.0,2025-02-27,06:00
5497,600.0,2025-02-27,06:15
5498,600.0,2025-02-27,06:30
5499,620.0,2025-02-27,06:45
5500,610.0,2025-02-27,07:00
5501,610.0,2025-02-27,07:15
5502,589.35,2025-02-27,07:30
5503,601.0,2025-02-27,07:45
5504,612.76,2025-02-27,08:00
5505,639.99,2025-02-27,08:15
5506,629.98,2025-02-27,08:30
5507,599.96,2025-02-27,08:45
5508,450.4,2025-02-27,09:00
5509,441.11,2025-02-27,09:15
5510,362.57,2025-02-27,09:30
5511,171.42,2025-02-27,09:45
5512,199.81,2025-02-27,10:00
5513,147.21,2025-02-27,10:15
5514,77.94,2025-02-27,10:30
5515,51.54,2025-02-27,10:45
5516,51.29,2025-02-27,11:00
5517,48.12,2025-02-27,11:15
5518,49.0,2025-02-27,11:30
5519,49.39,2025-02-27,11:45
5520,40.0,2025-02-27,12:00
5521,40.0,2025-02-27,12:15
5522,40.0,2025-02-27,12:30
5523,40.0,2025-02-27,12:45
5524,40.0,2025-02-27,13:00
5525,40.0,2025-02-27,13:15
5526,40.0,2025-02-27,13:30
5527,40.0,2025-02-27,13:45
5528,40.0,2025-02-27,14:00
5529,40.0,2025-02-27,14:15
5530,40.0,2025-02-27,14:30
5531,40.0,2025-02-27,14:45
5532,40.0,2025-02-27,15:00
5533,40.0,2025-02-27,15:15
5534,40.0,2025-02-27,15:30
5535,40.0,2025-02-27,15:45
5536,40.0,2025-02-27,16:00
5537,49.12,2025-02-27,16:15
5538,48.94,2025-02-27,16:30
5539,40.0,2025-02-27,16:45
5540,40.0,2025-02-27,17:00
5541,40.0,2025-02-27,17:15
5542,40.0,2025-02-27,17:30
5543,40.0,2025-02-27,17:45
5544,500.0,2025-02-27,18:00
5545,300.0,2025-02-27,18:15
5546,500.0,2025-02-27,18:30
5547,600.0,2025-02-27,18:45
5548,620.0,2025-02-27,19:00
5549,600.0,2025-02-27,19:15
5550,600.0,2025-02-27,19:30
5551,600.0,2025-02-27,19:45
5552,590.0,2025-02-27,20:00
5553,590.0,2025-02-27,20:15
5554,600.0,2025-02-27,20:30
5555,600.0,2025-02-27,20:45
5556,600.0,2025-02-27,21:00
5557,600.0,2025-02-27,21:15
5558,600.0,2025-02-27,21:30
5559,600.0,2025-02-27,21:45
5560,600.0,2025-02-27,22:00
5561,600.0,2025-02-27,22:15
5562,600.0,2025-02-27,22:30
5563,600.0,2025-02-27,22:45
5564,600.0,2025-02-27,23:00
5565,600.0,2025-02-27,23:15
5566,600.0,2025-02-27,23:30
5567,600.0,2025-02-27,23:45
5568,600.0,2025-02-27,24:00
5569,600.0,2025-02-28,00:15
5570,600.0,2025-02-28,00:30
5571,600.0,2025-02-28,00:45
5572,500.0,2025-02-28,01:00
5573,500.0,2025-02-28,01:15
5574,450.0,2025-02-28,01:30
5575,430.0,2025-02-28,01:45
5576,400.0,2025-02-28,02:00
5577,400.0,2025-02-28,02:15
5578,400.0,2025-02-28,02:30
5579,360.0,2025-02-28,02:45
5580,360.0,2025-02-28,03:00
5581,350.0,2025-02-28,03:15
5582,340.0,2025-02-28,03:30
5583,320.0,2025-02-28,03:45
5584,310.0,2025-02-28,04:00
5585,320.0,2025-02-28,04:15
5586,320.0,2025-02-28,04:30
5587,320.0,2025-02-28,04:45
5588,320.0,2025-02-28,05:00
5589,320.0,2025-02-28,05:15
5590,320.0,2025-02-28,05:30
5591,317.76,2025-02-28,05:45
5592,268.19,2025-02-28,06:00
5593,240.33,2025-02-28,06:15
5594,239.79,2025-02-28,06:30
5595,231.02,2025-02-28,06:45
5596,40.0,2025-02-28,07:00
5597,100.0,2025-02-28,07:15
5598,40.0,2025-02-28,07:30
5599,40.0,2025-02-28,07:45
5600,308.22,2025-02-28,08:00
5601,197.2,2025-02-28,08:15
5602,40.0,2025-02-28,08:30
5603,40.0,2025-02-28,08:45
5604,40.0,2025-02-28,09:00
5605,40.0,2025-02-28,09:15
5606,40.0,2025-02-28,09:30
5607,40.0,2025-02-28,09:45
5608,40.0,2025-02-28,10:00
5609,40.0,2025-02-28,10:15
5610,40.0,2025-02-28,10:30
5611,40.0,2025-02-28,10:45
5612,40.0,2025-02-28,11:00
5613,40.0,2025-02-28,11:15
5614,40.0,2025-02-28,11:30
5615,40.0,2025-02-28,11:45
5616,40.0,2025-02-28,12:00
5617,40.0,2025-02-28,12:15
5618,40.0,2025-02-28,12:30
5619,40.0,2025-02-28,12:45
5620,40.51,2025-02-28,13:00
5621,40.52,2025-02-28,13:15
5622,40.52,2025-02-28,13:30
5623,40.53,2025-02-28,13:45
5624,40.54,2025-02-28,14:00
5625,40.54,2025-02-28,14:15
5626,40.53,2025-02-28,14:30
5627,40.53,2025-02-28,14:45
5628,41.44,2025-02-28,15:00
5629,40.51,2025-02-28,15:15
5630,40.49,2025-02-28,15:30
5631,40.0,2025-02-28,15:45
5632,40.0,2025-02-28,16:00
5633,152.71,2025-02-28,16:15
5634,157.73,2025-02-28,16:30
5635,40.0,2025-02-28,16:45
5636,87.18,2025-02-28,17:00
5637,153.12,2025-02-28,17:15
5638,220.49,2025-02-28,17:30
5639,370.25,2025-02-28,17:45
5640,252.92,2025-02-28,18:00
5641,333.93,2025-02-28,18:15
5642,319.69,2025-02-28,18:30
5643,312.38,2025-02-28,18:45
5644,274.95,2025-02-28,19:00
5645,276.94,2025-02-28,19:15
5646,310.13,2025-02-28,19:30
5647,314.74,2025-02-28,19:45
5648,305.99,2025-02-28,20:00
5649,288.92,2025-02-28,20:15
5650,291.82,2025-02-28,20:30
5651,375.89,2025-02-28,20:45
5652,356.15,2025-02-28,21:00
5653,373.65,2025-02-28,21:15
5654,377.46,2025-02-28,21:30
5655,445.49,2025-02-28,21:45
5656,491.33,2025-02-28,22:00
5657,447.13,2025-02-28,22:15
5658,400.0,2025-02-28,22:30
5659,436.44,2025-02-28,22:45
5660,400.0,2025-02-28,23:00
5661,528.79,2025-02-28,23:15
5662,600.0,2025-02-28,23:30
5663,550.0,2025-02-28,23:45
5664,440.51,2025-02-28,24:00
5665,450.47,2025-03-01,00:15
5666,456.74,2025-03-01,00:30
5667,497.61,2025-03-01,00:45
5668,511.98,2025-03-01,01:00
5669,525.56,2025-03-01,01:15
5670,600.0,2025-03-01,01:30
5671,600.0,2025-03-01,01:45
5672,600.0,2025-03-01,02:00
5673,620.0,2025-03-01,02:15
5674,600.0,2025-03-01,02:30
5675,650.0,2025-03-01,02:45
5676,640.0,2025-03-01,03:00
5677,650.0,2025-03-01,03:15
5678,650.0,2025-03-01,03:30
5679,650.0,2025-03-01,03:45
5680,650.0,2025-03-01,04:00
5681,650.0,2025-03-01,04:15
5682,650.0,2025-03-01,04:30
5683,650.0,2025-03-01,04:45
5684,650.0,2025-03-01,05:00
5685,650.0,2025-03-01,05:15
5686,650.0,2025-03-01,05:30
5687,650.0,2025-03-01,05:45
5688,650.0,2025-03-01,06:00
5689,650.0,2025-03-01,06:15
5690,620.0,2025-03-01,06:30
5691,600.0,2025-03-01,06:45
5692,650.0,2025-03-01,07:00
5693,650.0,2025-03-01,07:15
5694,650.0,2025-03-01,07:30
5695,650.0,2025-03-01,07:45
5696,599.99,2025-03-01,08:00
5697,589.98,2025-03-01,08:15
5698,579.97,2025-03-01,08:30
5699,549.97,2025-03-01,08:45
5700,499.96,2025-03-01,09:00
5701,443.86,2025-03-01,09:15
5702,335.24,2025-03-01,09:30
5703,329.97,2025-03-01,09:45
5704,449.19,2025-03-01,10:00
5705,449.67,2025-03-01,10:15
5706,453.56,2025-03-01,10:30
5707,378.74,2025-03-01,10:45
5708,367.76,2025-03-01,11:00
5709,437.74,2025-03-01,11:15
5710,392.26,2025-03-01,11:30
5711,382.06,2025-03-01,11:45
5712,310.74,2025-03-01,12:00
5713,184.28,2025-03-01,12:15
5714,393.56,2025-03-01,12:30
5715,389.71,2025-03-01,12:45
5716,366.0,2025-03-01,13:00
5717,226.96,2025-03-01,13:15
5718,381.93,2025-03-01,13:30
5719,260.49,2025-03-01,13:45
5720,363.58,2025-03-01,14:00
5721,214.98,2025-03-01,14:15
5722,216.06,2025-03-01,14:30
5723,265.35,2025-03-01,14:45
5724,272.05,2025-03-01,15:00
5725,251.78,2025-03-01,15:15
5726,371.76,2025-03-01,15:30
5727,297.64,2025-03-01,15:45
5728,371.33,2025-03-01,16:00
5729,333.78,2025-03-01,16:15
5730,350.39,2025-03-01,16:30
5731,358.46,2025-03-01,16:45
5732,410.37,2025-03-01,17:00
5733,439.23,2025-03-01,17:15
5734,391.4,2025-03-01,17:30
5735,333.35,2025-03-01,17:45
5736,346.68,2025-03-01,18:00
5737,284.04,2025-03-01,18:15
5738,357.48,2025-03-01,18:30
5739,412.54,2025-03-01,18:45
5740,408.78,2025-03-01,19:00
5741,412.19,2025-03-01,19:15
5742,366.0,2025-03-01,19:30
5743,365.14,2025-03-01,19:45
5744,342.87,2025-03-01,20:00
5745,334.76,2025-03-01,20:15
5746,342.33,2025-03-01,20:30
5747,363.25,2025-03-01,20:45
5748,342.88,2025-03-01,21:00
5749,358.59,2025-03-01,21:15
5750,336.38,2025-03-01,21:30
5751,304.79,2025-03-01,21:45
5752,147.87,2025-03-01,22:00
5753,282.52,2025-03-01,22:15
5754,277.95,2025-03-01,22:30
5755,225.43,2025-03-01,22:45
5756,277.0,2025-03-01,23:00
5757,331.35,2025-03-01,23:15
5758,305.82,2025-03-01,23:30
5759,298.32,2025-03-01,23:45
5760,314.81,2025-03-01,24:00
5761,332.55,2025-03-02,00:15
5762,314.29,2025-03-02,00:30
5763,350.04,2025-03-02,00:45
5764,342.39,2025-03-02,01:00
5765,344.08,2025-03-02,01:15
5766,351.24,2025-03-02,01:30
5767,380.95,2025-03-02,01:45
5768,346.11,2025-03-02,02:00
5769,395.63,2025-03-02,02:15
5770,405.08,2025-03-02,02:30
5771,378.88,2025-03-02,02:45
5772,404.95,2025-03-02,03:00
5773,417.61,2025-03-02,03:15
5774,417.75,2025-03-02,03:30
5775,440.0,2025-03-02,03:45
5776,390.96,2025-03-02,04:00
5777,400.0,2025-03-02,04:15
5778,400.0,2025-03-02,04:30
5779,410.0,2025-03-02,04:45
5780,400.0,2025-03-02,05:00
5781,400.0,2025-03-02,05:15
5782,380.0,2025-03-02,05:30
5783,400.0,2025-03-02,05:45
5784,380.0,2025-03-02,06:00
5785,400.0,2025-03-02,06:15
5786,371.37,2025-03-02,06:30
5787,410.0,2025-03-02,06:45
5788,400.0,2025-03-02,07:00
5789,400.0,2025-03-02,07:15
5790,350.0,2025-03-02,07:30
5791,410.0,2025-03-02,07:45
5792,400.0,2025-03-02,08:00
5793,449.99,2025-03-02,08:15
5794,449.99,2025-03-02,08:30
5795,449.98,2025-03-02,08:45
5796,420.73,2025-03-02,09:00
5797,411.68,2025-03-02,09:15
5798,374.82,2025-03-02,09:30
5799,385.79,2025-03-02,09:45
5800,471.67,2025-03-02,10:00
5801,476.88,2025-03-02,10:15
5802,429.7,2025-03-02,10:30
5803,412.47,2025-03-02,10:45
5804,388.46,2025-03-02,11:00
5805,274.87,2025-03-02,11:15
5806,423.54,2025-03-02,11:30
5807,341.21,2025-03-02,11:45
5808,271.05,2025-03-02,12:00
5809,355.13,2025-03-02,12:15
5810,350.96,2025-03-02,12:30
5811,184.99,2025-03-02,12:45
5812,271.1,2025-03-02,13:00
5813,404.24,2025-03-02,13:15
5814,219.88,2025-03-02,13:30
5815,221.39,2025-03-02,13:45
5816,228.67,2025-03-02,14:00
5817,227.62,2025-03-02,14:15
5818,258.72,2025-03-02,14:30
5819,353.71,2025-03-02,14:45
5820,358.5,2025-03-02,15:00
5821,340.01,2025-03-02,15:15
5822,333.99,2025-03-02,15:30
5823,380.71,2025-03-02,15:45
5824,368.8,2025-03-02,16:00
5825,384.56,2025-03-02,16:15
5826,341.3,2025-03-02,16:30
5827,371.73,2025-03-02,16:45
5828,411.56,2025-03-02,17:00
5829,454.9,2025-03-02,17:15
5830,413.1,2025-03-02,17:30
5831,416.02,2025-03-02,17:45
5832,392.27,2025-03-02,18:00
5833,377.46,2025-03-02,18:15
5834,400.18,2025-03-02,18:30
5835,399.14,2025-03-02,18:45
5836,282.12,2025-03-02,19:00
5837,323.87,2025-03-02,19:15
5838,287.4,2025-03-02,19:30
5839,268.12,2025-03-02,19:45
5840,242.24,2025-03-02,20:00
5841,274.32,2025-03-02,20:15
5842,271.46,2025-03-02,20:30
5843,288.84,2025-03-02,20:45
5844,500.0,2025-03-02,21:00
5845,580.0,2025-03-02,21:15
5846,570.0,2025-03-02,21:30
5847,550.0,2025-03-02,21:45
5848,580.0,2025-03-02,22:00
5849,590.0,2025-03-02,22:15
5850,590.0,2025-03-02,22:30
5851,580.0,2025-03-02,22:45
5852,580.0,2025-03-02,23:00
5853,580.0,2025-03-02,23:15
5854,580.0,2025-03-02,23:30
5855,570.0,2025-03-02,23:45
5856,580.0,2025-03-02,24:00
5857,600.0,2025-03-03,00:15
5858,590.0,2025-03-03,00:30
5859,600.0,2025-03-03,00:45
5860,600.0,2025-03-03,01:00
5861,600.0,2025-03-03,01:15
5862,630.0,2025-03-03,01:30
5863,650.0,2025-03-03,01:45
5864,640.0,2025-03-03,02:00
5865,650.0,2025-03-03,02:15
5866,640.0,2025-03-03,02:30
5867,650.0,2025-03-03,02:45
5868,650.0,2025-03-03,03:00
5869,650.0,2025-03-03,03:15
5870,650.0,2025-03-03,03:30
5871,650.0,2025-03-03,03:45
5872,640.0,2025-03-03,04:00
5873,600.0,2025-03-03,04:15
5874,610.0,2025-03-03,04:30
5875,620.0,2025-03-03,04:45
5876,600.0,2025-03-03,05:00
5877,610.0,2025-03-03,05:15
5878,650.0,2025-03-03,05:30
5879,650.0,2025-03-03,05:45
5880,650.0,2025-03-03,06:00
5881,650.0,2025-03-03,06:15
5882,650.0,2025-03-03,06:30
5883,650.0,2025-03-03,06:45
5884,640.0,2025-03-03,07:00
5885,650.0,2025-03-03,07:15
5886,650.0,2025-03-03,07:30
5887,650.0,2025-03-03,07:45
5888,649.99,2025-03-03,08:00
5889,649.98,2025-03-03,08:15
5890,649.97,2025-03-03,08:30
5891,619.95,2025-03-03,08:45
5892,589.94,2025-03-03,09:00
5893,469.72,2025-03-03,09:15
5894,468.74,2025-03-03,09:30
5895,403.71,2025-03-03,09:45
5896,351.62,2025-03-03,10:00
5897,392.74,2025-03-03,10:15
5898,178.9,2025-03-03,10:30
5899,157.77,2025-03-03,10:45
5900,108.22,2025-03-03,11:00
5901,173.7,2025-03-03,11:15
5902,100.74,2025-03-03,11:30
5903,94.57,2025-03-03,11:45
5904,92.63,2025-03-03,12:00
5905,116.38,2025-03-03,12:15
5906,115.36,2025-03-03,12:30
5907,115.99,2025-03-03,12:45
5908,112.48,2025-03-03,13:00
5909,65.54,2025-03-03,13:15
5910,65.4,2025-03-03,13:30
5911,47.83,2025-03-03,13:45
5912,47.96,2025-03-03,14:00
5913,47.9,2025-03-03,14:15
5914,40.0,2025-03-03,14:30
5915,40.0,2025-03-03,14:45
5916,40.0,2025-03-03,15:00
5917,40.0,2025-03-03,15:15
5918,83.76,2025-03-03,15:30
5919,40.0,2025-03-03,15:45
5920,90.02,2025-03-03,16:00
5921,78.72,2025-03-03,16:15
5922,40.0,2025-03-03,16:30
5923,184.33,2025-03-03,16:45
5924,248.2,2025-03-03,17:00
5925,310.92,2025-03-03,17:15
5926,337.2,2025-03-03,17:30
5927,303.52,2025-03-03,17:45
5928,379.56,2025-03-03,18:00
5929,360.0,2025-03-03,18:15
5930,590.0,2025-03-03,18:30
5931,620.0,2025-03-03,18:45
5932,640.0,2025-03-03,19:00
5933,630.0,2025-03-03,19:15
5934,600.0,2025-03-03,19:30
5935,600.0,2025-03-03,19:45
5936,600.0,2025-03-03,20:00
5937,590.0,2025-03-03,20:15
5938,590.0,2025-03-03,20:30
5939,590.0,2025-03-03,20:45
5940,600.0,2025-03-03,21:00
5941,600.0,2025-03-03,21:15
5942,600.0,2025-03-03,21:30
5943,600.0,2025-03-03,21:45
5944,630.0,2025-03-03,22:00
5945,620.0,2025-03-03,22:15
5946,600.0,2025-03-03,22:30
5947,600.0,2025-03-03,22:45
5948,620.0,2025-03-03,23:00
5949,630.0,2025-03-03,23:15
5950,640.0,2025-03-03,23:30
5951,640.0,2025-03-03,23:45
5952,600.0,2025-03-03,24:00
5953,650.0,2025-03-04,00:15
5954,650.0,2025-03-04,00:30
5955,650.0,2025-03-04,00:45
5956,640.0,2025-03-04,01:00
5957,630.0,2025-03-04,01:15
5958,620.0,2025-03-04,01:30
5959,600.0,2025-03-04,01:45
5960,600.0,2025-03-04,02:00
5961,580.0,2025-03-04,02:15
5962,490.0,2025-03-04,02:30
5963,450.0,2025-03-04,02:45
5964,400.0,2025-03-04,03:00
5965,359.69,2025-03-04,03:15
5966,570.0,2025-03-04,03:30
5967,590.0,2025-03-04,03:45
5968,590.0,2025-03-04,04:00
5969,600.0,2025-03-04,04:15
5970,600.0,2025-03-04,04:30
5971,600.0,2025-03-04,04:45
5972,590.0,2025-03-04,05:00
5973,490.0,2025-03-04,05:15
5974,426.9,2025-03-04,05:30
5975,540.0,2025-03-04,05:45
5976,413.6,2025-03-04,06:00
5977,489.8,2025-03-04,06:15
5978,491.69,2025-03-04,06:30
5979,399.27,2025-03-04,06:45
5980,375.05,2025-03-04,07:00
5981,543.95,2025-03-04,07:15
5982,545.08,2025-03-04,07:30
5983,516.89,2025-03-04,07:45
5984,491.44,2025-03-04,08:00
5985,411.24,2025-03-04,08:15
5986,347.91,2025-03-04,08:30
5987,284.24,2025-03-04,08:45
5988,94.42,2025-03-04,09:00
5989,83.97,2025-03-04,09:15
5990,184.83,2025-03-04,09:30
5991,166.23,2025-03-04,09:45
5992,86.68,2025-03-04,10:00
5993,171.08,2025-03-04,10:15
5994,189.78,2025-03-04,10:30
5995,296.26,2025-03-04,10:45
5996,292.51,2025-03-04,11:00
5997,311.92,2025-03-04,11:15
5998,295.21,2025-03-04,11:30
5999,274.47,2025-03-04,11:45
6000,263.24,2025-03-04,12:00
6001,251.07,2025-03-04,12:15
6002,250.87,2025-03-04,12:30
6003,251.25,2025-03-04,12:45
6004,277.93,2025-03-04,13:00
6005,223.45,2025-03-04,13:15
6006,223.77,2025-03-04,13:30
6007,261.73,2025-03-04,13:45
6008,261.06,2025-03-04,14:00
6009,219.67,2025-03-04,14:15
6010,283.3,2025-03-04,14:30
6011,299.51,2025-03-04,14:45
6012,324.14,2025-03-04,15:00
6013,305.21,2025-03-04,15:15
6014,290.58,2025-03-04,15:30
6015,250.46,2025-03-04,15:45
6016,259.76,2025-03-04,16:00
6017,320.95,2025-03-04,16:15
6018,214.82,2025-03-04,16:30
6019,315.96,2025-03-04,16:45
6020,328.81,2025-03-04,17:00
6021,380.98,2025-03-04,17:15
6022,387.37,2025-03-04,17:30
6023,426.28,2025-03-04,17:45
6024,393.45,2025-03-04,18:00
6025,398.26,2025-03-04,18:15
6026,401.54,2025-03-04,18:30
6027,414.26,2025-03-04,18:45
6028,378.39,2025-03-04,19:00
6029,398.79,2025-03-04,19:15
6030,522.09,2025-03-04,19:30
6031,525.51,2025-03-04,19:45
6032,527.43,2025-03-04,20:00
6033,528.39,2025-03-04,20:15
6034,528.25,2025-03-04,20:30
6035,433.99,2025-03-04,20:45
6036,347.98,2025-03-04,21:00
6037,423.05,2025-03-04,21:15
6038,446.33,2025-03-04,21:30
6039,488.05,2025-03-04,21:45
6040,387.55,2025-03-04,22:00
6041,363.17,2025-03-04,22:15
6042,361.7,2025-03-04,22:30
6043,363.23,2025-03-04,22:45
6044,334.21,2025-03-04,23:00
6045,356.98,2025-03-04,23:15
6046,325.0,2025-03-04,23:30
6047,313.16,2025-03-04,23:45
6048,344.72,2025-03-04,24:00
6049,364.35,2025-03-05,00:15
6050,416.91,2025-03-05,00:30
6051,339.16,2025-03-05,00:45
6052,349.13,2025-03-05,01:00
6053,355.46,2025-03-05,01:15
6054,374.74,2025-03-05,01:30
6055,580.38,2025-03-05,01:45
6056,394.63,2025-03-05,02:00
6057,386.1,2025-03-05,02:15
6058,384.5,2025-03-05,02:30
6059,383.33,2025-03-05,02:45
6060,382.87,2025-03-05,03:00
6061,383.71,2025-03-05,03:15
6062,380.56,2025-03-05,03:30
6063,380.47,2025-03-05,03:45
6064,405.94,2025-03-05,04:00
6065,415.78,2025-03-05,04:15
6066,398.72,2025-03-05,04:30
6067,399.17,2025-03-05,04:45
6068,398.79,2025-03-05,05:00
6069,399.56,2025-03-05,05:15
6070,398.81,2025-03-05,05:30
6071,400.06,2025-03-05,05:45
6072,402.5,2025-03-05,06:00
6073,429.04,2025-03-05,06:15
6074,425.36,2025-03-05,06:30
6075,425.54,2025-03-05,06:45
6076,420.07,2025-03-05,07:00
6077,483.71,2025-03-05,07:15
6078,595.58,2025-03-05,07:30
6079,587.04,2025-03-05,07:45
6080,466.78,2025-03-05,08:00
6081,419.8,2025-03-05,08:15
6082,402.01,2025-03-05,08:30
6083,312.99,2025-03-05,08:45
6084,231.86,2025-03-05,09:00
6085,414.71,2025-03-05,09:15
6086,265.09,2025-03-05,09:30
6087,334.88,2025-03-05,09:45
6088,344.17,2025-03-05,10:00
6089,349.43,2025-03-05,10:15
6090,333.76,2025-03-05,10:30
6091,318.86,2025-03-05,10:45
6092,321.79,2025-03-05,11:00
6093,347.71,2025-03-05,11:15
6094,342.48,2025-03-05,11:30
6095,333.16,2025-03-05,11:45
6096,322.43,2025-03-05,12:00
6097,307.37,2025-03-05,12:15
6098,313.43,2025-03-05,12:30
6099,304.75,2025-03-05,12:45
6100,303.95,2025-03-05,13:00
6101,306.97,2025-03-05,13:15
6102,313.41,2025-03-05,13:30
6103,315.95,2025-03-05,13:45
6104,313.92,2025-03-05,14:00
6105,328.44,2025-03-05,14:15
6106,330.42,2025-03-05,14:30
6107,333.54,2025-03-05,14:45
6108,336.62,2025-03-05,15:00
6109,326.12,2025-03-05,15:15
6110,331.7,2025-03-05,15:30
6111,331.26,2025-03-05,15:45
6112,328.79,2025-03-05,16:00
6113,327.74,2025-03-05,16:15
6114,265.88,2025-03-05,16:30
6115,348.87,2025-03-05,16:45
6116,335.53,2025-03-05,17:00
6117,345.53,2025-03-05,17:15
6118,441.32,2025-03-05,17:30
6119,420.01,2025-03-05,17:45
6120,329.78,2025-03-05,18:00
6121,286.65,2025-03-05,18:15
6122,400.0,2025-03-05,18:30
6123,516.85,2025-03-05,18:45
6124,570.0,2025-03-05,19:00
6125,553.9,2025-03-05,19:15
6126,594.09,2025-03-05,19:30
6127,600.0,2025-03-05,19:45
6128,600.0,2025-03-05,20:00
6129,600.0,2025-03-05,20:15
6130,594.15,2025-03-05,20:30
6131,594.1,2025-03-05,20:45
6132,546.15,2025-03-05,21:00
6133,524.31,2025-03-05,21:15
6134,544.06,2025-03-05,21:30
6135,477.17,2025-03-05,21:45
6136,504.33,2025-03-05,22:00
6137,538.26,2025-03-05,22:15
6138,546.22,2025-03-05,22:30
6139,593.85,2025-03-05,22:45
6140,521.94,2025-03-05,23:00
6141,511.5,2025-03-05,23:15
6142,610.0,2025-03-05,23:30
6143,548.04,2025-03-05,23:45
6144,522.37,2025-03-05,24:00
6145,498.77,2025-03-06,00:15
6146,499.37,2025-03-06,00:30
6147,590.0,2025-03-06,00:45
6148,590.0,2025-03-06,01:00
6149,562.04,2025-03-06,01:15
6150,600.0,2025-03-06,01:30
6151,590.0,2025-03-06,01:45
6152,590.0,2025-03-06,02:00
6153,515.32,2025-03-06,02:15
6154,560.0,2025-03-06,02:30
6155,548.88,2025-03-06,02:45
6156,590.0,2025-03-06,03:00
6157,590.0,2025-03-06,03:15
6158,600.0,2025-03-06,03:30
6159,600.0,2025-03-06,03:45
6160,620.0,2025-03-06,04:00
6161,640.0,2025-03-06,04:15
6162,600.0,2025-03-06,04:30
6163,610.0,2025-03-06,04:45
6164,600.0,2025-03-06,05:00
6165,600.0,2025-03-06,05:15
6166,600.0,2025-03-06,05:30
6167,610.0,2025-03-06,05:45
6168,610.0,2025-03-06,06:00
6169,620.0,2025-03-06,06:15
6170,600.0,2025-03-06,06:30
6171,600.0,2025-03-06,06:45
6172,620.0,2025-03-06,07:00
6173,650.0,2025-03-06,07:15
6174,640.0,2025-03-06,07:30
6175,620.0,2025-03-06,07:45
6176,649.99,2025-03-06,08:00
6177,599.99,2025-03-06,08:15
6178,599.98,2025-03-06,08:30
6179,599.97,2025-03-06,08:45
6180,529.97,2025-03-06,09:00
6181,489.97,2025-03-06,09:15
6182,499.96,2025-03-06,09:30
6183,399.96,2025-03-06,09:45
6184,389.96,2025-03-06,10:00
6185,452.77,2025-03-06,10:15
6186,375.75,2025-03-06,10:30
6187,358.58,2025-03-06,10:45
6188,343.49,2025-03-06,11:00
6189,343.92,2025-03-06,11:15
6190,322.7,2025-03-06,11:30
6191,174.7,2025-03-06,11:45
6192,40.0,2025-03-06,12:00
6193,40.0,2025-03-06,12:15
6194,40.0,2025-03-06,12:30
6195,40.0,2025-03-06,12:45
6196,40.0,2025-03-06,13:00
6197,40.0,2025-03-06,13:15
6198,40.0,2025-03-06,13:30
6199,40.0,2025-03-06,13:45
6200,40.0,2025-03-06,14:00
6201,162.34,2025-03-06,14:15
6202,174.56,2025-03-06,14:30
6203,226.38,2025-03-06,14:45
6204,222.42,2025-03-06,15:00
6205,222.84,2025-03-06,15:15
6206,245.52,2025-03-06,15:30
6207,311.91,2025-03-06,15:45
6208,291.73,2025-03-06,16:00
6209,294.23,2025-03-06,16:15
6210,340.98,2025-03-06,16:30
6211,359.26,2025-03-06,16:45
6212,418.52,2025-03-06,17:00
6213,444.31,2025-03-06,17:15
6214,454.17,2025-03-06,17:30
6215,411.29,2025-03-06,17:45
6216,324.84,2025-03-06,18:00
6217,286.14,2025-03-06,18:15
6218,327.98,2025-03-06,18:30
6219,467.03,2025-03-06,18:45
6220,450.0,2025-03-06,19:00
6221,590.0,2025-03-06,19:15
6222,590.0,2025-03-06,19:30
6223,590.0,2025-03-06,19:45
6224,590.0,2025-03-06,20:00
6225,590.0,2025-03-06,20:15
6226,590.0,2025-03-06,20:30
6227,600.0,2025-03-06,20:45
6228,600.0,2025-03-06,21:00
6229,600.0,2025-03-06,21:15
6230,600.0,2025-03-06,21:30
6231,620.0,2025-03-06,21:45
6232,600.0,2025-03-06,22:00
6233,600.0,2025-03-06,22:15
6234,620.0,2025-03-06,22:30
6235,620.0,2025-03-06,22:45
6236,650.0,2025-03-06,23:00
6237,650.0,2025-03-06,23:15
6238,650.0,2025-03-06,23:30
6239,650.0,2025-03-06,23:45
6240,650.0,2025-03-06,24:00
6241,650.0,2025-03-07,00:15
6242,650.0,2025-03-07,00:30
6243,650.0,2025-03-07,00:45
6244,650.0,2025-03-07,01:00
6245,650.0,2025-03-07,01:15
6246,650.0,2025-03-07,01:30
6247,650.0,2025-03-07,01:45
6248,650.0,2025-03-07,02:00
6249,650.0,2025-03-07,02:15
6250,650.0,2025-03-07,02:30
6251,650.0,2025-03-07,02:45
6252,650.0,2025-03-07,03:00
6253,650.0,2025-03-07,03:15
6254,650.0,2025-03-07,03:30
6255,650.0,2025-03-07,03:45
6256,650.0,2025-03-07,04:00
6257,650.0,2025-03-07,04:15
6258,650.0,2025-03-07,04:30
6259,650.0,2025-03-07,04:45
6260,650.0,2025-03-07,05:00
6261,650.0,2025-03-07,05:15
6262,650.0,2025-03-07,05:30
6263,650.0,2025-03-07,05:45
6264,650.0,2025-03-07,06:00
6265,650.0,2025-03-07,06:15
6266,650.0,2025-03-07,06:30
6267,650.0,2025-03-07,06:45
6268,650.0,2025-03-07,07:00
6269,650.0,2025-03-07,07:15
6270,650.0,2025-03-07,07:30
6271,649.99,2025-03-07,07:45
6272,649.99,2025-03-07,08:00
6273,649.98,2025-03-07,08:15
6274,619.97,2025-03-07,08:30
6275,599.96,2025-03-07,08:45
6276,489.95,2025-03-07,09:00
6277,379.95,2025-03-07,09:15
6278,329.95,2025-03-07,09:30
6279,241.76,2025-03-07,09:45
6280,212.52,2025-03-07,10:00
6281,170.8,2025-03-07,10:15
6282,152.99,2025-03-07,10:30
6283,96.7,2025-03-07,10:45
6284,40.0,2025-03-07,11:00
6285,85.97,2025-03-07,11:15
6286,40.0,2025-03-07,11:30
6287,40.0,2025-03-07,11:45
6288,40.0,2025-03-07,12:00
6289,40.0,2025-03-07,12:15
6290,40.0,2025-03-07,12:30
6291,40.0,2025-03-07,12:45
6292,40.0,2025-03-07,13:00
6293,40.0,2025-03-07,13:15
6294,40.0,2025-03-07,13:30
6295,40.0,2025-03-07,13:45
6296,40.0,2025-03-07,14:00
6297,40.0,2025-03-07,14:15
6298,40.0,2025-03-07,14:30
6299,40.0,2025-03-07,14:45
6300,40.0,2025-03-07,15:00
6301,40.0,2025-03-07,15:15
6302,40.0,2025-03-07,15:30
6303,40.0,2025-03-07,15:45
6304,40.0,2025-03-07,16:00
6305,162.53,2025-03-07,16:15
6306,174.49,2025-03-07,16:30
6307,224.79,2025-03-07,16:45
6308,253.45,2025-03-07,17:00
6309,386.06,2025-03-07,17:15
6310,376.08,2025-03-07,17:30
6311,353.74,2025-03-07,17:45
6312,340.35,2025-03-07,18:00
6313,330.12,2025-03-07,18:15
6314,360.0,2025-03-07,18:30
6315,589.99,2025-03-07,18:45
6316,600.0,2025-03-07,19:00
6317,640.0,2025-03-07,19:15
6318,650.0,2025-03-07,19:30
6319,650.0,2025-03-07,19:45
6320,650.0,2025-03-07,20:00
6321,650.0,2025-03-07,20:15
6322,610.0,2025-03-07,20:30
6323,610.0,2025-03-07,20:45
6324,600.0,2025-03-07,21:00
6325,620.0,2025-03-07,21:15
6326,620.0,2025-03-07,21:30
6327,610.0,2025-03-07,21:45
6328,600.0,2025-03-07,22:00
6329,600.0,2025-03-07,22:15
6330,610.0,2025-03-07,22:30
6331,620.0,2025-03-07,22:45
6332,610.0,2025-03-07,23:00
6333,610.0,2025-03-07,23:15
6334,600.0,2025-03-07,23:30
6335,600.0,2025-03-07,23:45
6336,560.0,2025-03-07,24:00
6337,600.0,2025-03-08,00:15
6338,580.0,2025-03-08,00:30
6339,490.0,2025-03-08,00:45
6340,500.0,2025-03-08,01:00
6341,400.0,2025-03-08,01:15
6342,400.0,2025-03-08,01:30
6343,380.0,2025-03-08,01:45
6344,380.0,2025-03-08,02:00
6345,360.0,2025-03-08,02:15
6346,350.0,2025-03-08,02:30
6347,330.0,2025-03-08,02:45
6348,340.0,2025-03-08,03:00
6349,330.0,2025-03-08,03:15
6350,320.0,2025-03-08,03:30
6351,310.0,2025-03-08,03:45
6352,310.0,2025-03-08,04:00
6353,300.0,2025-03-08,04:15
6354,300.0,2025-03-08,04:30
6355,310.0,2025-03-08,04:45
6356,310.0,2025-03-08,05:00
6357,320.0,2025-03-08,05:15
6358,330.0,2025-03-08,05:30
6359,350.0,2025-03-08,05:45
6360,350.0,2025-03-08,06:00
6361,350.0,2025-03-08,06:15
6362,340.0,2025-03-08,06:30
6363,340.0,2025-03-08,06:45
6364,340.0,2025-03-08,07:00
6365,340.0,2025-03-08,07:15
6366,330.0,2025-03-08,07:30
6367,330.0,2025-03-08,07:45
6368,313.04,2025-03-08,08:00
6369,332.42,2025-03-08,08:15
6370,318.79,2025-03-08,08:30
6371,143.7,2025-03-08,08:45
6372,296.26,2025-03-08,09:00
6373,40.0,2025-03-08,09:15
6374,40.0,2025-03-08,09:30
6375,40.0,2025-03-08,09:45
6376,40.0,2025-03-08,10:00
6377,40.0,2025-03-08,10:15
6378,40.0,2025-03-08,10:30
6379,40.0,2025-03-08,10:45
6380,40.0,2025-03-08,11:00
6381,40.0,2025-03-08,11:15
6382,40.0,2025-03-08,11:30
6383,40.0,2025-03-08,11:45
6384,40.0,2025-03-08,12:00
6385,40.0,2025-03-08,12:15
6386,40.0,2025-03-08,12:30
6387,40.0,2025-03-08,12:45
6388,40.0,2025-03-08,13:00
6389,40.0,2025-03-08,13:15
6390,40.0,2025-03-08,13:30
6391,40.0,2025-03-08,13:45
6392,40.0,2025-03-08,14:00
6393,40.0,2025-03-08,14:15
6394,40.0,2025-03-08,14:30
6395,40.0,2025-03-08,14:45
6396,40.0,2025-03-08,15:00
6397,40.0,2025-03-08,15:15
6398,40.0,2025-03-08,15:30
6399,40.0,2025-03-08,15:45
6400,40.0,2025-03-08,16:00
6401,40.0,2025-03-08,16:15
6402,40.0,2025-03-08,16:30
6403,40.0,2025-03-08,16:45
6404,40.0,2025-03-08,17:00
6405,301.34,2025-03-08,17:15
6406,219.32,2025-03-08,17:30
6407,156.04,2025-03-08,17:45
6408,40.0,2025-03-08,18:00
6409,225.06,2025-03-08,18:15
6410,245.08,2025-03-08,18:30
6411,245.32,2025-03-08,18:45
6412,244.96,2025-03-08,19:00
6413,193.54,2025-03-08,19:15
6414,187.66,2025-03-08,19:30
6415,160.5,2025-03-08,19:45
6416,165.63,2025-03-08,20:00
6417,210.28,2025-03-08,20:15
6418,249.51,2025-03-08,20:30
6419,297.08,2025-03-08,20:45
6420,285.0,2025-03-08,21:00
6421,298.36,2025-03-08,21:15
6422,267.02,2025-03-08,21:30
6423,248.48,2025-03-08,21:45
6424,213.73,2025-03-08,22:00
6425,283.45,2025-03-08,22:15
6426,332.0,2025-03-08,22:30
6427,282.69,2025-03-08,22:45
6428,275.42,2025-03-08,23:00
6429,507.01,2025-03-08,23:15
6430,505.18,2025-03-08,23:30
6431,453.2,2025-03-08,23:45
6432,368.45,2025-03-08,24:00
6433,414.42,2025-03-09,00:15
6434,442.4,2025-03-09,00:30
6435,555.72,2025-03-09,00:45
6436,574.73,2025-03-09,01:00
6437,565.45,2025-03-09,01:15
6438,536.23,2025-03-09,01:30
6439,569.2,2025-03-09,01:45
6440,585.33,2025-03-09,02:00
6441,518.5,2025-03-09,02:15
6442,491.51,2025-03-09,02:30
6443,573.29,2025-03-09,02:45
6444,563.49,2025-03-09,03:00
6445,592.23,2025-03-09,03:15
6446,580.0,2025-03-09,03:30
6447,600.0,2025-03-09,03:45
6448,600.0,2025-03-09,04:00
6449,620.0,2025-03-09,04:15
6450,610.0,2025-03-09,04:30
6451,650.0,2025-03-09,04:45
6452,610.0,2025-03-09,05:00
6453,620.0,2025-03-09,05:15
6454,600.0,2025-03-09,05:30
6455,600.0,2025-03-09,05:45
6456,600.0,2025-03-09,06:00
6457,620.0,2025-03-09,06:15
6458,650.0,2025-03-09,06:30
6459,620.0,2025-03-09,06:45
6460,620.0,2025-03-09,07:00
6461,650.0,2025-03-09,07:15
6462,650.0,2025-03-09,07:30
6463,649.99,2025-03-09,07:45
6464,649.99,2025-03-09,08:00
6465,649.98,2025-03-09,08:15
6466,649.97,2025-03-09,08:30
6467,599.96,2025-03-09,08:45
6468,389.96,2025-03-09,09:00
6469,149.98,2025-03-09,09:15
6470,108.65,2025-03-09,09:30
6471,189.97,2025-03-09,09:45
6472,167.97,2025-03-09,10:00
6473,167.06,2025-03-09,10:15
6474,40.0,2025-03-09,10:30
6475,40.0,2025-03-09,10:45
6476,160.32,2025-03-09,11:00
6477,40.0,2025-03-09,11:15
6478,40.0,2025-03-09,11:30
6479,40.0,2025-03-09,11:45
6480,40.0,2025-03-09,12:00
6481,40.0,2025-03-09,12:15
6482,40.0,2025-03-09,12:30
6483,40.0,2025-03-09,12:45
6484,40.0,2025-03-09,13:00
6485,40.0,2025-03-09,13:15
6486,40.0,2025-03-09,13:30
6487,40.0,2025-03-09,13:45
6488,40.0,2025-03-09,14:00
6489,40.0,2025-03-09,14:15
6490,40.0,2025-03-09,14:30
6491,40.0,2025-03-09,14:45
6492,40.43,2025-03-09,15:00
6493,40.41,2025-03-09,15:15
6494,40.41,2025-03-09,15:30
6495,40.41,2025-03-09,15:45
6496,40.0,2025-03-09,16:00
6497,175.34,2025-03-09,16:15
6498,229.36,2025-03-09,16:30
6499,321.73,2025-03-09,16:45
6500,329.9,2025-03-09,17:00
6501,373.1,2025-03-09,17:15
6502,367.82,2025-03-09,17:30
6503,361.06,2025-03-09,17:45
6504,474.33,2025-03-09,18:00
6505,472.01,2025-03-09,18:15
6506,478.72,2025-03-09,18:30
6507,483.5,2025-03-09,18:45
6508,488.44,2025-03-09,19:00
6509,460.77,2025-03-09,19:15
6510,460.76,2025-03-09,19:30
6511,454.65,2025-03-09,19:45
6512,441.8,2025-03-09,20:00
6513,466.18,2025-03-09,20:15
6514,650.0,2025-03-09,20:30
6515,650.0,2025-03-09,20:45
6516,580.0,2025-03-09,21:00
6517,550.0,2025-03-09,21:15
6518,600.0,2025-03-09,21:30
6519,600.0,2025-03-09,21:45
6520,620.0,2025-03-09,22:00
6521,650.0,2025-03-09,22:15
6522,640.0,2025-03-09,22:30
6523,650.0,2025-03-09,22:45
6524,650.0,2025-03-09,23:00
6525,650.0,2025-03-09,23:15
6526,650.0,2025-03-09,23:30
6527,650.0,2025-03-09,23:45
6528,620.0,2025-03-09,24:00
6529,640.0,2025-03-10,00:15
6530,646.45,2025-03-10,00:30
6531,370.79,2025-03-10,00:45
6532,412.67,2025-03-10,01:00
6533,422.97,2025-03-10,01:15
6534,461.6,2025-03-10,01:30
6535,462.44,2025-03-10,01:45
6536,378.07,2025-03-10,02:00
6537,569.5,2025-03-10,02:15
6538,560.18,2025-03-10,02:30
6539,570.85,2025-03-10,02:45
6540,570.71,2025-03-10,03:00
6541,570.14,2025-03-10,03:15
6542,569.57,2025-03-10,03:30
6543,568.59,2025-03-10,03:45
6544,548.72,2025-03-10,04:00
6545,616.87,2025-03-10,04:15
6546,641.56,2025-03-10,04:30
6547,580.0,2025-03-10,04:45
6548,550.0,2025-03-10,05:00
6549,550.0,2025-03-10,05:15
6550,550.0,2025-03-10,05:30
6551,550.0,2025-03-10,05:45
6552,450.0,2025-03-10,06:00
6553,400.0,2025-03-10,06:15
6554,459.86,2025-03-10,06:30
6555,620.0,2025-03-10,06:45
6556,580.0,2025-03-10,07:00
6557,600.0,2025-03-10,07:15
6558,600.0,2025-03-10,07:30
6559,599.99,2025-03-10,07:45
6560,599.99,2025-03-10,08:00
6561,599.98,2025-03-10,08:15
6562,599.97,2025-03-10,08:30
6563,439.96,2025-03-10,08:45
6564,349.96,2025-03-10,09:00
6565,339.95,2025-03-10,09:15
6566,300.19,2025-03-10,09:30
6567,180.28,2025-03-10,09:45
6568,40.0,2025-03-10,10:00
6569,40.0,2025-03-10,10:15
6570,40.0,2025-03-10,10:30
6571,40.0,2025-03-10,10:45
6572,40.0,2025-03-10,11:00
6573,40.0,2025-03-10,11:15
6574,40.0,2025-03-10,11:30
6575,40.0,2025-03-10,11:45
6576,40.0,2025-03-10,12:00
6577,40.0,2025-03-10,12:15
6578,40.0,2025-03-10,12:30
6579,40.0,2025-03-10,12:45
6580,40.0,2025-03-10,13:00
6581,40.0,2025-03-10,13:15
6582,40.0,2025-03-10,13:30
6583,40.0,2025-03-10,13:45
6584,40.0,2025-03-10,14:00
6585,40.0,2025-03-10,14:15
6586,40.0,2025-03-10,14:30
6587,40.0,2025-03-10,14:45
6588,40.0,2025-03-10,15:00
6589,40.0,2025-03-10,15:15
6590,40.0,2025-03-10,15:30
6591,40.0,2025-03-10,15:45
6592,40.0,2025-03-10,16:00
6593,40.0,2025-03-10,16:15
6594,187.41,2025-03-10,16:30
6595,324.5,2025-03-10,16:45
6596,219.9,2025-03-10,17:00
6597,384.33,2025-03-10,17:15
6598,382.53,2025-03-10,17:30
6599,378.23,2025-03-10,17:45
6600,333.01,2025-03-10,18:00
6601,361.11,2025-03-10,18:15
6602,390.0,2025-03-10,18:30
6603,441.74,2025-03-10,18:45
6604,407.33,2025-03-10,19:00
6605,405.81,2025-03-10,19:15
6606,383.56,2025-03-10,19:30
6607,376.53,2025-03-10,19:45
6608,376.64,2025-03-10,20:00
6609,270.05,2025-03-10,20:15
6610,272.01,2025-03-10,20:30
6611,356.18,2025-03-10,20:45
6612,321.42,2025-03-10,21:00
6613,323.36,2025-03-10,21:15
6614,341.89,2025-03-10,21:30
6615,465.22,2025-03-10,21:45
6616,461.23,2025-03-10,22:00
6617,552.74,2025-03-10,22:15
6618,586.62,2025-03-10,22:30
6619,586.64,2025-03-10,22:45
6620,552.25,2025-03-10,23:00
6621,568.1,2025-03-10,23:15
6622,569.52,2025-03-10,23:30
6623,569.79,2025-03-10,23:45
6624,569.12,2025-03-10,24:00
6625,583.63,2025-03-11,00:15
6626,543.47,2025-03-11,00:30
6627,564.95,2025-03-11,00:45
6628,584.33,2025-03-11,01:00
6629,575.24,2025-03-11,01:15
6630,578.03,2025-03-11,01:30
6631,590.0,2025-03-11,01:45
6632,580.0,2025-03-11,02:00
6633,590.0,2025-03-11,02:15
6634,590.0,2025-03-11,02:30
6635,550.0,2025-03-11,02:45
6636,530.0,2025-03-11,03:00
6637,550.0,2025-03-11,03:15
6638,500.0,2025-03-11,03:30
6639,490.0,2025-03-11,03:45
6640,450.0,2025-03-11,04:00
6641,590.0,2025-03-11,04:15
6642,590.0,2025-03-11,04:30
6643,600.0,2025-03-11,04:45
6644,600.0,2025-03-11,05:00
6645,600.0,2025-03-11,05:15
6646,590.0,2025-03-11,05:30
6647,600.0,2025-03-11,05:45
6648,590.0,2025-03-11,06:00
6649,590.0,2025-03-11,06:15
6650,530.0,2025-03-11,06:30
6651,461.19,2025-03-11,06:45
6652,460.58,2025-03-11,07:00
6653,460.25,2025-03-11,07:15
6654,497.6,2025-03-11,07:30
6655,554.49,2025-03-11,07:45
6656,564.71,2025-03-11,08:00
6657,584.29,2025-03-11,08:15
6658,565.8,2025-03-11,08:30
6659,557.61,2025-03-11,08:45
6660,521.22,2025-03-11,09:00
6661,162.29,2025-03-11,09:15
6662,143.77,2025-03-11,09:30
6663,40.0,2025-03-11,09:45
6664,40.37,2025-03-11,10:00
6665,40.0,2025-03-11,10:15
6666,40.0,2025-03-11,10:30
6667,40.0,2025-03-11,10:45
6668,40.0,2025-03-11,11:00
6669,40.0,2025-03-11,11:15
6670,40.0,2025-03-11,11:30
6671,40.0,2025-03-11,11:45
6672,40.0,2025-03-11,12:00
6673,40.0,2025-03-11,12:15
6674,40.0,2025-03-11,12:30
6675,40.0,2025-03-11,12:45
6676,40.0,2025-03-11,13:00
6677,40.0,2025-03-11,13:15
6678,40.0,2025-03-11,13:30
6679,40.0,2025-03-11,13:45
6680,40.0,2025-03-11,14:00
6681,40.0,2025-03-11,14:15
6682,40.0,2025-03-11,14:30
6683,40.0,2025-03-11,14:45
6684,40.0,2025-03-11,15:00
6685,40.0,2025-03-11,15:15
6686,40.0,2025-03-11,15:30
6687,40.0,2025-03-11,15:45
6688,40.0,2025-03-11,16:00
6689,40.0,2025-03-11,16:15
6690,40.0,2025-03-11,16:30
6691,40.54,2025-03-11,16:45
6692,40.58,2025-03-11,17:00
6693,40.0,2025-03-11,17:15
6694,219.48,2025-03-11,17:30
6695,40.0,2025-03-11,17:45
6696,40.0,2025-03-11,18:00
6697,140.0,2025-03-11,18:15
6698,399.99,2025-03-11,18:30
6699,489.99,2025-03-11,18:45
6700,620.0,2025-03-11,19:00
6701,650.0,2025-03-11,19:15
6702,640.0,2025-03-11,19:30
6703,650.0,2025-03-11,19:45
6704,600.0,2025-03-11,20:00
6705,610.0,2025-03-11,20:15
6706,640.0,2025-03-11,20:30
6707,600.0,2025-03-11,20:45
6708,650.0,2025-03-11,21:00
6709,650.0,2025-03-11,21:15
6710,650.0,2025-03-11,21:30
6711,650.0,2025-03-11,21:45
6712,650.0,2025-03-11,22:00
6713,640.0,2025-03-11,22:15
6714,600.0,2025-03-11,22:30
6715,600.0,2025-03-11,22:45
6716,600.0,2025-03-11,23:00
6717,600.0,2025-03-11,23:15
6718,600.0,2025-03-11,23:30
6719,600.0,2025-03-11,23:45
6720,580.0,2025-03-11,24:00
6721,650.0,2025-03-12,00:15
6722,650.0,2025-03-12,00:30
6723,620.0,2025-03-12,00:45
6724,630.0,2025-03-12,01:00
6725,620.0,2025-03-12,01:15
6726,600.0,2025-03-12,01:30
6727,620.0,2025-03-12,01:45
6728,610.0,2025-03-12,02:00
6729,610.0,2025-03-12,02:15
6730,620.0,2025-03-12,02:30
6731,630.0,2025-03-12,02:45
6732,620.0,2025-03-12,03:00
6733,620.0,2025-03-12,03:15
6734,640.0,2025-03-12,03:30
6735,600.0,2025-03-12,03:45
6736,620.0,2025-03-12,04:00
6737,600.0,2025-03-12,04:15
6738,620.0,2025-03-12,04:30
6739,620.0,2025-03-12,04:45
6740,600.0,2025-03-12,05:00
6741,590.0,2025-03-12,05:15
6742,580.0,2025-03-12,05:30
6743,590.0,2025-03-12,05:45
6744,530.0,2025-03-12,06:00
6745,530.0,2025-03-12,06:15
6746,580.0,2025-03-12,06:30
6747,590.0,2025-03-12,06:45
6748,590.0,2025-03-12,07:00
6749,600.0,2025-03-12,07:15
6750,600.0,2025-03-12,07:30
6751,599.99,2025-03-12,07:45
6752,599.99,2025-03-12,08:00
6753,609.98,2025-03-12,08:15
6754,579.97,2025-03-12,08:30
6755,439.97,2025-03-12,08:45
6756,379.97,2025-03-12,09:00
6757,349.97,2025-03-12,09:15
6758,289.97,2025-03-12,09:30
6759,299.96,2025-03-12,09:45
6760,313.85,2025-03-12,10:00
6761,184.23,2025-03-12,10:15
6762,180.07,2025-03-12,10:30
6763,160.39,2025-03-12,10:45
6764,179.58,2025-03-12,11:00
6765,293.75,2025-03-12,11:15
6766,205.12,2025-03-12,11:30
6767,40.0,2025-03-12,11:45
6768,40.0,2025-03-12,12:00
6769,40.0,2025-03-12,12:15
6770,106.3,2025-03-12,12:30
6771,161.89,2025-03-12,12:45
6772,40.0,2025-03-12,13:00
6773,40.0,2025-03-12,13:15
6774,40.0,2025-03-12,13:30
6775,40.0,2025-03-12,13:45
6776,40.0,2025-03-12,14:00
6777,102.96,2025-03-12,14:15
6778,173.96,2025-03-12,14:30
6779,190.11,2025-03-12,14:45
6780,197.86,2025-03-12,15:00
6781,198.59,2025-03-12,15:15
6782,191.48,2025-03-12,15:30
6783,114.11,2025-03-12,15:45
6784,198.9,2025-03-12,16:00
6785,112.6,2025-03-12,16:15
6786,217.29,2025-03-12,16:30
6787,258.53,2025-03-12,16:45
6788,314.01,2025-03-12,17:00
6789,410.26,2025-03-12,17:15
6790,407.9,2025-03-12,17:30
6791,386.7,2025-03-12,17:45
6792,426.27,2025-03-12,18:00
6793,434.48,2025-03-12,18:15
6794,444.53,2025-03-12,18:30
6795,449.86,2025-03-12,18:45
6796,456.22,2025-03-12,19:00
6797,490.75,2025-03-12,19:15
6798,443.6,2025-03-12,19:30
6799,494.98,2025-03-12,19:45
6800,440.11,2025-03-12,20:00
6801,489.97,2025-03-12,20:15
6802,474.09,2025-03-12,20:30
6803,435.46,2025-03-12,20:45
6804,509.98,2025-03-12,21:00
6805,502.61,2025-03-12,21:15
6806,488.33,2025-03-12,21:30
6807,511.44,2025-03-12,21:45
6808,492.8,2025-03-12,22:00
6809,477.65,2025-03-12,22:15
6810,459.43,2025-03-12,22:30
6811,348.07,2025-03-12,22:45
6812,339.9,2025-03-12,23:00
6813,394.19,2025-03-12,23:15
6814,346.54,2025-03-12,23:30
6815,348.39,2025-03-12,23:45
6816,416.14,2025-03-12,24:00
6817,341.81,2025-03-13,00:15
6818,339.88,2025-03-13,00:30
6819,469.87,2025-03-13,00:45
6820,472.22,2025-03-13,01:00
6821,431.07,2025-03-13,01:15
6822,426.55,2025-03-13,01:30
6823,405.87,2025-03-13,01:45
6824,473.3,2025-03-13,02:00
6825,448.49,2025-03-13,02:15
6826,458.58,2025-03-13,02:30
6827,447.23,2025-03-13,02:45
6828,481.09,2025-03-13,03:00
6829,487.51,2025-03-13,03:15
6830,432.31,2025-03-13,03:30
6831,434.64,2025-03-13,03:45
6832,442.69,2025-03-13,04:00
6833,430.8,2025-03-13,04:15
6834,423.48,2025-03-13,04:30
6835,394.05,2025-03-13,04:45
6836,429.2,2025-03-13,05:00
6837,467.96,2025-03-13,05:15
6838,462.03,2025-03-13,05:30
6839,458.01,2025-03-13,05:45
6840,449.51,2025-03-13,06:00
6841,445.86,2025-03-13,06:15
6842,431.87,2025-03-13,06:30
6843,447.33,2025-03-13,06:45
6844,427.3,2025-03-13,07:00
6845,424.21,2025-03-13,07:15
6846,423.78,2025-03-13,07:30
6847,401.77,2025-03-13,07:45
6848,425.04,2025-03-13,08:00
6849,402.49,2025-03-13,08:15
6850,400.43,2025-03-13,08:30
6851,423.42,2025-03-13,08:45
6852,311.88,2025-03-13,09:00
6853,358.31,2025-03-13,09:15
6854,206.28,2025-03-13,09:30
6855,40.0,2025-03-13,09:45
6856,179.68,2025-03-13,10:00
6857,271.96,2025-03-13,10:15
6858,203.85,2025-03-13,10:30
6859,180.32,2025-03-13,10:45
6860,152.3,2025-03-13,11:00
6861,111.41,2025-03-13,11:15
6862,189.15,2025-03-13,11:30
6863,40.0,2025-03-13,11:45
6864,40.0,2025-03-13,12:00
6865,40.0,2025-03-13,12:15
6866,40.0,2025-03-13,12:30
6867,40.0,2025-03-13,12:45
6868,40.0,2025-03-13,13:00
6869,194.51,2025-03-13,13:15
6870,40.0,2025-03-13,13:30
6871,40.0,2025-03-13,13:45
6872,40.0,2025-03-13,14:00
6873,40.0,2025-03-13,14:15
6874,40.0,2025-03-13,14:30
6875,40.0,2025-03-13,14:45
6876,40.0,2025-03-13,15:00
6877,164.92,2025-03-13,15:15
6878,103.27,2025-03-13,15:30
6879,40.0,2025-03-13,15:45
6880,40.0,2025-03-13,16:00
6881,324.26,2025-03-13,16:15
6882,361.27,2025-03-13,16:30
6883,382.73,2025-03-13,16:45
6884,375.09,2025-03-13,17:00
6885,387.55,2025-03-13,17:15
6886,410.66,2025-03-13,17:30
6887,420.52,2025-03-13,17:45
6888,484.43,2025-03-13,18:00
6889,481.57,2025-03-13,18:15
6890,498.71,2025-03-13,18:30
6891,509.48,2025-03-13,18:45
6892,501.68,2025-03-13,19:00
6893,475.76,2025-03-13,19:15
6894,502.66,2025-03-13,19:30
6895,398.11,2025-03-13,19:45
6896,436.47,2025-03-13,20:00
6897,436.78,2025-03-13,20:15
6898,406.04,2025-03-13,20:30
6899,388.41,2025-03-13,20:45
6900,446.1,2025-03-13,21:00
6901,447.01,2025-03-13,21:15
6902,435.9,2025-03-13,21:30
6903,464.45,2025-03-13,21:45
6904,457.13,2025-03-13,22:00
6905,459.26,2025-03-13,22:15
6906,465.41,2025-03-13,22:30
6907,464.82,2025-03-13,22:45
6908,440.86,2025-03-13,23:00
6909,440.17,2025-03-13,23:15
6910,400.87,2025-03-13,23:30
6911,397.76,2025-03-13,23:45
6912,417.09,2025-03-13,24:00
6913,369.84,2025-03-14,00:15
6914,405.25,2025-03-14,00:30
6915,406.93,2025-03-14,00:45
6916,584.03,2025-03-14,01:00
6917,380.35,2025-03-14,01:15
6918,406.45,2025-03-14,01:30
6919,399.31,2025-03-14,01:45
6920,388.95,2025-03-14,02:00
6921,486.67,2025-03-14,02:15
6922,462.37,2025-03-14,02:30
6923,421.79,2025-03-14,02:45
6924,419.9,2025-03-14,03:00
6925,420.96,2025-03-14,03:15
6926,416.85,2025-03-14,03:30
6927,428.13,2025-03-14,03:45
6928,426.55,2025-03-14,04:00
6929,416.65,2025-03-14,04:15
6930,426.57,2025-03-14,04:30
6931,430.84,2025-03-14,04:45
6932,451.99,2025-03-14,05:00
6933,450.58,2025-03-14,05:15
6934,436.0,2025-03-14,05:30
6935,429.32,2025-03-14,05:45
6936,429.84,2025-03-14,06:00
6937,463.34,2025-03-14,06:15
6938,458.14,2025-03-14,06:30
6939,451.79,2025-03-14,06:45
6940,417.4,2025-03-14,07:00
6941,424.12,2025-03-14,07:15
6942,368.95,2025-03-14,07:30
6943,358.37,2025-03-14,07:45
6944,430.29,2025-03-14,08:00
6945,386.8,2025-03-14,08:15
6946,391.59,2025-03-14,08:30
6947,330.12,2025-03-14,08:45
6948,399.95,2025-03-14,09:00
6949,439.97,2025-03-14,09:15
6950,434.8,2025-03-14,09:30
6951,339.97,2025-03-14,09:45
6952,314.56,2025-03-14,10:00
6953,308.45,2025-03-14,10:15
6954,306.5,2025-03-14,10:30
6955,359.8,2025-03-14,10:45
6956,346.03,2025-03-14,11:00
6957,198.99,2025-03-14,11:15
6958,166.67,2025-03-14,11:30
6959,109.68,2025-03-14,11:45
6960,224.14,2025-03-14,12:00
6961,309.33,2025-03-14,12:15
6962,220.14,2025-03-14,12:30
6963,173.85,2025-03-14,12:45
6964,168.48,2025-03-14,13:00
6965,216.95,2025-03-14,13:15
6966,163.39,2025-03-14,13:30
6967,296.29,2025-03-14,13:45
6968,285.21,2025-03-14,14:00
6969,226.18,2025-03-14,14:15
6970,226.11,2025-03-14,14:30
6971,221.37,2025-03-14,14:45
6972,221.03,2025-03-14,15:00
6973,101.54,2025-03-14,15:15
6974,196.13,2025-03-14,15:30
6975,307.18,2025-03-14,15:45
6976,315.42,2025-03-14,16:00
6977,320.7,2025-03-14,16:15
6978,325.98,2025-03-14,16:30
6979,321.28,2025-03-14,16:45
6980,392.3,2025-03-14,17:00
6981,501.6,2025-03-14,17:15
6982,479.39,2025-03-14,17:30
6983,439.17,2025-03-14,17:45
6984,446.4,2025-03-14,18:00
6985,508.59,2025-03-14,18:15
6986,493.6,2025-03-14,18:30
6987,480.26,2025-03-14,18:45
6988,550.87,2025-03-14,19:00
6989,545.86,2025-03-14,19:15
6990,421.21,2025-03-14,19:30
6991,460.52,2025-03-14,19:45
6992,421.49,2025-03-14,20:00
6993,480.76,2025-03-14,20:15
6994,420.92,2025-03-14,20:30
6995,378.71,2025-03-14,20:45
6996,403.44,2025-03-14,21:00
6997,363.61,2025-03-14,21:15
6998,323.32,2025-03-14,21:30
6999,328.9,2025-03-14,21:45
7000,359.26,2025-03-14,22:00
7001,295.31,2025-03-14,22:15
7002,245.39,2025-03-14,22:30
7003,40.0,2025-03-14,22:45
7004,261.27,2025-03-14,23:00
7005,271.17,2025-03-14,23:15
7006,212.09,2025-03-14,23:30
7007,41.54,2025-03-14,23:45
7008,41.56,2025-03-14,24:00
7009,293.05,2025-03-15,00:15
7010,275.05,2025-03-15,00:30
7011,283.74,2025-03-15,00:45
7012,301.42,2025-03-15,01:00
7013,342.44,2025-03-15,01:15
7014,385.4,2025-03-15,01:30
7015,385.65,2025-03-15,01:45
7016,384.75,2025-03-15,02:00
7017,453.39,2025-03-15,02:15
7018,385.78,2025-03-15,02:30
7019,386.09,2025-03-15,02:45
7020,344.33,2025-03-15,03:00
7021,262.61,2025-03-15,03:15
7022,288.07,2025-03-15,03:30
7023,293.07,2025-03-15,03:45
7024,340.04,2025-03-15,04:00
7025,324.08,2025-03-15,04:15
7026,417.8,2025-03-15,04:30
7027,440.4,2025-03-15,04:45
7028,441.98,2025-03-15,05:00
7029,429.29,2025-03-15,05:15
7030,438.89,2025-03-15,05:30
7031,431.44,2025-03-15,05:45
7032,425.99,2025-03-15,06:00
7033,517.93,2025-03-15,06:15
7034,518.25,2025-03-15,06:30
7035,517.75,2025-03-15,06:45
7036,529.63,2025-03-15,07:00
7037,529.73,2025-03-15,07:15
7038,519.26,2025-03-15,07:30
7039,466.48,2025-03-15,07:45
7040,441.92,2025-03-15,08:00
7041,544.04,2025-03-15,08:15
7042,565.49,2025-03-15,08:30
7043,533.55,2025-03-15,08:45
7044,300.29,2025-03-15,09:00
7045,170.33,2025-03-15,09:15
7046,40.0,2025-03-15,09:30
7047,159.29,2025-03-15,09:45
7048,179.05,2025-03-15,10:00
7049,182.72,2025-03-15,10:15
7050,177.02,2025-03-15,10:30
7051,166.8,2025-03-15,10:45
7052,108.2,2025-03-15,11:00
7053,103.23,2025-03-15,11:15
7054,40.0,2025-03-15,11:30
7055,40.0,2025-03-15,11:45
7056,40.0,2025-03-15,12:00
7057,40.0,2025-03-15,12:15
7058,40.0,2025-03-15,12:30
7059,40.0,2025-03-15,12:45
7060,40.0,2025-03-15,13:00
7061,40.0,2025-03-15,13:15
7062,40.0,2025-03-15,13:30
7063,40.0,2025-03-15,13:45
7064,40.0,2025-03-15,14:00
7065,40.0,2025-03-15,14:15
7066,40.0,2025-03-15,14:30
7067,40.0,2025-03-15,14:45
7068,40.0,2025-03-15,15:00
7069,40.0,2025-03-15,15:15
7070,40.0,2025-03-15,15:30
7071,40.0,2025-03-15,15:45
7072,40.0,2025-03-15,16:00
7073,40.0,2025-03-15,16:15
7074,40.0,2025-03-15,16:30
7075,105.4,2025-03-15,16:45
7076,169.93,2025-03-15,17:00
7077,181.8,2025-03-15,17:15
7078,208.29,2025-03-15,17:30
7079,235.1,2025-03-15,17:45
7080,282.66,2025-03-15,18:00
7081,265.86,2025-03-15,18:15
7082,128.27,2025-03-15,18:30
7083,233.63,2025-03-15,18:45
7084,399.33,2025-03-15,19:00
7085,489.16,2025-03-15,19:15
7086,536.03,2025-03-15,19:30
7087,530.47,2025-03-15,19:45
7088,521.94,2025-03-15,20:00
7089,521.29,2025-03-15,20:15
7090,520.19,2025-03-15,20:30
7091,518.51,2025-03-15,20:45
7092,516.91,2025-03-15,21:00
7093,524.77,2025-03-15,21:15
7094,524.82,2025-03-15,21:30
7095,398.13,2025-03-15,21:45
7096,400.93,2025-03-15,22:00
7097,400.29,2025-03-15,22:15
7098,403.91,2025-03-15,22:30
7099,416.6,2025-03-15,22:45
7100,410.61,2025-03-15,23:00
7101,447.73,2025-03-15,23:15
7102,437.21,2025-03-15,23:30
7103,445.49,2025-03-15,23:45
7104,453.15,2025-03-15,24:00
7105,534.65,2025-03-16,00:15
7106,533.12,2025-03-16,00:30
7107,562.91,2025-03-16,00:45
7108,571.88,2025-03-16,01:00
7109,512.93,2025-03-16,01:15
7110,369.71,2025-03-16,01:30
7111,381.48,2025-03-16,01:45
7112,374.47,2025-03-16,02:00
7113,584.71,2025-03-16,02:15
7114,594.21,2025-03-16,02:30
7115,575.84,2025-03-16,02:45
7116,585.02,2025-03-16,03:00
7117,473.72,2025-03-16,03:15
7118,594.31,2025-03-16,03:30
7119,594.42,2025-03-16,03:45
7120,594.39,2025-03-16,04:00
7121,592.72,2025-03-16,04:15
7122,592.62,2025-03-16,04:30
7123,590.77,2025-03-16,04:45
7124,589.93,2025-03-16,05:00
7125,571.37,2025-03-16,05:15
7126,482.06,2025-03-16,05:30
7127,589.22,2025-03-16,05:45
7128,579.05,2025-03-16,06:00
7129,488.46,2025-03-16,06:15
7130,491.87,2025-03-16,06:30
7131,494.04,2025-03-16,06:45
7132,487.89,2025-03-16,07:00
7133,597.1,2025-03-16,07:15
7134,586.92,2025-03-16,07:30
7135,549.66,2025-03-16,07:45
7136,570.3,2025-03-16,08:00
7137,449.93,2025-03-16,08:15
7138,367.93,2025-03-16,08:30
7139,554.57,2025-03-16,08:45
7140,576.26,2025-03-16,09:00
7141,180.18,2025-03-16,09:15
7142,182.05,2025-03-16,09:30
7143,210.67,2025-03-16,09:45
7144,196.23,2025-03-16,10:00
7145,302.86,2025-03-16,10:15
7146,278.83,2025-03-16,10:30
7147,252.79,2025-03-16,10:45
7148,270.54,2025-03-16,11:00
7149,187.9,2025-03-16,11:15
7150,196.98,2025-03-16,11:30
7151,144.27,2025-03-16,11:45
7152,40.0,2025-03-16,12:00
7153,40.0,2025-03-16,12:15
7154,40.0,2025-03-16,12:30
7155,40.0,2025-03-16,12:45
7156,40.0,2025-03-16,13:00
7157,155.23,2025-03-16,13:15
7158,148.05,2025-03-16,13:30
7159,40.39,2025-03-16,13:45
7160,40.0,2025-03-16,14:00
7161,40.0,2025-03-16,14:15
7162,40.0,2025-03-16,14:30
7163,40.0,2025-03-16,14:45
7164,83.32,2025-03-16,15:00
7165,40.0,2025-03-16,15:15
7166,122.22,2025-03-16,15:30
7167,224.88,2025-03-16,15:45
7168,257.37,2025-03-16,16:00
7169,133.09,2025-03-16,16:15
7170,102.94,2025-03-16,16:30
7171,40.0,2025-03-16,16:45
7172,40.0,2025-03-16,17:00
7173,168.18,2025-03-16,17:15
7174,84.92,2025-03-16,17:30
7175,40.0,2025-03-16,17:45
7176,383.05,2025-03-16,18:00
7177,349.99,2025-03-16,18:15
7178,529.99,2025-03-16,18:30
7179,649.99,2025-03-16,18:45
7180,650.0,2025-03-16,19:00
7181,650.0,2025-03-16,19:15
7182,650.0,2025-03-16,19:30
7183,640.07,2025-03-16,19:45
7184,640.33,2025-03-16,20:00
7185,630.0,2025-03-16,20:15
7186,640.0,2025-03-16,20:30
7187,630.0,2025-03-16,20:45
7188,650.0,2025-03-16,21:00
7189,640.0,2025-03-16,21:15
7190,650.0,2025-03-16,21:30
7191,650.0,2025-03-16,21:45
7192,650.0,2025-03-16,22:00
7193,650.0,2025-03-16,22:15
7194,650.0,2025-03-16,22:30
7195,650.0,2025-03-16,22:45
7196,610.81,2025-03-16,23:00
7197,601.09,2025-03-16,23:15
7198,630.44,2025-03-16,23:30
7199,630.47,2025-03-16,23:45
7200,640.24,2025-03-16,24:00
7201,650.0,2025-03-17,00:15
7202,650.0,2025-03-17,00:30
7203,650.0,2025-03-17,00:45
7204,650.0,2025-03-17,01:00
7205,650.0,2025-03-17,01:15
7206,650.0,2025-03-17,01:30
7207,650.0,2025-03-17,01:45
7208,650.0,2025-03-17,02:00
7209,650.0,2025-03-17,02:15
7210,650.0,2025-03-17,02:30
7211,650.0,2025-03-17,02:45
7212,650.0,2025-03-17,03:00
7213,650.0,2025-03-17,03:15
7214,650.0,2025-03-17,03:30
7215,650.0,2025-03-17,03:45
7216,650.0,2025-03-17,04:00
7217,650.0,2025-03-17,04:15
7218,650.0,2025-03-17,04:30
7219,650.0,2025-03-17,04:45
7220,650.0,2025-03-17,05:00
7221,650.0,2025-03-17,05:15
7222,650.0,2025-03-17,05:30
7223,650.0,2025-03-17,05:45
7224,650.0,2025-03-17,06:00
7225,650.0,2025-03-17,06:15
7226,650.0,2025-03-17,06:30
7227,623.29,2025-03-17,06:45
7228,621.63,2025-03-17,07:00
7229,621.38,2025-03-17,07:15
7230,649.99,2025-03-17,07:30
7231,649.99,2025-03-17,07:45
7232,649.98,2025-03-17,08:00
7233,590.25,2025-03-17,08:15
7234,599.96,2025-03-17,08:30
7235,579.95,2025-03-17,08:45
7236,529.94,2025-03-17,09:00
7237,329.05,2025-03-17,09:15
7238,299.95,2025-03-17,09:30
7239,326.48,2025-03-17,09:45
7240,261.49,2025-03-17,10:00
7241,221.42,2025-03-17,10:15
7242,40.0,2025-03-17,10:30
7243,40.0,2025-03-17,10:45
7244,40.0,2025-03-17,11:00
7245,40.0,2025-03-17,11:15
7246,40.0,2025-03-17,11:30
7247,40.0,2025-03-17,11:45
7248,40.0,2025-03-17,12:00
7249,40.0,2025-03-17,12:15
7250,40.0,2025-03-17,12:30
7251,40.0,2025-03-17,12:45
7252,108.93,2025-03-17,13:00
7253,118.42,2025-03-17,13:15
7254,40.0,2025-03-17,13:30
7255,40.0,2025-03-17,13:45
7256,40.0,2025-03-17,14:00
7257,40.0,2025-03-17,14:15
7258,40.0,2025-03-17,14:30
7259,40.0,2025-03-17,14:45
7260,40.0,2025-03-17,15:00
7261,111.65,2025-03-17,15:15
7262,93.01,2025-03-17,15:30
7263,239.89,2025-03-17,15:45
7264,40.0,2025-03-17,16:00
7265,151.09,2025-03-17,16:15
7266,173.21,2025-03-17,16:30
7267,203.89,2025-03-17,16:45
7268,40.0,2025-03-17,17:00
7269,421.49,2025-03-17,17:15
7270,40.0,2025-03-17,17:30
7271,355.35,2025-03-17,17:45
7272,376.55,2025-03-17,18:00
7273,40.0,2025-03-17,18:15
7274,387.12,2025-03-17,18:30
7275,550.0,2025-03-17,18:45
7276,550.0,2025-03-17,19:00
7277,550.0,2025-03-17,19:15
7278,550.37,2025-03-17,19:30
7279,541.12,2025-03-17,19:45
7280,550.65,2025-03-17,20:00
7281,550.34,2025-03-17,20:15
7282,550.34,2025-03-17,20:30
7283,590.2,2025-03-17,20:45
7284,550.44,2025-03-17,21:00
7285,580.31,2025-03-17,21:15
7286,550.44,2025-03-17,21:30
7287,580.31,2025-03-17,21:45
7288,600.22,2025-03-17,22:00
7289,600.06,2025-03-17,22:15
7290,600.03,2025-03-17,22:30
7291,600.02,2025-03-17,22:45
7292,550.01,2025-03-17,23:00
7293,590.01,2025-03-17,23:15
7294,580.01,2025-03-17,23:30
7295,550.01,2025-03-17,23:45
7296,600.01,2025-03-17,24:00
7297,580.01,2025-03-18,00:15
7298,580.01,2025-03-18,00:30
7299,599.65,2025-03-18,00:45
7300,600.0,2025-03-18,01:00
7301,590.01,2025-03-18,01:15
7302,580.01,2025-03-18,01:30
7303,590.01,2025-03-18,01:45
7304,590.01,2025-03-18,02:00
7305,590.01,2025-03-18,02:15
7306,580.01,2025-03-18,02:30
7307,590.0,2025-03-18,02:45
7308,600.0,2025-03-18,03:00
7309,590.0,2025-03-18,03:15
7310,607.21,2025-03-18,03:30
7311,607.09,2025-03-18,03:45
7312,607.03,2025-03-18,04:00
7313,598.58,2025-03-18,04:15
7314,598.61,2025-03-18,04:30
7315,598.85,2025-03-18,04:45
7316,550.0,2025-03-18,05:00
7317,600.01,2025-03-18,05:15
7318,600.01,2025-03-18,05:30
7319,590.01,2025-03-18,05:45
7320,620.0,2025-03-18,06:00
7321,650.0,2025-03-18,06:15
7322,650.0,2025-03-18,06:30
7323,650.0,2025-03-18,06:45
7324,640.0,2025-03-18,07:00
7325,630.03,2025-03-18,07:15
7326,630.04,2025-03-18,07:30
7327,634.72,2025-03-18,07:45
7328,550.22,2025-03-18,08:00
7329,585.87,2025-03-18,08:15
7330,589.97,2025-03-18,08:30
7331,599.44,2025-03-18,08:45
7332,594.5,2025-03-18,09:00
7333,497.58,2025-03-18,09:15
7334,315.87,2025-03-18,09:30
7335,40.0,2025-03-18,09:45
7336,299.04,2025-03-18,10:00
7337,377.22,2025-03-18,10:15
7338,382.32,2025-03-18,10:30
7339,227.72,2025-03-18,10:45
7340,197.29,2025-03-18,11:00
7341,123.09,2025-03-18,11:15
7342,204.75,2025-03-18,11:30
7343,130.03,2025-03-18,11:45
7344,40.0,2025-03-18,12:00
7345,177.28,2025-03-18,12:15
7346,173.97,2025-03-18,12:30
7347,40.0,2025-03-18,12:45
7348,40.0,2025-03-18,13:00
7349,177.97,2025-03-18,13:15
7350,107.59,2025-03-18,13:30
7351,149.81,2025-03-18,13:45
7352,40.0,2025-03-18,14:00
7353,40.0,2025-03-18,14:15
7354,40.0,2025-03-18,14:30
7355,40.0,2025-03-18,14:45
7356,40.0,2025-03-18,15:00
7357,40.0,2025-03-18,15:15
7358,40.0,2025-03-18,15:30
7359,95.19,2025-03-18,15:45
7360,170.22,2025-03-18,16:00
7361,184.81,2025-03-18,16:15
7362,179.9,2025-03-18,16:30
7363,40.0,2025-03-18,16:45
7364,209.91,2025-03-18,17:00
7365,314.0,2025-03-18,17:15
7366,327.47,2025-03-18,17:30
7367,278.54,2025-03-18,17:45
7368,363.24,2025-03-18,18:00
7369,392.86,2025-03-18,18:15
7370,447.9,2025-03-18,18:30
7371,430.56,2025-03-18,18:45
7372,420.25,2025-03-18,19:00
7373,447.48,2025-03-18,19:15
7374,590.07,2025-03-18,19:30
7375,501.4,2025-03-18,19:45
7376,484.56,2025-03-18,20:00
7377,467.75,2025-03-18,20:15
7378,499.37,2025-03-18,20:30
7379,487.44,2025-03-18,20:45
7380,476.52,2025-03-18,21:00
7381,547.23,2025-03-18,21:15
7382,550.83,2025-03-18,21:30
7383,550.81,2025-03-18,21:45
7384,580.29,2025-03-18,22:00
7385,580.27,2025-03-18,22:15
7386,580.27,2025-03-18,22:30
7387,584.59,2025-03-18,22:45
7388,584.41,2025-03-18,23:00
7389,593.77,2025-03-18,23:15
7390,599.41,2025-03-18,23:30
7391,620.0,2025-03-18,23:45
7392,620.0,2025-03-18,24:00
7393,607.73,2025-03-19,00:15
7394,600.0,2025-03-19,00:30
7395,620.0,2025-03-19,00:45
7396,610.01,2025-03-19,01:00
7397,620.0,2025-03-19,01:15
7398,620.0,2025-03-19,01:30
7399,610.01,2025-03-19,01:45
7400,610.0,2025-03-19,02:00
7401,620.0,2025-03-19,02:15
7402,600.0,2025-03-19,02:30
7403,600.01,2025-03-19,02:45
7404,600.0,2025-03-19,03:00
7405,600.0,2025-03-19,03:15
7406,610.0,2025-03-19,03:30
7407,600.0,2025-03-19,03:45
7408,600.0,2025-03-19,04:00
7409,600.01,2025-03-19,04:15
7410,600.0,2025-03-19,04:30
7411,590.01,2025-03-19,04:45
7412,590.01,2025-03-19,05:00
7413,610.0,2025-03-19,05:15
7414,600.0,2025-03-19,05:30
7415,610.01,2025-03-19,05:45
7416,640.0,2025-03-19,06:00
7417,650.0,2025-03-19,06:15
7418,650.0,2025-03-19,06:30
7419,650.0,2025-03-19,06:45
7420,620.0,2025-03-19,07:00
7421,620.04,2025-03-19,07:15
7422,630.03,2025-03-19,07:30
7423,620.05,2025-03-19,07:45
7424,590.19,2025-03-19,08:00
7425,600.24,2025-03-19,08:15
7426,599.96,2025-03-19,08:30
7427,589.95,2025-03-19,08:45
7428,399.96,2025-03-19,09:00
7429,274.82,2025-03-19,09:15
7430,390.79,2025-03-19,09:30
7431,321.12,2025-03-19,09:45
7432,288.55,2025-03-19,10:00
7433,325.33,2025-03-19,10:15
7434,271.83,2025-03-19,10:30
7435,198.79,2025-03-19,10:45
7436,40.0,2025-03-19,11:00
7437,40.36,2025-03-19,11:15
7438,40.38,2025-03-19,11:30
7439,40.39,2025-03-19,11:45
7440,40.4,2025-03-19,12:00
7441,40.0,2025-03-19,12:15
7442,40.0,2025-03-19,12:30
7443,40.0,2025-03-19,12:45
7444,40.0,2025-03-19,13:00
7445,40.0,2025-03-19,13:15
7446,40.0,2025-03-19,13:30
7447,40.0,2025-03-19,13:45
7448,40.0,2025-03-19,14:00
7449,40.0,2025-03-19,14:15
7450,87.52,2025-03-19,14:30
7451,88.23,2025-03-19,14:45
7452,40.61,2025-03-19,15:00
7453,40.61,2025-03-19,15:15
7454,40.0,2025-03-19,15:30
7455,40.98,2025-03-19,15:45
7456,40.0,2025-03-19,16:00
7457,40.0,2025-03-19,16:15
7458,41.0,2025-03-19,16:30
7459,40.0,2025-03-19,16:45
7460,89.05,2025-03-19,17:00
7461,348.49,2025-03-19,17:15
7462,309.07,2025-03-19,17:30
7463,352.19,2025-03-19,17:45
7464,360.76,2025-03-19,18:00
7465,435.1,2025-03-19,18:15
7466,400.0,2025-03-19,18:30
7467,530.0,2025-03-19,18:45
7468,600.0,2025-03-19,19:00
7469,650.0,2025-03-19,19:15
7470,650.0,2025-03-19,19:30
7471,650.0,2025-03-19,19:45
7472,640.04,2025-03-19,20:00
7473,650.0,2025-03-19,20:15
7474,640.05,2025-03-19,20:30
7475,630.14,2025-03-19,20:45
7476,620.13,2025-03-19,21:00
7477,620.13,2025-03-19,21:15
7478,620.13,2025-03-19,21:30
7479,610.14,2025-03-19,21:45
7480,600.18,2025-03-19,22:00
7481,600.18,2025-03-19,22:15
7482,620.11,2025-03-19,22:30
7483,620.0,2025-03-19,22:45
7484,600.01,2025-03-19,23:00
7485,620.0,2025-03-19,23:15
7486,620.0,2025-03-19,23:30
7487,620.0,2025-03-19,23:45
7488,600.01,2025-03-19,24:00
7489,600.0,2025-03-20,00:15
7490,600.01,2025-03-20,00:30
7491,618.4,2025-03-20,00:45
7492,620.0,2025-03-20,01:00
7493,610.0,2025-03-20,01:15
7494,600.01,2025-03-20,01:30
7495,600.01,2025-03-20,01:45
7496,600.01,2025-03-20,02:00
7497,584.23,2025-03-20,02:15
7498,530.24,2025-03-20,02:30
7499,524.6,2025-03-20,02:45
7500,525.45,2025-03-20,03:00
7501,534.74,2025-03-20,03:15
7502,480.07,2025-03-20,03:30
7503,470.56,2025-03-20,03:45
7504,472.31,2025-03-20,04:00
7505,490.77,2025-03-20,04:15
7506,518.28,2025-03-20,04:30
7507,489.17,2025-03-20,04:45
7508,519.0,2025-03-20,05:00
7509,528.37,2025-03-20,05:15
7510,505.23,2025-03-20,05:30
7511,505.3,2025-03-20,05:45
7512,506.73,2025-03-20,06:00
7513,535.32,2025-03-20,06:15
7514,538.49,2025-03-20,06:30
7515,509.79,2025-03-20,06:45
7516,511.56,2025-03-20,07:00
7517,507.58,2025-03-20,07:15
7518,500.58,2025-03-20,07:30
7519,490.33,2025-03-20,07:45
7520,494.49,2025-03-20,08:00
7521,428.33,2025-03-20,08:15
7522,473.79,2025-03-20,08:30
7523,439.97,2025-03-20,08:45
7524,219.95,2025-03-20,09:00
7525,258.0,2025-03-20,09:15
7526,233.24,2025-03-20,09:30
7527,236.33,2025-03-20,09:45
7528,213.98,2025-03-20,10:00
7529,180.92,2025-03-20,10:15
7530,178.37,2025-03-20,10:30
7531,187.55,2025-03-20,10:45
7532,179.0,2025-03-20,11:00
7533,179.7,2025-03-20,11:15
7534,174.47,2025-03-20,11:30
7535,123.75,2025-03-20,11:45
7536,41.14,2025-03-20,12:00
7537,41.12,2025-03-20,12:15
7538,40.4,2025-03-20,12:30
7539,40.0,2025-03-20,12:45
7540,41.15,2025-03-20,13:00
7541,40.73,2025-03-20,13:15
7542,40.74,2025-03-20,13:30
7543,40.74,2025-03-20,13:45
7544,40.74,2025-03-20,14:00
7545,40.71,2025-03-20,14:15
7546,40.71,2025-03-20,14:30
7547,40.7,2025-03-20,14:45
7548,163.4,2025-03-20,15:00
7549,40.71,2025-03-20,15:15
7550,40.0,2025-03-20,15:30
7551,196.11,2025-03-20,15:45
7552,215.2,2025-03-20,16:00
7553,263.11,2025-03-20,16:15
7554,250.5,2025-03-20,16:30
7555,195.31,2025-03-20,16:45
7556,241.65,2025-03-20,17:00
7557,307.8,2025-03-20,17:15
7558,329.43,2025-03-20,17:30
7559,336.64,2025-03-20,17:45
7560,442.29,2025-03-20,18:00
7561,421.47,2025-03-20,18:15
7562,463.86,2025-03-20,18:30
7563,463.28,2025-03-20,18:45
7564,525.2,2025-03-20,19:00
7565,600.0,2025-03-20,19:15
7566,599.8,2025-03-20,19:30
7567,514.36,2025-03-20,19:45
7568,522.71,2025-03-20,20:00
7569,590.46,2025-03-20,20:15
7570,575.84,2025-03-20,20:30
7571,521.11,2025-03-20,20:45
7572,590.27,2025-03-20,21:00
7573,590.28,2025-03-20,21:15
7574,575.48,2025-03-20,21:30
7575,590.27,2025-03-20,21:45
7576,583.21,2025-03-20,22:00
7577,522.42,2025-03-20,22:15
7578,525.03,2025-03-20,22:30
7579,576.5,2025-03-20,22:45
7580,558.87,2025-03-20,23:00
7581,600.01,2025-03-20,23:15
7582,600.01,2025-03-20,23:30
7583,590.01,2025-03-20,23:45
7584,572.26,2025-03-20,24:00
7585,571.61,2025-03-21,00:15
7586,597.34,2025-03-21,00:30
7587,566.67,2025-03-21,00:45
7588,600.01,2025-03-21,01:00
7589,600.01,2025-03-21,01:15
7590,600.01,2025-03-21,01:30
7591,600.01,2025-03-21,01:45
7592,600.01,2025-03-21,02:00
7593,600.17,2025-03-21,02:15
7594,600.01,2025-03-21,02:30
7595,600.01,2025-03-21,02:45
7596,586.18,2025-03-21,03:00
7597,593.18,2025-03-21,03:15
7598,595.96,2025-03-21,03:30
7599,610.09,2025-03-21,03:45
7600,600.01,2025-03-21,04:00
7601,600.01,2025-03-21,04:15
7602,600.0,2025-03-21,04:30
7603,600.01,2025-03-21,04:45
7604,600.01,2025-03-21,05:00
7605,600.01,2025-03-21,05:15
7606,600.01,2025-03-21,05:30
7607,600.01,2025-03-21,05:45
7608,600.01,2025-03-21,06:00
7609,600.01,2025-03-21,06:15
7610,600.01,2025-03-21,06:30
7611,600.01,2025-03-21,06:45
7612,600.01,2025-03-21,07:00
7613,620.0,2025-03-21,07:15
7614,649.99,2025-03-21,07:30
7615,649.99,2025-03-21,07:45
7616,640.0,2025-03-21,08:00
7617,610.14,2025-03-21,08:15
7618,609.97,2025-03-21,08:30
7619,549.96,2025-03-21,08:45
7620,449.96,2025-03-21,09:00
7621,399.95,2025-03-21,09:15
7622,309.96,2025-03-21,09:30
7623,280.59,2025-03-21,09:45
7624,41.06,2025-03-21,10:00
7625,40.0,2025-03-21,10:15
7626,40.0,2025-03-21,10:30
7627,40.0,2025-03-21,10:45
7628,40.0,2025-03-21,11:00
7629,114.48,2025-03-21,11:15
7630,40.0,2025-03-21,11:30
7631,40.0,2025-03-21,11:45
7632,40.0,2025-03-21,12:00
7633,40.0,2025-03-21,12:15
7634,40.0,2025-03-21,12:30
7635,40.0,2025-03-21,12:45
7636,40.0,2025-03-21,13:00
7637,40.0,2025-03-21,13:15
7638,40.0,2025-03-21,13:30
7639,40.0,2025-03-21,13:45
7640,40.0,2025-03-21,14:00
7641,40.0,2025-03-21,14:15
7642,40.0,2025-03-21,14:30
7643,40.0,2025-03-21,14:45
7644,40.44,2025-03-21,15:00
7645,40.44,2025-03-21,15:15
7646,99.42,2025-03-21,15:30
7647,162.45,2025-03-21,15:45
7648,182.46,2025-03-21,16:00
7649,223.87,2025-03-21,16:15
7650,233.3,2025-03-21,16:30
7651,300.84,2025-03-21,16:45
7652,299.02,2025-03-21,17:00
7653,303.86,2025-03-21,17:15
7654,313.95,2025-03-21,17:30
7655,346.3,2025-03-21,17:45
7656,345.63,2025-03-21,18:00
7657,380.49,2025-03-21,18:15
7658,385.36,2025-03-21,18:30
7659,390.21,2025-03-21,18:45
7660,386.0,2025-03-21,19:00
7661,551.03,2025-03-21,19:15
7662,565.6,2025-03-21,19:30
7663,586.3,2025-03-21,19:45
7664,568.1,2025-03-21,20:00
7665,558.32,2025-03-21,20:15
7666,558.74,2025-03-21,20:30
7667,454.76,2025-03-21,20:45
7668,453.82,2025-03-21,21:00
7669,415.87,2025-03-21,21:15
7670,342.26,2025-03-21,21:30
7671,417.43,2025-03-21,21:45
7672,432.26,2025-03-21,22:00
7673,367.8,2025-03-21,22:15
7674,398.31,2025-03-21,22:30
7675,375.28,2025-03-21,22:45
7676,369.52,2025-03-21,23:00
7677,363.48,2025-03-21,23:15
7678,564.49,2025-03-21,23:30
7679,528.98,2025-03-21,23:45
7680,508.14,2025-03-21,24:00
7681,357.6,2025-03-22,00:15
7682,360.02,2025-03-22,00:30
7683,366.95,2025-03-22,00:45
7684,430.33,2025-03-22,01:00
7685,431.98,2025-03-22,01:15
7686,431.78,2025-03-22,01:30
7687,420.84,2025-03-22,01:45
7688,416.19,2025-03-22,02:00
7689,410.42,2025-03-22,02:15
7690,391.88,2025-03-22,02:30
7691,402.08,2025-03-22,02:45
7692,385.66,2025-03-22,03:00
7693,390.81,2025-03-22,03:15
7694,377.27,2025-03-22,03:30
7695,368.42,2025-03-22,03:45
7696,362.32,2025-03-22,04:00
7697,364.87,2025-03-22,04:15
7698,360.22,2025-03-22,04:30
7699,358.03,2025-03-22,04:45
7700,358.67,2025-03-22,05:00
7701,343.86,2025-03-22,05:15
7702,343.67,2025-03-22,05:30
7703,345.73,2025-03-22,05:45
7704,360.88,2025-03-22,06:00
7705,365.28,2025-03-22,06:15
7706,361.57,2025-03-22,06:30
7707,364.26,2025-03-22,06:45
7708,345.86,2025-03-22,07:00
7709,296.75,2025-03-22,07:15
7710,266.31,2025-03-22,07:30
7711,298.17,2025-03-22,07:45
7712,327.13,2025-03-22,08:00
7713,379.85,2025-03-22,08:15
7714,71.58,2025-03-22,08:30
7715,40.0,2025-03-22,08:45
7716,137.78,2025-03-22,09:00
7717,187.68,2025-03-22,09:15
7718,190.42,2025-03-22,09:30
7719,149.16,2025-03-22,09:45
7720,147.01,2025-03-22,10:00
7721,126.0,2025-03-22,10:15
7722,114.88,2025-03-22,10:30
7723,40.0,2025-03-22,10:45
7724,40.0,2025-03-22,11:00
7725,40.0,2025-03-22,11:15
7726,40.0,2025-03-22,11:30
7727,40.0,2025-03-22,11:45
7728,40.0,2025-03-22,12:00
7729,40.0,2025-03-22,12:15
7730,40.0,2025-03-22,12:30
7731,40.0,2025-03-22,12:45
7732,40.0,2025-03-22,13:00
7733,40.0,2025-03-22,13:15
7734,40.0,2025-03-22,13:30
7735,40.0,2025-03-22,13:45
7736,40.0,2025-03-22,14:00
7737,40.0,2025-03-22,14:15
7738,40.0,2025-03-22,14:30
7739,40.0,2025-03-22,14:45
7740,40.0,2025-03-22,15:00
7741,82.37,2025-03-22,15:15
7742,210.45,2025-03-22,15:30
7743,233.87,2025-03-22,15:45
7744,223.16,2025-03-22,16:00
7745,181.74,2025-03-22,16:15
7746,209.68,2025-03-22,16:30
7747,320.01,2025-03-22,16:45
7748,328.67,2025-03-22,17:00
7749,312.38,2025-03-22,17:15
7750,266.57,2025-03-22,17:30
7751,269.69,2025-03-22,17:45
7752,256.11,2025-03-22,18:00
7753,264.04,2025-03-22,18:15
7754,279.29,2025-03-22,18:30
7755,301.41,2025-03-22,18:45
7756,362.75,2025-03-22,19:00
7757,390.0,2025-03-22,19:15
7758,355.22,2025-03-22,19:30
7759,523.19,2025-03-22,19:45
7760,430.33,2025-03-22,20:00
7761,399.66,2025-03-22,20:15
7762,399.23,2025-03-22,20:30
7763,513.21,2025-03-22,20:45
7764,487.12,2025-03-22,21:00
7765,522.15,2025-03-22,21:15
7766,516.49,2025-03-22,21:30
7767,490.95,2025-03-22,21:45
7768,518.6,2025-03-22,22:00
7769,448.42,2025-03-22,22:15
7770,485.81,2025-03-22,22:30
7771,447.31,2025-03-22,22:45
7772,376.57,2025-03-22,23:00
7773,377.27,2025-03-22,23:15
7774,379.49,2025-03-22,23:30
7775,383.15,2025-03-22,23:45
7776,375.39,2025-03-22,24:00
7777,357.8,2025-03-23,00:15
7778,343.24,2025-03-23,00:30
7779,393.3,2025-03-23,00:45
7780,493.76,2025-03-23,01:00
7781,457.13,2025-03-23,01:15
7782,505.32,2025-03-23,01:30
7783,407.25,2025-03-23,01:45
7784,379.74,2025-03-23,02:00
7785,380.32,2025-03-23,02:15
7786,338.16,2025-03-23,02:30
7787,261.99,2025-03-23,02:45
7788,336.41,2025-03-23,03:00
7789,252.81,2025-03-23,03:15
7790,40.0,2025-03-23,03:30
7791,243.81,2025-03-23,03:45
7792,130.07,2025-03-23,04:00
7793,113.64,2025-03-23,04:15
7794,113.62,2025-03-23,04:30
7795,40.0,2025-03-23,04:45
7796,40.0,2025-03-23,05:00
7797,40.0,2025-03-23,05:15
7798,40.0,2025-03-23,05:30
7799,40.0,2025-03-23,05:45
7800,40.0,2025-03-23,06:00
7801,40.0,2025-03-23,06:15
7802,486.45,2025-03-23,06:30
7803,93.67,2025-03-23,06:45
7804,93.58,2025-03-23,07:00
7805,40.1,2025-03-23,07:15
7806,40.35,2025-03-23,07:30
7807,40.99,2025-03-23,07:45
7808,40.0,2025-03-23,08:00
7809,40.0,2025-03-23,08:15
7810,40.0,2025-03-23,08:30
7811,40.0,2025-03-23,08:45
7812,40.0,2025-03-23,09:00
7813,40.0,2025-03-23,09:15
7814,40.0,2025-03-23,09:30
7815,40.0,2025-03-23,09:45
7816,40.0,2025-03-23,10:00
7817,40.0,2025-03-23,10:15
7818,40.0,2025-03-23,10:30
7819,40.0,2025-03-23,10:45
7820,40.0,2025-03-23,11:00
7821,40.0,2025-03-23,11:15
7822,40.0,2025-03-23,11:30
7823,40.0,2025-03-23,11:45
7824,40.0,2025-03-23,12:00
7825,40.0,2025-03-23,12:15
7826,40.0,2025-03-23,12:30
7827,40.0,2025-03-23,12:45
7828,40.0,2025-03-23,13:00
7829,40.0,2025-03-23,13:15
7830,40.0,2025-03-23,13:30
7831,40.0,2025-03-23,13:45
7832,40.0,2025-03-23,14:00
7833,40.0,2025-03-23,14:15
7834,40.0,2025-03-23,14:30
7835,40.0,2025-03-23,14:45
7836,40.0,2025-03-23,15:00
7837,40.0,2025-03-23,15:15
7838,40.0,2025-03-23,15:30
7839,40.0,2025-03-23,15:45
7840,40.0,2025-03-23,16:00
7841,40.0,2025-03-23,16:15
7842,40.0,2025-03-23,16:30
7843,40.0,2025-03-23,16:45
7844,40.0,2025-03-23,17:00
7845,40.0,2025-03-23,17:15
7846,40.0,2025-03-23,17:30
7847,40.0,2025-03-23,17:45
7848,40.0,2025-03-23,18:00
7849,40.0,2025-03-23,18:15
7850,40.0,2025-03-23,18:30
7851,145.33,2025-03-23,18:45
7852,198.61,2025-03-23,19:00
7853,40.72,2025-03-23,19:15
7854,40.0,2025-03-23,19:30
7855,40.7,2025-03-23,19:45
7856,292.74,2025-03-23,20:00
7857,283.57,2025-03-23,20:15
7858,355.44,2025-03-23,20:30
7859,488.29,2025-03-23,20:45
7860,518.06,2025-03-23,21:00
7861,494.16,2025-03-23,21:15
7862,495.39,2025-03-23,21:30
7863,389.25,2025-03-23,21:45
7864,339.36,2025-03-23,22:00
7865,257.91,2025-03-23,22:15
7866,335.01,2025-03-23,22:30
7867,253.99,2025-03-23,22:45
7868,281.45,2025-03-23,23:00
7869,199.23,2025-03-23,23:15
7870,94.49,2025-03-23,23:30
7871,87.62,2025-03-23,23:45
7872,40.0,2025-03-23,24:00
7873,347.33,2025-03-24,00:15
7874,40.0,2025-03-24,00:30
7875,264.71,2025-03-24,00:45
7876,274.4,2025-03-24,01:00
7877,353.51,2025-03-24,01:15
7878,355.74,2025-03-24,01:30
7879,297.1,2025-03-24,01:45
7880,314.34,2025-03-24,02:00
7881,183.58,2025-03-24,02:15
7882,314.16,2025-03-24,02:30
7883,341.87,2025-03-24,02:45
7884,298.36,2025-03-24,03:00
7885,392.71,2025-03-24,03:15
7886,445.89,2025-03-24,03:30
7887,303.22,2025-03-24,03:45
7888,302.33,2025-03-24,04:00
7889,322.49,2025-03-24,04:15
7890,306.16,2025-03-24,04:30
7891,302.79,2025-03-24,04:45
7892,253.04,2025-03-24,05:00
7893,298.4,2025-03-24,05:15
7894,313.42,2025-03-24,05:30
7895,296.57,2025-03-24,05:45
7896,225.24,2025-03-24,06:00
7897,353.59,2025-03-24,06:15
7898,348.05,2025-03-24,06:30
7899,353.87,2025-03-24,06:45
7900,375.31,2025-03-24,07:00
7901,369.79,2025-03-24,07:15
7902,559.65,2025-03-24,07:30
7903,43.37,2025-03-24,07:45
7904,380.66,2025-03-24,08:00
7905,431.08,2025-03-24,08:15
7906,40.0,2025-03-24,08:30
7907,40.0,2025-03-24,08:45
7908,40.0,2025-03-24,09:00
7909,40.0,2025-03-24,09:15
7910,40.0,2025-03-24,09:30
7911,40.0,2025-03-24,09:45
7912,40.0,2025-03-24,10:00
7913,82.34,2025-03-24,10:15
7914,40.0,2025-03-24,10:30
7915,40.0,2025-03-24,10:45
7916,40.0,2025-03-24,11:00
7917,40.0,2025-03-24,11:15
7918,40.0,2025-03-24,11:30
7919,40.0,2025-03-24,11:45
7920,40.0,2025-03-24,12:00
7921,40.0,2025-03-24,12:15
7922,40.0,2025-03-24,12:30
7923,40.0,2025-03-24,12:45
7924,40.0,2025-03-24,13:00
7925,40.0,2025-03-24,13:15
7926,40.0,2025-03-24,13:30
7927,40.0,2025-03-24,13:45
7928,40.0,2025-03-24,14:00
7929,40.0,2025-03-24,14:15
7930,40.0,2025-03-24,14:30
7931,40.0,2025-03-24,14:45
7932,40.0,2025-03-24,15:00
7933,40.0,2025-03-24,15:15
7934,40.0,2025-03-24,15:30
7935,40.0,2025-03-24,15:45
7936,40.0,2025-03-24,16:00
7937,40.0,2025-03-24,16:15
7938,40.0,2025-03-24,16:30
7939,146.91,2025-03-24,16:45
7940,150.87,2025-03-24,17:00
7941,40.0,2025-03-24,17:15
7942,204.01,2025-03-24,17:30
7943,277.72,2025-03-24,17:45
7944,207.18,2025-03-24,18:00
7945,40.0,2025-03-24,18:15
7946,40.0,2025-03-24,18:30
7947,40.0,2025-03-24,18:45
7948,40.0,2025-03-24,19:00
7949,40.0,2025-03-24,19:15
7950,278.5,2025-03-24,19:30
7951,314.64,2025-03-24,19:45
7952,405.56,2025-03-24,20:00
7953,363.74,2025-03-24,20:15
7954,361.42,2025-03-24,20:30
7955,277.2,2025-03-24,20:45
7956,284.04,2025-03-24,21:00
7957,40.0,2025-03-24,21:15
7958,40.0,2025-03-24,21:30
7959,40.0,2025-03-24,21:45
7960,310.0,2025-03-24,22:00
7961,310.0,2025-03-24,22:15
7962,310.0,2025-03-24,22:30
7963,310.0,2025-03-24,22:45
7964,600.0,2025-03-24,23:00
7965,610.0,2025-03-24,23:15
7966,600.0,2025-03-24,23:30
7967,600.0,2025-03-24,23:45
7968,600.0,2025-03-24,24:00
7969,520.0,2025-03-25,00:15
7970,440.0,2025-03-25,00:30
7971,520.0,2025-03-25,00:45
7972,600.0,2025-03-25,01:00
7973,600.0,2025-03-25,01:15
7974,600.0,2025-03-25,01:30
7975,600.0,2025-03-25,01:45
7976,580.0,2025-03-25,02:00
7977,590.0,2025-03-25,02:15
7978,600.0,2025-03-25,02:30
7979,600.0,2025-03-25,02:45
7980,600.0,2025-03-25,03:00
7981,600.0,2025-03-25,03:15
7982,600.0,2025-03-25,03:30
7983,600.0,2025-03-25,03:45
7984,600.0,2025-03-25,04:00
7985,600.0,2025-03-25,04:15
7986,600.0,2025-03-25,04:30
7987,600.0,2025-03-25,04:45
7988,580.0,2025-03-25,05:00
7989,547.43,2025-03-25,05:15
7990,558.38,2025-03-25,05:30
7991,549.52,2025-03-25,05:45
7992,522.35,2025-03-25,06:00
7993,524.24,2025-03-25,06:15
7994,566.0,2025-03-25,06:30
7995,588.76,2025-03-25,06:45
7996,568.59,2025-03-25,07:00
7997,569.44,2025-03-25,07:15
7998,378.67,2025-03-25,07:30
7999,293.3,2025-03-25,07:45
8000,150.0,2025-03-25,08:00
8001,370.52,2025-03-25,08:15
8002,286.4,2025-03-25,08:30
8003,139.99,2025-03-25,08:45
8004,274.34,2025-03-25,09:00
8005,139.99,2025-03-25,09:15
8006,40.0,2025-03-25,09:30
8007,40.0,2025-03-25,09:45
8008,40.0,2025-03-25,10:00
8009,176.58,2025-03-25,10:15
8010,283.67,2025-03-25,10:30
8011,185.76,2025-03-25,10:45
8012,40.0,2025-03-25,11:00
8013,163.96,2025-03-25,11:15
8014,80.05,2025-03-25,11:30
8015,40.0,2025-03-25,11:45
8016,40.0,2025-03-25,12:00
8017,40.0,2025-03-25,12:15
8018,40.0,2025-03-25,12:30
8019,40.0,2025-03-25,12:45
8020,40.0,2025-03-25,13:00
8021,40.0,2025-03-25,13:15
8022,40.0,2025-03-25,13:30
8023,40.0,2025-03-25,13:45
8024,40.0,2025-03-25,14:00
8025,40.0,2025-03-25,14:15
8026,40.0,2025-03-25,14:30
8027,40.0,2025-03-25,14:45
8028,40.0,2025-03-25,15:00
8029,40.0,2025-03-25,15:15
8030,40.0,2025-03-25,15:30
8031,40.0,2025-03-25,15:45
8032,87.55,2025-03-25,16:00
8033,40.0,2025-03-25,16:15
8034,40.0,2025-03-25,16:30
8035,40.0,2025-03-25,16:45
8036,40.0,2025-03-25,17:00
8037,173.52,2025-03-25,17:15
8038,40.0,2025-03-25,17:30
8039,40.0,2025-03-25,17:45
8040,40.0,2025-03-25,18:00
8041,40.0,2025-03-25,18:15
8042,40.0,2025-03-25,18:30
8043,40.0,2025-03-25,18:45
8044,40.0,2025-03-25,19:00
8045,40.0,2025-03-25,19:15
8046,40.15,2025-03-25,19:30
8047,40.11,2025-03-25,19:45
8048,40.69,2025-03-25,20:00
8049,42.68,2025-03-25,20:15
8050,42.62,2025-03-25,20:30
8051,42.64,2025-03-25,20:45
8052,40.0,2025-03-25,21:00
8053,40.0,2025-03-25,21:15
8054,40.0,2025-03-25,21:30
8055,40.0,2025-03-25,21:45
8056,40.06,2025-03-25,22:00
8057,456.04,2025-03-25,22:15
8058,42.08,2025-03-25,22:30
8059,40.07,2025-03-25,22:45
8060,40.07,2025-03-25,23:00
8061,40.07,2025-03-25,23:15
8062,40.07,2025-03-25,23:30
8063,40.07,2025-03-25,23:45
8064,40.0,2025-03-25,24:00
8065,40.07,2025-03-26,00:15
8066,40.07,2025-03-26,00:30
8067,197.15,2025-03-26,00:45
8068,272.78,2025-03-26,01:00
8069,337.03,2025-03-26,01:15
8070,246.47,2025-03-26,01:30
8071,222.4,2025-03-26,01:45
8072,215.79,2025-03-26,02:00
8073,204.67,2025-03-26,02:15
8074,212.64,2025-03-26,02:30
8075,40.0,2025-03-26,02:45
8076,40.0,2025-03-26,03:00
8077,108.42,2025-03-26,03:15
8078,208.62,2025-03-26,03:30
8079,210.52,2025-03-26,03:45
8080,219.87,2025-03-26,04:00
8081,40.0,2025-03-26,04:15
8082,40.0,2025-03-26,04:30
8083,40.0,2025-03-26,04:45
8084,40.0,2025-03-26,05:00
8085,40.0,2025-03-26,05:15
8086,40.0,2025-03-26,05:30
8087,40.0,2025-03-26,05:45
8088,40.0,2025-03-26,06:00
8089,40.06,2025-03-26,06:15
8090,208.88,2025-03-26,06:30
8091,43.7,2025-03-26,06:45
8092,126.75,2025-03-26,07:00
8093,391.41,2025-03-26,07:15
8094,375.08,2025-03-26,07:30
8095,365.42,2025-03-26,07:45
8096,353.52,2025-03-26,08:00
8097,214.81,2025-03-26,08:15
8098,281.88,2025-03-26,08:30
8099,152.43,2025-03-26,08:45
8100,157.54,2025-03-26,09:00
8101,42.26,2025-03-26,09:15
8102,42.52,2025-03-26,09:30
8103,129.67,2025-03-26,09:45
8104,43.01,2025-03-26,10:00
8105,40.0,2025-03-26,10:15
8106,40.0,2025-03-26,10:30
8107,40.0,2025-03-26,10:45
8108,40.0,2025-03-26,11:00
8109,40.0,2025-03-26,11:15
8110,40.0,2025-03-26,11:30
8111,40.0,2025-03-26,11:45
8112,40.0,2025-03-26,12:00
8113,40.0,2025-03-26,12:15
8114,40.0,2025-03-26,12:30
8115,40.0,2025-03-26,12:45
8116,40.0,2025-03-26,13:00
8117,40.0,2025-03-26,13:15
8118,40.0,2025-03-26,13:30
8119,40.0,2025-03-26,13:45
8120,40.0,2025-03-26,14:00
8121,40.0,2025-03-26,14:15
8122,40.0,2025-03-26,14:30
8123,40.0,2025-03-26,14:45
8124,40.0,2025-03-26,15:00
8125,40.0,2025-03-26,15:15
8126,40.0,2025-03-26,15:30
8127,40.0,2025-03-26,15:45
8128,40.0,2025-03-26,16:00
8129,40.0,2025-03-26,16:15
8130,40.0,2025-03-26,16:30
8131,40.0,2025-03-26,16:45
8132,40.0,2025-03-26,17:00
8133,40.0,2025-03-26,17:15
8134,40.0,2025-03-26,17:30
8135,40.0,2025-03-26,17:45
8136,40.0,2025-03-26,18:00
8137,40.0,2025-03-26,18:15
8138,40.0,2025-03-26,18:30
8139,40.0,2025-03-26,18:45
8140,171.7,2025-03-26,19:00
8141,475.6,2025-03-26,19:15
8142,570.8,2025-03-26,19:30
8143,542.75,2025-03-26,19:45
8144,487.33,2025-03-26,20:00
8145,543.74,2025-03-26,20:15
8146,412.09,2025-03-26,20:30
8147,171.58,2025-03-26,20:45
8148,543.44,2025-03-26,21:00
8149,552.15,2025-03-26,21:15
8150,485.37,2025-03-26,21:30
8151,559.57,2025-03-26,21:45
8152,549.65,2025-03-26,22:00
8153,560.03,2025-03-26,22:15
8154,568.85,2025-03-26,22:30
8155,549.09,2025-03-26,22:45
8156,284.11,2025-03-26,23:00
8157,567.89,2025-03-26,23:15
8158,288.37,2025-03-26,23:30
8159,40.0,2025-03-26,23:45
8160,40.0,2025-03-26,24:00
8161,550.71,2025-03-27,00:15
8162,373.77,2025-03-27,00:30
8163,552.9,2025-03-27,00:45
8164,295.36,2025-03-27,01:00
8165,40.07,2025-03-27,01:15
8166,40.07,2025-03-27,01:30
8167,280.19,2025-03-27,01:45
8168,306.17,2025-03-27,02:00
8169,262.9,2025-03-27,02:15
8170,255.65,2025-03-27,02:30
8171,254.82,2025-03-27,02:45
8172,214.47,2025-03-27,03:00
8173,213.46,2025-03-27,03:15
8174,204.91,2025-03-27,03:30
8175,286.34,2025-03-27,03:45
8176,428.77,2025-03-27,04:00
8177,40.07,2025-03-27,04:15
8178,172.24,2025-03-27,04:30
8179,40.0,2025-03-27,04:45
8180,40.0,2025-03-27,05:00
8181,40.0,2025-03-27,05:15
8182,40.07,2025-03-27,05:30
8183,40.07,2025-03-27,05:45
8184,40.07,2025-03-27,06:00
8185,40.07,2025-03-27,06:15
8186,40.07,2025-03-27,06:30
8187,304.5,2025-03-27,06:45
8188,417.83,2025-03-27,07:00
8189,286.08,2025-03-27,07:15
8190,305.37,2025-03-27,07:30
8191,428.1,2025-03-27,07:45
8192,292.21,2025-03-27,08:00
8193,300.76,2025-03-27,08:15
8194,281.96,2025-03-27,08:30
8195,172.35,2025-03-27,08:45
8196,40.0,2025-03-27,09:00
8197,40.0,2025-03-27,09:15
8198,40.0,2025-03-27,09:30
8199,40.0,2025-03-27,09:45
8200,40.0,2025-03-27,10:00
8201,115.22,2025-03-27,10:15
8202,40.0,2025-03-27,10:30
8203,40.0,2025-03-27,10:45
8204,40.0,2025-03-27,11:00
8205,40.0,2025-03-27,11:15
8206,40.0,2025-03-27,11:30
8207,40.0,2025-03-27,11:45
8208,40.0,2025-03-27,12:00
8209,40.0,2025-03-27,12:15
8210,40.0,2025-03-27,12:30
8211,40.0,2025-03-27,12:45
8212,40.0,2025-03-27,13:00
8213,40.0,2025-03-27,13:15
8214,40.0,2025-03-27,13:30
8215,40.0,2025-03-27,13:45
8216,40.0,2025-03-27,14:00
8217,40.0,2025-03-27,14:15
8218,40.0,2025-03-27,14:30
8219,40.0,2025-03-27,14:45
8220,40.0,2025-03-27,15:00
8221,40.0,2025-03-27,15:15
8222,40.0,2025-03-27,15:30
8223,40.0,2025-03-27,15:45
8224,40.0,2025-03-27,16:00
8225,178.75,2025-03-27,16:15
8226,136.66,2025-03-27,16:30
8227,241.34,2025-03-27,16:45
8228,177.37,2025-03-27,17:00
8229,40.0,2025-03-27,17:15
8230,40.0,2025-03-27,17:30
8231,40.0,2025-03-27,17:45
8232,40.0,2025-03-27,18:00
8233,40.0,2025-03-27,18:15
8234,40.0,2025-03-27,18:30
8235,40.0,2025-03-27,18:45
8236,40.0,2025-03-27,19:00
8237,569.85,2025-03-27,19:15
8238,570.55,2025-03-27,19:30
8239,570.4,2025-03-27,19:45
8240,570.44,2025-03-27,20:00
8241,380.49,2025-03-27,20:15
8242,333.53,2025-03-27,20:30
8243,305.58,2025-03-27,20:45
8244,174.09,2025-03-27,21:00
8245,474.69,2025-03-27,21:15
8246,333.8,2025-03-27,21:30
8247,304.46,2025-03-27,21:45
8248,294.54,2025-03-27,22:00
8249,350.88,2025-03-27,22:15
8250,218.59,2025-03-27,22:30
8251,228.74,2025-03-27,22:45
8252,223.22,2025-03-27,23:00
8253,219.62,2025-03-27,23:15
8254,217.41,2025-03-27,23:30
8255,358.49,2025-03-27,23:45
8256,351.7,2025-03-27,24:00
8257,387.08,2025-03-28,00:15
8258,389.91,2025-03-28,00:30
8259,330.59,2025-03-28,00:45
8260,329.22,2025-03-28,01:00
8261,341.56,2025-03-28,01:15
8262,499.86,2025-03-28,01:30
8263,456.81,2025-03-28,01:45
8264,371.73,2025-03-28,02:00
8265,463.89,2025-03-28,02:15
8266,370.47,2025-03-28,02:30
8267,378.43,2025-03-28,02:45
8268,436.77,2025-03-28,03:00
8269,453.55,2025-03-28,03:15
8270,285.59,2025-03-28,03:30
8271,189.37,2025-03-28,03:45
8272,378.31,2025-03-28,04:00
8273,435.3,2025-03-28,04:15
8274,496.21,2025-03-28,04:30
8275,379.52,2025-03-28,04:45
8276,379.84,2025-03-28,05:00
8277,530.63,2025-03-28,05:15
8278,455.59,2025-03-28,05:30
8279,464.51,2025-03-28,05:45
8280,279.77,2025-03-28,06:00
8281,277.79,2025-03-28,06:15
8282,266.04,2025-03-28,06:30
8283,329.52,2025-03-28,06:45
8284,407.03,2025-03-28,07:00
8285,523.84,2025-03-28,07:15
8286,468.39,2025-03-28,07:30
8287,445.26,2025-03-28,07:45
8288,302.8,2025-03-28,08:00
8289,259.65,2025-03-28,08:15
8290,40.0,2025-03-28,08:30
8291,40.0,2025-03-28,08:45
8292,40.0,2025-03-28,09:00
8293,40.0,2025-03-28,09:15
8294,40.0,2025-03-28,09:30
8295,40.0,2025-03-28,09:45
8296,40.0,2025-03-28,10:00
8297,40.0,2025-03-28,10:15
8298,40.0,2025-03-28,10:30
8299,40.0,2025-03-28,10:45
8300,40.0,2025-03-28,11:00
8301,40.0,2025-03-28,11:15
8302,40.0,2025-03-28,11:30
8303,40.0,2025-03-28,11:45
8304,40.0,2025-03-28,12:00
8305,40.0,2025-03-28,12:15
8306,40.0,2025-03-28,12:30
8307,40.0,2025-03-28,12:45
8308,148.74,2025-03-28,13:00
8309,94.58,2025-03-28,13:15
8310,40.0,2025-03-28,13:30
8311,94.35,2025-03-28,13:45
8312,148.79,2025-03-28,14:00
8313,40.0,2025-03-28,14:15
8314,40.0,2025-03-28,14:30
8315,236.89,2025-03-28,14:45
8316,253.94,2025-03-28,15:00
8317,236.96,2025-03-28,15:15
8318,228.24,2025-03-28,15:30
8319,173.67,2025-03-28,15:45
8320,40.0,2025-03-28,16:00
8321,40.0,2025-03-28,16:15
8322,40.0,2025-03-28,16:30
8323,40.0,2025-03-28,16:45
8324,40.0,2025-03-28,17:00
8325,40.0,2025-03-28,17:15
8326,40.0,2025-03-28,17:30
8327,240.65,2025-03-28,17:45
8328,288.77,2025-03-28,18:00
8329,332.58,2025-03-28,18:15
8330,372.26,2025-03-28,18:30
8331,367.73,2025-03-28,18:45
8332,421.53,2025-03-28,19:00
8333,419.1,2025-03-28,19:15
8334,426.84,2025-03-28,19:30
8335,391.37,2025-03-28,19:45
8336,394.84,2025-03-28,20:00
8337,362.61,2025-03-28,20:15
8338,365.51,2025-03-28,20:30
8339,379.1,2025-03-28,20:45
8340,405.43,2025-03-28,21:00
8341,343.44,2025-03-28,21:15
8342,359.42,2025-03-28,21:30
8343,360.13,2025-03-28,21:45
8344,361.56,2025-03-28,22:00
8345,362.8,2025-03-28,22:15
8346,351.34,2025-03-28,22:30
8347,354.12,2025-03-28,22:45
8348,342.12,2025-03-28,23:00
8349,370.99,2025-03-28,23:15
8350,380.14,2025-03-28,23:30
8351,338.94,2025-03-28,23:45
8352,338.96,2025-03-28,24:00
8353,380.96,2025-03-29,00:15
8354,359.33,2025-03-29,00:30
8355,479.59,2025-03-29,00:45
8356,414.72,2025-03-29,01:00
8357,373.57,2025-03-29,01:15
8358,504.84,2025-03-29,01:30
8359,439.56,2025-03-29,01:45
8360,511.47,2025-03-29,02:00
8361,511.5,2025-03-29,02:15
8362,519.21,2025-03-29,02:30
8363,449.24,2025-03-29,02:45
8364,449.03,2025-03-29,03:00
8365,458.23,2025-03-29,03:15
8366,456.91,2025-03-29,03:30
8367,449.3,2025-03-29,03:45
8368,448.66,2025-03-29,04:00
8369,459.81,2025-03-29,04:15
8370,482.9,2025-03-29,04:30
8371,480.7,2025-03-29,04:45
8372,478.1,2025-03-29,05:00
8373,468.38,2025-03-29,05:15
8374,488.78,2025-03-29,05:30
8375,488.77,2025-03-29,05:45
8376,479.88,2025-03-29,06:00
8377,475.23,2025-03-29,06:15
8378,478.53,2025-03-29,06:30
8379,478.12,2025-03-29,06:45
8380,478.89,2025-03-29,07:00
8381,458.84,2025-03-29,07:15
8382,459.05,2025-03-29,07:30
8383,258.91,2025-03-29,07:45
8384,279.98,2025-03-29,08:00
8385,417.58,2025-03-29,08:15
8386,353.26,2025-03-29,08:30
8387,304.58,2025-03-29,08:45
8388,151.77,2025-03-29,09:00
8389,40.0,2025-03-29,09:15
8390,40.0,2025-03-29,09:30
8391,48.8,2025-03-29,09:45
8392,254.73,2025-03-29,10:00
8393,83.4,2025-03-29,10:15
8394,167.44,2025-03-29,10:30
8395,167.78,2025-03-29,10:45
8396,248.72,2025-03-29,11:00
8397,259.18,2025-03-29,11:15
8398,257.49,2025-03-29,11:30
8399,225.95,2025-03-29,11:45
8400,194.26,2025-03-29,12:00
8401,166.05,2025-03-29,12:15
8402,101.6,2025-03-29,12:30
8403,101.14,2025-03-29,12:45
8404,231.65,2025-03-29,13:00
8405,241.76,2025-03-29,13:15
8406,101.52,2025-03-29,13:30
8407,232.97,2025-03-29,13:45
8408,243.23,2025-03-29,14:00
8409,247.46,2025-03-29,14:15
8410,238.21,2025-03-29,14:30
8411,191.84,2025-03-29,14:45
8412,224.81,2025-03-29,15:00
8413,158.57,2025-03-29,15:15
8414,256.97,2025-03-29,15:30
8415,268.44,2025-03-29,15:45
8416,268.87,2025-03-29,16:00
8417,193.67,2025-03-29,16:15
8418,159.94,2025-03-29,16:30
8419,230.41,2025-03-29,16:45
8420,231.01,2025-03-29,17:00
8421,302.51,2025-03-29,17:15
8422,245.67,2025-03-29,17:30
8423,253.67,2025-03-29,17:45
8424,40.0,2025-03-29,18:00
8425,200.0,2025-03-29,18:15
8426,401.71,2025-03-29,18:30
8427,620.2,2025-03-29,18:45
8428,610.27,2025-03-29,19:00
8429,650.0,2025-03-29,19:15
8430,650.0,2025-03-29,19:30
8431,630.18,2025-03-29,19:45
8432,650.0,2025-03-29,20:00
8433,650.0,2025-03-29,20:15
8434,650.0,2025-03-29,20:30
8435,650.0,2025-03-29,20:45
8436,602.1,2025-03-29,21:00
8437,630.0,2025-03-29,21:15
8438,630.0,2025-03-29,21:30
8439,620.0,2025-03-29,21:45
8440,600.01,2025-03-29,22:00
8441,640.0,2025-03-29,22:15
8442,600.01,2025-03-29,22:30
8443,600.01,2025-03-29,22:45
8444,590.01,2025-03-29,23:00
8445,650.0,2025-03-29,23:15
8446,650.0,2025-03-29,23:30
8447,630.0,2025-03-29,23:45
8448,620.0,2025-03-29,24:00
8449,640.0,2025-03-30,00:15
8450,620.0,2025-03-30,00:30
8451,610.01,2025-03-30,00:45
8452,620.0,2025-03-30,01:00
8453,630.0,2025-03-30,01:15
8454,610.01,2025-03-30,01:30
8455,620.0,2025-03-30,01:45
8456,620.0,2025-03-30,02:00
8457,650.0,2025-03-30,02:15
8458,650.0,2025-03-30,02:30
8459,640.0,2025-03-30,02:45
8460,640.0,2025-03-30,03:00
8461,630.0,2025-03-30,03:15
8462,630.0,2025-03-30,03:30
8463,630.0,2025-03-30,03:45
8464,630.0,2025-03-30,04:00
8465,640.0,2025-03-30,04:15
8466,650.0,2025-03-30,04:30
8467,640.0,2025-03-30,04:45
8468,630.0,2025-03-30,05:00
8469,650.0,2025-03-30,05:15
8470,600.0,2025-03-30,05:30
8471,590.0,2025-03-30,05:45
8472,590.0,2025-03-30,06:00
8473,600.0,2025-03-30,06:15
8474,600.0,2025-03-30,06:30
8475,600.0,2025-03-30,06:45
8476,600.21,2025-03-30,07:00
8477,600.19,2025-03-30,07:15
8478,600.22,2025-03-30,07:30
8479,600.25,2025-03-30,07:45
8480,590.36,2025-03-30,08:00
8481,550.0,2025-03-30,08:15
8482,580.0,2025-03-30,08:30
8483,496.56,2025-03-30,08:45
8484,397.46,2025-03-30,09:00
8485,308.25,2025-03-30,09:15
8486,298.46,2025-03-30,09:30
8487,298.67,2025-03-30,09:45
8488,278.95,2025-03-30,10:00
8489,219.35,2025-03-30,10:15
8490,40.0,2025-03-30,10:30
8491,40.0,2025-03-30,10:45
8492,40.0,2025-03-30,11:00
8493,40.0,2025-03-30,11:15
8494,40.0,2025-03-30,11:30
8495,40.0,2025-03-30,11:45
8496,40.0,2025-03-30,12:00
8497,40.0,2025-03-30,12:15
8498,40.0,2025-03-30,12:30
8499,40.0,2025-03-30,12:45
8500,40.0,2025-03-30,13:00
8501,40.0,2025-03-30,13:15
8502,40.0,2025-03-30,13:30
8503,40.0,2025-03-30,13:45
8504,40.0,2025-03-30,14:00
8505,40.0,2025-03-30,14:15
8506,40.0,2025-03-30,14:30
8507,40.0,2025-03-30,14:45
8508,40.0,2025-03-30,15:00
8509,40.0,2025-03-30,15:15
8510,40.0,2025-03-30,15:30
8511,40.0,2025-03-30,15:45
8512,40.0,2025-03-30,16:00
8513,40.0,2025-03-30,16:15
8514,152.55,2025-03-30,16:30
8515,148.55,2025-03-30,16:45
8516,40.0,2025-03-30,17:00
8517,40.0,2025-03-30,17:15
8518,40.0,2025-03-30,17:30
8519,156.55,2025-03-30,17:45
8520,201.97,2025-03-30,18:00
8521,205.71,2025-03-30,18:15
8522,224.49,2025-03-30,18:30
8523,367.7,2025-03-30,18:45
8524,311.19,2025-03-30,19:00
8525,329.73,2025-03-30,19:15
8526,328.46,2025-03-30,19:30
8527,500.06,2025-03-30,19:45
8528,400.78,2025-03-30,20:00
8529,316.37,2025-03-30,20:15
8530,421.38,2025-03-30,20:30
8531,363.0,2025-03-30,20:45
8532,425.74,2025-03-30,21:00
8533,450.78,2025-03-30,21:15
8534,421.14,2025-03-30,21:30
8535,500.75,2025-03-30,21:45
8536,550.44,2025-03-30,22:00
8537,500.62,2025-03-30,22:15
8538,420.93,2025-03-30,22:30
8539,420.03,2025-03-30,22:45
8540,500.02,2025-03-30,23:00
8541,550.01,2025-03-30,23:15
8542,550.01,2025-03-30,23:30
8543,500.02,2025-03-30,23:45
8544,500.02,2025-03-30,24:00
8545,550.01,2025-03-31,00:15
8546,550.01,2025-03-31,00:30
8547,563.95,2025-03-31,00:45
8548,581.54,2025-03-31,01:00
8549,559.91,2025-03-31,01:15
8550,572.47,2025-03-31,01:30
8551,554.94,2025-03-31,01:45
8552,554.19,2025-03-31,02:00
8553,563.39,2025-03-31,02:15
8554,563.59,2025-03-31,02:30
8555,563.76,2025-03-31,02:45
8556,579.53,2025-03-31,03:00
8557,564.7,2025-03-31,03:15
8558,565.31,2025-03-31,03:30
8559,565.17,2025-03-31,03:45
8560,565.39,2025-03-31,04:00
8561,565.4,2025-03-31,04:15
8562,555.37,2025-03-31,04:30
8563,554.33,2025-03-31,04:45
8564,559.87,2025-03-31,05:00
8565,562.58,2025-03-31,05:15
8566,534.56,2025-03-31,05:30
8567,560.44,2025-03-31,05:45
8568,531.95,2025-03-31,06:00
8569,532.12,2025-03-31,06:15
8570,534.8,2025-03-31,06:30
8571,564.79,2025-03-31,06:45
8572,469.96,2025-03-31,07:00
8573,420.17,2025-03-31,07:15
8574,400.29,2025-03-31,07:30
8575,360.82,2025-03-31,07:45
8576,301.69,2025-03-31,08:00
8577,173.53,2025-03-31,08:15
8578,149.11,2025-03-31,08:30
8579,40.0,2025-03-31,08:45
8580,40.0,2025-03-31,09:00
8581,40.0,2025-03-31,09:15
8582,40.0,2025-03-31,09:30
8583,40.0,2025-03-31,09:45
8584,40.0,2025-03-31,10:00
8585,40.0,2025-03-31,10:15
8586,40.0,2025-03-31,10:30
8587,40.0,2025-03-31,10:45
8588,40.0,2025-03-31,11:00
8589,40.0,2025-03-31,11:15
8590,40.0,2025-03-31,11:30
8591,40.0,2025-03-31,11:45
8592,40.0,2025-03-31,12:00
8593,40.0,2025-03-31,12:15
8594,40.0,2025-03-31,12:30
8595,40.0,2025-03-31,12:45
8596,40.0,2025-03-31,13:00
8597,40.0,2025-03-31,13:15
8598,40.0,2025-03-31,13:30
8599,40.0,2025-03-31,13:45
8600,40.0,2025-03-31,14:00
8601,40.0,2025-03-31,14:15
8602,40.0,2025-03-31,14:30
8603,40.0,2025-03-31,14:45
8604,40.0,2025-03-31,15:00
8605,40.0,2025-03-31,15:15
8606,40.0,2025-03-31,15:30
8607,40.0,2025-03-31,15:45
8608,40.0,2025-03-31,16:00
8609,40.0,2025-03-31,16:15
8610,40.0,2025-03-31,16:30
8611,40.0,2025-03-31,16:45
8612,40.0,2025-03-31,17:00
8613,40.0,2025-03-31,17:15
8614,40.0,2025-03-31,17:30
8615,40.0,2025-03-31,17:45
8616,40.0,2025-03-31,18:00
8617,40.0,2025-03-31,18:15
8618,40.0,2025-03-31,18:30
8619,209.94,2025-03-31,18:45
8620,300.0,2025-03-31,19:00
8621,41.27,2025-03-31,19:15
8622,303.63,2025-03-31,19:30
8623,287.28,2025-03-31,19:45
8624,259.86,2025-03-31,20:00
8625,135.33,2025-03-31,20:15
8626,145.84,2025-03-31,20:30
8627,241.61,2025-03-31,20:45
8628,281.13,2025-03-31,21:00
8629,255.9,2025-03-31,21:15
8630,256.77,2025-03-31,21:30
8631,240.4,2025-03-31,21:45
8632,255.04,2025-03-31,22:00
8633,248.18,2025-03-31,22:15
8634,242.25,2025-03-31,22:30
8635,238.39,2025-03-31,22:45
8636,280.26,2025-03-31,23:00
8637,290.25,2025-03-31,23:15
8638,310.24,2025-03-31,23:30
8639,310.24,2025-03-31,23:45
8640,310.24,2025-03-31,24:00
8641,400.18,2025-04-01,00:15
8642,400.18,2025-04-01,00:30
8643,370.2,2025-04-01,00:45
8644,360.21,2025-04-01,01:00
8645,442.11,2025-04-01,01:15
8646,486.33,2025-04-01,01:30
8647,514.87,2025-04-01,01:45
8648,548.1,2025-04-01,02:00
8649,565.75,2025-04-01,02:15
8650,537.42,2025-04-01,02:30
8651,543.71,2025-04-01,02:45
8652,572.09,2025-04-01,03:00
8653,572.13,2025-04-01,03:15
8654,565.24,2025-04-01,03:30
8655,565.43,2025-04-01,03:45
8656,564.96,2025-04-01,04:00
8657,565.09,2025-04-01,04:15
8658,574.01,2025-04-01,04:30
8659,564.89,2025-04-01,04:45
8660,564.6,2025-04-01,05:00
8661,580.04,2025-04-01,05:15
8662,590.04,2025-04-01,05:30
8663,600.03,2025-04-01,05:45
8664,600.03,2025-04-01,06:00
8665,600.03,2025-04-01,06:15
8666,600.03,2025-04-01,06:30
8667,600.03,2025-04-01,06:45
8668,620.02,2025-04-01,07:00
8669,600.03,2025-04-01,07:15
8670,600.06,2025-04-01,07:30
8671,600.15,2025-04-01,07:45
8672,600.25,2025-04-01,08:00
8673,585.53,2025-04-01,08:15
8674,575.95,2025-04-01,08:30
8675,437.25,2025-04-01,08:45
8676,298.38,2025-04-01,09:00
8677,258.75,2025-04-01,09:15
8678,40.0,2025-04-01,09:30
8679,249.35,2025-04-01,09:45
8680,40.0,2025-04-01,10:00
8681,383.79,2025-04-01,10:15
8682,355.32,2025-04-01,10:30
8683,240.49,2025-04-01,10:45
8684,40.0,2025-04-01,11:00
8685,40.0,2025-04-01,11:15
8686,40.0,2025-04-01,11:30
8687,40.0,2025-04-01,11:45
8688,40.0,2025-04-01,12:00
8689,40.0,2025-04-01,12:15
8690,40.0,2025-04-01,12:30
8691,40.0,2025-04-01,12:45
8692,40.0,2025-04-01,13:00
8693,40.0,2025-04-01,13:15
8694,40.0,2025-04-01,13:30
8695,40.0,2025-04-01,13:45
8696,40.0,2025-04-01,14:00
8697,40.0,2025-04-01,14:15
8698,40.0,2025-04-01,14:30
8699,40.0,2025-04-01,14:45
8700,40.0,2025-04-01,15:00
8701,40.0,2025-04-01,15:15
8702,40.0,2025-04-01,15:30
8703,40.0,2025-04-01,15:45
8704,40.0,2025-04-01,16:00
8705,137.04,2025-04-01,16:15
8706,170.54,2025-04-01,16:30
8707,185.06,2025-04-01,16:45
8708,248.31,2025-04-01,17:00
8709,230.98,2025-04-01,17:15
8710,261.9,2025-04-01,17:30
8711,286.54,2025-04-01,17:45
8712,297.61,2025-04-01,18:00
8713,287.94,2025-04-01,18:15
8714,373.64,2025-04-01,18:30
8715,491.4,2025-04-01,18:45
8716,487.22,2025-04-01,19:00
8717,497.53,2025-04-01,19:15
8718,474.8,2025-04-01,19:30
8719,480.24,2025-04-01,19:45
8720,444.47,2025-04-01,20:00
8721,448.29,2025-04-01,20:15
8722,472.3,2025-04-01,20:30
8723,481.86,2025-04-01,20:45
8724,483.78,2025-04-01,21:00
8725,474.55,2025-04-01,21:15
8726,491.03,2025-04-01,21:30
8727,498.65,2025-04-01,21:45
8728,502.0,2025-04-01,22:00
8729,488.02,2025-04-01,22:15
8730,492.71,2025-04-01,22:30
8731,490.52,2025-04-01,22:45
8732,483.23,2025-04-01,23:00
8733,482.11,2025-04-01,23:15
8734,470.76,2025-04-01,23:30
8735,447.92,2025-04-01,23:45
8736,550.01,2025-04-01,24:00
8737,435.33,2025-04-02,00:15
8738,526.0,2025-04-02,00:30
8739,580.01,2025-04-02,00:45
8740,434.45,2025-04-02,01:00
8741,428.34,2025-04-02,01:15
8742,432.99,2025-04-02,01:30
8743,430.54,2025-04-02,01:45
8744,423.47,2025-04-02,02:00
8745,403.53,2025-04-02,02:15
8746,422.88,2025-04-02,02:30
8747,407.68,2025-04-02,02:45
8748,402.79,2025-04-02,03:00
8749,406.73,2025-04-02,03:15
8750,359.49,2025-04-02,03:30
8751,384.92,2025-04-02,03:45
8752,479.05,2025-04-02,04:00
8753,446.6,2025-04-02,04:15
8754,500.02,2025-04-02,04:30
8755,500.02,2025-04-02,04:45
8756,500.02,2025-04-02,05:00
8757,450.03,2025-04-02,05:15
8758,550.01,2025-04-02,05:30
8759,580.01,2025-04-02,05:45
8760,590.01,2025-04-02,06:00
8761,580.28,2025-04-02,06:15
8762,580.01,2025-04-02,06:30
8763,590.01,2025-04-02,06:45
8764,600.01,2025-04-02,07:00
8765,580.11,2025-04-02,07:15
8766,580.16,2025-04-02,07:30
8767,550.36,2025-04-02,07:45
8768,450.92,2025-04-02,08:00
8769,440.0,2025-04-02,08:15
8770,400.0,2025-04-02,08:30
8771,300.0,2025-04-02,08:45
8772,40.0,2025-04-02,09:00
8773,40.0,2025-04-02,09:15
8774,40.0,2025-04-02,09:30
8775,395.35,2025-04-02,09:45
8776,356.56,2025-04-02,10:00
8777,40.0,2025-04-02,10:15
8778,40.0,2025-04-02,10:30
8779,40.0,2025-04-02,10:45
8780,40.0,2025-04-02,11:00
8781,40.0,2025-04-02,11:15
8782,40.0,2025-04-02,11:30
8783,40.0,2025-04-02,11:45
8784,40.0,2025-04-02,12:00
8785,40.0,2025-04-02,12:15
8786,40.0,2025-04-02,12:30
8787,40.0,2025-04-02,12:45
8788,40.0,2025-04-02,13:00
8789,40.0,2025-04-02,13:15
8790,40.0,2025-04-02,13:30
8791,40.0,2025-04-02,13:45
8792,40.0,2025-04-02,14:00
8793,177.82,2025-04-02,14:15
8794,196.3,2025-04-02,14:30
8795,188.32,2025-04-02,14:45
8796,199.91,2025-04-02,15:00
8797,245.63,2025-04-02,15:15
8798,247.84,2025-04-02,15:30
8799,242.41,2025-04-02,15:45
8800,299.14,2025-04-02,16:00
8801,320.29,2025-04-02,16:15
8802,331.22,2025-04-02,16:30
8803,361.75,2025-04-02,16:45
8804,364.86,2025-04-02,17:00
8805,362.76,2025-04-02,17:15
8806,354.15,2025-04-02,17:30
8807,345.51,2025-04-02,17:45
8808,367.78,2025-04-02,18:00
8809,300.88,2025-04-02,18:15
8810,360.0,2025-04-02,18:30
8811,362.65,2025-04-02,18:45
8812,378.14,2025-04-02,19:00
8813,382.63,2025-04-02,19:15
8814,395.02,2025-04-02,19:30
8815,399.82,2025-04-02,19:45
8816,397.69,2025-04-02,20:00
8817,387.47,2025-04-02,20:15
8818,344.15,2025-04-02,20:30
8819,289.94,2025-04-02,20:45
8820,375.01,2025-04-02,21:00
8821,315.87,2025-04-02,21:15
8822,273.72,2025-04-02,21:30
8823,230.41,2025-04-02,21:45
8824,247.58,2025-04-02,22:00
8825,218.06,2025-04-02,22:15
8826,209.55,2025-04-02,22:30
8827,300.04,2025-04-02,22:45
8828,420.03,2025-04-02,23:00
8829,440.03,2025-04-02,23:15
8830,450.02,2025-04-02,23:30
8831,440.03,2025-04-02,23:45
8832,500.55,2025-04-02,24:00
8833,573.92,2025-04-03,00:15
8834,483.04,2025-04-03,00:30
8835,375.09,2025-04-03,00:45
8836,383.82,2025-04-03,01:00
8837,378.72,2025-04-03,01:15
8838,547.55,2025-04-03,01:30
8839,547.86,2025-04-03,01:45
8840,397.22,2025-04-03,02:00
8841,404.81,2025-04-03,02:15
8842,390.76,2025-04-03,02:30
8843,398.84,2025-04-03,02:45
8844,407.49,2025-04-03,03:00
8845,415.09,2025-04-03,03:15
8846,416.61,2025-04-03,03:30
8847,547.38,2025-04-03,03:45
8848,447.44,2025-04-03,04:00
8849,502.92,2025-04-03,04:15
8850,580.01,2025-04-03,04:30
8851,580.01,2025-04-03,04:45
8852,493.61,2025-04-03,05:00
8853,429.68,2025-04-03,05:15
8854,484.18,2025-04-03,05:30
8855,507.34,2025-04-03,05:45
8856,590.01,2025-04-03,06:00
8857,580.01,2025-04-03,06:15
8858,580.01,2025-04-03,06:30
8859,600.01,2025-04-03,06:45
8860,590.01,2025-04-03,07:00
8861,600.03,2025-04-03,07:15
8862,580.14,2025-04-03,07:30
8863,530.57,2025-04-03,07:45
8864,421.43,2025-04-03,08:00
8865,450.0,2025-04-03,08:15
8866,350.0,2025-04-03,08:30
8867,280.0,2025-04-03,08:45
8868,40.0,2025-04-03,09:00
8869,40.0,2025-04-03,09:15
8870,141.97,2025-04-03,09:30
8871,176.01,2025-04-03,09:45
8872,238.58,2025-04-03,10:00
8873,253.73,2025-04-03,10:15
8874,205.32,2025-04-03,10:30
8875,210.69,2025-04-03,10:45
8876,180.5,2025-04-03,11:00
8877,175.7,2025-04-03,11:15
8878,140.44,2025-04-03,11:30
8879,40.0,2025-04-03,11:45
8880,40.0,2025-04-03,12:00
8881,40.0,2025-04-03,12:15
8882,40.0,2025-04-03,12:30
8883,40.0,2025-04-03,12:45
8884,40.0,2025-04-03,13:00
8885,40.0,2025-04-03,13:15
8886,40.0,2025-04-03,13:30
8887,40.0,2025-04-03,13:45
8888,40.0,2025-04-03,14:00
8889,40.0,2025-04-03,14:15
8890,40.0,2025-04-03,14:30
8891,40.0,2025-04-03,14:45
8892,40.0,2025-04-03,15:00
8893,40.0,2025-04-03,15:15
8894,40.0,2025-04-03,15:30
8895,144.71,2025-04-03,15:45
8896,40.0,2025-04-03,16:00
8897,231.17,2025-04-03,16:15
8898,228.55,2025-04-03,16:30
8899,227.34,2025-04-03,16:45
8900,208.27,2025-04-03,17:00
8901,228.38,2025-04-03,17:15
8902,232.05,2025-04-03,17:30
8903,297.13,2025-04-03,17:45
8904,255.09,2025-04-03,18:00
8905,210.44,2025-04-03,18:15
8906,194.18,2025-04-03,18:30
8907,215.82,2025-04-03,18:45
8908,257.27,2025-04-03,19:00
8909,323.0,2025-04-03,19:15
8910,358.33,2025-04-03,19:30
8911,351.07,2025-04-03,19:45
8912,271.84,2025-04-03,20:00
8913,275.34,2025-04-03,20:15
8914,243.59,2025-04-03,20:30
8915,252.89,2025-04-03,20:45
8916,261.52,2025-04-03,21:00
8917,240.85,2025-04-03,21:15
8918,251.34,2025-04-03,21:30
8919,294.02,2025-04-03,21:45
8920,298.11,2025-04-03,22:00
8921,351.2,2025-04-03,22:15
8922,372.11,2025-04-03,22:30
8923,414.76,2025-04-03,22:45
8924,356.58,2025-04-03,23:00
8925,362.22,2025-04-03,23:15
8926,350.05,2025-04-03,23:30
8927,298.48,2025-04-03,23:45
8928,410.43,2025-04-03,24:00
8929,472.38,2025-04-04,00:15
8930,473.52,2025-04-04,00:30
8931,481.66,2025-04-04,00:45
8932,477.53,2025-04-04,01:00
8933,422.61,2025-04-04,01:15
8934,473.43,2025-04-04,01:30
8935,457.86,2025-04-04,01:45
8936,452.9,2025-04-04,02:00
8937,504.09,2025-04-04,02:15
8938,590.0,2025-04-04,02:30
8939,590.0,2025-04-04,02:45
8940,590.0,2025-04-04,03:00
8941,387.45,2025-04-04,03:15
8942,530.0,2025-04-04,03:30
8943,495.11,2025-04-04,03:45
8944,459.41,2025-04-04,04:00
8945,418.32,2025-04-04,04:15
8946,424.13,2025-04-04,04:30
8947,434.56,2025-04-04,04:45
8948,433.9,2025-04-04,05:00
8949,425.45,2025-04-04,05:15
8950,391.04,2025-04-04,05:30
8951,389.13,2025-04-04,05:45
8952,375.4,2025-04-04,06:00
8953,457.42,2025-04-04,06:15
8954,467.63,2025-04-04,06:30
8955,389.0,2025-04-04,06:45
8956,350.47,2025-04-04,07:00
8957,430.0,2025-04-04,07:15
8958,400.0,2025-04-04,07:30
8959,253.49,2025-04-04,07:45
8960,40.0,2025-04-04,08:00
8961,40.0,2025-04-04,08:15
8962,40.0,2025-04-04,08:30
8963,40.0,2025-04-04,08:45
8964,40.0,2025-04-04,09:00
8965,40.0,2025-04-04,09:15
8966,137.97,2025-04-04,09:30
8967,40.0,2025-04-04,09:45
8968,40.0,2025-04-04,10:00
8969,40.0,2025-04-04,10:15
8970,40.0,2025-04-04,10:30
8971,40.0,2025-04-04,10:45
8972,40.0,2025-04-04,11:00
8973,40.0,2025-04-04,11:15
8974,40.0,2025-04-04,11:30
8975,40.0,2025-04-04,11:45
8976,40.0,2025-04-04,12:00
8977,40.0,2025-04-04,12:15
8978,40.0,2025-04-04,12:30
8979,40.0,2025-04-04,12:45
8980,40.0,2025-04-04,13:00
8981,40.0,2025-04-04,13:15
8982,40.0,2025-04-04,13:30
8983,40.0,2025-04-04,13:45
8984,40.0,2025-04-04,14:00
8985,40.0,2025-04-04,14:15
8986,40.0,2025-04-04,14:30
8987,40.0,2025-04-04,14:45
8988,40.0,2025-04-04,15:00
8989,40.0,2025-04-04,15:15
8990,40.0,2025-04-04,15:30
8991,40.0,2025-04-04,15:45
8992,40.0,2025-04-04,16:00
8993,40.0,2025-04-04,16:15
8994,40.0,2025-04-04,16:30
8995,40.0,2025-04-04,16:45
8996,40.0,2025-04-04,17:00
8997,40.0,2025-04-04,17:15
8998,40.0,2025-04-04,17:30
8999,40.0,2025-04-04,17:45
9000,40.0,2025-04-04,18:00
9001,40.0,2025-04-04,18:15
9002,40.0,2025-04-04,18:30
9003,310.0,2025-04-04,18:45
9004,400.0,2025-04-04,19:00
9005,440.0,2025-04-04,19:15
9006,450.0,2025-04-04,19:30
9007,530.0,2025-04-04,19:45
9008,510.0,2025-04-04,20:00
9009,600.0,2025-04-04,20:15
9010,600.0,2025-04-04,20:30
9011,600.0,2025-04-04,20:45
9012,600.0,2025-04-04,21:00
9013,590.0,2025-04-04,21:15
9014,600.0,2025-04-04,21:30
9015,590.0,2025-04-04,21:45
9016,590.0,2025-04-04,22:00
9017,600.0,2025-04-04,22:15
9018,600.0,2025-04-04,22:30
9019,600.0,2025-04-04,22:45
9020,600.0,2025-04-04,23:00
9021,600.0,2025-04-04,23:15
9022,600.0,2025-04-04,23:30
9023,600.0,2025-04-04,23:45
9024,600.0,2025-04-04,24:00
9025,600.0,2025-04-05,00:15
9026,600.0,2025-04-05,00:30
9027,522.42,2025-04-05,00:45
9028,521.62,2025-04-05,01:00
9029,525.39,2025-04-05,01:15
9030,526.56,2025-04-05,01:30
9031,517.43,2025-04-05,01:45
9032,518.34,2025-04-05,02:00
9033,518.18,2025-04-05,02:15
9034,514.76,2025-04-05,02:30
9035,590.0,2025-04-05,02:45
9036,600.0,2025-04-05,03:00
9037,590.0,2025-04-05,03:15
9038,530.0,2025-04-05,03:30
9039,440.0,2025-04-05,03:45
9040,359.92,2025-04-05,04:00
9041,334.99,2025-04-05,04:15
9042,334.07,2025-04-05,04:30
9043,328.5,2025-04-05,04:45
9044,359.68,2025-04-05,05:00
9045,290.38,2025-04-05,05:15
9046,295.77,2025-04-05,05:30
9047,304.35,2025-04-05,05:45
9048,294.43,2025-04-05,06:00
9049,400.0,2025-04-05,06:15
9050,450.0,2025-04-05,06:30
9051,530.0,2025-04-05,06:45
9052,430.0,2025-04-05,07:00
9053,310.0,2025-04-05,07:15
9054,290.0,2025-04-05,07:30
9055,40.0,2025-04-05,07:45
9056,40.0,2025-04-05,08:00
9057,40.0,2025-04-05,08:15
9058,40.0,2025-04-05,08:30
9059,40.0,2025-04-05,08:45
9060,40.0,2025-04-05,09:00
9061,40.0,2025-04-05,09:15
9062,40.0,2025-04-05,09:30
9063,40.0,2025-04-05,09:45
9064,40.0,2025-04-05,10:00
9065,40.0,2025-04-05,10:15
9066,40.0,2025-04-05,10:30
9067,40.0,2025-04-05,10:45
9068,40.0,2025-04-05,11:00
9069,40.0,2025-04-05,11:15
9070,40.0,2025-04-05,11:30
9071,40.0,2025-04-05,11:45
9072,40.0,2025-04-05,12:00
9073,40.0,2025-04-05,12:15
9074,40.0,2025-04-05,12:30
9075,40.0,2025-04-05,12:45
9076,40.0,2025-04-05,13:00
9077,40.0,2025-04-05,13:15
9078,40.0,2025-04-05,13:30
9079,40.0,2025-04-05,13:45
9080,40.0,2025-04-05,14:00
9081,40.0,2025-04-05,14:15
9082,40.0,2025-04-05,14:30
9083,40.0,2025-04-05,14:45
9084,40.0,2025-04-05,15:00
9085,40.0,2025-04-05,15:15
9086,40.0,2025-04-05,15:30
9087,40.0,2025-04-05,15:45
9088,40.0,2025-04-05,16:00
9089,153.99,2025-04-05,16:15
9090,160.36,2025-04-05,16:30
9091,196.3,2025-04-05,16:45
9092,187.82,2025-04-05,17:00
9093,194.87,2025-04-05,17:15
9094,203.21,2025-04-05,17:30
9095,179.14,2025-04-05,17:45
9096,188.38,2025-04-05,18:00
9097,181.59,2025-04-05,18:15
9098,40.0,2025-04-05,18:30
9099,40.0,2025-04-05,18:45
9100,40.0,2025-04-05,19:00
9101,176.75,2025-04-05,19:15
9102,156.65,2025-04-05,19:30
9103,244.92,2025-04-05,19:45
9104,213.76,2025-04-05,20:00
9105,181.59,2025-04-05,20:15
9106,235.78,2025-04-05,20:30
9107,255.79,2025-04-05,20:45
9108,40.0,2025-04-05,21:00
9109,217.48,2025-04-05,21:15
9110,207.48,2025-04-05,21:30
9111,40.0,2025-04-05,21:45
9112,40.0,2025-04-05,22:00
9113,40.0,2025-04-05,22:15
9114,159.69,2025-04-05,22:30
9115,212.94,2025-04-05,22:45
9116,216.17,2025-04-05,23:00
9117,290.25,2025-04-05,23:15
9118,319.85,2025-04-05,23:30
9119,318.56,2025-04-05,23:45
9120,327.42,2025-04-05,24:00
9121,284.51,2025-04-06,00:15
9122,363.56,2025-04-06,00:30
9123,345.66,2025-04-06,00:45
9124,373.52,2025-04-06,01:00
9125,227.98,2025-04-06,01:15
9126,287.68,2025-04-06,01:30
9127,315.42,2025-04-06,01:45
9128,287.62,2025-04-06,02:00
9129,389.65,2025-04-06,02:15
9130,390.0,2025-04-06,02:30
9131,370.83,2025-04-06,02:45
9132,417.67,2025-04-06,03:00
9133,441.4,2025-04-06,03:15
9134,450.0,2025-04-06,03:30
9135,446.02,2025-04-06,03:45
9136,500.0,2025-04-06,04:00
9137,600.0,2025-04-06,04:15
9138,378.09,2025-04-06,04:30
9139,400.0,2025-04-06,04:45
9140,420.0,2025-04-06,05:00
9141,495.97,2025-04-06,05:15
9142,506.59,2025-04-06,05:30
9143,505.44,2025-04-06,05:45
9144,406.53,2025-04-06,06:00
9145,427.66,2025-04-06,06:15
9146,590.0,2025-04-06,06:30
9147,600.0,2025-04-06,06:45
9148,600.0,2025-04-06,07:00
9149,600.0,2025-04-06,07:15
9150,600.0,2025-04-06,07:30
9151,550.0,2025-04-06,07:45
9152,450.0,2025-04-06,08:00
9153,350.0,2025-04-06,08:15
9154,310.0,2025-04-06,08:30
9155,40.0,2025-04-06,08:45
9156,40.0,2025-04-06,09:00
9157,40.0,2025-04-06,09:15
9158,130.48,2025-04-06,09:30
9159,40.0,2025-04-06,09:45
9160,116.31,2025-04-06,10:00
9161,40.0,2025-04-06,10:15
9162,40.0,2025-04-06,10:30
9163,40.0,2025-04-06,10:45
9164,40.0,2025-04-06,11:00
9165,40.0,2025-04-06,11:15
9166,40.0,2025-04-06,11:30
9167,40.0,2025-04-06,11:45
9168,40.0,2025-04-06,12:00
9169,40.0,2025-04-06,12:15
9170,40.0,2025-04-06,12:30
9171,40.0,2025-04-06,12:45
9172,40.0,2025-04-06,13:00
9173,40.0,2025-04-06,13:15
9174,40.0,2025-04-06,13:30
9175,40.0,2025-04-06,13:45
9176,40.0,2025-04-06,14:00
9177,137.86,2025-04-06,14:15
9178,40.0,2025-04-06,14:30
9179,40.0,2025-04-06,14:45
9180,40.0,2025-04-06,15:00
9181,40.0,2025-04-06,15:15
9182,176.78,2025-04-06,15:30
9183,171.91,2025-04-06,15:45
9184,164.23,2025-04-06,16:00
9185,156.36,2025-04-06,16:15
9186,164.04,2025-04-06,16:30
9187,171.64,2025-04-06,16:45
9188,213.03,2025-04-06,17:00
9189,304.25,2025-04-06,17:15
9190,228.94,2025-04-06,17:30
9191,223.26,2025-04-06,17:45
9192,170.29,2025-04-06,18:00
9193,227.64,2025-04-06,18:15
9194,300.76,2025-04-06,18:30
9195,409.26,2025-04-06,18:45
9196,470.75,2025-04-06,19:00
9197,521.91,2025-04-06,19:15
9198,513.27,2025-04-06,19:30
9199,600.0,2025-04-06,19:45
9200,600.0,2025-04-06,20:00
9201,450.0,2025-04-06,20:15
9202,400.0,2025-04-06,20:30
9203,450.0,2025-04-06,20:45
9204,440.0,2025-04-06,21:00
9205,440.0,2025-04-06,21:15
9206,430.0,2025-04-06,21:30
9207,530.0,2025-04-06,21:45
9208,530.0,2025-04-06,22:00
9209,590.0,2025-04-06,22:15
9210,600.0,2025-04-06,22:30
9211,600.0,2025-04-06,22:45
9212,600.0,2025-04-06,23:00
9213,600.0,2025-04-06,23:15
9214,600.0,2025-04-06,23:30
9215,600.0,2025-04-06,23:45
9216,496.5,2025-04-06,24:00
9217,497.68,2025-04-07,00:15
9218,474.68,2025-04-07,00:30
9219,483.92,2025-04-07,00:45
9220,543.41,2025-04-07,01:00
9221,543.65,2025-04-07,01:15
9222,600.0,2025-04-07,01:30
9223,600.0,2025-04-07,01:45
9224,399.85,2025-04-07,02:00
9225,590.0,2025-04-07,02:15
9226,590.0,2025-04-07,02:30
9227,590.0,2025-04-07,02:45
9228,590.0,2025-04-07,03:00
9229,394.02,2025-04-07,03:15
9230,392.81,2025-04-07,03:30
9231,590.0,2025-04-07,03:45
9232,600.0,2025-04-07,04:00
9233,580.0,2025-04-07,04:15
9234,600.0,2025-04-07,04:30
9235,590.0,2025-04-07,04:45
9236,590.0,2025-04-07,05:00
9237,600.0,2025-04-07,05:15
9238,600.0,2025-04-07,05:30
9239,600.0,2025-04-07,05:45
9240,600.0,2025-04-07,06:00
9241,600.0,2025-04-07,06:15
9242,600.0,2025-04-07,06:30
9243,600.0,2025-04-07,06:45
9244,600.0,2025-04-07,07:00
9245,600.0,2025-04-07,07:15
9246,600.0,2025-04-07,07:30
9247,600.0,2025-04-07,07:45
9248,590.0,2025-04-07,08:00
9249,400.0,2025-04-07,08:15
9250,290.0,2025-04-07,08:30
9251,260.0,2025-04-07,08:45
9252,40.0,2025-04-07,09:00
9253,40.0,2025-04-07,09:15
9254,40.0,2025-04-07,09:30
9255,40.0,2025-04-07,09:45
9256,40.0,2025-04-07,10:00
9257,40.0,2025-04-07,10:15
9258,40.0,2025-04-07,10:30
9259,40.0,2025-04-07,10:45
9260,40.0,2025-04-07,11:00
9261,40.0,2025-04-07,11:15
9262,40.0,2025-04-07,11:30
9263,40.0,2025-04-07,11:45
9264,40.0,2025-04-07,12:00
9265,40.0,2025-04-07,12:15
9266,40.0,2025-04-07,12:30
9267,40.0,2025-04-07,12:45
9268,40.0,2025-04-07,13:00
9269,40.0,2025-04-07,13:15
9270,40.0,2025-04-07,13:30
9271,40.0,2025-04-07,13:45
9272,40.0,2025-04-07,14:00
9273,40.0,2025-04-07,14:15
9274,40.0,2025-04-07,14:30
9275,40.0,2025-04-07,14:45
9276,40.0,2025-04-07,15:00
9277,40.0,2025-04-07,15:15
9278,40.0,2025-04-07,15:30
9279,40.0,2025-04-07,15:45
9280,40.0,2025-04-07,16:00
9281,40.0,2025-04-07,16:15
9282,40.0,2025-04-07,16:30
9283,158.22,2025-04-07,16:45
9284,208.96,2025-04-07,17:00
9285,321.93,2025-04-07,17:15
9286,327.98,2025-04-07,17:30
9287,326.13,2025-04-07,17:45
9288,308.11,2025-04-07,18:00
9289,280.4,2025-04-07,18:15
9290,307.38,2025-04-07,18:30
9291,294.92,2025-04-07,18:45
9292,297.15,2025-04-07,19:00
9293,328.85,2025-04-07,19:15
9294,331.14,2025-04-07,19:30
9295,278.48,2025-04-07,19:45
9296,230.96,2025-04-07,20:00
9297,173.76,2025-04-07,20:15
9298,262.65,2025-04-07,20:30
9299,254.71,2025-04-07,20:45
9300,238.89,2025-04-07,21:00
9301,194.29,2025-04-07,21:15
9302,190.61,2025-04-07,21:30
9303,40.0,2025-04-07,21:45
9304,40.0,2025-04-07,22:00
9305,40.0,2025-04-07,22:15
9306,40.0,2025-04-07,22:30
9307,40.0,2025-04-07,22:45
9308,40.0,2025-04-07,23:00
9309,40.0,2025-04-07,23:15
9310,40.0,2025-04-07,23:30
9311,40.0,2025-04-07,23:45
9312,40.0,2025-04-07,24:00
9313,40.0,2025-04-08,00:15
9314,40.0,2025-04-08,00:30
9315,40.0,2025-04-08,00:45
9316,40.0,2025-04-08,01:00
9317,40.0,2025-04-08,01:15
9318,40.0,2025-04-08,01:30
9319,40.0,2025-04-08,01:45
9320,40.0,2025-04-08,02:00
9321,40.0,2025-04-08,02:15
9322,290.0,2025-04-08,02:30
9323,290.0,2025-04-08,02:45
9324,290.0,2025-04-08,03:00
9325,278.16,2025-04-08,03:15
9326,268.53,2025-04-08,03:30
9327,277.44,2025-04-08,03:45
9328,278.25,2025-04-08,04:00
9329,315.27,2025-04-08,04:15
9330,287.9,2025-04-08,04:30
9331,315.55,2025-04-08,04:45
9332,254.71,2025-04-08,05:00
9333,254.8,2025-04-08,05:15
9334,262.6,2025-04-08,05:30
9335,258.14,2025-04-08,05:45
9336,40.0,2025-04-08,06:00
9337,40.0,2025-04-08,06:15
9338,275.26,2025-04-08,06:30
9339,285.31,2025-04-08,06:45
9340,284.81,2025-04-08,07:00
9341,40.0,2025-04-08,07:15
9342,245.99,2025-04-08,07:30
9343,236.85,2025-04-08,07:45
9344,40.0,2025-04-08,08:00
9345,40.0,2025-04-08,08:15
9346,40.0,2025-04-08,08:30
9347,40.0,2025-04-08,08:45
9348,40.0,2025-04-08,09:00
9349,40.0,2025-04-08,09:15
9350,40.0,2025-04-08,09:30
9351,197.91,2025-04-08,09:45
9352,249.49,2025-04-08,10:00
9353,170.59,2025-04-08,10:15
9354,132.92,2025-04-08,10:30
9355,40.0,2025-04-08,10:45
9356,142.28,2025-04-08,11:00
9357,40.0,2025-04-08,11:15
9358,152.84,2025-04-08,11:30
9359,40.0,2025-04-08,11:45
9360,40.0,2025-04-08,12:00
9361,40.0,2025-04-08,12:15
9362,40.0,2025-04-08,12:30
9363,40.0,2025-04-08,12:45
9364,40.0,2025-04-08,13:00
9365,40.0,2025-04-08,13:15
9366,40.0,2025-04-08,13:30
9367,40.0,2025-04-08,13:45
9368,40.0,2025-04-08,14:00
9369,40.0,2025-04-08,14:15
9370,40.0,2025-04-08,14:30
9371,40.0,2025-04-08,14:45
9372,168.23,2025-04-08,15:00
9373,40.0,2025-04-08,15:15
9374,40.0,2025-04-08,15:30
9375,40.0,2025-04-08,15:45
9376,150.68,2025-04-08,16:00
9377,217.05,2025-04-08,16:15
9378,283.05,2025-04-08,16:30
9379,191.28,2025-04-08,16:45
9380,40.0,2025-04-08,17:00
9381,40.0,2025-04-08,17:15
9382,40.0,2025-04-08,17:30
9383,40.0,2025-04-08,17:45
9384,40.0,2025-04-08,18:00
9385,40.0,2025-04-08,18:15
9386,40.0,2025-04-08,18:30
9387,40.0,2025-04-08,18:45
9388,175.39,2025-04-08,19:00
9389,226.53,2025-04-08,19:15
9390,264.15,2025-04-08,19:30
9391,300.11,2025-04-08,19:45
9392,306.57,2025-04-08,20:00
9393,167.89,2025-04-08,20:15
9394,216.15,2025-04-08,20:30
9395,192.25,2025-04-08,20:45
9396,40.0,2025-04-08,21:00
9397,40.0,2025-04-08,21:15
9398,40.0,2025-04-08,21:30
9399,40.0,2025-04-08,21:45
9400,40.0,2025-04-08,22:00
9401,40.0,2025-04-08,22:15
9402,40.0,2025-04-08,22:30
9403,40.0,2025-04-08,22:45
9404,40.0,2025-04-08,23:00
9405,290.0,2025-04-08,23:15
9406,300.0,2025-04-08,23:30
9407,340.0,2025-04-08,23:45
9408,400.0,2025-04-08,24:00
9409,530.0,2025-04-09,00:15
9410,530.0,2025-04-09,00:30
9411,580.0,2025-04-09,00:45
9412,570.0,2025-04-09,01:00
9413,570.0,2025-04-09,01:15
9414,580.0,2025-04-09,01:30
9415,590.0,2025-04-09,01:45
9416,570.0,2025-04-09,02:00
9417,400.0,2025-04-09,02:15
9418,297.48,2025-04-09,02:30
9419,300.0,2025-04-09,02:45
9420,310.0,2025-04-09,03:00
9421,450.0,2025-04-09,03:15
9422,450.0,2025-04-09,03:30
9423,520.0,2025-04-09,03:45
9424,510.0,2025-04-09,04:00
9425,570.0,2025-04-09,04:15
9426,580.0,2025-04-09,04:30
9427,600.0,2025-04-09,04:45
9428,450.0,2025-04-09,05:00
9429,450.0,2025-04-09,05:15
9430,400.0,2025-04-09,05:30
9431,450.0,2025-04-09,05:45
9432,310.0,2025-04-09,06:00
9433,340.0,2025-04-09,06:15
9434,450.0,2025-04-09,06:30
9435,580.0,2025-04-09,06:45
9436,600.0,2025-04-09,07:00
9437,590.0,2025-04-09,07:15
9438,590.0,2025-04-09,07:30
9439,450.0,2025-04-09,07:45
9440,350.0,2025-04-09,08:00
9441,300.0,2025-04-09,08:15
9442,270.0,2025-04-09,08:30
9443,40.0,2025-04-09,08:45
9444,40.0,2025-04-09,09:00
9445,40.0,2025-04-09,09:15
9446,40.0,2025-04-09,09:30
9447,40.0,2025-04-09,09:45
9448,40.0,2025-04-09,10:00
9449,40.0,2025-04-09,10:15
9450,40.0,2025-04-09,10:30
9451,40.0,2025-04-09,10:45
9452,40.0,2025-04-09,11:00
9453,40.0,2025-04-09,11:15
9454,40.0,2025-04-09,11:30
9455,40.0,2025-04-09,11:45
9456,40.0,2025-04-09,12:00
9457,40.0,2025-04-09,12:15
9458,40.0,2025-04-09,12:30
9459,40.0,2025-04-09,12:45
9460,40.0,2025-04-09,13:00
9461,40.0,2025-04-09,13:15
9462,40.0,2025-04-09,13:30
9463,40.0,2025-04-09,13:45
9464,40.0,2025-04-09,14:00
9465,40.0,2025-04-09,14:15
9466,40.0,2025-04-09,14:30
9467,40.0,2025-04-09,14:45
9468,152.67,2025-04-09,15:00
9469,297.01,2025-04-09,15:15
9470,40.0,2025-04-09,15:30
9471,40.0,2025-04-09,15:45
9472,228.27,2025-04-09,16:00
9473,208.93,2025-04-09,16:15
9474,40.0,2025-04-09,16:30
9475,40.0,2025-04-09,16:45
9476,40.0,2025-04-09,17:00
9477,309.01,2025-04-09,17:15
9478,161.55,2025-04-09,17:30
9479,160.8,2025-04-09,17:45
9480,159.86,2025-04-09,18:00
9481,169.01,2025-04-09,18:15
9482,222.73,2025-04-09,18:30
9483,208.16,2025-04-09,18:45
9484,233.89,2025-04-09,19:00
9485,231.69,2025-04-09,19:15
9486,227.16,2025-04-09,19:30
9487,284.54,2025-04-09,19:45
9488,377.66,2025-04-09,20:00
9489,400.28,2025-04-09,20:15
9490,401.87,2025-04-09,20:30
9491,400.56,2025-04-09,20:45
9492,406.27,2025-04-09,21:00
9493,409.83,2025-04-09,21:15
9494,424.52,2025-04-09,21:30
9495,426.56,2025-04-09,21:45
9496,416.84,2025-04-09,22:00
9497,412.66,2025-04-09,22:15
9498,401.82,2025-04-09,22:30
9499,403.01,2025-04-09,22:45
9500,396.27,2025-04-09,23:00
9501,406.69,2025-04-09,23:15
9502,397.95,2025-04-09,23:30
9503,394.84,2025-04-09,23:45
9504,392.75,2025-04-09,24:00
9505,434.64,2025-04-10,00:15
9506,486.79,2025-04-10,00:30
9507,384.32,2025-04-10,00:45
9508,531.73,2025-04-10,01:00
9509,382.91,2025-04-10,01:15
9510,396.82,2025-04-10,01:30
9511,394.63,2025-04-10,01:45
9512,474.89,2025-04-10,02:00
9513,359.08,2025-04-10,02:15
9514,476.45,2025-04-10,02:30
9515,580.0,2025-04-10,02:45
9516,570.0,2025-04-10,03:00
9517,570.0,2025-04-10,03:15
9518,542.49,2025-04-10,03:30
9519,579.55,2025-04-10,03:45
9520,588.62,2025-04-10,04:00
9521,450.0,2025-04-10,04:15
9522,520.0,2025-04-10,04:30
9523,450.0,2025-04-10,04:45
9524,400.0,2025-04-10,05:00
9525,330.0,2025-04-10,05:15
9526,376.08,2025-04-10,05:30
9527,289.45,2025-04-10,05:45
9528,290.0,2025-04-10,06:00
9529,290.0,2025-04-10,06:15
9530,280.91,2025-04-10,06:30
9531,290.0,2025-04-10,06:45
9532,289.79,2025-04-10,07:00
9533,279.58,2025-04-10,07:15
9534,310.0,2025-04-10,07:30
9535,300.0,2025-04-10,07:45
9536,270.0,2025-04-10,08:00
9537,280.0,2025-04-10,08:15
9538,260.0,2025-04-10,08:30
9539,40.0,2025-04-10,08:45
9540,40.0,2025-04-10,09:00
9541,40.0,2025-04-10,09:15
9542,40.0,2025-04-10,09:30
9543,40.0,2025-04-10,09:45
9544,40.0,2025-04-10,10:00
9545,40.0,2025-04-10,10:15
9546,40.0,2025-04-10,10:30
9547,40.0,2025-04-10,10:45
9548,40.0,2025-04-10,11:00
9549,40.0,2025-04-10,11:15
9550,40.0,2025-04-10,11:30
9551,40.0,2025-04-10,11:45
9552,40.0,2025-04-10,12:00
9553,40.0,2025-04-10,12:15
9554,147.3,2025-04-10,12:30
9555,40.0,2025-04-10,12:45
9556,40.0,2025-04-10,13:00
9557,40.0,2025-04-10,13:15
9558,156.04,2025-04-10,13:30
9559,40.0,2025-04-10,13:45
9560,40.0,2025-04-10,14:00
9561,155.01,2025-04-10,14:15
9562,40.0,2025-04-10,14:30
9563,40.0,2025-04-10,14:45
9564,172.12,2025-04-10,15:00
9565,40.0,2025-04-10,15:15
9566,40.0,2025-04-10,15:30
9567,163.1,2025-04-10,15:45
9568,162.61,2025-04-10,16:00
9569,162.44,2025-04-10,16:15
9570,40.0,2025-04-10,16:30
9571,286.33,2025-04-10,16:45
9572,308.86,2025-04-10,17:00
9573,320.76,2025-04-10,17:15
9574,329.11,2025-04-10,17:30
9575,317.17,2025-04-10,17:45
9576,315.37,2025-04-10,18:00
9577,40.0,2025-04-10,18:15
9578,40.0,2025-04-10,18:30
9579,197.24,2025-04-10,18:45
9580,297.58,2025-04-10,19:00
9581,339.62,2025-04-10,19:15
9582,373.99,2025-04-10,19:30
9583,369.72,2025-04-10,19:45
9584,364.02,2025-04-10,20:00
9585,350.96,2025-04-10,20:15
9586,348.44,2025-04-10,20:30
9587,355.26,2025-04-10,20:45
9588,353.93,2025-04-10,21:00
9589,355.63,2025-04-10,21:15
9590,356.72,2025-04-10,21:30
9591,346.24,2025-04-10,21:45
9592,390.89,2025-04-10,22:00
9593,336.73,2025-04-10,22:15
9594,291.24,2025-04-10,22:30
9595,192.35,2025-04-10,22:45
9596,194.64,2025-04-10,23:00
9597,258.96,2025-04-10,23:15
9598,238.12,2025-04-10,23:30
9599,195.54,2025-04-10,23:45
9600,174.51,2025-04-10,24:00
9601,380.1,2025-04-11,00:15
9602,348.85,2025-04-11,00:30
9603,367.15,2025-04-11,00:45
9604,344.75,2025-04-11,01:00
9605,275.13,2025-04-11,01:15
9606,324.52,2025-04-11,01:30
9607,346.51,2025-04-11,01:45
9608,349.75,2025-04-11,02:00
9609,283.76,2025-04-11,02:15
9610,374.29,2025-04-11,02:30
9611,267.13,2025-04-11,02:45
9612,207.35,2025-04-11,03:00
9613,252.91,2025-04-11,03:15
9614,201.72,2025-04-11,03:30
9615,224.96,2025-04-11,03:45
9616,195.7,2025-04-11,04:00
9617,317.31,2025-04-11,04:15
9618,225.24,2025-04-11,04:30
9619,264.75,2025-04-11,04:45
9620,263.28,2025-04-11,05:00
9621,205.35,2025-04-11,05:15
9622,40.0,2025-04-11,05:30
9623,139.02,2025-04-11,05:45
9624,40.0,2025-04-11,06:00
9625,40.0,2025-04-11,06:15
9626,40.0,2025-04-11,06:30
9627,40.0,2025-04-11,06:45
9628,40.0,2025-04-11,07:00
9629,40.0,2025-04-11,07:15
9630,40.0,2025-04-11,07:30
9631,40.0,2025-04-11,07:45
9632,40.0,2025-04-11,08:00
9633,40.0,2025-04-11,08:15
9634,40.0,2025-04-11,08:30
9635,40.0,2025-04-11,08:45
9636,48.46,2025-04-11,09:00
9637,40.0,2025-04-11,09:15
9638,40.0,2025-04-11,09:30
9639,40.0,2025-04-11,09:45
9640,40.0,2025-04-11,10:00
9641,40.0,2025-04-11,10:15
9642,40.0,2025-04-11,10:30
9643,46.94,2025-04-11,10:45
9644,40.0,2025-04-11,11:00
9645,270.44,2025-04-11,11:15
9646,236.3,2025-04-11,11:30
9647,216.39,2025-04-11,11:45
9648,40.0,2025-04-11,12:00
9649,40.0,2025-04-11,12:15
9650,40.0,2025-04-11,12:30
9651,40.0,2025-04-11,12:45
9652,40.0,2025-04-11,13:00
9653,40.0,2025-04-11,13:15
9654,40.0,2025-04-11,13:30
9655,40.0,2025-04-11,13:45
9656,40.0,2025-04-11,14:00
9657,40.0,2025-04-11,14:15
9658,40.0,2025-04-11,14:30
9659,40.0,2025-04-11,14:45
9660,40.0,2025-04-11,15:00
9661,40.0,2025-04-11,15:15
9662,40.0,2025-04-11,15:30
9663,40.0,2025-04-11,15:45
9664,40.0,2025-04-11,16:00
9665,312.56,2025-04-11,16:15
9666,336.27,2025-04-11,16:30
9667,316.16,2025-04-11,16:45
9668,40.0,2025-04-11,17:00
9669,249.76,2025-04-11,17:15
9670,40.0,2025-04-11,17:30
9671,40.0,2025-04-11,17:45
9672,40.0,2025-04-11,18:00
9673,40.0,2025-04-11,18:15
9674,40.0,2025-04-11,18:30
9675,40.0,2025-04-11,18:45
9676,40.0,2025-04-11,19:00
9677,40.0,2025-04-11,19:15
9678,330.0,2025-04-11,19:30
9679,290.0,2025-04-11,19:45
9680,330.0,2025-04-11,20:00
9681,450.0,2025-04-11,20:15
9682,450.0,2025-04-11,20:30
9683,40.0,2025-04-11,20:45
9684,300.0,2025-04-11,21:00
9685,390.0,2025-04-11,21:15
9686,450.0,2025-04-11,21:30
9687,450.0,2025-04-11,21:45
9688,450.0,2025-04-11,22:00
9689,400.0,2025-04-11,22:15
9690,450.0,2025-04-11,22:30
9691,400.0,2025-04-11,22:45
9692,330.0,2025-04-11,23:00
9693,400.0,2025-04-11,23:15
9694,450.0,2025-04-11,23:30
9695,500.0,2025-04-11,23:45
9696,550.0,2025-04-11,24:00
9697,590.0,2025-04-12,00:15
9698,530.0,2025-04-12,00:30
9699,350.0,2025-04-12,00:45
9700,372.8,2025-04-12,01:00
9701,350.0,2025-04-12,01:15
9702,350.0,2025-04-12,01:30
9703,400.0,2025-04-12,01:45
9704,390.0,2025-04-12,02:00
9705,400.0,2025-04-12,02:15
9706,530.0,2025-04-12,02:30
9707,471.49,2025-04-12,02:45
9708,400.0,2025-04-12,03:00
9709,450.0,2025-04-12,03:15
9710,426.39,2025-04-12,03:30
9711,405.85,2025-04-12,03:45
9712,390.0,2025-04-12,04:00
9713,330.0,2025-04-12,04:15
9714,390.0,2025-04-12,04:30
9715,390.0,2025-04-12,04:45
9716,350.0,2025-04-12,05:00
9717,390.0,2025-04-12,05:15
9718,400.0,2025-04-12,05:30
9719,510.0,2025-04-12,05:45
9720,510.0,2025-04-12,06:00
9721,450.0,2025-04-12,06:15
9722,530.0,2025-04-12,06:30
9723,500.0,2025-04-12,06:45
9724,530.0,2025-04-12,07:00
9725,330.0,2025-04-12,07:15
9726,290.0,2025-04-12,07:30
9727,270.0,2025-04-12,07:45
9728,260.0,2025-04-12,08:00
9729,250.0,2025-04-12,08:15
9730,40.0,2025-04-12,08:30
9731,40.0,2025-04-12,08:45
9732,40.0,2025-04-12,09:00
9733,40.0,2025-04-12,09:15
9734,40.0,2025-04-12,09:30
9735,186.04,2025-04-12,09:45
9736,40.0,2025-04-12,10:00
9737,40.0,2025-04-12,10:15
9738,40.0,2025-04-12,10:30
9739,40.0,2025-04-12,10:45
9740,40.0,2025-04-12,11:00
9741,40.0,2025-04-12,11:15
9742,40.0,2025-04-12,11:30
9743,47.6,2025-04-12,11:45
9744,47.64,2025-04-12,12:00
9745,40.0,2025-04-12,12:15
9746,40.0,2025-04-12,12:30
9747,40.0,2025-04-12,12:45
9748,40.0,2025-04-12,13:00
9749,40.0,2025-04-12,13:15
9750,40.0,2025-04-12,13:30
9751,47.98,2025-04-12,13:45
9752,47.45,2025-04-12,14:00
9753,40.0,2025-04-12,14:15
9754,40.0,2025-04-12,14:30
9755,47.28,2025-04-12,14:45
9756,47.05,2025-04-12,15:00
9757,47.03,2025-04-12,15:15
9758,46.97,2025-04-12,15:30
9759,47.02,2025-04-12,15:45
9760,47.0,2025-04-12,16:00
9761,46.96,2025-04-12,16:15
9762,46.94,2025-04-12,16:30
9763,46.75,2025-04-12,16:45
9764,46.89,2025-04-12,17:00
9765,47.58,2025-04-12,17:15
9766,47.78,2025-04-12,17:30
9767,47.8,2025-04-12,17:45
9768,48.22,2025-04-12,18:00
9769,48.67,2025-04-12,18:15
9770,48.49,2025-04-12,18:30
9771,40.0,2025-04-12,18:45
9772,40.0,2025-04-12,19:00
9773,40.0,2025-04-12,19:15
9774,300.0,2025-04-12,19:30
9775,330.0,2025-04-12,19:45
9776,610.0,2025-04-12,20:00
9777,650.0,2025-04-12,20:15
9778,600.0,2025-04-12,20:30
9779,650.0,2025-04-12,20:45
9780,600.0,2025-04-12,21:00
9781,600.0,2025-04-12,21:15
9782,600.0,2025-04-12,21:30
9783,540.0,2025-04-12,21:45
9784,540.0,2025-04-12,22:00
9785,530.0,2025-04-12,22:15
9786,530.0,2025-04-12,22:30
9787,600.0,2025-04-12,22:45
9788,540.0,2025-04-12,23:00
9789,600.0,2025-04-12,23:15
9790,600.0,2025-04-12,23:30
9791,600.0,2025-04-12,23:45
9792,600.0,2025-04-12,24:00
9793,649.6,2025-04-13,00:15
9794,650.0,2025-04-13,00:30
9795,650.0,2025-04-13,00:45
9796,600.0,2025-04-13,01:00
9797,620.0,2025-04-13,01:15
9798,610.0,2025-04-13,01:30
9799,600.0,2025-04-13,01:45
9800,590.0,2025-04-13,02:00
9801,590.0,2025-04-13,02:15
9802,580.0,2025-04-13,02:30
9803,550.0,2025-04-13,02:45
9804,500.0,2025-04-13,03:00
9805,600.0,2025-04-13,03:15
9806,600.0,2025-04-13,03:30
9807,590.0,2025-04-13,03:45
9808,580.0,2025-04-13,04:00
9809,590.0,2025-04-13,04:15
9810,580.0,2025-04-13,04:30
9811,590.0,2025-04-13,04:45
9812,590.0,2025-04-13,05:00
9813,590.0,2025-04-13,05:15
9814,580.0,2025-04-13,05:30
9815,580.0,2025-04-13,05:45
9816,580.0,2025-04-13,06:00
9817,590.0,2025-04-13,06:15
9818,600.0,2025-04-13,06:30
9819,600.0,2025-04-13,06:45
9820,600.0,2025-04-13,07:00
9821,580.0,2025-04-13,07:15
9822,530.0,2025-04-13,07:30
9823,380.0,2025-04-13,07:45
9824,300.0,2025-04-13,08:00
9825,40.0,2025-04-13,08:15
9826,40.0,2025-04-13,08:30
9827,40.0,2025-04-13,08:45
9828,40.0,2025-04-13,09:00
9829,40.0,2025-04-13,09:15
9830,40.0,2025-04-13,09:30
9831,40.0,2025-04-13,09:45
9832,40.0,2025-04-13,10:00
9833,40.0,2025-04-13,10:15
9834,40.0,2025-04-13,10:30
9835,40.0,2025-04-13,10:45
9836,40.0,2025-04-13,11:00
9837,40.0,2025-04-13,11:15
9838,40.0,2025-04-13,11:30
9839,40.0,2025-04-13,11:45
9840,40.0,2025-04-13,12:00
9841,40.0,2025-04-13,12:15
9842,40.0,2025-04-13,12:30
9843,40.0,2025-04-13,12:45
9844,40.0,2025-04-13,13:00
9845,40.0,2025-04-13,13:15
9846,40.0,2025-04-13,13:30
9847,47.18,2025-04-13,13:45
9848,47.58,2025-04-13,14:00
9849,47.38,2025-04-13,14:15
9850,47.46,2025-04-13,14:30
9851,47.69,2025-04-13,14:45
9852,47.17,2025-04-13,15:00
9853,40.0,2025-04-13,15:15
9854,40.0,2025-04-13,15:30
9855,40.0,2025-04-13,15:45
9856,40.0,2025-04-13,16:00
9857,40.0,2025-04-13,16:15
9858,47.25,2025-04-13,16:30
9859,47.06,2025-04-13,16:45
9860,46.99,2025-04-13,17:00
9861,47.16,2025-04-13,17:15
9862,47.46,2025-04-13,17:30
9863,47.38,2025-04-13,17:45
9864,47.47,2025-04-13,18:00
9865,48.26,2025-04-13,18:15
9866,49.47,2025-04-13,18:30
9867,49.41,2025-04-13,18:45
9868,49.04,2025-04-13,19:00
9869,51.25,2025-04-13,19:15
9870,50.91,2025-04-13,19:30
9871,49.57,2025-04-13,19:45
9872,530.0,2025-04-13,20:00
9873,334.32,2025-04-13,20:15
9874,49.31,2025-04-13,20:30
9875,295.2,2025-04-13,20:45
9876,234.96,2025-04-13,21:00
9877,256.22,2025-04-13,21:15
9878,233.18,2025-04-13,21:30
9879,250.36,2025-04-13,21:45
9880,40.0,2025-04-13,22:00
9881,40.0,2025-04-13,22:15
9882,40.0,2025-04-13,22:30
9883,40.0,2025-04-13,22:45
9884,40.0,2025-04-13,23:00
9885,40.0,2025-04-13,23:15
9886,40.0,2025-04-13,23:30
9887,40.0,2025-04-13,23:45
9888,40.0,2025-04-13,24:00
9889,332.37,2025-04-14,00:15
9890,315.14,2025-04-14,00:30
9891,330.51,2025-04-14,00:45
9892,299.36,2025-04-14,01:00
9893,389.9,2025-04-14,01:15
9894,354.16,2025-04-14,01:30
9895,240.17,2025-04-14,01:45
9896,240.04,2025-04-14,02:00
9897,301.87,2025-04-14,02:15
9898,309.88,2025-04-14,02:30
9899,259.9,2025-04-14,02:45
9900,40.0,2025-04-14,03:00
9901,259.96,2025-04-14,03:15
9902,329.94,2025-04-14,03:30
9903,260.0,2025-04-14,03:45
9904,203.23,2025-04-14,04:00
9905,219.49,2025-04-14,04:15
9906,252.1,2025-04-14,04:30
9907,40.0,2025-04-14,04:45
9908,40.0,2025-04-14,05:00
9909,225.15,2025-04-14,05:15
9910,253.89,2025-04-14,05:30
9911,309.51,2025-04-14,05:45
9912,309.52,2025-04-14,06:00
9913,389.41,2025-04-14,06:15
9914,390.0,2025-04-14,06:30
9915,500.0,2025-04-14,06:45
9916,500.0,2025-04-14,07:00
9917,390.0,2025-04-14,07:15
9918,390.0,2025-04-14,07:30
9919,390.0,2025-04-14,07:45
9920,350.0,2025-04-14,08:00
9921,260.0,2025-04-14,08:15
9922,40.0,2025-04-14,08:30
9923,40.0,2025-04-14,08:45
9924,40.0,2025-04-14,09:00
9925,260.0,2025-04-14,09:15
9926,310.0,2025-04-14,09:30
9927,220.0,2025-04-14,09:45
9928,40.0,2025-04-14,10:00
9929,40.0,2025-04-14,10:15
9930,40.0,2025-04-14,10:30
9931,40.0,2025-04-14,10:45
9932,40.0,2025-04-14,11:00
9933,46.41,2025-04-14,11:15
9934,47.42,2025-04-14,11:30
9935,47.39,2025-04-14,11:45
9936,47.41,2025-04-14,12:00
9937,47.33,2025-04-14,12:15
9938,47.18,2025-04-14,12:30
9939,47.44,2025-04-14,12:45
9940,47.55,2025-04-14,13:00
9941,47.54,2025-04-14,13:15
9942,47.53,2025-04-14,13:30
9943,47.53,2025-04-14,13:45
9944,48.07,2025-04-14,14:00
9945,47.65,2025-04-14,14:15
9946,47.36,2025-04-14,14:30
9947,47.86,2025-04-14,14:45
9948,47.85,2025-04-14,15:00
9949,47.67,2025-04-14,15:15
9950,47.6,2025-04-14,15:30
9951,257.79,2025-04-14,15:45
9952,144.14,2025-04-14,16:00
9953,223.97,2025-04-14,16:15
9954,234.11,2025-04-14,16:30
9955,168.14,2025-04-14,16:45
9956,187.44,2025-04-14,17:00
9957,305.82,2025-04-14,17:15
9958,290.06,2025-04-14,17:30
9959,298.95,2025-04-14,17:45
9960,245.81,2025-04-14,18:00
9961,51.0,2025-04-14,18:15
9962,202.53,2025-04-14,18:30
9963,200.35,2025-04-14,18:45
9964,253.02,2025-04-14,19:00
9965,439.01,2025-04-14,19:15
9966,389.81,2025-04-14,19:30
9967,401.48,2025-04-14,19:45
9968,299.58,2025-04-14,20:00
9969,347.3,2025-04-14,20:15
9970,348.03,2025-04-14,20:30
9971,358.73,2025-04-14,20:45
9972,342.69,2025-04-14,21:00
9973,399.79,2025-04-14,21:15
9974,374.44,2025-04-14,21:30
9975,373.16,2025-04-14,21:45
9976,368.76,2025-04-14,22:00
9977,231.1,2025-04-14,22:15
9978,202.5,2025-04-14,22:30
9979,202.67,2025-04-14,22:45
9980,276.51,2025-04-14,23:00
9981,187.97,2025-04-14,23:15
9982,245.16,2025-04-14,23:30
9983,287.99,2025-04-14,23:45
9984,194.63,2025-04-14,24:00
9985,385.38,2025-04-15,00:15
9986,390.44,2025-04-15,00:30
9987,440.0,2025-04-15,00:45
9988,380.0,2025-04-15,01:00
9989,254.9,2025-04-15,01:15
9990,282.71,2025-04-15,01:30
9991,274.51,2025-04-15,01:45
9992,188.51,2025-04-15,02:00
9993,212.28,2025-04-15,02:15
9994,226.85,2025-04-15,02:30
9995,232.34,2025-04-15,02:45
9996,222.29,2025-04-15,03:00
9997,216.27,2025-04-15,03:15
9998,196.31,2025-04-15,03:30
9999,176.16,2025-04-15,03:45
10000,40.0,2025-04-15,04:00
10001,40.0,2025-04-15,04:15
10002,40.0,2025-04-15,04:30
10003,40.0,2025-04-15,04:45
10004,40.0,2025-04-15,05:00
10005,40.0,2025-04-15,05:15
10006,40.0,2025-04-15,05:30
10007,40.0,2025-04-15,05:45
10008,40.0,2025-04-15,06:00
10009,217.81,2025-04-15,06:15
10010,181.81,2025-04-15,06:30
10011,181.19,2025-04-15,06:45
10012,40.0,2025-04-15,07:00
10013,40.0,2025-04-15,07:15
10014,40.0,2025-04-15,07:30
10015,40.0,2025-04-15,07:45
10016,40.0,2025-04-15,08:00
10017,40.0,2025-04-15,08:15
10018,40.0,2025-04-15,08:30
10019,40.0,2025-04-15,08:45
10020,40.0,2025-04-15,09:00
10021,40.0,2025-04-15,09:15
10022,40.0,2025-04-15,09:30
10023,40.0,2025-04-15,09:45
10024,160.52,2025-04-15,10:00
10025,210.32,2025-04-15,10:15
10026,159.78,2025-04-15,10:30
10027,145.39,2025-04-15,10:45
10028,40.0,2025-04-15,11:00
10029,40.0,2025-04-15,11:15
10030,40.0,2025-04-15,11:30
10031,40.0,2025-04-15,11:45
10032,40.0,2025-04-15,12:00
10033,40.0,2025-04-15,12:15
10034,40.0,2025-04-15,12:30
10035,40.0,2025-04-15,12:45
10036,40.0,2025-04-15,13:00
10037,40.0,2025-04-15,13:15
10038,40.0,2025-04-15,13:30
10039,40.0,2025-04-15,13:45
10040,48.31,2025-04-15,14:00
10041,48.32,2025-04-15,14:15
10042,48.19,2025-04-15,14:30
10043,48.26,2025-04-15,14:45
10044,48.1,2025-04-15,15:00
10045,48.38,2025-04-15,15:15
10046,48.34,2025-04-15,15:30
10047,48.3,2025-04-15,15:45
10048,47.86,2025-04-15,16:00
10049,48.07,2025-04-15,16:15
10050,40.0,2025-04-15,16:30
10051,40.0,2025-04-15,16:45
10052,212.25,2025-04-15,17:00
10053,374.96,2025-04-15,17:15
10054,215.28,2025-04-15,17:30
10055,298.1,2025-04-15,17:45
10056,266.13,2025-04-15,18:00
10057,51.92,2025-04-15,18:15
10058,52.02,2025-04-15,18:30
10059,51.58,2025-04-15,18:45
10060,51.64,2025-04-15,19:00
10061,340.54,2025-04-15,19:15
10062,329.43,2025-04-15,19:30
10063,240.32,2025-04-15,19:45
10064,306.62,2025-04-15,20:00
10065,236.51,2025-04-15,20:15
10066,226.31,2025-04-15,20:30
10067,229.71,2025-04-15,20:45
10068,257.11,2025-04-15,21:00
10069,237.31,2025-04-15,21:15
10070,245.49,2025-04-15,21:30
10071,246.71,2025-04-15,21:45
10072,216.51,2025-04-15,22:00
10073,163.56,2025-04-15,22:15
10074,155.17,2025-04-15,22:30
10075,196.61,2025-04-15,22:45
10076,191.73,2025-04-15,23:00
10077,214.76,2025-04-15,23:15
10078,187.16,2025-04-15,23:30
10079,212.39,2025-04-15,23:45
10080,210.56,2025-04-15,24:00
10081,293.53,2025-04-16,00:15
10082,280.62,2025-04-16,00:30
10083,198.72,2025-04-16,00:45
10084,189.2,2025-04-16,01:00
10085,224.59,2025-04-16,01:15
10086,202.37,2025-04-16,01:30
10087,181.7,2025-04-16,01:45
10088,171.61,2025-04-16,02:00
10089,174.56,2025-04-16,02:15
10090,232.67,2025-04-16,02:30
10091,224.78,2025-04-16,02:45
10092,227.9,2025-04-16,03:00
10093,300.0,2025-04-16,03:15
10094,300.0,2025-04-16,03:30
10095,300.0,2025-04-16,03:45
10096,290.0,2025-04-16,04:00
10097,300.0,2025-04-16,04:15
10098,40.0,2025-04-16,04:30
10099,40.0,2025-04-16,04:45
10100,40.0,2025-04-16,05:00
10101,40.0,2025-04-16,05:15
10102,40.0,2025-04-16,05:30
10103,240.0,2025-04-16,05:45
10104,300.0,2025-04-16,06:00
10105,310.0,2025-04-16,06:15
10106,310.0,2025-04-16,06:30
10107,310.0,2025-04-16,06:45
10108,300.0,2025-04-16,07:00
10109,300.0,2025-04-16,07:15
10110,300.0,2025-04-16,07:30
10111,40.0,2025-04-16,07:45
10112,40.0,2025-04-16,08:00
10113,40.0,2025-04-16,08:15
10114,40.0,2025-04-16,08:30
10115,40.0,2025-04-16,08:45
10116,40.0,2025-04-16,09:00
10117,40.0,2025-04-16,09:15
10118,40.0,2025-04-16,09:30
10119,40.0,2025-04-16,09:45
10120,40.0,2025-04-16,10:00
10121,154.06,2025-04-16,10:15
10122,46.89,2025-04-16,10:30
10123,47.81,2025-04-16,10:45
10124,47.66,2025-04-16,11:00
10125,48.14,2025-04-16,11:15
10126,48.21,2025-04-16,11:30
10127,48.07,2025-04-16,11:45
10128,47.34,2025-04-16,12:00
10129,48.04,2025-04-16,12:15
10130,47.85,2025-04-16,12:30
10131,47.97,2025-04-16,12:45
10132,48.4,2025-04-16,13:00
10133,48.57,2025-04-16,13:15
10134,40.0,2025-04-16,13:30
10135,40.0,2025-04-16,13:45
10136,40.0,2025-04-16,14:00
10137,40.0,2025-04-16,14:15
10138,40.0,2025-04-16,14:30
10139,40.0,2025-04-16,14:45
10140,40.0,2025-04-16,15:00
10141,148.36,2025-04-16,15:15
10142,147.39,2025-04-16,15:30
10143,221.75,2025-04-16,15:45
10144,161.68,2025-04-16,16:00
10145,155.21,2025-04-16,16:15
10146,138.8,2025-04-16,16:30
10147,135.94,2025-04-16,16:45
10148,133.84,2025-04-16,17:00
10149,172.82,2025-04-16,17:15
10150,145.48,2025-04-16,17:30
10151,142.87,2025-04-16,17:45
10152,155.38,2025-04-16,18:00
10153,40.0,2025-04-16,18:15
10154,300.0,2025-04-16,18:30
10155,40.0,2025-04-16,18:45
10156,40.0,2025-04-16,19:00
10157,225.87,2025-04-16,19:15
10158,326.91,2025-04-16,19:30
10159,366.79,2025-04-16,19:45
10160,496.32,2025-04-16,20:00
10161,368.22,2025-04-16,20:15
10162,310.28,2025-04-16,20:30
10163,420.0,2025-04-16,20:45
10164,550.0,2025-04-16,21:00
10165,576.41,2025-04-16,21:15
10166,497.89,2025-04-16,21:30
10167,404.69,2025-04-16,21:45
10168,480.74,2025-04-16,22:00
10169,395.98,2025-04-16,22:15
10170,401.19,2025-04-16,22:30
10171,399.92,2025-04-16,22:45
10172,402.79,2025-04-16,23:00
10173,379.95,2025-04-16,23:15
10174,386.24,2025-04-16,23:30
10175,384.86,2025-04-16,23:45
10176,320.21,2025-04-16,24:00
10177,405.79,2025-04-17,00:15
10178,377.26,2025-04-17,00:30
10179,369.51,2025-04-17,00:45
10180,216.94,2025-04-17,01:00
10181,209.22,2025-04-17,01:15
10182,181.5,2025-04-17,01:30
10183,182.25,2025-04-17,01:45
10184,176.09,2025-04-17,02:00
10185,184.3,2025-04-17,02:15
10186,207.66,2025-04-17,02:30
10187,200.25,2025-04-17,02:45
10188,192.09,2025-04-17,03:00
10189,184.96,2025-04-17,03:15
10190,174.3,2025-04-17,03:30
10191,161.38,2025-04-17,03:45
10192,40.0,2025-04-17,04:00
10193,92.56,2025-04-17,04:15
10194,170.66,2025-04-17,04:30
10195,178.25,2025-04-17,04:45
10196,93.54,2025-04-17,05:00
10197,40.0,2025-04-17,05:15
10198,40.0,2025-04-17,05:30
10199,91.72,2025-04-17,05:45
10200,164.09,2025-04-17,06:00
10201,189.38,2025-04-17,06:15
10202,193.4,2025-04-17,06:30
10203,194.72,2025-04-17,06:45
10204,192.91,2025-04-17,07:00
10205,196.23,2025-04-17,07:15
10206,40.0,2025-04-17,07:30
10207,40.0,2025-04-17,07:45
10208,40.0,2025-04-17,08:00
10209,40.0,2025-04-17,08:15
10210,40.0,2025-04-17,08:30
10211,40.0,2025-04-17,08:45
10212,40.0,2025-04-17,09:00
10213,40.0,2025-04-17,09:15
10214,40.0,2025-04-17,09:30
10215,40.0,2025-04-17,09:45
10216,40.0,2025-04-17,10:00
10217,40.0,2025-04-17,10:15
10218,40.0,2025-04-17,10:30
10219,40.0,2025-04-17,10:45
10220,40.0,2025-04-17,11:00
10221,40.0,2025-04-17,11:15
10222,40.0,2025-04-17,11:30
10223,40.0,2025-04-17,11:45
10224,40.0,2025-04-17,12:00
10225,40.0,2025-04-17,12:15
10226,40.0,2025-04-17,12:30
10227,40.0,2025-04-17,12:45
10228,40.0,2025-04-17,13:00
10229,40.0,2025-04-17,13:15
10230,40.0,2025-04-17,13:30
10231,40.0,2025-04-17,13:45
10232,40.0,2025-04-17,14:00
10233,40.0,2025-04-17,14:15
10234,40.0,2025-04-17,14:30
10235,40.0,2025-04-17,14:45
10236,40.0,2025-04-17,15:00
10237,40.0,2025-04-17,15:15
10238,40.0,2025-04-17,15:30
10239,40.0,2025-04-17,15:45
10240,40.0,2025-04-17,16:00
10241,157.95,2025-04-17,16:15
10242,154.58,2025-04-17,16:30
10243,157.08,2025-04-17,16:45
10244,148.38,2025-04-17,17:00
10245,291.28,2025-04-17,17:15
10246,163.64,2025-04-17,17:30
10247,154.75,2025-04-17,17:45
10248,40.0,2025-04-17,18:00
10249,40.0,2025-04-17,18:15
10250,40.0,2025-04-17,18:30
10251,183.05,2025-04-17,18:45
10252,184.15,2025-04-17,19:00
10253,360.86,2025-04-17,19:15
10254,342.57,2025-04-17,19:30
10255,368.41,2025-04-17,19:45
10256,381.62,2025-04-17,20:00
10257,226.3,2025-04-17,20:15
10258,259.57,2025-04-17,20:30
10259,345.36,2025-04-17,20:45
10260,323.4,2025-04-17,21:00
10261,197.12,2025-04-17,21:15
10262,171.07,2025-04-17,21:30
10263,155.08,2025-04-17,21:45
10264,40.0,2025-04-17,22:00
10265,40.0,2025-04-17,22:15
10266,40.0,2025-04-17,22:30
10267,40.0,2025-04-17,22:45
10268,40.0,2025-04-17,23:00
10269,40.0,2025-04-17,23:15
10270,40.0,2025-04-17,23:30
10271,40.0,2025-04-17,23:45
10272,40.0,2025-04-17,24:00
10273,40.0,2025-04-18,00:15
10274,40.0,2025-04-18,00:30
10275,40.0,2025-04-18,00:45
10276,40.0,2025-04-18,01:00
10277,40.0,2025-04-18,01:15
10278,40.0,2025-04-18,01:30
10279,40.0,2025-04-18,01:45
10280,40.0,2025-04-18,02:00
10281,40.0,2025-04-18,02:15
10282,40.0,2025-04-18,02:30
10283,40.0,2025-04-18,02:45
10284,229.73,2025-04-18,03:00
10285,40.0,2025-04-18,03:15
10286,40.0,2025-04-18,03:30
10287,40.0,2025-04-18,03:45
10288,40.0,2025-04-18,04:00
10289,40.0,2025-04-18,04:15
10290,40.0,2025-04-18,04:30
10291,40.0,2025-04-18,04:45
10292,40.0,2025-04-18,05:00
10293,60.0,2025-04-18,05:15
10294,60.0,2025-04-18,05:30
10295,40.0,2025-04-18,05:45
10296,40.0,2025-04-18,06:00
10297,250.0,2025-04-18,06:15
10298,250.0,2025-04-18,06:30
10299,60.0,2025-04-18,06:45
10300,60.0,2025-04-18,07:00
10301,40.0,2025-04-18,07:15
10302,40.0,2025-04-18,07:30
10303,40.0,2025-04-18,07:45
10304,40.0,2025-04-18,08:00
10305,40.0,2025-04-18,08:15
10306,40.0,2025-04-18,08:30
10307,40.0,2025-04-18,08:45
10308,40.0,2025-04-18,09:00
10309,40.0,2025-04-18,09:15
10310,40.0,2025-04-18,09:30
10311,40.0,2025-04-18,09:45
10312,40.0,2025-04-18,10:00
10313,40.0,2025-04-18,10:15
10314,40.0,2025-04-18,10:30
10315,40.0,2025-04-18,10:45
10316,40.0,2025-04-18,11:00
10317,40.0,2025-04-18,11:15
10318,40.0,2025-04-18,11:30
10319,40.0,2025-04-18,11:45
10320,40.0,2025-04-18,12:00
10321,40.0,2025-04-18,12:15
10322,40.0,2025-04-18,12:30
10323,40.0,2025-04-18,12:45
10324,40.0,2025-04-18,13:00
10325,40.0,2025-04-18,13:15
10326,40.0,2025-04-18,13:30
10327,40.0,2025-04-18,13:45
10328,40.0,2025-04-18,14:00
10329,40.0,2025-04-18,14:15
10330,40.0,2025-04-18,14:30
10331,40.0,2025-04-18,14:45
10332,40.0,2025-04-18,15:00
10333,40.0,2025-04-18,15:15
10334,40.0,2025-04-18,15:30
10335,40.0,2025-04-18,15:45
10336,40.0,2025-04-18,16:00
10337,220.22,2025-04-18,16:15
10338,40.0,2025-04-18,16:30
10339,40.0,2025-04-18,16:45
10340,40.0,2025-04-18,17:00
10341,40.0,2025-04-18,17:15
10342,353.33,2025-04-18,17:30
10343,336.32,2025-04-18,17:45
10344,298.97,2025-04-18,18:00
10345,255.72,2025-04-18,18:15
10346,40.0,2025-04-18,18:30
10347,40.0,2025-04-18,18:45
10348,390.0,2025-04-18,19:00
10349,469.53,2025-04-18,19:15
10350,530.0,2025-04-18,19:30
10351,540.0,2025-04-18,19:45
10352,390.0,2025-04-18,20:00
10353,390.0,2025-04-18,20:15
10354,510.0,2025-04-18,20:30
10355,540.0,2025-04-18,20:45
10356,620.0,2025-04-18,21:00
10357,590.0,2025-04-18,21:15
10358,390.0,2025-04-18,21:30
10359,499.32,2025-04-18,21:45
10360,527.25,2025-04-18,22:00
10361,576.74,2025-04-18,22:15
10362,578.12,2025-04-18,22:30
10363,565.64,2025-04-18,22:45
10364,509.33,2025-04-18,23:00
10365,529.59,2025-04-18,23:15
10366,517.5,2025-04-18,23:30
10367,435.59,2025-04-18,23:45
10368,380.0,2025-04-18,24:00
10369,530.88,2025-04-19,00:15
10370,358.23,2025-04-19,00:30
10371,400.0,2025-04-19,00:45
10372,305.16,2025-04-19,01:00
10373,269.61,2025-04-19,01:15
10374,281.19,2025-04-19,01:30
10375,241.9,2025-04-19,01:45
10376,243.51,2025-04-19,02:00
10377,233.59,2025-04-19,02:15
10378,40.0,2025-04-19,02:30
10379,40.0,2025-04-19,02:45
10380,40.0,2025-04-19,03:00
10381,40.0,2025-04-19,03:15
10382,40.0,2025-04-19,03:30
10383,40.0,2025-04-19,03:45
10384,40.0,2025-04-19,04:00
10385,40.0,2025-04-19,04:15
10386,40.0,2025-04-19,04:30
10387,40.0,2025-04-19,04:45
10388,177.3,2025-04-19,05:00
10389,40.0,2025-04-19,05:15
10390,40.0,2025-04-19,05:30
10391,168.34,2025-04-19,05:45
10392,171.67,2025-04-19,06:00
10393,209.47,2025-04-19,06:15
10394,200.41,2025-04-19,06:30
10395,207.74,2025-04-19,06:45
10396,40.0,2025-04-19,07:00
10397,40.0,2025-04-19,07:15
10398,40.0,2025-04-19,07:30
10399,40.0,2025-04-19,07:45
10400,40.0,2025-04-19,08:00
10401,40.0,2025-04-19,08:15
10402,40.0,2025-04-19,08:30
10403,40.0,2025-04-19,08:45
10404,40.0,2025-04-19,09:00
10405,40.0,2025-04-19,09:15
10406,40.0,2025-04-19,09:30
10407,40.0,2025-04-19,09:45
10408,40.0,2025-04-19,10:00
10409,40.0,2025-04-19,10:15
10410,40.0,2025-04-19,10:30
10411,40.0,2025-04-19,10:45
10412,40.0,2025-04-19,11:00
10413,40.0,2025-04-19,11:15
10414,40.0,2025-04-19,11:30
10415,40.0,2025-04-19,11:45
10416,40.0,2025-04-19,12:00
10417,40.0,2025-04-19,12:15
10418,40.0,2025-04-19,12:30
10419,40.0,2025-04-19,12:45
10420,40.0,2025-04-19,13:00
10421,40.0,2025-04-19,13:15
10422,40.0,2025-04-19,13:30
10423,40.0,2025-04-19,13:45
10424,40.0,2025-04-19,14:00
10425,40.0,2025-04-19,14:15
10426,40.0,2025-04-19,14:30
10427,40.0,2025-04-19,14:45
10428,40.0,2025-04-19,15:00
10429,40.0,2025-04-19,15:15
10430,155.18,2025-04-19,15:30
10431,161.98,2025-04-19,15:45
10432,161.83,2025-04-19,16:00
10433,165.44,2025-04-19,16:15
10434,165.37,2025-04-19,16:30
10435,135.75,2025-04-19,16:45
10436,40.0,2025-04-19,17:00
10437,193.82,2025-04-19,17:15
10438,166.02,2025-04-19,17:30
10439,40.0,2025-04-19,17:45
10440,40.0,2025-04-19,18:00
10441,40.0,2025-04-19,18:15
10442,40.0,2025-04-19,18:30
10443,40.0,2025-04-19,18:45
10444,40.0,2025-04-19,19:00
10445,175.29,2025-04-19,19:15
10446,188.33,2025-04-19,19:30
10447,187.51,2025-04-19,19:45
10448,188.42,2025-04-19,20:00
10449,68.47,2025-04-19,20:15
10450,40.0,2025-04-19,20:30
10451,68.23,2025-04-19,20:45
10452,40.0,2025-04-19,21:00
10453,40.0,2025-04-19,21:15
10454,40.0,2025-04-19,21:30
10455,40.0,2025-04-19,21:45
10456,40.0,2025-04-19,22:00
10457,40.0,2025-04-19,22:15
10458,40.0,2025-04-19,22:30
10459,40.0,2025-04-19,22:45
10460,40.0,2025-04-19,23:00
10461,40.0,2025-04-19,23:15
10462,40.0,2025-04-19,23:30
10463,40.0,2025-04-19,23:45
10464,40.0,2025-04-19,24:00
10465,40.0,2025-04-20,00:15
10466,40.0,2025-04-20,00:30
10467,40.0,2025-04-20,00:45
10468,40.0,2025-04-20,01:00
10469,40.0,2025-04-20,01:15
10470,40.0,2025-04-20,01:30
10471,40.0,2025-04-20,01:45
10472,40.0,2025-04-20,02:00
10473,40.0,2025-04-20,02:15
10474,40.0,2025-04-20,02:30
10475,40.0,2025-04-20,02:45
10476,40.0,2025-04-20,03:00
10477,40.0,2025-04-20,03:15
10478,40.0,2025-04-20,03:30
10479,40.0,2025-04-20,03:45
10480,40.0,2025-04-20,04:00
10481,40.0,2025-04-20,04:15
10482,40.0,2025-04-20,04:30
10483,40.0,2025-04-20,04:45
10484,40.0,2025-04-20,05:00
10485,40.0,2025-04-20,05:15
10486,40.0,2025-04-20,05:30
10487,40.0,2025-04-20,05:45
10488,40.0,2025-04-20,06:00
10489,40.0,2025-04-20,06:15
10490,40.0,2025-04-20,06:30
10491,40.0,2025-04-20,06:45
10492,40.0,2025-04-20,07:00
10493,40.0,2025-04-20,07:15
10494,40.0,2025-04-20,07:30
10495,40.0,2025-04-20,07:45
10496,40.0,2025-04-20,08:00
10497,40.0,2025-04-20,08:15
10498,40.0,2025-04-20,08:30
10499,40.0,2025-04-20,08:45
10500,40.0,2025-04-20,09:00
10501,40.0,2025-04-20,09:15
10502,40.0,2025-04-20,09:30
10503,40.0,2025-04-20,09:45
10504,40.0,2025-04-20,10:00
10505,40.0,2025-04-20,10:15
10506,40.0,2025-04-20,10:30
10507,40.0,2025-04-20,10:45
10508,40.0,2025-04-20,11:00
10509,40.0,2025-04-20,11:15
10510,40.0,2025-04-20,11:30
10511,40.0,2025-04-20,11:45
10512,40.0,2025-04-20,12:00
10513,40.0,2025-04-20,12:15
10514,40.0,2025-04-20,12:30
10515,40.0,2025-04-20,12:45
10516,40.0,2025-04-20,13:00
10517,40.0,2025-04-20,13:15
10518,40.0,2025-04-20,13:30
10519,40.0,2025-04-20,13:45
10520,40.0,2025-04-20,14:00
10521,40.0,2025-04-20,14:15
10522,40.0,2025-04-20,14:30
10523,40.0,2025-04-20,14:45
10524,40.0,2025-04-20,15:00
10525,40.0,2025-04-20,15:15
10526,40.0,2025-04-20,15:30
10527,40.0,2025-04-20,15:45
10528,40.0,2025-04-20,16:00
10529,40.0,2025-04-20,16:15
10530,40.0,2025-04-20,16:30
10531,40.0,2025-04-20,16:45
10532,40.0,2025-04-20,17:00
10533,40.0,2025-04-20,17:15
10534,40.0,2025-04-20,17:30
10535,40.0,2025-04-20,17:45
10536,40.0,2025-04-20,18:00
10537,40.0,2025-04-20,18:15
10538,40.0,2025-04-20,18:30
10539,40.0,2025-04-20,18:45
10540,40.0,2025-04-20,19:00
10541,40.0,2025-04-20,19:15
10542,40.0,2025-04-20,19:30
10543,40.0,2025-04-20,19:45
10544,40.0,2025-04-20,20:00
10545,40.0,2025-04-20,20:15
10546,40.0,2025-04-20,20:30
10547,40.0,2025-04-20,20:45
10548,40.0,2025-04-20,21:00
10549,40.0,2025-04-20,21:15
10550,40.0,2025-04-20,21:30
10551,40.0,2025-04-20,21:45
10552,40.0,2025-04-20,22:00
10553,40.0,2025-04-20,22:15
10554,40.0,2025-04-20,22:30
10555,40.0,2025-04-20,22:45
10556,40.0,2025-04-20,23:00
10557,40.0,2025-04-20,23:15
10558,40.0,2025-04-20,23:30
10559,40.0,2025-04-20,23:45
10560,40.0,2025-04-20,24:00
10561,40.0,2025-04-21,00:15
10562,40.0,2025-04-21,00:30
10563,40.0,2025-04-21,00:45
10564,40.0,2025-04-21,01:00
10565,40.0,2025-04-21,01:15
10566,40.0,2025-04-21,01:30
10567,40.0,2025-04-21,01:45
10568,40.0,2025-04-21,02:00
10569,40.0,2025-04-21,02:15
10570,40.0,2025-04-21,02:30
10571,40.0,2025-04-21,02:45
10572,40.0,2025-04-21,03:00
10573,40.0,2025-04-21,03:15
10574,40.0,2025-04-21,03:30
10575,40.0,2025-04-21,03:45
10576,40.0,2025-04-21,04:00
10577,40.0,2025-04-21,04:15
10578,40.0,2025-04-21,04:30
10579,40.0,2025-04-21,04:45
10580,40.0,2025-04-21,05:00
10581,40.0,2025-04-21,05:15
10582,40.0,2025-04-21,05:30
10583,40.0,2025-04-21,05:45
10584,40.0,2025-04-21,06:00
10585,40.0,2025-04-21,06:15
10586,40.0,2025-04-21,06:30
10587,290.0,2025-04-21,06:45
10588,40.0,2025-04-21,07:00
10589,40.0,2025-04-21,07:15
10590,40.0,2025-04-21,07:30
10591,40.0,2025-04-21,07:45
10592,40.0,2025-04-21,08:00
10593,40.0,2025-04-21,08:15
10594,40.0,2025-04-21,08:30
10595,40.0,2025-04-21,08:45
10596,40.0,2025-04-21,09:00
10597,40.0,2025-04-21,09:15
10598,40.0,2025-04-21,09:30
10599,40.0,2025-04-21,09:45
10600,40.0,2025-04-21,10:00
10601,40.0,2025-04-21,10:15
10602,40.0,2025-04-21,10:30
10603,40.0,2025-04-21,10:45
10604,40.0,2025-04-21,11:00
10605,40.0,2025-04-21,11:15
10606,40.0,2025-04-21,11:30
10607,40.0,2025-04-21,11:45
10608,40.0,2025-04-21,12:00
10609,40.0,2025-04-21,12:15
10610,40.0,2025-04-21,12:30
10611,40.0,2025-04-21,12:45
10612,40.0,2025-04-21,13:00
10613,40.0,2025-04-21,13:15
10614,40.0,2025-04-21,13:30
10615,40.0,2025-04-21,13:45
10616,40.0,2025-04-21,14:00
10617,40.0,2025-04-21,14:15
10618,40.0,2025-04-21,14:30
10619,40.0,2025-04-21,14:45
10620,40.0,2025-04-21,15:00
10621,40.0,2025-04-21,15:15
10622,40.0,2025-04-21,15:30
10623,40.0,2025-04-21,15:45
10624,40.0,2025-04-21,16:00
10625,40.0,2025-04-21,16:15
10626,40.0,2025-04-21,16:30
10627,40.0,2025-04-21,16:45
10628,40.0,2025-04-21,17:00
10629,40.0,2025-04-21,17:15
10630,40.0,2025-04-21,17:30
10631,40.0,2025-04-21,17:45
10632,40.0,2025-04-21,18:00
10633,40.0,2025-04-21,18:15
10634,40.0,2025-04-21,18:30
10635,40.0,2025-04-21,18:45
10636,40.0,2025-04-21,19:00
10637,40.0,2025-04-21,19:15
10638,40.0,2025-04-21,19:30
10639,310.0,2025-04-21,19:45
10640,350.0,2025-04-21,20:00
10641,300.0,2025-04-21,20:15
10642,472.36,2025-04-21,20:30
10643,457.49,2025-04-21,20:45
10644,487.2,2025-04-21,21:00
10645,445.28,2025-04-21,21:15
10646,463.56,2025-04-21,21:30
10647,499.94,2025-04-21,21:45
10648,490.74,2025-04-21,22:00
10649,390.0,2025-04-21,22:15
10650,360.0,2025-04-21,22:30
10651,400.0,2025-04-21,22:45
10652,400.0,2025-04-21,23:00
10653,600.0,2025-04-21,23:15
10654,550.0,2025-04-21,23:30
10655,510.0,2025-04-21,23:45
10656,600.0,2025-04-21,24:00
10657,500.0,2025-04-22,00:15
10658,450.0,2025-04-22,00:30
10659,460.0,2025-04-22,00:45
10660,450.0,2025-04-22,01:00
10661,400.0,2025-04-22,01:15
10662,400.0,2025-04-22,01:30
10663,400.0,2025-04-22,01:45
10664,330.0,2025-04-22,02:00
10665,320.0,2025-04-22,02:15
10666,320.0,2025-04-22,02:30
10667,350.0,2025-04-22,02:45
10668,320.0,2025-04-22,03:00
10669,310.0,2025-04-22,03:15
10670,320.0,2025-04-22,03:30
10671,350.0,2025-04-22,03:45
10672,320.0,2025-04-22,04:00
10673,320.0,2025-04-22,04:15
10674,310.0,2025-04-22,04:30
10675,310.0,2025-04-22,04:45
10676,310.0,2025-04-22,05:00
10677,310.0,2025-04-22,05:15
10678,310.0,2025-04-22,05:30
10679,320.0,2025-04-22,05:45
10680,400.0,2025-04-22,06:00
10681,450.0,2025-04-22,06:15
10682,400.0,2025-04-22,06:30
10683,400.0,2025-04-22,06:45
10684,400.0,2025-04-22,07:00
10685,400.0,2025-04-22,07:15
10686,373.24,2025-04-22,07:30
10687,310.0,2025-04-22,07:45
10688,269.4,2025-04-22,08:00
10689,40.0,2025-04-22,08:15
10690,40.0,2025-04-22,08:30
10691,40.0,2025-04-22,08:45
10692,40.0,2025-04-22,09:00
10693,40.0,2025-04-22,09:15
10694,40.0,2025-04-22,09:30
10695,40.0,2025-04-22,09:45
10696,40.0,2025-04-22,10:00
10697,40.0,2025-04-22,10:15
10698,40.0,2025-04-22,10:30
10699,40.0,2025-04-22,10:45
10700,40.0,2025-04-22,11:00
10701,40.0,2025-04-22,11:15
10702,40.0,2025-04-22,11:30
10703,40.0,2025-04-22,11:45
10704,40.0,2025-04-22,12:00
10705,40.0,2025-04-22,12:15
10706,40.0,2025-04-22,12:30
10707,40.0,2025-04-22,12:45
10708,40.0,2025-04-22,13:00
10709,40.0,2025-04-22,13:15
10710,40.0,2025-04-22,13:30
10711,40.0,2025-04-22,13:45
10712,40.0,2025-04-22,14:00
10713,40.0,2025-04-22,14:15
10714,40.0,2025-04-22,14:30
10715,40.0,2025-04-22,14:45
10716,40.0,2025-04-22,15:00
10717,40.0,2025-04-22,15:15
10718,40.0,2025-04-22,15:30
10719,40.0,2025-04-22,15:45
10720,40.0,2025-04-22,16:00
10721,147.92,2025-04-22,16:15
10722,159.12,2025-04-22,16:30
10723,162.75,2025-04-22,16:45
10724,156.05,2025-04-22,17:00
10725,239.19,2025-04-22,17:15
10726,210.19,2025-04-22,17:30
10727,205.48,2025-04-22,17:45
10728,192.17,2025-04-22,18:00
10729,143.3,2025-04-22,18:15
10730,145.01,2025-04-22,18:30
10731,157.81,2025-04-22,18:45
10732,165.16,2025-04-22,19:00
10733,332.41,2025-04-22,19:15
10734,363.98,2025-04-22,19:30
10735,369.01,2025-04-22,19:45
10736,360.9,2025-04-22,20:00
10737,389.02,2025-04-22,20:15
10738,469.54,2025-04-22,20:30
10739,451.3,2025-04-22,20:45
10740,295.05,2025-04-22,21:00
10741,324.85,2025-04-22,21:15
10742,323.96,2025-04-22,21:30
10743,281.24,2025-04-22,21:45
10744,275.56,2025-04-22,22:00
10745,346.48,2025-04-22,22:15
10746,276.37,2025-04-22,22:30
10747,366.46,2025-04-22,22:45
10748,392.85,2025-04-22,23:00
10749,347.59,2025-04-22,23:15
10750,364.21,2025-04-22,23:30
10751,488.58,2025-04-22,23:45
10752,483.89,2025-04-22,24:00
10753,338.04,2025-04-23,00:15
10754,404.06,2025-04-23,00:30
10755,363.84,2025-04-23,00:45
10756,340.03,2025-04-23,01:00
10757,326.77,2025-04-23,01:15
10758,323.65,2025-04-23,01:30
10759,302.64,2025-04-23,01:45
10760,304.88,2025-04-23,02:00
10761,317.48,2025-04-23,02:15
10762,310.79,2025-04-23,02:30
10763,313.17,2025-04-23,02:45
10764,321.77,2025-04-23,03:00
10765,324.23,2025-04-23,03:15
10766,350.16,2025-04-23,03:30
10767,327.51,2025-04-23,03:45
10768,338.23,2025-04-23,04:00
10769,300.0,2025-04-23,04:15
10770,300.0,2025-04-23,04:30
10771,280.0,2025-04-23,04:45
10772,40.0,2025-04-23,05:00
10773,280.0,2025-04-23,05:15
10774,300.0,2025-04-23,05:30
10775,300.0,2025-04-23,05:45
10776,300.0,2025-04-23,06:00
10777,380.0,2025-04-23,06:15
10778,350.0,2025-04-23,06:30
10779,400.0,2025-04-23,06:45
10780,380.0,2025-04-23,07:00
10781,400.0,2025-04-23,07:15
10782,330.0,2025-04-23,07:30
10783,310.0,2025-04-23,07:45
10784,290.0,2025-04-23,08:00
10785,40.0,2025-04-23,08:15
10786,40.0,2025-04-23,08:30
10787,40.0,2025-04-23,08:45
10788,40.0,2025-04-23,09:00
10789,40.0,2025-04-23,09:15
10790,56.0,2025-04-23,09:30
10791,149.51,2025-04-23,09:45
10792,142.97,2025-04-23,10:00
10793,54.24,2025-04-23,10:15
10794,55.24,2025-04-23,10:30
10795,55.38,2025-04-23,10:45
10796,40.0,2025-04-23,11:00
10797,40.0,2025-04-23,11:15
10798,40.0,2025-04-23,11:30
10799,40.0,2025-04-23,11:45
10800,40.0,2025-04-23,12:00
10801,40.0,2025-04-23,12:15
10802,40.0,2025-04-23,12:30
10803,40.0,2025-04-23,12:45
10804,40.0,2025-04-23,13:00
10805,40.0,2025-04-23,13:15
10806,40.0,2025-04-23,13:30
10807,40.0,2025-04-23,13:45
10808,40.0,2025-04-23,14:00
10809,40.0,2025-04-23,14:15
10810,40.0,2025-04-23,14:30
10811,40.0,2025-04-23,14:45
10812,156.41,2025-04-23,15:00
10813,167.64,2025-04-23,15:15
10814,204.52,2025-04-23,15:30
10815,150.41,2025-04-23,15:45
10816,54.4,2025-04-23,16:00
10817,161.22,2025-04-23,16:15
10818,165.73,2025-04-23,16:30
10819,247.74,2025-04-23,16:45
10820,266.31,2025-04-23,17:00
10821,303.41,2025-04-23,17:15
10822,301.03,2025-04-23,17:30
10823,273.88,2025-04-23,17:45
10824,190.12,2025-04-23,18:00
10825,40.0,2025-04-23,18:15
10826,40.0,2025-04-23,18:30
10827,55.87,2025-04-23,18:45
10828,454.4,2025-04-23,19:00
10829,449.22,2025-04-23,19:15
10830,449.5,2025-04-23,19:30
10831,460.0,2025-04-23,19:45
10832,500.0,2025-04-23,20:00
10833,500.0,2025-04-23,20:15
10834,450.0,2025-04-23,20:30
10835,450.0,2025-04-23,20:45
10836,400.0,2025-04-23,21:00
10837,440.0,2025-04-23,21:15
10838,450.0,2025-04-23,21:30
10839,440.0,2025-04-23,21:45
10840,400.0,2025-04-23,22:00
10841,450.0,2025-04-23,22:15
10842,450.0,2025-04-23,22:30
10843,460.0,2025-04-23,22:45
10844,450.0,2025-04-23,23:00
10845,540.0,2025-04-23,23:15
10846,510.0,2025-04-23,23:30
10847,500.0,2025-04-23,23:45
10848,500.0,2025-04-23,24:00
10849,550.0,2025-04-24,00:15
10850,490.0,2025-04-24,00:30
10851,460.0,2025-04-24,00:45
10852,450.0,2025-04-24,01:00
10853,366.12,2025-04-24,01:15
10854,359.74,2025-04-24,01:30
10855,263.77,2025-04-24,01:45
10856,266.64,2025-04-24,02:00
10857,319.71,2025-04-24,02:15
10858,328.44,2025-04-24,02:30
10859,321.06,2025-04-24,02:45
10860,309.82,2025-04-24,03:00
10861,264.85,2025-04-24,03:15
10862,274.67,2025-04-24,03:30
10863,271.17,2025-04-24,03:45
10864,261.32,2025-04-24,04:00
10865,278.75,2025-04-24,04:15
10866,288.41,2025-04-24,04:30
10867,284.6,2025-04-24,04:45
10868,309.79,2025-04-24,05:00
10869,309.57,2025-04-24,05:15
10870,287.32,2025-04-24,05:30
10871,287.6,2025-04-24,05:45
10872,318.1,2025-04-24,06:00
10873,326.11,2025-04-24,06:15
10874,439.89,2025-04-24,06:30
10875,480.93,2025-04-24,06:45
10876,460.0,2025-04-24,07:00
10877,450.0,2025-04-24,07:15
10878,440.0,2025-04-24,07:30
10879,380.0,2025-04-24,07:45
10880,310.0,2025-04-24,08:00
10881,40.0,2025-04-24,08:15
10882,40.0,2025-04-24,08:30
10883,40.0,2025-04-24,08:45
10884,57.36,2025-04-24,09:00
10885,40.0,2025-04-24,09:15
10886,56.34,2025-04-24,09:30
10887,147.41,2025-04-24,09:45
10888,56.36,2025-04-24,10:00
10889,54.83,2025-04-24,10:15
10890,147.32,2025-04-24,10:30
10891,155.25,2025-04-24,10:45
10892,155.75,2025-04-24,11:00
10893,156.37,2025-04-24,11:15
10894,40.0,2025-04-24,11:30
10895,154.56,2025-04-24,11:45
10896,40.0,2025-04-24,12:00
10897,40.0,2025-04-24,12:15
10898,54.69,2025-04-24,12:30
10899,40.0,2025-04-24,12:45
10900,40.0,2025-04-24,13:00
10901,40.0,2025-04-24,13:15
10902,54.15,2025-04-24,13:30
10903,53.9,2025-04-24,13:45
10904,40.0,2025-04-24,14:00
10905,53.78,2025-04-24,14:15
10906,53.35,2025-04-24,14:30
10907,53.87,2025-04-24,14:45
10908,146.95,2025-04-24,15:00
10909,174.77,2025-04-24,15:15
10910,153.29,2025-04-24,15:30
10911,175.9,2025-04-24,15:45
10912,217.42,2025-04-24,16:00
10913,251.99,2025-04-24,16:15
10914,224.95,2025-04-24,16:30
10915,217.66,2025-04-24,16:45
10916,220.03,2025-04-24,17:00
10917,52.09,2025-04-24,17:15
10918,53.03,2025-04-24,17:30
10919,54.83,2025-04-24,17:45
10920,40.0,2025-04-24,18:00
10921,40.0,2025-04-24,18:15
10922,40.0,2025-04-24,18:30
10923,300.0,2025-04-24,18:45
10924,650.0,2025-04-24,19:00
10925,427.3,2025-04-24,19:15
10926,500.0,2025-04-24,19:30
10927,500.0,2025-04-24,19:45
10928,500.0,2025-04-24,20:00
10929,510.0,2025-04-24,20:15
10930,460.0,2025-04-24,20:30
10931,465.51,2025-04-24,20:45
10932,495.1,2025-04-24,21:00
10933,504.88,2025-04-24,21:15
10934,443.22,2025-04-24,21:30
10935,457.23,2025-04-24,21:45
10936,457.27,2025-04-24,22:00
10937,553.56,2025-04-24,22:15
10938,505.74,2025-04-24,22:30
10939,458.07,2025-04-24,22:45
10940,467.95,2025-04-24,23:00
10941,458.58,2025-04-24,23:15
10942,366.19,2025-04-24,23:30
10943,328.64,2025-04-24,23:45
10944,40.0,2025-04-24,24:00
10945,338.59,2025-04-25,00:15
10946,347.59,2025-04-25,00:30
10947,313.1,2025-04-25,00:45
10948,233.12,2025-04-25,01:00
10949,68.59,2025-04-25,01:15
10950,67.68,2025-04-25,01:30
10951,201.52,2025-04-25,01:45
10952,40.0,2025-04-25,02:00
10953,40.0,2025-04-25,02:15
10954,53.8,2025-04-25,02:30
10955,40.0,2025-04-25,02:45
10956,40.0,2025-04-25,03:00
10957,40.0,2025-04-25,03:15
10958,40.0,2025-04-25,03:30
10959,40.0,2025-04-25,03:45
10960,40.0,2025-04-25,04:00
10961,196.1,2025-04-25,04:15
10962,199.33,2025-04-25,04:30
10963,198.14,2025-04-25,04:45
10964,40.0,2025-04-25,05:00
10965,247.89,2025-04-25,05:15
10966,316.02,2025-04-25,05:30
10967,239.04,2025-04-25,05:45
10968,209.5,2025-04-25,06:00
10969,236.41,2025-04-25,06:15
10970,259.49,2025-04-25,06:30
10971,247.37,2025-04-25,06:45
10972,230.43,2025-04-25,07:00
10973,237.59,2025-04-25,07:15
10974,40.0,2025-04-25,07:30
10975,40.0,2025-04-25,07:45
10976,40.0,2025-04-25,08:00
10977,40.0,2025-04-25,08:15
10978,40.0,2025-04-25,08:30
10979,56.61,2025-04-25,08:45
10980,56.83,2025-04-25,09:00
10981,40.0,2025-04-25,09:15
10982,40.0,2025-04-25,09:30
10983,40.0,2025-04-25,09:45
10984,56.01,2025-04-25,10:00
10985,54.24,2025-04-25,10:15
10986,53.25,2025-04-25,10:30
10987,54.26,2025-04-25,10:45
10988,40.0,2025-04-25,11:00
10989,53.7,2025-04-25,11:15
10990,40.0,2025-04-25,11:30
10991,53.9,2025-04-25,11:45
10992,40.0,2025-04-25,12:00
10993,40.0,2025-04-25,12:15
10994,40.0,2025-04-25,12:30
10995,40.0,2025-04-25,12:45
10996,40.0,2025-04-25,13:00
10997,40.0,2025-04-25,13:15
10998,40.0,2025-04-25,13:30
10999,40.0,2025-04-25,13:45
11000,40.0,2025-04-25,14:00
11001,40.0,2025-04-25,14:15
11002,40.0,2025-04-25,14:30
11003,40.0,2025-04-25,14:45
11004,40.0,2025-04-25,15:00
11005,40.0,2025-04-25,15:15
11006,40.0,2025-04-25,15:30
11007,40.0,2025-04-25,15:45
11008,40.0,2025-04-25,16:00
11009,40.0,2025-04-25,16:15
11010,40.0,2025-04-25,16:30
11011,40.0,2025-04-25,16:45
11012,40.0,2025-04-25,17:00
11013,300.46,2025-04-25,17:15
11014,307.01,2025-04-25,17:30
11015,40.0,2025-04-25,17:45
11016,40.0,2025-04-25,18:00
11017,40.0,2025-04-25,18:15
11018,40.0,2025-04-25,18:30
11019,54.96,2025-04-25,18:45
11020,54.27,2025-04-25,19:00
11021,230.14,2025-04-25,19:15
11022,311.51,2025-04-25,19:30
11023,292.1,2025-04-25,19:45
11024,325.32,2025-04-25,20:00
11025,360.1,2025-04-25,20:15
11026,263.0,2025-04-25,20:30
11027,217.98,2025-04-25,20:45
11028,40.0,2025-04-25,21:00
11029,40.0,2025-04-25,21:15
11030,40.0,2025-04-25,21:30
11031,243.33,2025-04-25,21:45
11032,273.53,2025-04-25,22:00
11033,299.2,2025-04-25,22:15
11034,40.0,2025-04-25,22:30
11035,355.69,2025-04-25,22:45
11036,316.66,2025-04-25,23:00
11037,298.15,2025-04-25,23:15
11038,318.52,2025-04-25,23:30
11039,321.46,2025-04-25,23:45
11040,275.88,2025-04-25,24:00
11041,576.98,2025-04-26,00:15
11042,470.78,2025-04-26,00:30
11043,323.75,2025-04-26,00:45
11044,285.46,2025-04-26,01:00
11045,271.42,2025-04-26,01:15
11046,370.0,2025-04-26,01:30
11047,40.0,2025-04-26,01:45
11048,300.0,2025-04-26,02:00
11049,245.17,2025-04-26,02:15
11050,242.95,2025-04-26,02:30
11051,308.05,2025-04-26,02:45
11052,315.83,2025-04-26,03:00
11053,316.78,2025-04-26,03:15
11054,352.68,2025-04-26,03:30
11055,500.0,2025-04-26,03:45
11056,352.46,2025-04-26,04:00
11057,450.0,2025-04-26,04:15
11058,297.42,2025-04-26,04:30
11059,500.0,2025-04-26,04:45
11060,366.62,2025-04-26,05:00
11061,500.0,2025-04-26,05:15
11062,500.0,2025-04-26,05:30
11063,450.0,2025-04-26,05:45
11064,520.0,2025-04-26,06:00
11065,395.72,2025-04-26,06:15
11066,413.28,2025-04-26,06:30
11067,357.82,2025-04-26,06:45
11068,347.52,2025-04-26,07:00
11069,336.87,2025-04-26,07:15
11070,300.73,2025-04-26,07:30
11071,276.34,2025-04-26,07:45
11072,230.37,2025-04-26,08:00
11073,40.0,2025-04-26,08:15
11074,40.0,2025-04-26,08:30
11075,40.0,2025-04-26,08:45
11076,40.0,2025-04-26,09:00
11077,40.0,2025-04-26,09:15
11078,130.91,2025-04-26,09:30
11079,175.49,2025-04-26,09:45
11080,198.13,2025-04-26,10:00
11081,158.89,2025-04-26,10:15
11082,164.16,2025-04-26,10:30
11083,205.9,2025-04-26,10:45
11084,213.66,2025-04-26,11:00
11085,240.49,2025-04-26,11:15
11086,183.69,2025-04-26,11:30
11087,174.64,2025-04-26,11:45
11088,44.27,2025-04-26,12:00
11089,178.1,2025-04-26,12:15
11090,40.0,2025-04-26,12:30
11091,40.0,2025-04-26,12:45
11092,40.0,2025-04-26,13:00
11093,40.0,2025-04-26,13:15
11094,40.0,2025-04-26,13:30
11095,40.0,2025-04-26,13:45
11096,173.19,2025-04-26,14:00
11097,178.52,2025-04-26,14:15
11098,176.75,2025-04-26,14:30
11099,183.46,2025-04-26,14:45
11100,207.2,2025-04-26,15:00
11101,201.16,2025-04-26,15:15
11102,173.81,2025-04-26,15:30
11103,182.7,2025-04-26,15:45
11104,40.0,2025-04-26,16:00
11105,198.8,2025-04-26,16:15
11106,110.49,2025-04-26,16:30
11107,261.0,2025-04-26,16:45
11108,94.71,2025-04-26,17:00
11109,252.93,2025-04-26,17:15
11110,246.15,2025-04-26,17:30
11111,205.65,2025-04-26,17:45
11112,44.91,2025-04-26,18:00
11113,40.0,2025-04-26,18:15
11114,219.49,2025-04-26,18:30
11115,40.0,2025-04-26,18:45
11116,40.0,2025-04-26,19:00
11117,391.45,2025-04-26,19:15
11118,364.35,2025-04-26,19:30
11119,336.74,2025-04-26,19:45
11120,373.82,2025-04-26,20:00
11121,353.1,2025-04-26,20:15
11122,302.87,2025-04-26,20:30
11123,282.01,2025-04-26,20:45
11124,274.82,2025-04-26,21:00
11125,297.54,2025-04-26,21:15
11126,277.86,2025-04-26,21:30
11127,269.29,2025-04-26,21:45
11128,274.77,2025-04-26,22:00
11129,235.55,2025-04-26,22:15
11130,214.22,2025-04-26,22:30
11131,212.24,2025-04-26,22:45
11132,191.34,2025-04-26,23:00
11133,214.87,2025-04-26,23:15
11134,187.48,2025-04-26,23:30
11135,181.44,2025-04-26,23:45
11136,225.54,2025-04-26,24:00
11137,248.47,2025-04-27,00:15
11138,287.95,2025-04-27,00:30
11139,233.95,2025-04-27,00:45
11140,219.86,2025-04-27,01:00
11141,216.9,2025-04-27,01:15
11142,221.3,2025-04-27,01:30
11143,189.8,2025-04-27,01:45
11144,209.48,2025-04-27,02:00
11145,204.32,2025-04-27,02:15
11146,40.0,2025-04-27,02:30
11147,40.0,2025-04-27,02:45
11148,40.0,2025-04-27,03:00
11149,40.0,2025-04-27,03:15
11150,53.32,2025-04-27,03:30
11151,178.11,2025-04-27,03:45
11152,175.23,2025-04-27,04:00
11153,215.9,2025-04-27,04:15
11154,231.13,2025-04-27,04:30
11155,212.02,2025-04-27,04:45
11156,208.16,2025-04-27,05:00
11157,193.17,2025-04-27,05:15
11158,189.78,2025-04-27,05:30
11159,187.98,2025-04-27,05:45
11160,180.91,2025-04-27,06:00
11161,209.79,2025-04-27,06:15
11162,234.29,2025-04-27,06:30
11163,236.3,2025-04-27,06:45
11164,238.48,2025-04-27,07:00
11165,239.69,2025-04-27,07:15
11166,232.42,2025-04-27,07:30
11167,217.77,2025-04-27,07:45
11168,55.35,2025-04-27,08:00
11169,40.0,2025-04-27,08:15
11170,40.0,2025-04-27,08:30
11171,40.0,2025-04-27,08:45
11172,40.0,2025-04-27,09:00
11173,40.0,2025-04-27,09:15
11174,40.0,2025-04-27,09:30
11175,40.0,2025-04-27,09:45
11176,40.0,2025-04-27,10:00
11177,40.0,2025-04-27,10:15
11178,40.0,2025-04-27,10:30
11179,46.45,2025-04-27,10:45
11180,45.98,2025-04-27,11:00
11181,46.26,2025-04-27,11:15
11182,46.15,2025-04-27,11:30
11183,40.0,2025-04-27,11:45
11184,40.0,2025-04-27,12:00
11185,167.03,2025-04-27,12:15
11186,40.0,2025-04-27,12:30
11187,40.0,2025-04-27,12:45
11188,40.0,2025-04-27,13:00
11189,164.19,2025-04-27,13:15
11190,165.02,2025-04-27,13:30
11191,166.55,2025-04-27,13:45
11192,160.43,2025-04-27,14:00
11193,163.86,2025-04-27,14:15
11194,40.0,2025-04-27,14:30
11195,40.0,2025-04-27,14:45
11196,40.0,2025-04-27,15:00
11197,40.0,2025-04-27,15:15
11198,40.0,2025-04-27,15:30
11199,147.61,2025-04-27,15:45
11200,40.0,2025-04-27,16:00
11201,40.0,2025-04-27,16:15
11202,40.0,2025-04-27,16:30
11203,40.0,2025-04-27,16:45
11204,40.0,2025-04-27,17:00
11205,335.21,2025-04-27,17:15
11206,224.13,2025-04-27,17:30
11207,40.0,2025-04-27,17:45
11208,40.0,2025-04-27,18:00
11209,40.0,2025-04-27,18:15
11210,400.0,2025-04-27,18:30
11211,440.0,2025-04-27,18:45
11212,460.0,2025-04-27,19:00
11213,470.0,2025-04-27,19:15
11214,650.0,2025-04-27,19:30
11215,650.0,2025-04-27,19:45
11216,650.0,2025-04-27,20:00
11217,650.0,2025-04-27,20:15
11218,650.0,2025-04-27,20:30
11219,650.0,2025-04-27,20:45
11220,650.0,2025-04-27,21:00
11221,600.0,2025-04-27,21:15
11222,600.0,2025-04-27,21:30
11223,600.0,2025-04-27,21:45
11224,460.0,2025-04-27,22:00
11225,617.47,2025-04-27,22:15
11226,617.53,2025-04-27,22:30
11227,600.0,2025-04-27,22:45
11228,600.0,2025-04-27,23:00
11229,540.0,2025-04-27,23:15
11230,463.35,2025-04-27,23:30
11231,520.0,2025-04-27,23:45
11232,500.0,2025-04-27,24:00
11233,627.23,2025-04-28,00:15
11234,538.91,2025-04-28,00:30
11235,520.36,2025-04-28,00:45
11236,508.72,2025-04-28,01:00
11237,550.0,2025-04-28,01:15
11238,570.0,2025-04-28,01:30
11239,520.0,2025-04-28,01:45
11240,543.01,2025-04-28,02:00
11241,538.82,2025-04-28,02:15
11242,566.86,2025-04-28,02:30
11243,550.0,2025-04-28,02:45
11244,580.0,2025-04-28,03:00
11245,500.0,2025-04-28,03:15
11246,523.44,2025-04-28,03:30
11247,521.6,2025-04-28,03:45
11248,499.18,2025-04-28,04:00
11249,505.23,2025-04-28,04:15
11250,497.65,2025-04-28,04:30
11251,520.0,2025-04-28,04:45
11252,450.0,2025-04-28,05:00
11253,460.0,2025-04-28,05:15
11254,480.0,2025-04-28,05:30
11255,500.0,2025-04-28,05:45
11256,490.0,2025-04-28,06:00
11257,500.0,2025-04-28,06:15
11258,490.0,2025-04-28,06:30
11259,540.0,2025-04-28,06:45
11260,500.0,2025-04-28,07:00
11261,550.0,2025-04-28,07:15
11262,390.0,2025-04-28,07:30
11263,300.0,2025-04-28,07:45
11264,290.0,2025-04-28,08:00
11265,280.0,2025-04-28,08:15
11266,300.0,2025-04-28,08:30
11267,290.0,2025-04-28,08:45
11268,40.0,2025-04-28,09:00
11269,40.0,2025-04-28,09:15
11270,40.0,2025-04-28,09:30
11271,40.0,2025-04-28,09:45
11272,40.0,2025-04-28,10:00
11273,40.0,2025-04-28,10:15
11274,40.0,2025-04-28,10:30
11275,40.0,2025-04-28,10:45
11276,40.0,2025-04-28,11:00
11277,40.0,2025-04-28,11:15
11278,40.0,2025-04-28,11:30
11279,40.0,2025-04-28,11:45
11280,40.0,2025-04-28,12:00
11281,40.0,2025-04-28,12:15
11282,40.0,2025-04-28,12:30
11283,40.0,2025-04-28,12:45
11284,40.0,2025-04-28,13:00
11285,40.0,2025-04-28,13:15
11286,40.0,2025-04-28,13:30
11287,40.0,2025-04-28,13:45
11288,40.0,2025-04-28,14:00
11289,40.0,2025-04-28,14:15
11290,40.0,2025-04-28,14:30
11291,40.0,2025-04-28,14:45
11292,40.0,2025-04-28,15:00
11293,40.0,2025-04-28,15:15
11294,40.0,2025-04-28,15:30
11295,40.0,2025-04-28,15:45
11296,40.0,2025-04-28,16:00
11297,40.0,2025-04-28,16:15
11298,40.0,2025-04-28,16:30
11299,153.46,2025-04-28,16:45
11300,40.0,2025-04-28,17:00
11301,145.86,2025-04-28,17:15
11302,196.89,2025-04-28,17:30
11303,163.63,2025-04-28,17:45
11304,40.0,2025-04-28,18:00
11305,202.24,2025-04-28,18:15
11306,40.0,2025-04-28,18:30
11307,271.74,2025-04-28,18:45
11308,289.65,2025-04-28,19:00
11309,273.3,2025-04-28,19:15
11310,268.55,2025-04-28,19:30
11311,291.11,2025-04-28,19:45
11312,293.33,2025-04-28,20:00
11313,312.22,2025-04-28,20:15
11314,298.2,2025-04-28,20:30
11315,323.17,2025-04-28,20:45
11316,309.53,2025-04-28,21:00
11317,286.22,2025-04-28,21:15
11318,282.88,2025-04-28,21:30
11319,285.57,2025-04-28,21:45
11320,344.4,2025-04-28,22:00
11321,262.85,2025-04-28,22:15
11322,252.7,2025-04-28,22:30
11323,192.43,2025-04-28,22:45
11324,207.52,2025-04-28,23:00
11325,218.35,2025-04-28,23:15
11326,217.02,2025-04-28,23:30
11327,209.95,2025-04-28,23:45
11328,192.13,2025-04-28,24:00
11329,184.75,2025-04-29,00:15
11330,87.27,2025-04-29,00:30
11331,250.0,2025-04-29,00:45
11332,40.0,2025-04-29,01:00
11333,40.0,2025-04-29,01:15
11334,40.0,2025-04-29,01:30
11335,40.0,2025-04-29,01:45
11336,40.0,2025-04-29,02:00
11337,40.0,2025-04-29,02:15
11338,40.0,2025-04-29,02:30
11339,40.0,2025-04-29,02:45
11340,40.0,2025-04-29,03:00
11341,40.0,2025-04-29,03:15
11342,40.0,2025-04-29,03:30
11343,82.52,2025-04-29,03:45
11344,83.03,2025-04-29,04:00
11345,40.0,2025-04-29,04:15
11346,91.59,2025-04-29,04:30
11347,190.19,2025-04-29,04:45
11348,179.15,2025-04-29,05:00
11349,40.0,2025-04-29,05:15
11350,40.0,2025-04-29,05:30
11351,40.0,2025-04-29,05:45
11352,40.0,2025-04-29,06:00
11353,90.26,2025-04-29,06:15
11354,40.0,2025-04-29,06:30
11355,40.0,2025-04-29,06:45
11356,40.0,2025-04-29,07:00
11357,40.0,2025-04-29,07:15
11358,40.0,2025-04-29,07:30
11359,40.0,2025-04-29,07:45
11360,40.0,2025-04-29,08:00
11361,40.59,2025-04-29,08:15
11362,40.0,2025-04-29,08:30
11363,40.0,2025-04-29,08:45
11364,40.0,2025-04-29,09:00
11365,40.0,2025-04-29,09:15
11366,40.0,2025-04-29,09:30
11367,40.0,2025-04-29,09:45
11368,40.0,2025-04-29,10:00
11369,40.0,2025-04-29,10:15
11370,40.0,2025-04-29,10:30
11371,40.0,2025-04-29,10:45
11372,40.0,2025-04-29,11:00
11373,40.0,2025-04-29,11:15
11374,40.0,2025-04-29,11:30
11375,40.0,2025-04-29,11:45
11376,40.0,2025-04-29,12:00
11377,40.0,2025-04-29,12:15
11378,40.0,2025-04-29,12:30
11379,40.0,2025-04-29,12:45
11380,40.0,2025-04-29,13:00
11381,40.0,2025-04-29,13:15
11382,40.0,2025-04-29,13:30
11383,40.0,2025-04-29,13:45
11384,40.0,2025-04-29,14:00
11385,40.0,2025-04-29,14:15
11386,40.0,2025-04-29,14:30
11387,40.0,2025-04-29,14:45
11388,40.0,2025-04-29,15:00
11389,172.33,2025-04-29,15:15
11390,40.0,2025-04-29,15:30
11391,198.32,2025-04-29,15:45
11392,212.85,2025-04-29,16:00
11393,165.56,2025-04-29,16:15
11394,40.0,2025-04-29,16:30
11395,40.0,2025-04-29,16:45
11396,40.0,2025-04-29,17:00
11397,40.0,2025-04-29,17:15
11398,40.0,2025-04-29,17:30
11399,40.0,2025-04-29,17:45
11400,44.73,2025-04-29,18:00
11401,40.0,2025-04-29,18:15
11402,40.0,2025-04-29,18:30
11403,256.91,2025-04-29,18:45
11404,218.15,2025-04-29,19:00
11405,334.22,2025-04-29,19:15
11406,334.03,2025-04-29,19:30
11407,210.71,2025-04-29,19:45
11408,212.04,2025-04-29,20:00
11409,287.77,2025-04-29,20:15
11410,341.03,2025-04-29,20:30
11411,351.78,2025-04-29,20:45
11412,333.72,2025-04-29,21:00
11413,366.53,2025-04-29,21:15
11414,360.33,2025-04-29,21:30
11415,398.42,2025-04-29,21:45
11416,306.42,2025-04-29,22:00
11417,337.39,2025-04-29,22:15
11418,269.93,2025-04-29,22:30
11419,230.71,2025-04-29,22:45
11420,40.0,2025-04-29,23:00
11421,269.0,2025-04-29,23:15
11422,243.57,2025-04-29,23:30
11423,220.19,2025-04-29,23:45
11424,286.73,2025-04-29,24:00
11425,294.06,2025-04-30,00:15
11426,40.0,2025-04-30,00:30
11427,40.0,2025-04-30,00:45
11428,274.77,2025-04-30,01:00
11429,40.0,2025-04-30,01:15
11430,40.0,2025-04-30,01:30
11431,40.0,2025-04-30,01:45
11432,40.0,2025-04-30,02:00
11433,275.71,2025-04-30,02:15
11434,269.44,2025-04-30,02:30
11435,59.21,2025-04-30,02:45
11436,40.0,2025-04-30,03:00
11437,40.0,2025-04-30,03:15
11438,40.0,2025-04-30,03:30
11439,40.0,2025-04-30,03:45
11440,40.0,2025-04-30,04:00
11441,40.0,2025-04-30,04:15
11442,40.0,2025-04-30,04:30
11443,40.0,2025-04-30,04:45
11444,40.0,2025-04-30,05:00
11445,254.02,2025-04-30,05:15
11446,244.14,2025-04-30,05:30
11447,253.88,2025-04-30,05:45
11448,244.59,2025-04-30,06:00
11449,274.17,2025-04-30,06:15
11450,274.36,2025-04-30,06:30
11451,284.09,2025-04-30,06:45
11452,254.86,2025-04-30,07:00
11453,245.45,2025-04-30,07:15
11454,216.23,2025-04-30,07:30
11455,40.0,2025-04-30,07:45
11456,40.0,2025-04-30,08:00
11457,40.0,2025-04-30,08:15
11458,40.0,2025-04-30,08:30
11459,40.0,2025-04-30,08:45
11460,40.0,2025-04-30,09:00
11461,40.0,2025-04-30,09:15
11462,40.0,2025-04-30,09:30
11463,40.0,2025-04-30,09:45
11464,142.39,2025-04-30,10:00
11465,137.69,2025-04-30,10:15
11466,40.0,2025-04-30,10:30
11467,40.0,2025-04-30,10:45
11468,40.0,2025-04-30,11:00
11469,40.0,2025-04-30,11:15
11470,40.0,2025-04-30,11:30
11471,40.0,2025-04-30,11:45
11472,40.0,2025-04-30,12:00
11473,40.0,2025-04-30,12:15
11474,40.0,2025-04-30,12:30
11475,40.0,2025-04-30,12:45
11476,40.0,2025-04-30,13:00
11477,40.0,2025-04-30,13:15
11478,40.0,2025-04-30,13:30
11479,40.0,2025-04-30,13:45
11480,40.0,2025-04-30,14:00
11481,40.0,2025-04-30,14:15
11482,40.0,2025-04-30,14:30
11483,40.0,2025-04-30,14:45
11484,40.0,2025-04-30,15:00
11485,40.0,2025-04-30,15:15
11486,40.0,2025-04-30,15:30
11487,40.0,2025-04-30,15:45
11488,40.0,2025-04-30,16:00
11489,40.0,2025-04-30,16:15
11490,40.0,2025-04-30,16:30
11491,40.0,2025-04-30,16:45
11492,40.0,2025-04-30,17:00
11493,40.0,2025-04-30,17:15
11494,40.0,2025-04-30,17:30
11495,40.0,2025-04-30,17:45
11496,40.0,2025-04-30,18:00
11497,40.0,2025-04-30,18:15
11498,40.0,2025-04-30,18:30
11499,40.0,2025-04-30,18:45
11500,40.0,2025-04-30,19:00
11501,40.0,2025-04-30,19:15
11502,40.0,2025-04-30,19:30
11503,261.6,2025-04-30,19:45
11504,171.69,2025-04-30,20:00
11505,227.95,2025-04-30,20:15
11506,40.0,2025-04-30,20:30
11507,40.0,2025-04-30,20:45
11508,40.0,2025-04-30,21:00
11509,442.63,2025-04-30,21:15
11510,483.6,2025-04-30,21:30
11511,471.04,2025-04-30,21:45
11512,413.92,2025-04-30,22:00
11513,265.69,2025-04-30,22:15
11514,350.0,2025-04-30,22:30
11515,40.0,2025-04-30,22:45
11516,40.0,2025-04-30,23:00
11517,482.7,2025-04-30,23:15
11518,492.14,2025-04-30,23:30
11519,40.0,2025-04-30,23:45
11520,600.0,2025-04-30,24:00
11521,450.0,2025-05-01,00:15
11522,450.0,2025-05-01,00:30
11523,427.28,2025-05-01,00:45
11524,427.79,2025-05-01,01:00
11525,467.87,2025-05-01,01:15
11526,426.73,2025-05-01,01:30
11527,428.25,2025-05-01,01:45
11528,550.0,2025-05-01,02:00
11529,470.0,2025-05-01,02:15
11530,450.0,2025-05-01,02:30
11531,440.17,2025-05-01,02:45
11532,450.0,2025-05-01,03:00
11533,470.0,2025-05-01,03:15
11534,500.0,2025-05-01,03:30
11535,500.0,2025-05-01,03:45
11536,470.0,2025-05-01,04:00
11537,500.0,2025-05-01,04:15
11538,510.0,2025-05-01,04:30
11539,450.0,2025-05-01,04:45
11540,440.0,2025-05-01,05:00
11541,420.0,2025-05-01,05:15
11542,390.0,2025-05-01,05:30
11543,400.0,2025-05-01,05:45
11544,350.0,2025-05-01,06:00
11545,380.0,2025-05-01,06:15
11546,260.0,2025-05-01,06:30
11547,40.0,2025-05-01,06:45
11548,300.0,2025-05-01,07:00
11549,97.94,2025-05-01,07:15
11550,40.0,2025-05-01,07:30
11551,40.0,2025-05-01,07:45
11552,40.0,2025-05-01,08:00
11553,40.0,2025-05-01,08:15
11554,40.0,2025-05-01,08:30
11555,40.0,2025-05-01,08:45
11556,40.0,2025-05-01,09:00
11557,40.0,2025-05-01,09:15
11558,40.0,2025-05-01,09:30
11559,40.0,2025-05-01,09:45
11560,40.0,2025-05-01,10:00
11561,40.0,2025-05-01,10:15
11562,40.0,2025-05-01,10:30
11563,40.0,2025-05-01,10:45
11564,40.0,2025-05-01,11:00
11565,40.0,2025-05-01,11:15
11566,40.0,2025-05-01,11:30
11567,40.0,2025-05-01,11:45
11568,40.0,2025-05-01,12:00
11569,40.0,2025-05-01,12:15
11570,40.0,2025-05-01,12:30
11571,40.0,2025-05-01,12:45
11572,40.0,2025-05-01,13:00
11573,40.0,2025-05-01,13:15
11574,40.0,2025-05-01,13:30
11575,40.0,2025-05-01,13:45
11576,40.0,2025-05-01,14:00
11577,40.0,2025-05-01,14:15
11578,40.0,2025-05-01,14:30
11579,40.0,2025-05-01,14:45
11580,40.0,2025-05-01,15:00
11581,40.0,2025-05-01,15:15
11582,40.0,2025-05-01,15:30
11583,40.0,2025-05-01,15:45
11584,40.0,2025-05-01,16:00
11585,216.99,2025-05-01,16:15
11586,144.35,2025-05-01,16:30
11587,40.0,2025-05-01,16:45
11588,79.3,2025-05-01,17:00
11589,40.0,2025-05-01,17:15
11590,40.0,2025-05-01,17:30
11591,40.0,2025-05-01,17:45
11592,40.0,2025-05-01,18:00
11593,40.0,2025-05-01,18:15
11594,40.0,2025-05-01,18:30
11595,40.0,2025-05-01,18:45
11596,40.0,2025-05-01,19:00
11597,40.0,2025-05-01,19:15
11598,311.58,2025-05-01,19:30
11599,336.09,2025-05-01,19:45
11600,370.19,2025-05-01,20:00
11601,314.79,2025-05-01,20:15
11602,361.09,2025-05-01,20:30
11603,307.74,2025-05-01,20:45
11604,292.27,2025-05-01,21:00
11605,322.79,2025-05-01,21:15
11606,384.09,2025-05-01,21:30
11607,407.96,2025-05-01,21:45
11608,386.82,2025-05-01,22:00
11609,367.88,2025-05-01,22:15
11610,345.59,2025-05-01,22:30
11611,363.8,2025-05-01,22:45
11612,315.91,2025-05-01,23:00
11613,320.77,2025-05-01,23:15
11614,342.95,2025-05-01,23:30
11615,304.11,2025-05-01,23:45
11616,267.35,2025-05-01,24:00
11617,377.01,2025-05-02,00:15
11618,376.24,2025-05-02,00:30
11619,292.16,2025-05-02,00:45
11620,303.14,2025-05-02,01:00
11621,244.08,2025-05-02,01:15
11622,240.97,2025-05-02,01:30
11623,215.46,2025-05-02,01:45
11624,241.39,2025-05-02,02:00
11625,228.66,2025-05-02,02:15
11626,238.42,2025-05-02,02:30
11627,239.88,2025-05-02,02:45
11628,242.94,2025-05-02,03:00
11629,212.69,2025-05-02,03:15
11630,208.53,2025-05-02,03:30
11631,206.84,2025-05-02,03:45
11632,179.64,2025-05-02,04:00
11633,203.52,2025-05-02,04:15
11634,187.59,2025-05-02,04:30
11635,193.22,2025-05-02,04:45
11636,209.97,2025-05-02,05:00
11637,223.64,2025-05-02,05:15
11638,220.92,2025-05-02,05:30
11639,263.71,2025-05-02,05:45
11640,242.9,2025-05-02,06:00
11641,258.91,2025-05-02,06:15
11642,237.51,2025-05-02,06:30
11643,237.28,2025-05-02,06:45
11644,214.41,2025-05-02,07:00
11645,252.34,2025-05-02,07:15
11646,202.93,2025-05-02,07:30
11647,172.39,2025-05-02,07:45
11648,40.0,2025-05-02,08:00
11649,40.0,2025-05-02,08:15
11650,40.0,2025-05-02,08:30
11651,40.0,2025-05-02,08:45
11652,40.0,2025-05-02,09:00
11653,40.0,2025-05-02,09:15
11654,40.0,2025-05-02,09:30
11655,40.0,2025-05-02,09:45
11656,121.17,2025-05-02,10:00
11657,40.0,2025-05-02,10:15
11658,40.0,2025-05-02,10:30
11659,40.0,2025-05-02,10:45
11660,40.0,2025-05-02,11:00
11661,40.0,2025-05-02,11:15
11662,40.0,2025-05-02,11:30
11663,40.0,2025-05-02,11:45
11664,40.0,2025-05-02,12:00
11665,40.0,2025-05-02,12:15
11666,40.0,2025-05-02,12:30
11667,40.0,2025-05-02,12:45
11668,40.0,2025-05-02,13:00
11669,40.0,2025-05-02,13:15
11670,40.0,2025-05-02,13:30
11671,40.0,2025-05-02,13:45
11672,40.0,2025-05-02,14:00
11673,40.0,2025-05-02,14:15
11674,40.0,2025-05-02,14:30
11675,40.0,2025-05-02,14:45
11676,40.0,2025-05-02,15:00
11677,40.0,2025-05-02,15:15
11678,40.0,2025-05-02,15:30
11679,40.0,2025-05-02,15:45
11680,40.0,2025-05-02,16:00
11681,40.0,2025-05-02,16:15
11682,40.0,2025-05-02,16:30
11683,40.0,2025-05-02,16:45
11684,40.0,2025-05-02,17:00
11685,40.0,2025-05-02,17:15
11686,40.0,2025-05-02,17:30
11687,40.0,2025-05-02,17:45
11688,40.0,2025-05-02,18:00
11689,40.0,2025-05-02,18:15
11690,40.0,2025-05-02,18:30
11691,40.0,2025-05-02,18:45
11692,40.0,2025-05-02,19:00
11693,106.09,2025-05-02,19:15
11694,40.0,2025-05-02,19:30
11695,361.01,2025-05-02,19:45
11696,195.78,2025-05-02,20:00
11697,221.42,2025-05-02,20:15
11698,220.54,2025-05-02,20:30
11699,184.67,2025-05-02,20:45
11700,182.41,2025-05-02,21:00
11701,182.54,2025-05-02,21:15
11702,180.0,2025-05-02,21:30
11703,178.76,2025-05-02,21:45
11704,236.48,2025-05-02,22:00
11705,278.76,2025-05-02,22:15
11706,269.08,2025-05-02,22:30
11707,229.74,2025-05-02,22:45
11708,221.07,2025-05-02,23:00
11709,224.05,2025-05-02,23:15
11710,213.76,2025-05-02,23:30
11711,195.7,2025-05-02,23:45
11712,40.0,2025-05-02,24:00
11713,272.77,2025-05-03,00:15
11714,244.77,2025-05-03,00:30
11715,202.82,2025-05-03,00:45
11716,250.14,2025-05-03,01:00
11717,227.54,2025-05-03,01:15
11718,200.51,2025-05-03,01:30
11719,182.23,2025-05-03,01:45
11720,173.43,2025-05-03,02:00
11721,217.13,2025-05-03,02:15
11722,225.84,2025-05-03,02:30
11723,229.19,2025-05-03,02:45
11724,231.67,2025-05-03,03:00
11725,159.86,2025-05-03,03:15
11726,258.33,2025-05-03,03:30
11727,252.89,2025-05-03,03:45
11728,257.94,2025-05-03,04:00
11729,311.97,2025-05-03,04:15
11730,288.25,2025-05-03,04:30
11731,371.45,2025-05-03,04:45
11732,366.93,2025-05-03,05:00
11733,384.62,2025-05-03,05:15
11734,325.76,2025-05-03,05:30
11735,218.5,2025-05-03,05:45
11736,310.17,2025-05-03,06:00
11737,345.96,2025-05-03,06:15
11738,344.68,2025-05-03,06:30
11739,354.33,2025-05-03,06:45
11740,279.26,2025-05-03,07:00
11741,256.7,2025-05-03,07:15
11742,258.68,2025-05-03,07:30
11743,263.32,2025-05-03,07:45
11744,167.66,2025-05-03,08:00
11745,40.0,2025-05-03,08:15
11746,40.0,2025-05-03,08:30
11747,40.0,2025-05-03,08:45
11748,40.0,2025-05-03,09:00
11749,40.0,2025-05-03,09:15
11750,40.0,2025-05-03,09:30
11751,126.2,2025-05-03,09:45
11752,180.33,2025-05-03,10:00
11753,203.02,2025-05-03,10:15
11754,138.32,2025-05-03,10:30
11755,40.0,2025-05-03,10:45
11756,40.0,2025-05-03,11:00
11757,40.0,2025-05-03,11:15
11758,40.0,2025-05-03,11:30
11759,40.0,2025-05-03,11:45
11760,40.0,2025-05-03,12:00
11761,40.0,2025-05-03,12:15
11762,40.0,2025-05-03,12:30
11763,40.0,2025-05-03,12:45
11764,40.0,2025-05-03,13:00
11765,40.0,2025-05-03,13:15
11766,40.0,2025-05-03,13:30
11767,40.0,2025-05-03,13:45
11768,40.0,2025-05-03,14:00
11769,40.0,2025-05-03,14:15
11770,40.0,2025-05-03,14:30
11771,40.0,2025-05-03,14:45
11772,40.0,2025-05-03,15:00
11773,40.0,2025-05-03,15:15
11774,181.63,2025-05-03,15:30
11775,40.0,2025-05-03,15:45
11776,178.91,2025-05-03,16:00
11777,180.32,2025-05-03,16:15
11778,40.0,2025-05-03,16:30
11779,179.84,2025-05-03,16:45
11780,143.69,2025-05-03,17:00
11781,192.93,2025-05-03,17:15
11782,194.11,2025-05-03,17:30
11783,205.92,2025-05-03,17:45
11784,40.0,2025-05-03,18:00
11785,40.0,2025-05-03,18:15
11786,290.72,2025-05-03,18:30
11787,191.59,2025-05-03,18:45
11788,287.5,2025-05-03,19:00
11789,393.66,2025-05-03,19:15
11790,388.52,2025-05-03,19:30
11791,366.74,2025-05-03,19:45
11792,380.06,2025-05-03,20:00
11793,366.42,2025-05-03,20:15
11794,345.49,2025-05-03,20:30
11795,360.97,2025-05-03,20:45
11796,374.17,2025-05-03,21:00
11797,353.85,2025-05-03,21:15
11798,317.49,2025-05-03,21:30
11799,253.83,2025-05-03,21:45
11800,252.15,2025-05-03,22:00
11801,291.18,2025-05-03,22:15
11802,289.05,2025-05-03,22:30
11803,239.02,2025-05-03,22:45
11804,267.03,2025-05-03,23:00
11805,321.8,2025-05-03,23:15
11806,339.06,2025-05-03,23:30
11807,303.14,2025-05-03,23:45
11808,268.16,2025-05-03,24:00
11809,418.33,2025-05-04,00:15
11810,379.29,2025-05-04,00:30
11811,348.11,2025-05-04,00:45
11812,335.29,2025-05-04,01:00
11813,259.2,2025-05-04,01:15
11814,240.88,2025-05-04,01:30
11815,234.43,2025-05-04,01:45
11816,247.28,2025-05-04,02:00
11817,252.81,2025-05-04,02:15
11818,251.0,2025-05-04,02:30
11819,256.69,2025-05-04,02:45
11820,262.15,2025-05-04,03:00
11821,166.64,2025-05-04,03:15
11822,201.32,2025-05-04,03:30
11823,172.57,2025-05-04,03:45
11824,40.0,2025-05-04,04:00
11825,230.28,2025-05-04,04:15
11826,192.28,2025-05-04,04:30
11827,199.52,2025-05-04,04:45
11828,240.9,2025-05-04,05:00
11829,246.25,2025-05-04,05:15
11830,261.25,2025-05-04,05:30
11831,278.34,2025-05-04,05:45
11832,271.24,2025-05-04,06:00
11833,293.09,2025-05-04,06:15
11834,289.18,2025-05-04,06:30
11835,188.67,2025-05-04,06:45
11836,40.0,2025-05-04,07:00
11837,40.0,2025-05-04,07:15
11838,40.0,2025-05-04,07:30
11839,40.0,2025-05-04,07:45
11840,161.33,2025-05-04,08:00
11841,40.0,2025-05-04,08:15
11842,40.0,2025-05-04,08:30
11843,40.0,2025-05-04,08:45
11844,40.0,2025-05-04,09:00
11845,40.0,2025-05-04,09:15
11846,40.0,2025-05-04,09:30
11847,40.0,2025-05-04,09:45
11848,40.0,2025-05-04,10:00
11849,40.0,2025-05-04,10:15
11850,40.0,2025-05-04,10:30
11851,40.0,2025-05-04,10:45
11852,40.0,2025-05-04,11:00
11853,40.0,2025-05-04,11:15
11854,40.0,2025-05-04,11:30
11855,40.0,2025-05-04,11:45
11856,40.0,2025-05-04,12:00
11857,40.0,2025-05-04,12:15
11858,40.0,2025-05-04,12:30
11859,40.0,2025-05-04,12:45
11860,40.0,2025-05-04,13:00
11861,40.0,2025-05-04,13:15
11862,40.0,2025-05-04,13:30
11863,40.0,2025-05-04,13:45
11864,40.0,2025-05-04,14:00
11865,40.0,2025-05-04,14:15
11866,40.0,2025-05-04,14:30
11867,40.0,2025-05-04,14:45
11868,40.0,2025-05-04,15:00
11869,40.0,2025-05-04,15:15
11870,40.0,2025-05-04,15:30
11871,40.0,2025-05-04,15:45
11872,40.0,2025-05-04,16:00
11873,40.0,2025-05-04,16:15
11874,40.0,2025-05-04,16:30
11875,40.0,2025-05-04,16:45
11876,237.72,2025-05-04,17:00
11877,40.0,2025-05-04,17:15
11878,40.0,2025-05-04,17:30
11879,40.0,2025-05-04,17:45
11880,40.0,2025-05-04,18:00
11881,40.0,2025-05-04,18:15
11882,40.0,2025-05-04,18:30
11883,40.0,2025-05-04,18:45
11884,40.0,2025-05-04,19:00
11885,40.0,2025-05-04,19:15
11886,40.0,2025-05-04,19:30
11887,367.93,2025-05-04,19:45
11888,370.03,2025-05-04,20:00
11889,230.44,2025-05-04,20:15
11890,188.28,2025-05-04,20:30
11891,264.67,2025-05-04,20:45
11892,346.44,2025-05-04,21:00
11893,362.29,2025-05-04,21:15
11894,345.69,2025-05-04,21:30
11895,293.38,2025-05-04,21:45
11896,334.7,2025-05-04,22:00
11897,331.22,2025-05-04,22:15
11898,289.46,2025-05-04,22:30
11899,290.9,2025-05-04,22:45
11900,265.95,2025-05-04,23:00
11901,291.26,2025-05-04,23:15
11902,290.3,2025-05-04,23:30
11903,278.75,2025-05-04,23:45
11904,252.27,2025-05-04,24:00
11905,266.43,2025-05-05,00:15
11906,246.35,2025-05-05,00:30
11907,278.16,2025-05-05,00:45
11908,282.51,2025-05-05,01:00
11909,239.51,2025-05-05,01:15
11910,226.45,2025-05-05,01:30
11911,221.99,2025-05-05,01:45
11912,162.5,2025-05-05,02:00
11913,160.55,2025-05-05,02:15
11914,167.51,2025-05-05,02:30
11915,165.79,2025-05-05,02:45
11916,40.0,2025-05-05,03:00
11917,40.0,2025-05-05,03:15
11918,40.0,2025-05-05,03:30
11919,40.0,2025-05-05,03:45
11920,40.0,2025-05-05,04:00
11921,40.0,2025-05-05,04:15
11922,40.0,2025-05-05,04:30
11923,40.0,2025-05-05,04:45
11924,40.0,2025-05-05,05:00
11925,40.0,2025-05-05,05:15
11926,40.0,2025-05-05,05:30
11927,40.0,2025-05-05,05:45
11928,40.0,2025-05-05,06:00
11929,145.34,2025-05-05,06:15
11930,40.0,2025-05-05,06:30
11931,40.0,2025-05-05,06:45
11932,40.0,2025-05-05,07:00
11933,40.0,2025-05-05,07:15
11934,40.0,2025-05-05,07:30
11935,40.0,2025-05-05,07:45
11936,40.0,2025-05-05,08:00
11937,190.82,2025-05-05,08:15
11938,40.0,2025-05-05,08:30
11939,40.0,2025-05-05,08:45
11940,40.0,2025-05-05,09:00
11941,40.0,2025-05-05,09:15
11942,131.44,2025-05-05,09:30
11943,40.0,2025-05-05,09:45
11944,40.0,2025-05-05,10:00
11945,168.85,2025-05-05,10:15
11946,130.74,2025-05-05,10:30
11947,162.86,2025-05-05,10:45
11948,174.48,2025-05-05,11:00
11949,127.83,2025-05-05,11:15
11950,187.82,2025-05-05,11:30
11951,193.34,2025-05-05,11:45
11952,40.0,2025-05-05,12:00
11953,40.0,2025-05-05,12:15
11954,136.83,2025-05-05,12:30
11955,136.55,2025-05-05,12:45
11956,40.0,2025-05-05,13:00
11957,40.0,2025-05-05,13:15
11958,40.0,2025-05-05,13:30
11959,139.25,2025-05-05,13:45
11960,139.49,2025-05-05,14:00
11961,40.0,2025-05-05,14:15
11962,40.0,2025-05-05,14:30
11963,40.0,2025-05-05,14:45
11964,143.18,2025-05-05,15:00
11965,40.0,2025-05-05,15:15
11966,40.0,2025-05-05,15:30
11967,40.0,2025-05-05,15:45
11968,40.0,2025-05-05,16:00
11969,224.27,2025-05-05,16:15
11970,206.72,2025-05-05,16:30
11971,40.0,2025-05-05,16:45
11972,40.0,2025-05-05,17:00
11973,226.77,2025-05-05,17:15
11974,241.64,2025-05-05,17:30
11975,223.39,2025-05-05,17:45
11976,40.0,2025-05-05,18:00
11977,40.0,2025-05-05,18:15
11978,40.0,2025-05-05,18:30
11979,40.0,2025-05-05,18:45
11980,40.0,2025-05-05,19:00
11981,344.49,2025-05-05,19:15
11982,349.62,2025-05-05,19:30
11983,293.59,2025-05-05,19:45
11984,287.48,2025-05-05,20:00
11985,274.99,2025-05-05,20:15
11986,326.45,2025-05-05,20:30
11987,313.03,2025-05-05,20:45
11988,426.62,2025-05-05,21:00
11989,349.52,2025-05-05,21:15
11990,310.44,2025-05-05,21:30
11991,40.0,2025-05-05,21:45
11992,259.8,2025-05-05,22:00
11993,339.73,2025-05-05,22:15
11994,459.62,2025-05-05,22:30
11995,529.56,2025-05-05,22:45
11996,649.42,2025-05-05,23:00
11997,649.42,2025-05-05,23:15
11998,649.42,2025-05-05,23:30
11999,649.4,2025-05-05,23:45
12000,619.41,2025-05-05,24:00
12001,649.43,2025-05-06,00:15
12002,649.41,2025-05-06,00:30
12003,589.45,2025-05-06,00:45
12004,589.44,2025-05-06,01:00
12005,589.43,2025-05-06,01:15
12006,599.44,2025-05-06,01:30
12007,599.44,2025-05-06,01:45
12008,510.57,2025-05-06,02:00
12009,549.48,2025-05-06,02:15
12010,549.47,2025-05-06,02:30
12011,559.47,2025-05-06,02:45
12012,549.47,2025-05-06,03:00
12013,599.43,2025-05-06,03:15
12014,589.42,2025-05-06,03:30
12015,599.42,2025-05-06,03:45
12016,599.42,2025-05-06,04:00
12017,549.46,2025-05-06,04:15
12018,549.46,2025-05-06,04:30
12019,549.45,2025-05-06,04:45
12020,539.48,2025-05-06,05:00
12021,509.5,2025-05-06,05:15
12022,539.49,2025-05-06,05:30
12023,499.54,2025-05-06,05:45
12024,366.06,2025-05-06,06:00
12025,388.37,2025-05-06,06:15
12026,376.24,2025-05-06,06:30
12027,289.18,2025-05-06,06:45
12028,319.74,2025-05-06,07:00
12029,40.0,2025-05-06,07:15
12030,40.0,2025-05-06,07:30
12031,40.0,2025-05-06,07:45
12032,40.0,2025-05-06,08:00
12033,40.0,2025-05-06,08:15
12034,40.0,2025-05-06,08:30
12035,40.0,2025-05-06,08:45
12036,40.0,2025-05-06,09:00
12037,40.0,2025-05-06,09:15
12038,40.0,2025-05-06,09:30
12039,40.0,2025-05-06,09:45
12040,40.0,2025-05-06,10:00
12041,202.77,2025-05-06,10:15
12042,193.76,2025-05-06,10:30
12043,192.01,2025-05-06,10:45
12044,40.0,2025-05-06,11:00
12045,192.07,2025-05-06,11:15
12046,204.23,2025-05-06,11:30
12047,181.13,2025-05-06,11:45
12048,40.0,2025-05-06,12:00
12049,190.08,2025-05-06,12:15
12050,197.4,2025-05-06,12:30
12051,134.22,2025-05-06,12:45
12052,40.0,2025-05-06,13:00
12053,174.76,2025-05-06,13:15
12054,133.68,2025-05-06,13:30
12055,40.0,2025-05-06,13:45
12056,40.0,2025-05-06,14:00
12057,40.0,2025-05-06,14:15
12058,40.0,2025-05-06,14:30
12059,40.0,2025-05-06,14:45
12060,40.0,2025-05-06,15:00
12061,40.0,2025-05-06,15:15
12062,40.0,2025-05-06,15:30
12063,204.1,2025-05-06,15:45
12064,203.9,2025-05-06,16:00
12065,232.52,2025-05-06,16:15
12066,207.14,2025-05-06,16:30
12067,134.2,2025-05-06,16:45
12068,170.29,2025-05-06,17:00
12069,179.04,2025-05-06,17:15
12070,40.0,2025-05-06,17:30
12071,192.19,2025-05-06,17:45
12072,167.49,2025-05-06,18:00
12073,40.0,2025-05-06,18:15
12074,40.0,2025-05-06,18:30
12075,40.0,2025-05-06,18:45
12076,40.0,2025-05-06,19:00
12077,236.91,2025-05-06,19:15
12078,231.89,2025-05-06,19:30
12079,311.47,2025-05-06,19:45
12080,281.63,2025-05-06,20:00
12081,306.77,2025-05-06,20:15
12082,262.99,2025-05-06,20:30
12083,253.39,2025-05-06,20:45
12084,239.5,2025-05-06,21:00
12085,314.82,2025-05-06,21:15
12086,286.98,2025-05-06,21:30
12087,255.52,2025-05-06,21:45
12088,184.61,2025-05-06,22:00
12089,40.0,2025-05-06,22:15
12090,40.0,2025-05-06,22:30
12091,186.18,2025-05-06,22:45
12092,223.19,2025-05-06,23:00
12093,248.0,2025-05-06,23:15
12094,195.73,2025-05-06,23:30
12095,179.48,2025-05-06,23:45
12096,40.0,2025-05-06,24:00
12097,272.41,2025-05-07,00:15
12098,258.37,2025-05-07,00:30
12099,260.05,2025-05-07,00:45
12100,231.15,2025-05-07,01:00
12101,224.28,2025-05-07,01:15
12102,195.08,2025-05-07,01:30
12103,40.0,2025-05-07,01:45
12104,237.7,2025-05-07,02:00
12105,229.68,2025-05-07,02:15
12106,237.65,2025-05-07,02:30
12107,245.12,2025-05-07,02:45
12108,285.2,2025-05-07,03:00
12109,418.62,2025-05-07,03:15
12110,428.08,2025-05-07,03:30
12111,249.0,2025-05-07,03:45
12112,262.04,2025-05-07,04:00
12113,301.99,2025-05-07,04:15
12114,245.28,2025-05-07,04:30
12115,240.54,2025-05-07,04:45
12116,214.42,2025-05-07,05:00
12117,227.41,2025-05-07,05:15
12118,233.08,2025-05-07,05:30
12119,236.33,2025-05-07,05:45
12120,233.59,2025-05-07,06:00
12121,247.43,2025-05-07,06:15
12122,238.87,2025-05-07,06:30
12123,229.46,2025-05-07,06:45
12124,40.0,2025-05-07,07:00
12125,427.38,2025-05-07,07:15
12126,433.66,2025-05-07,07:30
12127,207.22,2025-05-07,07:45
12128,233.32,2025-05-07,08:00
12129,254.2,2025-05-07,08:15
12130,218.6,2025-05-07,08:30
12131,218.18,2025-05-07,08:45
12132,223.34,2025-05-07,09:00
12133,204.6,2025-05-07,09:15
12134,281.95,2025-05-07,09:30
12135,229.48,2025-05-07,09:45
12136,241.5,2025-05-07,10:00
12137,253.07,2025-05-07,10:15
12138,259.57,2025-05-07,10:30
12139,262.79,2025-05-07,10:45
12140,276.36,2025-05-07,11:00
12141,312.96,2025-05-07,11:15
12142,328.71,2025-05-07,11:30
12143,343.32,2025-05-07,11:45
12144,335.75,2025-05-07,12:00
12145,322.36,2025-05-07,12:15
12146,314.07,2025-05-07,12:30
12147,294.5,2025-05-07,12:45
12148,300.05,2025-05-07,13:00
12149,311.58,2025-05-07,13:15
12150,281.64,2025-05-07,13:30
12151,269.9,2025-05-07,13:45
12152,272.33,2025-05-07,14:00
12153,271.31,2025-05-07,14:15
12154,223.9,2025-05-07,14:30
12155,228.99,2025-05-07,14:45
12156,243.14,2025-05-07,15:00
12157,264.48,2025-05-07,15:15
12158,269.53,2025-05-07,15:30
12159,261.84,2025-05-07,15:45
12160,261.77,2025-05-07,16:00
12161,316.39,2025-05-07,16:15
12162,297.61,2025-05-07,16:30
12163,285.56,2025-05-07,16:45
12164,243.47,2025-05-07,17:00
12165,295.04,2025-05-07,17:15
12166,304.55,2025-05-07,17:30
12167,280.48,2025-05-07,17:45
12168,211.29,2025-05-07,18:00
12169,245.67,2025-05-07,18:15
12170,304.38,2025-05-07,18:30
12171,347.45,2025-05-07,18:45
12172,291.27,2025-05-07,19:00
12173,287.11,2025-05-07,19:15
12174,363.87,2025-05-07,19:30
12175,399.63,2025-05-07,19:45
12176,389.4,2025-05-07,20:00
12177,385.38,2025-05-07,20:15
12178,404.74,2025-05-07,20:30
12179,417.01,2025-05-07,20:45
12180,386.53,2025-05-07,21:00
12181,391.65,2025-05-07,21:15
12182,386.65,2025-05-07,21:30
12183,364.44,2025-05-07,21:45
12184,323.19,2025-05-07,22:00
12185,378.57,2025-05-07,22:15
12186,452.6,2025-05-07,22:30
12187,498.15,2025-05-07,22:45
12188,474.69,2025-05-07,23:00
12189,462.81,2025-05-07,23:15
12190,369.04,2025-05-07,23:30
12191,435.49,2025-05-07,23:45
12192,394.22,2025-05-07,24:00
12193,379.82,2025-05-08,00:15
12194,344.06,2025-05-08,00:30
12195,341.75,2025-05-08,00:45
12196,348.86,2025-05-08,01:00
12197,282.19,2025-05-08,01:15
12198,268.82,2025-05-08,01:30
12199,400.0,2025-05-08,01:45
12200,390.0,2025-05-08,02:00
12201,253.76,2025-05-08,02:15
12202,410.0,2025-05-08,02:30
12203,317.39,2025-05-08,02:45
12204,378.24,2025-05-08,03:00
12205,260.0,2025-05-08,03:15
12206,440.0,2025-05-08,03:30
12207,434.32,2025-05-08,03:45
12208,471.67,2025-05-08,04:00
12209,453.04,2025-05-08,04:15
12210,425.33,2025-05-08,04:30
12211,426.41,2025-05-08,04:45
12212,484.66,2025-05-08,05:00
12213,457.18,2025-05-08,05:15
12214,381.93,2025-05-08,05:30
12215,334.22,2025-05-08,05:45
12216,381.85,2025-05-08,06:00
12217,409.7,2025-05-08,06:15
12218,390.0,2025-05-08,06:30
12219,398.62,2025-05-08,06:45
12220,426.23,2025-05-08,07:00
12221,378.81,2025-05-08,07:15
12222,378.71,2025-05-08,07:30
12223,182.31,2025-05-08,07:45
12224,197.43,2025-05-08,08:00
12225,186.56,2025-05-08,08:15
12226,183.59,2025-05-08,08:30
12227,143.53,2025-05-08,08:45
12228,40.0,2025-05-08,09:00
12229,40.0,2025-05-08,09:15
12230,154.07,2025-05-08,09:30
12231,157.08,2025-05-08,09:45
12232,165.49,2025-05-08,10:00
12233,169.88,2025-05-08,10:15
12234,164.51,2025-05-08,10:30
12235,166.45,2025-05-08,10:45
12236,163.62,2025-05-08,11:00
12237,172.33,2025-05-08,11:15
12238,196.24,2025-05-08,11:30
12239,203.27,2025-05-08,11:45
12240,195.1,2025-05-08,12:00
12241,199.62,2025-05-08,12:15
12242,194.18,2025-05-08,12:30
12243,161.55,2025-05-08,12:45
12244,147.27,2025-05-08,13:00
12245,40.0,2025-05-08,13:15
12246,40.0,2025-05-08,13:30
12247,40.0,2025-05-08,13:45
12248,193.46,2025-05-08,14:00
12249,193.78,2025-05-08,14:15
12250,195.42,2025-05-08,14:30
12251,183.25,2025-05-08,14:45
12252,202.73,2025-05-08,15:00
12253,40.0,2025-05-08,15:15
12254,193.73,2025-05-08,15:30
12255,229.44,2025-05-08,15:45
12256,206.5,2025-05-08,16:00
12257,231.11,2025-05-08,16:15
12258,204.03,2025-05-08,16:30
12259,200.82,2025-05-08,16:45
12260,183.37,2025-05-08,17:00
12261,163.03,2025-05-08,17:15
12262,40.0,2025-05-08,17:30
12263,40.0,2025-05-08,17:45
12264,40.0,2025-05-08,18:00
12265,40.0,2025-05-08,18:15
12266,40.0,2025-05-08,18:30
12267,40.0,2025-05-08,18:45
12268,480.92,2025-05-08,19:00
12269,40.0,2025-05-08,19:15
12270,40.0,2025-05-08,19:30
12271,40.0,2025-05-08,19:45
12272,367.98,2025-05-08,20:00
12273,504.29,2025-05-08,20:15
12274,502.7,2025-05-08,20:30
12275,410.49,2025-05-08,20:45
12276,456.16,2025-05-08,21:00
12277,504.52,2025-05-08,21:15
12278,495.61,2025-05-08,21:30
12279,413.12,2025-05-08,21:45
12280,375.49,2025-05-08,22:00
12281,364.94,2025-05-08,22:15
12282,387.33,2025-05-08,22:30
12283,378.01,2025-05-08,22:45
12284,378.12,2025-05-08,23:00
12285,378.17,2025-05-08,23:15
12286,377.94,2025-05-08,23:30
12287,380.75,2025-05-08,23:45
12288,341.85,2025-05-08,24:00
12289,488.52,2025-05-09,00:15
12290,371.59,2025-05-09,00:30
12291,342.93,2025-05-09,00:45
12292,372.84,2025-05-09,01:00
12293,343.78,2025-05-09,01:15
12294,197.12,2025-05-09,01:30
12295,40.0,2025-05-09,01:45
12296,327.32,2025-05-09,02:00
12297,285.92,2025-05-09,02:15
12298,293.79,2025-05-09,02:30
12299,270.41,2025-05-09,02:45
12300,317.64,2025-05-09,03:00
12301,312.61,2025-05-09,03:15
12302,314.65,2025-05-09,03:30
12303,326.49,2025-05-09,03:45
12304,298.46,2025-05-09,04:00
12305,219.12,2025-05-09,04:15
12306,290.46,2025-05-09,04:30
12307,364.98,2025-05-09,04:45
12308,167.48,2025-05-09,05:00
12309,248.58,2025-05-09,05:15
12310,266.06,2025-05-09,05:30
12311,282.69,2025-05-09,05:45
12312,265.81,2025-05-09,06:00
12313,222.75,2025-05-09,06:15
12314,221.4,2025-05-09,06:30
12315,219.5,2025-05-09,06:45
12316,322.48,2025-05-09,07:00
12317,296.97,2025-05-09,07:15
12318,255.16,2025-05-09,07:30
12319,40.0,2025-05-09,07:45
12320,40.0,2025-05-09,08:00
12321,40.0,2025-05-09,08:15
12322,40.0,2025-05-09,08:30
12323,197.49,2025-05-09,08:45
12324,168.57,2025-05-09,09:00
12325,40.0,2025-05-09,09:15
12326,40.0,2025-05-09,09:30
12327,40.0,2025-05-09,09:45
12328,40.0,2025-05-09,10:00
12329,40.0,2025-05-09,10:15
12330,40.0,2025-05-09,10:30
12331,40.0,2025-05-09,10:45
12332,40.0,2025-05-09,11:00
12333,40.0,2025-05-09,11:15
12334,40.0,2025-05-09,11:30
12335,40.0,2025-05-09,11:45
12336,40.0,2025-05-09,12:00
12337,40.0,2025-05-09,12:15
12338,40.0,2025-05-09,12:30
12339,40.0,2025-05-09,12:45
12340,40.0,2025-05-09,13:00
12341,40.0,2025-05-09,13:15
12342,40.0,2025-05-09,13:30
12343,40.0,2025-05-09,13:45
12344,40.0,2025-05-09,14:00
12345,40.0,2025-05-09,14:15
12346,40.0,2025-05-09,14:30
12347,40.0,2025-05-09,14:45
12348,40.0,2025-05-09,15:00
12349,40.0,2025-05-09,15:15
12350,40.0,2025-05-09,15:30
12351,40.0,2025-05-09,15:45
12352,40.0,2025-05-09,16:00
12353,40.0,2025-05-09,16:15
12354,40.0,2025-05-09,16:30
12355,40.0,2025-05-09,16:45
12356,40.0,2025-05-09,17:00
12357,40.0,2025-05-09,17:15
12358,40.0,2025-05-09,17:30
12359,40.0,2025-05-09,17:45
12360,40.0,2025-05-09,18:00
12361,40.0,2025-05-09,18:15
12362,40.0,2025-05-09,18:30
12363,390.0,2025-05-09,18:45
12364,422.56,2025-05-09,19:00
12365,392.43,2025-05-09,19:15
12366,311.54,2025-05-09,19:30
12367,312.76,2025-05-09,19:45
12368,321.49,2025-05-09,20:00
12369,406.9,2025-05-09,20:15
12370,391.55,2025-05-09,20:30
12371,298.03,2025-05-09,20:45
12372,310.61,2025-05-09,21:00
12373,365.87,2025-05-09,21:15
12374,375.61,2025-05-09,21:30
12375,352.25,2025-05-09,21:45
12376,311.62,2025-05-09,22:00
12377,378.23,2025-05-09,22:15
12378,370.35,2025-05-09,22:30
12379,367.11,2025-05-09,22:45
12380,367.25,2025-05-09,23:00
12381,348.66,2025-05-09,23:15
12382,338.14,2025-05-09,23:30
12383,286.44,2025-05-09,23:45
12384,400.0,2025-05-09,24:00
12385,393.36,2025-05-10,00:15
12386,391.97,2025-05-10,00:30
12387,351.41,2025-05-10,00:45
12388,370.27,2025-05-10,01:00
12389,366.66,2025-05-10,01:15
12390,353.9,2025-05-10,01:30
12391,340.84,2025-05-10,01:45
12392,520.73,2025-05-10,02:00
12393,522.68,2025-05-10,02:15
12394,349.0,2025-05-10,02:30
12395,432.6,2025-05-10,02:45
12396,451.89,2025-05-10,03:00
12397,478.35,2025-05-10,03:15
12398,408.47,2025-05-10,03:30
12399,399.27,2025-05-10,03:45
12400,365.24,2025-05-10,04:00
12401,346.21,2025-05-10,04:15
12402,331.59,2025-05-10,04:30
12403,322.66,2025-05-10,04:45
12404,309.65,2025-05-10,05:00
12405,351.85,2025-05-10,05:15
12406,369.02,2025-05-10,05:30
12407,365.65,2025-05-10,05:45
12408,380.24,2025-05-10,06:00
12409,403.92,2025-05-10,06:15
12410,403.29,2025-05-10,06:30
12411,401.74,2025-05-10,06:45
12412,354.58,2025-05-10,07:00
12413,314.93,2025-05-10,07:15
12414,303.44,2025-05-10,07:30
12415,267.56,2025-05-10,07:45
12416,262.67,2025-05-10,08:00
12417,254.64,2025-05-10,08:15
12418,215.08,2025-05-10,08:30
12419,151.55,2025-05-10,08:45
12420,180.43,2025-05-10,09:00
12421,40.0,2025-05-10,09:15
12422,147.22,2025-05-10,09:30
12423,173.45,2025-05-10,09:45
12424,150.07,2025-05-10,10:00
12425,254.23,2025-05-10,10:15
12426,207.88,2025-05-10,10:30
12427,201.72,2025-05-10,10:45
12428,198.05,2025-05-10,11:00
12429,218.64,2025-05-10,11:15
12430,151.05,2025-05-10,11:30
12431,197.09,2025-05-10,11:45
12432,191.86,2025-05-10,12:00
12433,238.87,2025-05-10,12:15
12434,214.54,2025-05-10,12:30
12435,185.65,2025-05-10,12:45
12436,40.0,2025-05-10,13:00
12437,184.84,2025-05-10,13:15
12438,193.8,2025-05-10,13:30
12439,204.12,2025-05-10,13:45
12440,40.0,2025-05-10,14:00
12441,210.92,2025-05-10,14:15
12442,187.39,2025-05-10,14:30
12443,40.0,2025-05-10,14:45
12444,40.0,2025-05-10,15:00
12445,40.0,2025-05-10,15:15
12446,224.26,2025-05-10,15:30
12447,226.6,2025-05-10,15:45
12448,40.0,2025-05-10,16:00
12449,196.82,2025-05-10,16:15
12450,40.0,2025-05-10,16:30
12451,154.43,2025-05-10,16:45
12452,40.0,2025-05-10,17:00
12453,152.12,2025-05-10,17:15
12454,156.59,2025-05-10,17:30
12455,40.0,2025-05-10,17:45
12456,336.96,2025-05-10,18:00
12457,40.0,2025-05-10,18:15
12458,196.49,2025-05-10,18:30
12459,40.0,2025-05-10,18:45
12460,40.0,2025-05-10,19:00
12461,399.43,2025-05-10,19:15
12462,612.44,2025-05-10,19:30
12463,639.65,2025-05-10,19:45
12464,602.58,2025-05-10,20:00
12465,639.47,2025-05-10,20:15
12466,454.59,2025-05-10,20:30
12467,460.14,2025-05-10,20:45
12468,394.15,2025-05-10,21:00
12469,324.34,2025-05-10,21:15
12470,341.83,2025-05-10,21:30
12471,326.86,2025-05-10,21:45
12472,321.38,2025-05-10,22:00
12473,339.54,2025-05-10,22:15
12474,309.7,2025-05-10,22:30
12475,287.86,2025-05-10,22:45
12476,288.7,2025-05-10,23:00
12477,430.0,2025-05-10,23:15
12478,330.0,2025-05-10,23:30
12479,310.0,2025-05-10,23:45
12480,468.24,2025-05-10,24:00
12481,493.31,2025-05-11,00:15
12482,434.8,2025-05-11,00:30
12483,317.9,2025-05-11,00:45
12484,299.11,2025-05-11,01:00
12485,344.98,2025-05-11,01:15
12486,325.46,2025-05-11,01:30
12487,302.71,2025-05-11,01:45
12488,292.57,2025-05-11,02:00
12489,305.23,2025-05-11,02:15
12490,288.22,2025-05-11,02:30
12491,40.0,2025-05-11,02:45
12492,350.0,2025-05-11,03:00
12493,40.0,2025-05-11,03:15
12494,282.14,2025-05-11,03:30
12495,284.79,2025-05-11,03:45
12496,288.82,2025-05-11,04:00
12497,288.68,2025-05-11,04:15
12498,290.17,2025-05-11,04:30
12499,352.41,2025-05-11,04:45
12500,304.61,2025-05-11,05:00
12501,318.39,2025-05-11,05:15
12502,304.1,2025-05-11,05:30
12503,314.35,2025-05-11,05:45
12504,411.86,2025-05-11,06:00
12505,337.99,2025-05-11,06:15
12506,439.7,2025-05-11,06:30
12507,470.0,2025-05-11,06:45
12508,480.0,2025-05-11,07:00
12509,430.0,2025-05-11,07:15
12510,400.0,2025-05-11,07:30
12511,350.0,2025-05-11,07:45
12512,40.0,2025-05-11,08:00
12513,40.0,2025-05-11,08:15
12514,40.0,2025-05-11,08:30
12515,40.0,2025-05-11,08:45
12516,40.0,2025-05-11,09:00
12517,40.0,2025-05-11,09:15
12518,40.0,2025-05-11,09:30
12519,40.0,2025-05-11,09:45
12520,40.0,2025-05-11,10:00
12521,190.41,2025-05-11,10:15
12522,173.85,2025-05-11,10:30
12523,153.4,2025-05-11,10:45
12524,170.69,2025-05-11,11:00
12525,181.1,2025-05-11,11:15
12526,189.77,2025-05-11,11:30
12527,204.9,2025-05-11,11:45
12528,40.0,2025-05-11,12:00
12529,40.0,2025-05-11,12:15
12530,40.0,2025-05-11,12:30
12531,40.0,2025-05-11,12:45
12532,40.0,2025-05-11,13:00
12533,40.0,2025-05-11,13:15
12534,40.0,2025-05-11,13:30
12535,40.0,2025-05-11,13:45
12536,40.0,2025-05-11,14:00
12537,182.92,2025-05-11,14:15
12538,172.93,2025-05-11,14:30
12539,185.84,2025-05-11,14:45
12540,40.0,2025-05-11,15:00
12541,40.0,2025-05-11,15:15
12542,40.0,2025-05-11,15:30
12543,40.0,2025-05-11,15:45
12544,40.0,2025-05-11,16:00
12545,307.76,2025-05-11,16:15
12546,235.96,2025-05-11,16:30
12547,200.22,2025-05-11,16:45
12548,263.45,2025-05-11,17:00
12549,257.55,2025-05-11,17:15
12550,250.13,2025-05-11,17:30
12551,237.79,2025-05-11,17:45
12552,205.9,2025-05-11,18:00
12553,194.97,2025-05-11,18:15
12554,237.48,2025-05-11,18:30
12555,224.75,2025-05-11,18:45
12556,268.93,2025-05-11,19:00
12557,331.76,2025-05-11,19:15
12558,317.27,2025-05-11,19:30
12559,312.22,2025-05-11,19:45
12560,295.46,2025-05-11,20:00
12561,277.71,2025-05-11,20:15
12562,286.86,2025-05-11,20:30
12563,278.98,2025-05-11,20:45
12564,306.79,2025-05-11,21:00
12565,297.56,2025-05-11,21:15
12566,299.93,2025-05-11,21:30
12567,286.13,2025-05-11,21:45
12568,297.95,2025-05-11,22:00
12569,328.81,2025-05-11,22:15
12570,329.03,2025-05-11,22:30
12571,352.31,2025-05-11,22:45
12572,353.13,2025-05-11,23:00
12573,320.86,2025-05-11,23:15
12574,287.89,2025-05-11,23:30
12575,263.28,2025-05-11,23:45
12576,248.43,2025-05-11,24:00
12577,347.74,2025-05-12,00:15
12578,303.19,2025-05-12,00:30
12579,320.95,2025-05-12,00:45
12580,286.42,2025-05-12,01:00
12581,235.88,2025-05-12,01:15
12582,209.71,2025-05-12,01:30
12583,255.21,2025-05-12,01:45
12584,227.37,2025-05-12,02:00
12585,236.53,2025-05-12,02:15
12586,250.34,2025-05-12,02:30
12587,248.44,2025-05-12,02:45
12588,205.9,2025-05-12,03:00
12589,40.0,2025-05-12,03:15
12590,40.0,2025-05-12,03:30
12591,247.79,2025-05-12,03:45
12592,305.49,2025-05-12,04:00
12593,320.46,2025-05-12,04:15
12594,328.96,2025-05-12,04:30
12595,328.78,2025-05-12,04:45
12596,318.9,2025-05-12,05:00
12597,326.07,2025-05-12,05:15
12598,319.74,2025-05-12,05:30
12599,416.42,2025-05-12,05:45
12600,450.0,2025-05-12,06:00
12601,430.0,2025-05-12,06:15
12602,450.0,2025-05-12,06:30
12603,467.32,2025-05-12,06:45
12604,443.01,2025-05-12,07:00
12605,420.0,2025-05-12,07:15
12606,420.0,2025-05-12,07:30
12607,400.0,2025-05-12,07:45
12608,390.0,2025-05-12,08:00
12609,210.9,2025-05-12,08:15
12610,213.65,2025-05-12,08:30
12611,210.79,2025-05-12,08:45
12612,199.73,2025-05-12,09:00
12613,198.4,2025-05-12,09:15
12614,196.69,2025-05-12,09:30
12615,221.18,2025-05-12,09:45
12616,247.35,2025-05-12,10:00
12617,262.21,2025-05-12,10:15
12618,246.01,2025-05-12,10:30
12619,244.07,2025-05-12,10:45
12620,261.65,2025-05-12,11:00
12621,266.74,2025-05-12,11:15
12622,194.49,2025-05-12,11:30
12623,204.16,2025-05-12,11:45
12624,194.63,2025-05-12,12:00
12625,208.46,2025-05-12,12:15
12626,199.48,2025-05-12,12:30
12627,196.17,2025-05-12,12:45
12628,40.0,2025-05-12,13:00
12629,40.0,2025-05-12,13:15
12630,40.0,2025-05-12,13:30
12631,40.0,2025-05-12,13:45
12632,40.0,2025-05-12,14:00
12633,280.46,2025-05-12,14:15
12634,230.34,2025-05-12,14:30
12635,201.82,2025-05-12,14:45
12636,40.0,2025-05-12,15:00
12637,40.0,2025-05-12,15:15
12638,228.23,2025-05-12,15:30
12639,246.65,2025-05-12,15:45
12640,278.37,2025-05-12,16:00
12641,331.78,2025-05-12,16:15
12642,322.39,2025-05-12,16:30
12643,306.96,2025-05-12,16:45
12644,280.36,2025-05-12,17:00
12645,282.04,2025-05-12,17:15
12646,255.35,2025-05-12,17:30
12647,256.62,2025-05-12,17:45
12648,214.52,2025-05-12,18:00
12649,40.0,2025-05-12,18:15
12650,188.59,2025-05-12,18:30
12651,40.0,2025-05-12,18:45
12652,250.84,2025-05-12,19:00
12653,274.86,2025-05-12,19:15
12654,364.11,2025-05-12,19:30
12655,330.03,2025-05-12,19:45
12656,320.39,2025-05-12,20:00
12657,379.85,2025-05-12,20:15
12658,396.35,2025-05-12,20:30
12659,391.83,2025-05-12,20:45
12660,394.47,2025-05-12,21:00
12661,394.52,2025-05-12,21:15
12662,391.4,2025-05-12,21:30
12663,380.87,2025-05-12,21:45
12664,385.44,2025-05-12,22:00
12665,337.9,2025-05-12,22:15
12666,338.26,2025-05-12,22:30
12667,339.24,2025-05-12,22:45
12668,353.06,2025-05-12,23:00
12669,364.72,2025-05-12,23:15
12670,339.12,2025-05-12,23:30
12671,393.56,2025-05-12,23:45
12672,329.28,2025-05-12,24:00
12673,451.27,2025-05-13,00:15
12674,456.38,2025-05-13,00:30
12675,389.65,2025-05-13,00:45
12676,405.86,2025-05-13,01:00
12677,379.51,2025-05-13,01:15
12678,354.96,2025-05-13,01:30
12679,338.53,2025-05-13,01:45
12680,279.92,2025-05-13,02:00
12681,300.09,2025-05-13,02:15
12682,302.82,2025-05-13,02:30
12683,331.24,2025-05-13,02:45
12684,248.15,2025-05-13,03:00
12685,299.9,2025-05-13,03:15
12686,318.49,2025-05-13,03:30
12687,355.7,2025-05-13,03:45
12688,378.8,2025-05-13,04:00
12689,352.75,2025-05-13,04:15
12690,327.95,2025-05-13,04:30
12691,332.89,2025-05-13,04:45
12692,375.96,2025-05-13,05:00
12693,298.04,2025-05-13,05:15
12694,296.12,2025-05-13,05:30
12695,309.39,2025-05-13,05:45
12696,310.42,2025-05-13,06:00
12697,345.91,2025-05-13,06:15
12698,328.24,2025-05-13,06:30
12699,342.77,2025-05-13,06:45
12700,332.31,2025-05-13,07:00
12701,317.98,2025-05-13,07:15
12702,291.19,2025-05-13,07:30
12703,209.95,2025-05-13,07:45
12704,192.34,2025-05-13,08:00
12705,249.19,2025-05-13,08:15
12706,244.43,2025-05-13,08:30
12707,40.0,2025-05-13,08:45
12708,40.0,2025-05-13,09:00
12709,50.44,2025-05-13,09:15
12710,352.41,2025-05-13,09:30
12711,170.15,2025-05-13,09:45
12712,196.95,2025-05-13,10:00
12713,231.09,2025-05-13,10:15
12714,222.33,2025-05-13,10:30
12715,202.37,2025-05-13,10:45
12716,195.91,2025-05-13,11:00
12717,196.57,2025-05-13,11:15
12718,40.0,2025-05-13,11:30
12719,207.6,2025-05-13,11:45
12720,40.0,2025-05-13,12:00
12721,194.96,2025-05-13,12:15
12722,40.0,2025-05-13,12:30
12723,40.0,2025-05-13,12:45
12724,40.0,2025-05-13,13:00
12725,207.93,2025-05-13,13:15
12726,208.9,2025-05-13,13:30
12727,40.0,2025-05-13,13:45
12728,40.0,2025-05-13,14:00
12729,40.0,2025-05-13,14:15
12730,40.0,2025-05-13,14:30
12731,40.0,2025-05-13,14:45
12732,40.0,2025-05-13,15:00
12733,199.75,2025-05-13,15:15
12734,186.96,2025-05-13,15:30
12735,284.68,2025-05-13,15:45
12736,254.29,2025-05-13,16:00
12737,257.48,2025-05-13,16:15
12738,250.82,2025-05-13,16:30
12739,286.48,2025-05-13,16:45
12740,261.66,2025-05-13,17:00
12741,262.6,2025-05-13,17:15
12742,270.86,2025-05-13,17:30
12743,266.19,2025-05-13,17:45
12744,218.19,2025-05-13,18:00
12745,40.0,2025-05-13,18:15
12746,40.0,2025-05-13,18:30
12747,40.0,2025-05-13,18:45
12748,40.0,2025-05-13,19:00
12749,40.0,2025-05-13,19:15
12750,40.0,2025-05-13,19:30
12751,40.0,2025-05-13,19:45
12752,40.0,2025-05-13,20:00
12753,40.0,2025-05-13,20:15
12754,40.0,2025-05-13,20:30
12755,350.0,2025-05-13,20:45
12756,330.0,2025-05-13,21:00
12757,390.0,2025-05-13,21:15
12758,340.0,2025-05-13,21:30
12759,40.0,2025-05-13,21:45
12760,40.0,2025-05-13,22:00
12761,340.0,2025-05-13,22:15
12762,330.0,2025-05-13,22:30
12763,340.0,2025-05-13,22:45
12764,340.0,2025-05-13,23:00
12765,40.0,2025-05-13,23:15
12766,380.0,2025-05-13,23:30
12767,40.0,2025-05-13,23:45
12768,40.0,2025-05-13,24:00
12769,400.0,2025-05-14,00:15
12770,400.0,2025-05-14,00:30
12771,380.0,2025-05-14,00:45
12772,390.0,2025-05-14,01:00
12773,380.0,2025-05-14,01:15
12774,258.62,2025-05-14,01:30
12775,40.0,2025-05-14,01:45
12776,40.0,2025-05-14,02:00
12777,40.0,2025-05-14,02:15
12778,288.11,2025-05-14,02:30
12779,281.09,2025-05-14,02:45
12780,259.47,2025-05-14,03:00
12781,259.49,2025-05-14,03:15
12782,236.13,2025-05-14,03:30
12783,40.0,2025-05-14,03:45
12784,40.0,2025-05-14,04:00
12785,40.0,2025-05-14,04:15
12786,40.0,2025-05-14,04:30
12787,300.87,2025-05-14,04:45
12788,314.28,2025-05-14,05:00
12789,315.51,2025-05-14,05:15
12790,309.77,2025-05-14,05:30
12791,282.71,2025-05-14,05:45
12792,287.18,2025-05-14,06:00
12793,274.17,2025-05-14,06:15
12794,349.62,2025-05-14,06:30
12795,349.89,2025-05-14,06:45
12796,253.55,2025-05-14,07:00
12797,40.0,2025-05-14,07:15
12798,243.96,2025-05-14,07:30
12799,265.96,2025-05-14,07:45
12800,257.6,2025-05-14,08:00
12801,258.05,2025-05-14,08:15
12802,176.38,2025-05-14,08:30
12803,212.7,2025-05-14,08:45
12804,40.0,2025-05-14,09:00
12805,40.0,2025-05-14,09:15
12806,214.5,2025-05-14,09:30
12807,206.05,2025-05-14,09:45
12808,258.34,2025-05-14,10:00
12809,284.43,2025-05-14,10:15
12810,278.86,2025-05-14,10:30
12811,267.39,2025-05-14,10:45
12812,259.45,2025-05-14,11:00
12813,287.05,2025-05-14,11:15
12814,285.96,2025-05-14,11:30
12815,258.79,2025-05-14,11:45
12816,269.42,2025-05-14,12:00
12817,266.28,2025-05-14,12:15
12818,258.68,2025-05-14,12:30
12819,268.37,2025-05-14,12:45
12820,277.81,2025-05-14,13:00
12821,279.97,2025-05-14,13:15
12822,269.01,2025-05-14,13:30
12823,274.46,2025-05-14,13:45
12824,277.21,2025-05-14,14:00
12825,311.78,2025-05-14,14:15
12826,311.53,2025-05-14,14:30
12827,316.96,2025-05-14,14:45
12828,313.74,2025-05-14,15:00
12829,320.81,2025-05-14,15:15
12830,332.17,2025-05-14,15:30
12831,330.82,2025-05-14,15:45
12832,334.17,2025-05-14,16:00
12833,313.98,2025-05-14,16:15
12834,299.97,2025-05-14,16:30
12835,283.59,2025-05-14,16:45
12836,284.52,2025-05-14,17:00
12837,265.09,2025-05-14,17:15
12838,284.69,2025-05-14,17:30
12839,295.95,2025-05-14,17:45
12840,261.42,2025-05-14,18:00
12841,40.0,2025-05-14,18:15
12842,40.0,2025-05-14,18:30
12843,316.23,2025-05-14,18:45
12844,390.0,2025-05-14,19:00
12845,448.11,2025-05-14,19:15
12846,444.77,2025-05-14,19:30
12847,455.19,2025-05-14,19:45
12848,469.93,2025-05-14,20:00
12849,540.0,2025-05-14,20:15
12850,534.85,2025-05-14,20:30
12851,540.0,2025-05-14,20:45
12852,408.97,2025-05-14,21:00
12853,383.05,2025-05-14,21:15
12854,375.18,2025-05-14,21:30
12855,365.89,2025-05-14,21:45
12856,353.79,2025-05-14,22:00
12857,340.26,2025-05-14,22:15
12858,339.72,2025-05-14,22:30
12859,326.62,2025-05-14,22:45
12860,321.26,2025-05-14,23:00
12861,345.28,2025-05-14,23:15
12862,456.22,2025-05-14,23:30
12863,430.0,2025-05-14,23:45
12864,430.0,2025-05-14,24:00
12865,437.89,2025-05-15,00:15
12866,432.32,2025-05-15,00:30
12867,422.89,2025-05-15,00:45
12868,365.05,2025-05-15,01:00
12869,378.59,2025-05-15,01:15
12870,357.77,2025-05-15,01:30
12871,358.85,2025-05-15,01:45
12872,356.08,2025-05-15,02:00
12873,354.73,2025-05-15,02:15
12874,370.71,2025-05-15,02:30
12875,366.47,2025-05-15,02:45
12876,357.57,2025-05-15,03:00
12877,321.09,2025-05-15,03:15
12878,450.0,2025-05-15,03:30
12879,368.13,2025-05-15,03:45
12880,215.23,2025-05-15,04:00
12881,199.75,2025-05-15,04:15
12882,240.8,2025-05-15,04:30
12883,234.42,2025-05-15,04:45
12884,193.84,2025-05-15,05:00
12885,324.22,2025-05-15,05:15
12886,198.91,2025-05-15,05:30
12887,237.25,2025-05-15,05:45
12888,390.0,2025-05-15,06:00
12889,450.0,2025-05-15,06:15
12890,350.0,2025-05-15,06:30
12891,290.0,2025-05-15,06:45
12892,40.0,2025-05-15,07:00
12893,40.0,2025-05-15,07:15
12894,40.0,2025-05-15,07:30
12895,40.0,2025-05-15,07:45
12896,40.0,2025-05-15,08:00
12897,40.0,2025-05-15,08:15
12898,40.0,2025-05-15,08:30
12899,40.0,2025-05-15,08:45
12900,40.0,2025-05-15,09:00
12901,157.13,2025-05-15,09:15
12902,170.69,2025-05-15,09:30
12903,188.4,2025-05-15,09:45
12904,218.07,2025-05-15,10:00
12905,242.91,2025-05-15,10:15
12906,233.49,2025-05-15,10:30
12907,240.55,2025-05-15,10:45
12908,233.13,2025-05-15,11:00
12909,241.68,2025-05-15,11:15
12910,241.53,2025-05-15,11:30
12911,249.11,2025-05-15,11:45
12912,197.05,2025-05-15,12:00
12913,222.83,2025-05-15,12:15
12914,223.19,2025-05-15,12:30
12915,255.62,2025-05-15,12:45
12916,244.26,2025-05-15,13:00
12917,244.4,2025-05-15,13:15
12918,215.6,2025-05-15,13:30
12919,239.29,2025-05-15,13:45
12920,257.54,2025-05-15,14:00
12921,281.95,2025-05-15,14:15
12922,265.15,2025-05-15,14:30
12923,300.56,2025-05-15,14:45
12924,318.96,2025-05-15,15:00
12925,345.05,2025-05-15,15:15
12926,291.46,2025-05-15,15:30
12927,312.55,2025-05-15,15:45
12928,307.81,2025-05-15,16:00
12929,262.62,2025-05-15,16:15
12930,278.79,2025-05-15,16:30
12931,262.65,2025-05-15,16:45
12932,258.09,2025-05-15,17:00
12933,249.73,2025-05-15,17:15
12934,237.81,2025-05-15,17:30
12935,239.5,2025-05-15,17:45
12936,227.06,2025-05-15,18:00
12937,212.86,2025-05-15,18:15
12938,200.11,2025-05-15,18:30
12939,210.53,2025-05-15,18:45
12940,239.21,2025-05-15,19:00
12941,237.89,2025-05-15,19:15
12942,231.52,2025-05-15,19:30
12943,223.58,2025-05-15,19:45
12944,228.33,2025-05-15,20:00
12945,267.15,2025-05-15,20:15
12946,235.32,2025-05-15,20:30
12947,312.56,2025-05-15,20:45
12948,230.36,2025-05-15,21:00
12949,273.9,2025-05-15,21:15
12950,264.1,2025-05-15,21:30
12951,247.76,2025-05-15,21:45
12952,232.99,2025-05-15,22:00
12953,230.37,2025-05-15,22:15
12954,230.62,2025-05-15,22:30
12955,232.99,2025-05-15,22:45
12956,244.23,2025-05-15,23:00
12957,258.17,2025-05-15,23:15
12958,252.23,2025-05-15,23:30
12959,256.37,2025-05-15,23:45
12960,259.56,2025-05-15,24:00
12961,404.35,2025-05-16,00:15
12962,446.06,2025-05-16,00:30
12963,393.18,2025-05-16,00:45
12964,405.54,2025-05-16,01:00
12965,317.49,2025-05-16,01:15
12966,315.43,2025-05-16,01:30
12967,297.32,2025-05-16,01:45
12968,304.84,2025-05-16,02:00
12969,310.8,2025-05-16,02:15
12970,316.81,2025-05-16,02:30
12971,325.11,2025-05-16,02:45
12972,323.26,2025-05-16,03:00
12973,318.34,2025-05-16,03:15
12974,279.86,2025-05-16,03:30
12975,292.62,2025-05-16,03:45
12976,276.94,2025-05-16,04:00
12977,279.35,2025-05-16,04:15
12978,271.05,2025-05-16,04:30
12979,272.99,2025-05-16,04:45
12980,277.41,2025-05-16,05:00
12981,512.78,2025-05-16,05:15
12982,274.58,2025-05-16,05:30
12983,278.41,2025-05-16,05:45
12984,477.27,2025-05-16,06:00
12985,293.08,2025-05-16,06:15
12986,260.79,2025-05-16,06:30
12987,40.0,2025-05-16,06:45
12988,621.08,2025-05-16,07:00
12989,227.3,2025-05-16,07:15
12990,236.49,2025-05-16,07:30
12991,238.61,2025-05-16,07:45
12992,239.27,2025-05-16,08:00
12993,177.13,2025-05-16,08:15
12994,172.91,2025-05-16,08:30
12995,40.0,2025-05-16,08:45
12996,162.51,2025-05-16,09:00
12997,188.71,2025-05-16,09:15
12998,221.07,2025-05-16,09:30
12999,196.33,2025-05-16,09:45
13000,210.45,2025-05-16,10:00
13001,231.15,2025-05-16,10:15
13002,177.9,2025-05-16,10:30
13003,209.38,2025-05-16,10:45
13004,147.78,2025-05-16,11:00
13005,40.0,2025-05-16,11:15
13006,40.0,2025-05-16,11:30
13007,260.15,2025-05-16,11:45
13008,298.81,2025-05-16,12:00
13009,308.98,2025-05-16,12:15
13010,172.87,2025-05-16,12:30
13011,40.0,2025-05-16,12:45
13012,40.0,2025-05-16,13:00
13013,40.0,2025-05-16,13:15
13014,40.0,2025-05-16,13:30
13015,40.0,2025-05-16,13:45
13016,168.67,2025-05-16,14:00
13017,173.73,2025-05-16,14:15
13018,40.0,2025-05-16,14:30
13019,40.0,2025-05-16,14:45
13020,40.0,2025-05-16,15:00
13021,180.02,2025-05-16,15:15
13022,294.77,2025-05-16,15:30
13023,304.76,2025-05-16,15:45
13024,289.12,2025-05-16,16:00
13025,230.91,2025-05-16,16:15
13026,173.02,2025-05-16,16:30
13027,174.63,2025-05-16,16:45
13028,214.41,2025-05-16,17:00
13029,264.38,2025-05-16,17:15
13030,255.59,2025-05-16,17:30
13031,324.59,2025-05-16,17:45
13032,267.2,2025-05-16,18:00
13033,243.94,2025-05-16,18:15
13034,212.3,2025-05-16,18:30
13035,191.5,2025-05-16,18:45
13036,245.47,2025-05-16,19:00
13037,301.34,2025-05-16,19:15
13038,280.56,2025-05-16,19:30
13039,279.72,2025-05-16,19:45
13040,417.65,2025-05-16,20:00
13041,307.35,2025-05-16,20:15
13042,294.96,2025-05-16,20:30
13043,310.36,2025-05-16,20:45
13044,381.89,2025-05-16,21:00
13045,306.29,2025-05-16,21:15
13046,303.52,2025-05-16,21:30
13047,305.89,2025-05-16,21:45
13048,293.18,2025-05-16,22:00
13049,304.16,2025-05-16,22:15
13050,308.94,2025-05-16,22:30
13051,301.32,2025-05-16,22:45
13052,535.53,2025-05-16,23:00
13053,337.51,2025-05-16,23:15
13054,354.43,2025-05-16,23:30
13055,356.98,2025-05-16,23:45
13056,337.86,2025-05-16,24:00
13057,362.04,2025-05-17,00:15
13058,334.78,2025-05-17,00:30
13059,369.09,2025-05-17,00:45
13060,337.08,2025-05-17,01:00
13061,311.42,2025-05-17,01:15
13062,315.04,2025-05-17,01:30
13063,309.15,2025-05-17,01:45
13064,304.02,2025-05-17,02:00
13065,332.97,2025-05-17,02:15
13066,331.84,2025-05-17,02:30
13067,325.07,2025-05-17,02:45
13068,298.8,2025-05-17,03:00
13069,269.02,2025-05-17,03:15
13070,266.23,2025-05-17,03:30
13071,295.47,2025-05-17,03:45
13072,286.03,2025-05-17,04:00
13073,329.12,2025-05-17,04:15
13074,332.44,2025-05-17,04:30
13075,331.23,2025-05-17,04:45
13076,336.73,2025-05-17,05:00
13077,345.85,2025-05-17,05:15
13078,339.8,2025-05-17,05:30
13079,335.25,2025-05-17,05:45
13080,311.77,2025-05-17,06:00
13081,440.0,2025-05-17,06:15
13082,267.52,2025-05-17,06:30
13083,316.92,2025-05-17,06:45
13084,294.48,2025-05-17,07:00
13085,246.2,2025-05-17,07:15
13086,263.38,2025-05-17,07:30
13087,221.36,2025-05-17,07:45
13088,223.87,2025-05-17,08:00
13089,218.15,2025-05-17,08:15
13090,187.41,2025-05-17,08:30
13091,188.79,2025-05-17,08:45
13092,183.44,2025-05-17,09:00
13093,226.98,2025-05-17,09:15
13094,110.6,2025-05-17,09:30
13095,150.56,2025-05-17,09:45
13096,181.64,2025-05-17,10:00
13097,220.57,2025-05-17,10:15
13098,221.73,2025-05-17,10:30
13099,222.62,2025-05-17,10:45
13100,218.42,2025-05-17,11:00
13101,223.99,2025-05-17,11:15
13102,230.45,2025-05-17,11:30
13103,223.31,2025-05-17,11:45
13104,221.52,2025-05-17,12:00
13105,270.58,2025-05-17,12:15
13106,282.79,2025-05-17,12:30
13107,266.92,2025-05-17,12:45
13108,268.62,2025-05-17,13:00
13109,278.89,2025-05-17,13:15
13110,236.44,2025-05-17,13:30
13111,279.12,2025-05-17,13:45
13112,283.36,2025-05-17,14:00
13113,281.35,2025-05-17,14:15
13114,295.84,2025-05-17,14:30
13115,302.07,2025-05-17,14:45
13116,291.22,2025-05-17,15:00
13117,306.1,2025-05-17,15:15
13118,302.13,2025-05-17,15:30
13119,328.3,2025-05-17,15:45
13120,336.64,2025-05-17,16:00
13121,327.27,2025-05-17,16:15
13122,293.33,2025-05-17,16:30
13123,293.0,2025-05-17,16:45
13124,298.75,2025-05-17,17:00
13125,289.44,2025-05-17,17:15
13126,284.87,2025-05-17,17:30
13127,282.78,2025-05-17,17:45
13128,269.94,2025-05-17,18:00
13129,232.29,2025-05-17,18:15
13130,219.64,2025-05-17,18:30
13131,228.18,2025-05-17,18:45
13132,269.25,2025-05-17,19:00
13133,326.5,2025-05-17,19:15
13134,419.37,2025-05-17,19:30
13135,331.47,2025-05-17,19:45
13136,306.05,2025-05-17,20:00
13137,303.21,2025-05-17,20:15
13138,317.32,2025-05-17,20:30
13139,302.13,2025-05-17,20:45
13140,298.42,2025-05-17,21:00
13141,330.88,2025-05-17,21:15
13142,319.26,2025-05-17,21:30
13143,315.68,2025-05-17,21:45
13144,273.65,2025-05-17,22:00
13145,282.56,2025-05-17,22:15
13146,310.02,2025-05-17,22:30
13147,321.95,2025-05-17,22:45
13148,440.0,2025-05-17,23:00
13149,330.37,2025-05-17,23:15
13150,298.36,2025-05-17,23:30
13151,293.58,2025-05-17,23:45
13152,480.0,2025-05-17,24:00
13153,449.71,2025-05-18,00:15
13154,550.0,2025-05-18,00:30
13155,500.0,2025-05-18,00:45
13156,500.0,2025-05-18,01:00
13157,500.0,2025-05-18,01:15
13158,500.0,2025-05-18,01:30
13159,500.0,2025-05-18,01:45
13160,500.0,2025-05-18,02:00
13161,500.0,2025-05-18,02:15
13162,480.0,2025-05-18,02:30
13163,480.0,2025-05-18,02:45
13164,460.0,2025-05-18,03:00
13165,560.0,2025-05-18,03:15
13166,550.0,2025-05-18,03:30
13167,550.0,2025-05-18,03:45
13168,550.0,2025-05-18,04:00
13169,550.0,2025-05-18,04:15
13170,550.0,2025-05-18,04:30
13171,550.0,2025-05-18,04:45
13172,550.0,2025-05-18,05:00
13173,560.0,2025-05-18,05:15
13174,590.0,2025-05-18,05:30
13175,590.0,2025-05-18,05:45
13176,560.0,2025-05-18,06:00
13177,550.0,2025-05-18,06:15
13178,500.0,2025-05-18,06:30
13179,460.0,2025-05-18,06:45
13180,450.0,2025-05-18,07:00
13181,350.0,2025-05-18,07:15
13182,320.0,2025-05-18,07:30
13183,300.0,2025-05-18,07:45
13184,270.0,2025-05-18,08:00
13185,189.38,2025-05-18,08:15
13186,40.0,2025-05-18,08:30
13187,40.0,2025-05-18,08:45
13188,40.0,2025-05-18,09:00
13189,181.92,2025-05-18,09:15
13190,157.86,2025-05-18,09:30
13191,148.82,2025-05-18,09:45
13192,40.0,2025-05-18,10:00
13193,190.12,2025-05-18,10:15
13194,191.61,2025-05-18,10:30
13195,166.45,2025-05-18,10:45
13196,40.0,2025-05-18,11:00
13197,176.83,2025-05-18,11:15
13198,171.65,2025-05-18,11:30
13199,180.57,2025-05-18,11:45
13200,183.8,2025-05-18,12:00
13201,185.02,2025-05-18,12:15
13202,158.06,2025-05-18,12:30
13203,40.0,2025-05-18,12:45
13204,40.0,2025-05-18,13:00
13205,40.0,2025-05-18,13:15
13206,171.2,2025-05-18,13:30
13207,216.53,2025-05-18,13:45
13208,263.47,2025-05-18,14:00
13209,195.44,2025-05-18,14:15
13210,167.66,2025-05-18,14:30
13211,40.0,2025-05-18,14:45
13212,150.1,2025-05-18,15:00
13213,40.0,2025-05-18,15:15
13214,189.72,2025-05-18,15:30
13215,242.44,2025-05-18,15:45
13216,212.94,2025-05-18,16:00
13217,229.71,2025-05-18,16:15
13218,261.86,2025-05-18,16:30
13219,250.18,2025-05-18,16:45
13220,268.54,2025-05-18,17:00
13221,344.17,2025-05-18,17:15
13222,276.65,2025-05-18,17:30
13223,315.32,2025-05-18,17:45
13224,261.05,2025-05-18,18:00
13225,40.0,2025-05-18,18:15
13226,276.4,2025-05-18,18:30
13227,288.84,2025-05-18,18:45
13228,332.46,2025-05-18,19:00
13229,477.03,2025-05-18,19:15
13230,501.52,2025-05-18,19:30
13231,447.86,2025-05-18,19:45
13232,483.51,2025-05-18,20:00
13233,454.65,2025-05-18,20:15
13234,509.56,2025-05-18,20:30
13235,431.0,2025-05-18,20:45
13236,400.67,2025-05-18,21:00
13237,411.58,2025-05-18,21:15
13238,455.54,2025-05-18,21:30
13239,435.98,2025-05-18,21:45
13240,411.69,2025-05-18,22:00
13241,404.69,2025-05-18,22:15
13242,400.78,2025-05-18,22:30
13243,389.56,2025-05-18,22:45
13244,369.73,2025-05-18,23:00
13245,454.83,2025-05-18,23:15
13246,500.0,2025-05-18,23:30
13247,444.63,2025-05-18,23:45
13248,500.0,2025-05-18,24:00
13249,550.0,2025-05-19,00:15
13250,500.0,2025-05-19,00:30
13251,500.0,2025-05-19,00:45
13252,500.0,2025-05-19,01:00
13253,470.58,2025-05-19,01:15
13254,423.31,2025-05-19,01:30
13255,461.65,2025-05-19,01:45
13256,363.9,2025-05-19,02:00
13257,388.73,2025-05-19,02:15
13258,383.97,2025-05-19,02:30
13259,359.99,2025-05-19,02:45
13260,460.0,2025-05-19,03:00
13261,460.0,2025-05-19,03:15
13262,500.0,2025-05-19,03:30
13263,500.0,2025-05-19,03:45
13264,480.28,2025-05-19,04:00
13265,500.0,2025-05-19,04:15
13266,500.0,2025-05-19,04:30
13267,460.0,2025-05-19,04:45
13268,450.0,2025-05-19,05:00
13269,460.0,2025-05-19,05:15
13270,460.0,2025-05-19,05:30
13271,500.0,2025-05-19,05:45
13272,460.0,2025-05-19,06:00
13273,500.0,2025-05-19,06:15
13274,500.0,2025-05-19,06:30
13275,500.0,2025-05-19,06:45
13276,460.0,2025-05-19,07:00
13277,460.0,2025-05-19,07:15
13278,450.0,2025-05-19,07:30
13279,450.0,2025-05-19,07:45
13280,367.59,2025-05-19,08:00
13281,317.99,2025-05-19,08:15
13282,290.0,2025-05-19,08:30
13283,290.0,2025-05-19,08:45
13284,182.26,2025-05-19,09:00
13285,40.0,2025-05-19,09:15
13286,165.26,2025-05-19,09:30
13287,241.02,2025-05-19,09:45
13288,243.43,2025-05-19,10:00
13289,228.83,2025-05-19,10:15
13290,210.37,2025-05-19,10:30
13291,212.02,2025-05-19,10:45
13292,225.67,2025-05-19,11:00
13293,230.98,2025-05-19,11:15
13294,241.36,2025-05-19,11:30
13295,183.4,2025-05-19,11:45
13296,208.43,2025-05-19,12:00
13297,219.65,2025-05-19,12:15
13298,253.72,2025-05-19,12:30
13299,247.1,2025-05-19,12:45
13300,217.31,2025-05-19,13:00
13301,256.61,2025-05-19,13:15
13302,233.7,2025-05-19,13:30
13303,253.67,2025-05-19,13:45
13304,265.47,2025-05-19,14:00
13305,241.85,2025-05-19,14:15
13306,249.31,2025-05-19,14:30
13307,305.08,2025-05-19,14:45
13308,302.0,2025-05-19,15:00
13309,268.9,2025-05-19,15:15
13310,263.5,2025-05-19,15:30
13311,264.41,2025-05-19,15:45
13312,267.81,2025-05-19,16:00
13313,316.04,2025-05-19,16:15
13314,313.21,2025-05-19,16:30
13315,288.82,2025-05-19,16:45
13316,285.42,2025-05-19,17:00
13317,334.92,2025-05-19,17:15
13318,331.85,2025-05-19,17:30
13319,285.26,2025-05-19,17:45
13320,342.43,2025-05-19,18:00
13321,304.85,2025-05-19,18:15
13322,40.0,2025-05-19,18:30
13323,302.41,2025-05-19,18:45
13324,322.34,2025-05-19,19:00
13325,415.69,2025-05-19,19:15
13326,521.81,2025-05-19,19:30
13327,498.9,2025-05-19,19:45
13328,418.56,2025-05-19,20:00
13329,465.2,2025-05-19,20:15
13330,468.57,2025-05-19,20:30
13331,463.96,2025-05-19,20:45
13332,500.95,2025-05-19,21:00
13333,553.33,2025-05-19,21:15
13334,538.23,2025-05-19,21:30
13335,383.66,2025-05-19,21:45
13336,350.76,2025-05-19,22:00
13337,287.29,2025-05-19,22:15
13338,278.43,2025-05-19,22:30
13339,280.5,2025-05-19,22:45
13340,272.74,2025-05-19,23:00
13341,323.59,2025-05-19,23:15
13342,300.68,2025-05-19,23:30
13343,281.9,2025-05-19,23:45
13344,267.19,2025-05-19,24:00
13345,321.92,2025-05-20,00:15
13346,283.51,2025-05-20,00:30
13347,311.45,2025-05-20,00:45
13348,269.68,2025-05-20,01:00
13349,244.59,2025-05-20,01:15
13350,231.1,2025-05-20,01:30
13351,217.71,2025-05-20,01:45
13352,215.67,2025-05-20,02:00
13353,287.56,2025-05-20,02:15
13354,274.57,2025-05-20,02:30
13355,280.65,2025-05-20,02:45
13356,285.68,2025-05-20,03:00
13357,303.26,2025-05-20,03:15
13358,416.75,2025-05-20,03:30
13359,414.53,2025-05-20,03:45
13360,432.39,2025-05-20,04:00
13361,435.49,2025-05-20,04:15
13362,437.68,2025-05-20,04:30
13363,435.53,2025-05-20,04:45
13364,396.92,2025-05-20,05:00
13365,434.33,2025-05-20,05:15
13366,435.92,2025-05-20,05:30
13367,429.29,2025-05-20,05:45
13368,398.47,2025-05-20,06:00
13369,387.45,2025-05-20,06:15
13370,398.6,2025-05-20,06:30
13371,353.32,2025-05-20,06:45
13372,346.56,2025-05-20,07:00
13373,306.22,2025-05-20,07:15
13374,355.14,2025-05-20,07:30
13375,351.53,2025-05-20,07:45
13376,344.5,2025-05-20,08:00
13377,298.24,2025-05-20,08:15
13378,265.85,2025-05-20,08:30
13379,305.43,2025-05-20,08:45
13380,174.01,2025-05-20,09:00
13381,164.25,2025-05-20,09:15
13382,170.59,2025-05-20,09:30
13383,181.07,2025-05-20,09:45
13384,179.34,2025-05-20,10:00
13385,224.95,2025-05-20,10:15
13386,203.91,2025-05-20,10:30
13387,212.45,2025-05-20,10:45
13388,212.07,2025-05-20,11:00
13389,209.34,2025-05-20,11:15
13390,208.45,2025-05-20,11:30
13391,213.42,2025-05-20,11:45
13392,162.61,2025-05-20,12:00
13393,138.15,2025-05-20,12:15
13394,40.0,2025-05-20,12:30
13395,40.0,2025-05-20,12:45
13396,40.0,2025-05-20,13:00
13397,40.0,2025-05-20,13:15
13398,40.0,2025-05-20,13:30
13399,40.0,2025-05-20,13:45
13400,40.0,2025-05-20,14:00
13401,40.0,2025-05-20,14:15
13402,40.0,2025-05-20,14:30
13403,40.0,2025-05-20,14:45
13404,40.0,2025-05-20,15:00
13405,237.14,2025-05-20,15:15
13406,231.41,2025-05-20,15:30
13407,239.87,2025-05-20,15:45
13408,257.9,2025-05-20,16:00
13409,269.61,2025-05-20,16:15
13410,255.97,2025-05-20,16:30
13411,309.58,2025-05-20,16:45
13412,232.05,2025-05-20,17:00
13413,353.99,2025-05-20,17:15
13414,350.81,2025-05-20,17:30
13415,351.78,2025-05-20,17:45
13416,324.57,2025-05-20,18:00
13417,40.0,2025-05-20,18:15
13418,442.54,2025-05-20,18:30
13419,437.96,2025-05-20,18:45
13420,250.0,2025-05-20,19:00
13421,421.77,2025-05-20,19:15
13422,455.87,2025-05-20,19:30
13423,405.94,2025-05-20,19:45
13424,455.63,2025-05-20,20:00
13425,417.37,2025-05-20,20:15
13426,403.41,2025-05-20,20:30
13427,413.88,2025-05-20,20:45
13428,358.3,2025-05-20,21:00
13429,297.98,2025-05-20,21:15
13430,291.56,2025-05-20,21:30
13431,283.69,2025-05-20,21:45
13432,321.99,2025-05-20,22:00
13433,342.51,2025-05-20,22:15
13434,347.0,2025-05-20,22:30
13435,330.95,2025-05-20,22:45
13436,328.12,2025-05-20,23:00
13437,345.44,2025-05-20,23:15
13438,306.26,2025-05-20,23:30
13439,425.63,2025-05-20,23:45
13440,294.87,2025-05-20,24:00
13441,359.52,2025-05-21,00:15
13442,354.56,2025-05-21,00:30
13443,357.67,2025-05-21,00:45
13444,334.83,2025-05-21,01:00
13445,331.88,2025-05-21,01:15
13446,331.36,2025-05-21,01:30
13447,323.11,2025-05-21,01:45
13448,338.35,2025-05-21,02:00
13449,363.63,2025-05-21,02:15
13450,371.19,2025-05-21,02:30
13451,351.25,2025-05-21,02:45
13452,349.98,2025-05-21,03:00
13453,338.46,2025-05-21,03:15
13454,321.01,2025-05-21,03:30
13455,322.97,2025-05-21,03:45
13456,292.22,2025-05-21,04:00
13457,353.01,2025-05-21,04:15
13458,353.97,2025-05-21,04:30
13459,309.73,2025-05-21,04:45
13460,309.92,2025-05-21,05:00
13461,318.48,2025-05-21,05:15
13462,322.87,2025-05-21,05:30
13463,336.02,2025-05-21,05:45
13464,333.18,2025-05-21,06:00
13465,345.15,2025-05-21,06:15
13466,335.99,2025-05-21,06:30
13467,330.38,2025-05-21,06:45
13468,282.66,2025-05-21,07:00
13469,230.26,2025-05-21,07:15
13470,197.0,2025-05-21,07:30
13471,174.91,2025-05-21,07:45
13472,164.5,2025-05-21,08:00
13473,177.1,2025-05-21,08:15
13474,132.06,2025-05-21,08:30
13475,40.0,2025-05-21,08:45
13476,137.03,2025-05-21,09:00
13477,40.0,2025-05-21,09:15
13478,189.84,2025-05-21,09:30
13479,207.15,2025-05-21,09:45
13480,238.17,2025-05-21,10:00
13481,232.95,2025-05-21,10:15
13482,201.95,2025-05-21,10:30
13483,224.4,2025-05-21,10:45
13484,219.75,2025-05-21,11:00
13485,199.16,2025-05-21,11:15
13486,173.46,2025-05-21,11:30
13487,160.38,2025-05-21,11:45
13488,163.16,2025-05-21,12:00
13489,171.37,2025-05-21,12:15
13490,178.88,2025-05-21,12:30
13491,161.97,2025-05-21,12:45
13492,51.33,2025-05-21,13:00
13493,52.86,2025-05-21,13:15
13494,53.12,2025-05-21,13:30
13495,54.48,2025-05-21,13:45
13496,55.02,2025-05-21,14:00
13497,55.16,2025-05-21,14:15
13498,56.18,2025-05-21,14:30
13499,204.55,2025-05-21,14:45
13500,224.82,2025-05-21,15:00
13501,58.98,2025-05-21,15:15
13502,56.65,2025-05-21,15:30
13503,55.39,2025-05-21,15:45
13504,206.43,2025-05-21,16:00
13505,195.92,2025-05-21,16:15
13506,198.96,2025-05-21,16:30
13507,270.19,2025-05-21,16:45
13508,266.47,2025-05-21,17:00
13509,317.37,2025-05-21,17:15
13510,300.51,2025-05-21,17:30
13511,290.13,2025-05-21,17:45
13512,235.67,2025-05-21,18:00
13513,49.89,2025-05-21,18:15
13514,49.31,2025-05-21,18:30
13515,40.0,2025-05-21,18:45
13516,40.0,2025-05-21,19:00
13517,215.61,2025-05-21,19:15
13518,216.92,2025-05-21,19:30
13519,248.1,2025-05-21,19:45
13520,256.42,2025-05-21,20:00
13521,314.99,2025-05-21,20:15
13522,225.22,2025-05-21,20:30
13523,227.0,2025-05-21,20:45
13524,40.0,2025-05-21,21:00
13525,40.0,2025-05-21,21:15
13526,40.0,2025-05-21,21:30
13527,163.06,2025-05-21,21:45
13528,40.0,2025-05-21,22:00
13529,340.0,2025-05-21,22:15
13530,40.0,2025-05-21,22:30
13531,360.0,2025-05-21,22:45
13532,310.0,2025-05-21,23:00
13533,350.0,2025-05-21,23:15
13534,360.0,2025-05-21,23:30
13535,320.0,2025-05-21,23:45
13536,350.0,2025-05-21,24:00
13537,400.0,2025-05-22,00:15
13538,410.0,2025-05-22,00:30
13539,350.0,2025-05-22,00:45
13540,320.0,2025-05-22,01:00
13541,300.0,2025-05-22,01:15
13542,250.0,2025-05-22,01:30
13543,260.0,2025-05-22,01:45
13544,320.0,2025-05-22,02:00
13545,380.0,2025-05-22,02:15
13546,450.0,2025-05-22,02:30
13547,480.0,2025-05-22,02:45
13548,480.0,2025-05-22,03:00
13549,460.0,2025-05-22,03:15
13550,400.0,2025-05-22,03:30
13551,370.0,2025-05-22,03:45
13552,320.0,2025-05-22,04:00
13553,300.0,2025-05-22,04:15
13554,310.0,2025-05-22,04:30
13555,320.0,2025-05-22,04:45
13556,300.0,2025-05-22,05:00
13557,310.0,2025-05-22,05:15
13558,360.0,2025-05-22,05:30
13559,370.0,2025-05-22,05:45
13560,400.0,2025-05-22,06:00
13561,360.0,2025-05-22,06:15
13562,300.0,2025-05-22,06:30
13563,40.0,2025-05-22,06:45
13564,40.0,2025-05-22,07:00
13565,40.0,2025-05-22,07:15
13566,40.0,2025-05-22,07:30
13567,40.0,2025-05-22,07:45
13568,40.0,2025-05-22,08:00
13569,40.0,2025-05-22,08:15
13570,40.0,2025-05-22,08:30
13571,40.0,2025-05-22,08:45
13572,40.0,2025-05-22,09:00
13573,40.0,2025-05-22,09:15
13574,40.0,2025-05-22,09:30
13575,40.0,2025-05-22,09:45
13576,40.0,2025-05-22,10:00
13577,40.0,2025-05-22,10:15
13578,40.0,2025-05-22,10:30
13579,40.0,2025-05-22,10:45
13580,40.0,2025-05-22,11:00
13581,40.0,2025-05-22,11:15
13582,40.0,2025-05-22,11:30
13583,40.0,2025-05-22,11:45
13584,40.0,2025-05-22,12:00
13585,40.0,2025-05-22,12:15
13586,40.0,2025-05-22,12:30
13587,40.0,2025-05-22,12:45
13588,40.0,2025-05-22,13:00
13589,40.0,2025-05-22,13:15
13590,40.0,2025-05-22,13:30
13591,50.14,2025-05-22,13:45
13592,50.25,2025-05-22,14:00
13593,49.81,2025-05-22,14:15
13594,49.82,2025-05-22,14:30
13595,49.58,2025-05-22,14:45
13596,51.52,2025-05-22,15:00
13597,51.73,2025-05-22,15:15
13598,50.1,2025-05-22,15:30
13599,49.37,2025-05-22,15:45
13600,49.5,2025-05-22,16:00
13601,50.96,2025-05-22,16:15
13602,51.01,2025-05-22,16:30
13603,52.21,2025-05-22,16:45
13604,51.12,2025-05-22,17:00
13605,215.29,2025-05-22,17:15
13606,233.22,2025-05-22,17:30
13607,196.41,2025-05-22,17:45
13608,51.2,2025-05-22,18:00
13609,40.0,2025-05-22,18:15
13610,40.0,2025-05-22,18:30
13611,40.0,2025-05-22,18:45
13612,40.0,2025-05-22,19:00
13613,232.67,2025-05-22,19:15
13614,333.44,2025-05-22,19:30
13615,176.19,2025-05-22,19:45
13616,214.17,2025-05-22,20:00
13617,262.89,2025-05-22,20:15
13618,271.24,2025-05-22,20:30
13619,254.36,2025-05-22,20:45
13620,360.0,2025-05-22,21:00
13621,400.0,2025-05-22,21:15
13622,360.0,2025-05-22,21:30
13623,360.0,2025-05-22,21:45
13624,350.0,2025-05-22,22:00
13625,340.0,2025-05-22,22:15
13626,40.0,2025-05-22,22:30
13627,310.0,2025-05-22,22:45
13628,360.0,2025-05-22,23:00
13629,360.0,2025-05-22,23:15
13630,300.0,2025-05-22,23:30
13631,260.0,2025-05-22,23:45
13632,300.0,2025-05-22,24:00
13633,470.0,2025-05-23,00:15
13634,360.0,2025-05-23,00:30
13635,360.0,2025-05-23,00:45
13636,380.0,2025-05-23,01:00
13637,380.0,2025-05-23,01:15
13638,370.0,2025-05-23,01:30
13639,360.0,2025-05-23,01:45
13640,360.0,2025-05-23,02:00
13641,420.0,2025-05-23,02:15
13642,430.0,2025-05-23,02:30
13643,251.14,2025-05-23,02:45
13644,232.03,2025-05-23,03:00
13645,335.65,2025-05-23,03:15
13646,335.91,2025-05-23,03:30
13647,252.74,2025-05-23,03:45
13648,265.86,2025-05-23,04:00
13649,338.38,2025-05-23,04:15
13650,344.04,2025-05-23,04:30
13651,360.0,2025-05-23,04:45
13652,370.0,2025-05-23,05:00
13653,450.0,2025-05-23,05:15
13654,400.0,2025-05-23,05:30
13655,470.0,2025-05-23,05:45
13656,470.0,2025-05-23,06:00
13657,480.0,2025-05-23,06:15
13658,470.0,2025-05-23,06:30
13659,360.0,2025-05-23,06:45
13660,320.0,2025-05-23,07:00
13661,239.75,2025-05-23,07:15
13662,173.13,2025-05-23,07:30
13663,40.0,2025-05-23,07:45
13664,40.0,2025-05-23,08:00
13665,40.0,2025-05-23,08:15
13666,40.0,2025-05-23,08:30
13667,40.0,2025-05-23,08:45
13668,40.0,2025-05-23,09:00
13669,40.0,2025-05-23,09:15
13670,40.0,2025-05-23,09:30
13671,40.0,2025-05-23,09:45
13672,132.13,2025-05-23,10:00
13673,40.0,2025-05-23,10:15
13674,40.0,2025-05-23,10:30
13675,40.0,2025-05-23,10:45
13676,40.0,2025-05-23,11:00
13677,130.6,2025-05-23,11:15
13678,128.81,2025-05-23,11:30
13679,40.0,2025-05-23,11:45
13680,40.0,2025-05-23,12:00
13681,40.0,2025-05-23,12:15
13682,40.0,2025-05-23,12:30
13683,40.0,2025-05-23,12:45
13684,40.0,2025-05-23,13:00
13685,40.0,2025-05-23,13:15
13686,40.0,2025-05-23,13:30
13687,73.11,2025-05-23,13:45
13688,49.09,2025-05-23,14:00
13689,49.43,2025-05-23,14:15
13690,179.56,2025-05-23,14:30
13691,74.77,2025-05-23,14:45
13692,136.15,2025-05-23,15:00
13693,140.03,2025-05-23,15:15
13694,148.88,2025-05-23,15:30
13695,227.04,2025-05-23,15:45
13696,225.96,2025-05-23,16:00
13697,127.12,2025-05-23,16:15
13698,125.01,2025-05-23,16:30
13699,176.31,2025-05-23,16:45
13700,188.19,2025-05-23,17:00
13701,176.15,2025-05-23,17:15
13702,205.4,2025-05-23,17:30
13703,190.51,2025-05-23,17:45
13704,135.76,2025-05-23,18:00
13705,228.06,2025-05-23,18:15
13706,292.62,2025-05-23,18:30
13707,300.51,2025-05-23,18:45
13708,310.25,2025-05-23,19:00
13709,372.72,2025-05-23,19:15
13710,419.15,2025-05-23,19:30
13711,353.83,2025-05-23,19:45
13712,362.5,2025-05-23,20:00
13713,333.68,2025-05-23,20:15
13714,438.01,2025-05-23,20:30
13715,474.2,2025-05-23,20:45
13716,489.68,2025-05-23,21:00
13717,482.71,2025-05-23,21:15
13718,481.52,2025-05-23,21:30
13719,422.72,2025-05-23,21:45
13720,383.92,2025-05-23,22:00
13721,436.77,2025-05-23,22:15
13722,441.35,2025-05-23,22:30
13723,431.74,2025-05-23,22:45
13724,435.0,2025-05-23,23:00
13725,448.19,2025-05-23,23:15
13726,432.43,2025-05-23,23:30
13727,429.37,2025-05-23,23:45
13728,414.6,2025-05-23,24:00
13729,455.41,2025-05-24,00:15
13730,412.8,2025-05-24,00:30
13731,362.66,2025-05-24,00:45
13732,354.27,2025-05-24,01:00
13733,302.07,2025-05-24,01:15
13734,312.06,2025-05-24,01:30
13735,342.11,2025-05-24,01:45
13736,353.89,2025-05-24,02:00
13737,316.34,2025-05-24,02:15
13738,318.51,2025-05-24,02:30
13739,322.28,2025-05-24,02:45
13740,291.56,2025-05-24,03:00
13741,331.49,2025-05-24,03:15
13742,310.2,2025-05-24,03:30
13743,334.58,2025-05-24,03:45
13744,306.68,2025-05-24,04:00
13745,309.97,2025-05-24,04:15
13746,312.85,2025-05-24,04:30
13747,312.01,2025-05-24,04:45
13748,313.96,2025-05-24,05:00
13749,290.86,2025-05-24,05:15
13750,309.71,2025-05-24,05:30
13751,295.8,2025-05-24,05:45
13752,301.81,2025-05-24,06:00
13753,297.61,2025-05-24,06:15
13754,295.41,2025-05-24,06:30
13755,298.0,2025-05-24,06:45
13756,288.09,2025-05-24,07:00
13757,226.68,2025-05-24,07:15
13758,178.39,2025-05-24,07:30
13759,180.03,2025-05-24,07:45
13760,158.06,2025-05-24,08:00
13761,146.59,2025-05-24,08:15
13762,157.92,2025-05-24,08:30
13763,40.0,2025-05-24,08:45
13764,40.0,2025-05-24,09:00
13765,40.0,2025-05-24,09:15
13766,40.0,2025-05-24,09:30
13767,40.0,2025-05-24,09:45
13768,40.0,2025-05-24,10:00
13769,40.0,2025-05-24,10:15
13770,40.0,2025-05-24,10:30
13771,40.0,2025-05-24,10:45
13772,40.0,2025-05-24,11:00
13773,40.0,2025-05-24,11:15
13774,40.0,2025-05-24,11:30
13775,40.0,2025-05-24,11:45
13776,40.0,2025-05-24,12:00
13777,40.0,2025-05-24,12:15
13778,40.0,2025-05-24,12:30
13779,40.0,2025-05-24,12:45
13780,40.0,2025-05-24,13:00
13781,40.0,2025-05-24,13:15
13782,40.0,2025-05-24,13:30
13783,40.0,2025-05-24,13:45
13784,40.0,2025-05-24,14:00
13785,40.0,2025-05-24,14:15
13786,40.0,2025-05-24,14:30
13787,40.0,2025-05-24,14:45
13788,51.57,2025-05-24,15:00
13789,52.94,2025-05-24,15:15
13790,52.59,2025-05-24,15:30
13791,52.29,2025-05-24,15:45
13792,149.87,2025-05-24,16:00
13793,227.98,2025-05-24,16:15
13794,227.86,2025-05-24,16:30
13795,205.4,2025-05-24,16:45
13796,233.94,2025-05-24,17:00
13797,288.26,2025-05-24,17:15
13798,222.3,2025-05-24,17:30
13799,340.86,2025-05-24,17:45
13800,231.43,2025-05-24,18:00
13801,188.17,2025-05-24,18:15
13802,186.43,2025-05-24,18:30
13803,190.16,2025-05-24,18:45
13804,186.17,2025-05-24,19:00
13805,378.04,2025-05-24,19:15
13806,350.48,2025-05-24,19:30
13807,384.63,2025-05-24,19:45
13808,388.2,2025-05-24,20:00
13809,355.48,2025-05-24,20:15
13810,381.63,2025-05-24,20:30
13811,367.24,2025-05-24,20:45
13812,360.04,2025-05-24,21:00
13813,327.34,2025-05-24,21:15
13814,315.54,2025-05-24,21:30
13815,326.1,2025-05-24,21:45
13816,318.4,2025-05-24,22:00
13817,361.02,2025-05-24,22:15
13818,353.27,2025-05-24,22:30
13819,346.42,2025-05-24,22:45
13820,327.23,2025-05-24,23:00
13821,348.08,2025-05-24,23:15
13822,314.83,2025-05-24,23:30
13823,340.6,2025-05-24,23:45
13824,321.13,2025-05-24,24:00
13825,456.96,2025-05-25,00:15
13826,445.65,2025-05-25,00:30
13827,388.45,2025-05-25,00:45
13828,345.65,2025-05-25,01:00
13829,318.66,2025-05-25,01:15
13830,309.87,2025-05-25,01:30
13831,309.79,2025-05-25,01:45
13832,341.93,2025-05-25,02:00
13833,338.81,2025-05-25,02:15
13834,336.17,2025-05-25,02:30
13835,329.76,2025-05-25,02:45
13836,322.59,2025-05-25,03:00
13837,335.05,2025-05-25,03:15
13838,342.77,2025-05-25,03:30
13839,358.82,2025-05-25,03:45
13840,346.66,2025-05-25,04:00
13841,350.5,2025-05-25,04:15
13842,327.94,2025-05-25,04:30
13843,345.34,2025-05-25,04:45
13844,343.07,2025-05-25,05:00
13845,371.04,2025-05-25,05:15
13846,378.29,2025-05-25,05:30
13847,390.09,2025-05-25,05:45
13848,366.92,2025-05-25,06:00
13849,361.69,2025-05-25,06:15
13850,344.1,2025-05-25,06:30
13851,312.75,2025-05-25,06:45
13852,299.78,2025-05-25,07:00
13853,281.11,2025-05-25,07:15
13854,280.54,2025-05-25,07:30
13855,253.27,2025-05-25,07:45
13856,250.93,2025-05-25,08:00
13857,232.31,2025-05-25,08:15
13858,163.05,2025-05-25,08:30
13859,40.0,2025-05-25,08:45
13860,125.01,2025-05-25,09:00
13861,111.26,2025-05-25,09:15
13862,108.44,2025-05-25,09:30
13863,40.0,2025-05-25,09:45
13864,120.42,2025-05-25,10:00
13865,40.0,2025-05-25,10:15
13866,40.0,2025-05-25,10:30
13867,40.0,2025-05-25,10:45
13868,40.0,2025-05-25,11:00
13869,40.0,2025-05-25,11:15
13870,40.0,2025-05-25,11:30
13871,40.0,2025-05-25,11:45
13872,40.0,2025-05-25,12:00
13873,40.0,2025-05-25,12:15
13874,40.0,2025-05-25,12:30
13875,40.0,2025-05-25,12:45
13876,40.0,2025-05-25,13:00
13877,40.0,2025-05-25,13:15
13878,40.0,2025-05-25,13:30
13879,112.35,2025-05-25,13:45
13880,128.6,2025-05-25,14:00
13881,137.56,2025-05-25,14:15
13882,162.92,2025-05-25,14:30
13883,178.91,2025-05-25,14:45
13884,181.41,2025-05-25,15:00
13885,143.15,2025-05-25,15:15
13886,204.73,2025-05-25,15:30
13887,137.49,2025-05-25,15:45
13888,169.53,2025-05-25,16:00
13889,256.62,2025-05-25,16:15
13890,198.25,2025-05-25,16:30
13891,245.45,2025-05-25,16:45
13892,199.32,2025-05-25,17:00
13893,273.23,2025-05-25,17:15
13894,266.15,2025-05-25,17:30
13895,223.85,2025-05-25,17:45
13896,158.49,2025-05-25,18:00
13897,309.33,2025-05-25,18:15
13898,309.75,2025-05-25,18:30
13899,204.53,2025-05-25,18:45
13900,40.0,2025-05-25,19:00
13901,411.24,2025-05-25,19:15
13902,393.9,2025-05-25,19:30
13903,407.29,2025-05-25,19:45
13904,387.58,2025-05-25,20:00
13905,376.46,2025-05-25,20:15
13906,40.0,2025-05-25,20:30
13907,367.62,2025-05-25,20:45
13908,363.08,2025-05-25,21:00
13909,385.47,2025-05-25,21:15
13910,320.49,2025-05-25,21:30
13911,324.2,2025-05-25,21:45
13912,40.0,2025-05-25,22:00
13913,439.21,2025-05-25,22:15
13914,415.74,2025-05-25,22:30
13915,630.0,2025-05-25,22:45
13916,630.0,2025-05-25,23:00
13917,550.0,2025-05-25,23:15
13918,332.95,2025-05-25,23:30
13919,335.02,2025-05-25,23:45
13920,500.0,2025-05-25,24:00
13921,550.0,2025-05-26,00:15
13922,530.0,2025-05-26,00:30
13923,400.0,2025-05-26,00:45
13924,380.0,2025-05-26,01:00
13925,400.0,2025-05-26,01:15
13926,403.24,2025-05-26,01:30
13927,364.44,2025-05-26,01:45
13928,400.0,2025-05-26,02:00
13929,425.56,2025-05-26,02:15
13930,390.0,2025-05-26,02:30
13931,340.0,2025-05-26,02:45
13932,330.0,2025-05-26,03:00
13933,352.43,2025-05-26,03:15
13934,343.86,2025-05-26,03:30
13935,353.41,2025-05-26,03:45
13936,350.0,2025-05-26,04:00
13937,390.0,2025-05-26,04:15
13938,380.0,2025-05-26,04:30
13939,358.65,2025-05-26,04:45
13940,380.0,2025-05-26,05:00
13941,390.0,2025-05-26,05:15
13942,430.0,2025-05-26,05:30
13943,480.0,2025-05-26,05:45
13944,550.0,2025-05-26,06:00
13945,540.0,2025-05-26,06:15
13946,500.0,2025-05-26,06:30
13947,412.6,2025-05-26,06:45
13948,418.79,2025-05-26,07:00
13949,334.67,2025-05-26,07:15
13950,325.64,2025-05-26,07:30
13951,333.54,2025-05-26,07:45
13952,341.31,2025-05-26,08:00
13953,248.13,2025-05-26,08:15
13954,274.76,2025-05-26,08:30
13955,183.49,2025-05-26,08:45
13956,190.06,2025-05-26,09:00
13957,166.27,2025-05-26,09:15
13958,158.72,2025-05-26,09:30
13959,202.96,2025-05-26,09:45
13960,178.28,2025-05-26,10:00
13961,188.92,2025-05-26,10:15
13962,163.25,2025-05-26,10:30
13963,243.68,2025-05-26,10:45
13964,202.88,2025-05-26,11:00
13965,207.8,2025-05-26,11:15
13966,185.05,2025-05-26,11:30
13967,160.39,2025-05-26,11:45
13968,40.0,2025-05-26,12:00
13969,142.89,2025-05-26,12:15
13970,40.0,2025-05-26,12:30
13971,178.25,2025-05-26,12:45
13972,107.34,2025-05-26,13:00
13973,152.7,2025-05-26,13:15
13974,199.29,2025-05-26,13:30
13975,140.82,2025-05-26,13:45
13976,125.25,2025-05-26,14:00
13977,198.13,2025-05-26,14:15
13978,40.0,2025-05-26,14:30
13979,129.36,2025-05-26,14:45
13980,129.38,2025-05-26,15:00
13981,248.9,2025-05-26,15:15
13982,254.54,2025-05-26,15:30
13983,257.84,2025-05-26,15:45
13984,251.2,2025-05-26,16:00
13985,287.95,2025-05-26,16:15
13986,317.71,2025-05-26,16:30
13987,274.18,2025-05-26,16:45
13988,289.78,2025-05-26,17:00
13989,288.5,2025-05-26,17:15
13990,229.15,2025-05-26,17:30
13991,226.92,2025-05-26,17:45
13992,189.56,2025-05-26,18:00
13993,247.85,2025-05-26,18:15
13994,40.0,2025-05-26,18:30
13995,40.0,2025-05-26,18:45
13996,250.0,2025-05-26,19:00
13997,353.08,2025-05-26,19:15
13998,398.64,2025-05-26,19:30
13999,500.0,2025-05-26,19:45
14000,447.44,2025-05-26,20:00
14001,530.0,2025-05-26,20:15
14002,500.0,2025-05-26,20:30
14003,480.0,2025-05-26,20:45
14004,40.0,2025-05-26,21:00
14005,250.0,2025-05-26,21:15
14006,302.59,2025-05-26,21:30
14007,270.0,2025-05-26,21:45
14008,40.0,2025-05-26,22:00
14009,310.0,2025-05-26,22:15
14010,270.0,2025-05-26,22:30
14011,398.78,2025-05-26,22:45
14012,398.38,2025-05-26,23:00
14013,434.61,2025-05-26,23:15
14014,400.05,2025-05-26,23:30
14015,415.51,2025-05-26,23:45
14016,480.0,2025-05-26,24:00
14017,479.32,2025-05-27,00:15
14018,459.46,2025-05-27,00:30
14019,459.47,2025-05-27,00:45
14020,479.45,2025-05-27,01:00
14021,499.51,2025-05-27,01:15
14022,464.79,2025-05-27,01:30
14023,464.67,2025-05-27,01:45
14024,464.69,2025-05-27,02:00
14025,464.5,2025-05-27,02:15
14026,464.65,2025-05-27,02:30
14027,416.38,2025-05-27,02:45
14028,361.66,2025-05-27,03:00
14029,372.84,2025-05-27,03:15
14030,372.58,2025-05-27,03:30
14031,374.09,2025-05-27,03:45
14032,369.42,2025-05-27,04:00
14033,403.98,2025-05-27,04:15
14034,386.47,2025-05-27,04:30
14035,388.49,2025-05-27,04:45
14036,410.7,2025-05-27,05:00
14037,376.16,2025-05-27,05:15
14038,383.79,2025-05-27,05:30
14039,424.09,2025-05-27,05:45
14040,422.82,2025-05-27,06:00
14041,385.11,2025-05-27,06:15
14042,382.97,2025-05-27,06:30
14043,375.49,2025-05-27,06:45
14044,348.6,2025-05-27,07:00
14045,322.62,2025-05-27,07:15
14046,287.86,2025-05-27,07:30
14047,253.76,2025-05-27,07:45
14048,115.06,2025-05-27,08:00
14049,91.54,2025-05-27,08:15
14050,83.22,2025-05-27,08:30
14051,125.2,2025-05-27,08:45
14052,113.89,2025-05-27,09:00
14053,134.73,2025-05-27,09:15
14054,119.33,2025-05-27,09:30
14055,186.95,2025-05-27,09:45
14056,181.81,2025-05-27,10:00
14057,198.76,2025-05-27,10:15
14058,148.02,2025-05-27,10:30
14059,136.6,2025-05-27,10:45
14060,157.19,2025-05-27,11:00
14061,149.0,2025-05-27,11:15
14062,51.03,2025-05-27,11:30
14063,150.24,2025-05-27,11:45
14064,165.69,2025-05-27,12:00
14065,178.68,2025-05-27,12:15
14066,133.05,2025-05-27,12:30
14067,50.89,2025-05-27,12:45
14068,50.97,2025-05-27,13:00
14069,52.38,2025-05-27,13:15
14070,51.29,2025-05-27,13:30
14071,50.98,2025-05-27,13:45
14072,50.58,2025-05-27,14:00
14073,50.51,2025-05-27,14:15
14074,40.0,2025-05-27,14:30
14075,51.33,2025-05-27,14:45
14076,50.9,2025-05-27,15:00
14077,51.7,2025-05-27,15:15
14078,50.97,2025-05-27,15:30
14079,50.65,2025-05-27,15:45
14080,185.43,2025-05-27,16:00
14081,260.48,2025-05-27,16:15
14082,257.97,2025-05-27,16:30
14083,147.5,2025-05-27,16:45
14084,148.12,2025-05-27,17:00
14085,262.0,2025-05-27,17:15
14086,221.99,2025-05-27,17:30
14087,218.88,2025-05-27,17:45
14088,142.58,2025-05-27,18:00
14089,40.0,2025-05-27,18:15
14090,40.0,2025-05-27,18:30
14091,40.0,2025-05-27,18:45
14092,389.86,2025-05-27,19:00
14093,244.67,2025-05-27,19:15
14094,240.68,2025-05-27,19:30
14095,452.05,2025-05-27,19:45
14096,439.03,2025-05-27,20:00
14097,329.91,2025-05-27,20:15
14098,40.0,2025-05-27,20:30
14099,249.92,2025-05-27,20:45
14100,40.0,2025-05-27,21:00
14101,40.0,2025-05-27,21:15
14102,40.0,2025-05-27,21:30
14103,244.75,2025-05-27,21:45
14104,191.11,2025-05-27,22:00
14105,234.3,2025-05-27,22:15
14106,224.27,2025-05-27,22:30
14107,239.8,2025-05-27,22:45
14108,206.49,2025-05-27,23:00
14109,228.09,2025-05-27,23:15
14110,253.24,2025-05-27,23:30
14111,262.85,2025-05-27,23:45
14112,240.37,2025-05-27,24:00
14113,189.32,2025-05-28,00:15
14114,40.0,2025-05-28,00:30
14115,231.3,2025-05-28,00:45
14116,261.18,2025-05-28,01:00
14117,260.72,2025-05-28,01:15
14118,263.25,2025-05-28,01:30
14119,263.63,2025-05-28,01:45
14120,260.99,2025-05-28,02:00
14121,187.73,2025-05-28,02:15
14122,177.04,2025-05-28,02:30
14123,137.37,2025-05-28,02:45
14124,167.54,2025-05-28,03:00
14125,209.09,2025-05-28,03:15
14126,167.92,2025-05-28,03:30
14127,181.57,2025-05-28,03:45
14128,243.17,2025-05-28,04:00
14129,242.96,2025-05-28,04:15
14130,264.97,2025-05-28,04:30
14131,259.41,2025-05-28,04:45
14132,268.03,2025-05-28,05:00
14133,254.15,2025-05-28,05:15
14134,258.89,2025-05-28,05:30
14135,288.61,2025-05-28,05:45
14136,301.14,2025-05-28,06:00
14137,293.0,2025-05-28,06:15
14138,301.55,2025-05-28,06:30
14139,288.21,2025-05-28,06:45
14140,265.35,2025-05-28,07:00
14141,40.0,2025-05-28,07:15
14142,40.0,2025-05-28,07:30
14143,185.45,2025-05-28,07:45
14144,40.0,2025-05-28,08:00
14145,40.0,2025-05-28,08:15
14146,40.0,2025-05-28,08:30
14147,40.0,2025-05-28,08:45
14148,40.0,2025-05-28,09:00
14149,114.67,2025-05-28,09:15
14150,40.0,2025-05-28,09:30
14151,40.0,2025-05-28,09:45
14152,40.0,2025-05-28,10:00
14153,145.23,2025-05-28,10:15
14154,152.11,2025-05-28,10:30
14155,40.0,2025-05-28,10:45
14156,122.17,2025-05-28,11:00
14157,40.0,2025-05-28,11:15
14158,210.37,2025-05-28,11:30
14159,144.3,2025-05-28,11:45
14160,51.02,2025-05-28,12:00
14161,50.52,2025-05-28,12:15
14162,49.63,2025-05-28,12:30
14163,49.55,2025-05-28,12:45
14164,50.54,2025-05-28,13:00
14165,51.36,2025-05-28,13:15
14166,50.95,2025-05-28,13:30
14167,51.1,2025-05-28,13:45
14168,50.68,2025-05-28,14:00
14169,50.11,2025-05-28,14:15
14170,50.14,2025-05-28,14:30
14171,50.97,2025-05-28,14:45
14172,50.89,2025-05-28,15:00
14173,51.87,2025-05-28,15:15
14174,52.52,2025-05-28,15:30
14175,51.95,2025-05-28,15:45
14176,51.26,2025-05-28,16:00
14177,50.9,2025-05-28,16:15
14178,53.24,2025-05-28,16:30
14179,53.5,2025-05-28,16:45
14180,53.7,2025-05-28,17:00
14181,54.37,2025-05-28,17:15
14182,54.07,2025-05-28,17:30
14183,52.27,2025-05-28,17:45
14184,49.09,2025-05-28,18:00
14185,49.0,2025-05-28,18:15
14186,40.0,2025-05-28,18:30
14187,40.0,2025-05-28,18:45
14188,40.0,2025-05-28,19:00
14189,229.32,2025-05-28,19:15
14190,304.49,2025-05-28,19:30
14191,287.25,2025-05-28,19:45
14192,180.35,2025-05-28,20:00
14193,173.43,2025-05-28,20:15
14194,174.81,2025-05-28,20:30
14195,40.0,2025-05-28,20:45
14196,40.0,2025-05-28,21:00
14197,166.71,2025-05-28,21:15
14198,266.72,2025-05-28,21:30
14199,229.37,2025-05-28,21:45
14200,40.0,2025-05-28,22:00
14201,182.76,2025-05-28,22:15
14202,40.0,2025-05-28,22:30
14203,225.64,2025-05-28,22:45
14204,162.72,2025-05-28,23:00
14205,135.25,2025-05-28,23:15
14206,40.0,2025-05-28,23:30
14207,40.0,2025-05-28,23:45
14208,40.0,2025-05-28,24:00
14209,263.37,2025-05-29,00:15
14210,253.25,2025-05-29,00:30
14211,334.14,2025-05-29,00:45
14212,336.12,2025-05-29,01:00
14213,304.3,2025-05-29,01:15
14214,303.17,2025-05-29,01:30
14215,330.26,2025-05-29,01:45
14216,357.69,2025-05-29,02:00
14217,352.89,2025-05-29,02:15
14218,351.34,2025-05-29,02:30
14219,351.3,2025-05-29,02:45
14220,354.39,2025-05-29,03:00
14221,362.15,2025-05-29,03:15
14222,308.01,2025-05-29,03:30
14223,402.95,2025-05-29,03:45
14224,372.99,2025-05-29,04:00
14225,407.3,2025-05-29,04:15
14226,384.81,2025-05-29,04:30
14227,422.79,2025-05-29,04:45
14228,358.73,2025-05-29,05:00
14229,342.21,2025-05-29,05:15
14230,344.97,2025-05-29,05:30
14231,425.44,2025-05-29,05:45
14232,417.16,2025-05-29,06:00
14233,416.24,2025-05-29,06:15
14234,392.73,2025-05-29,06:30
14235,375.16,2025-05-29,06:45
14236,359.5,2025-05-29,07:00
14237,301.92,2025-05-29,07:15
14238,275.37,2025-05-29,07:30
14239,227.21,2025-05-29,07:45
14240,195.66,2025-05-29,08:00
14241,248.68,2025-05-29,08:15
14242,197.41,2025-05-29,08:30
14243,40.0,2025-05-29,08:45
14244,40.0,2025-05-29,09:00
14245,40.0,2025-05-29,09:15
14246,40.0,2025-05-29,09:30
14247,40.0,2025-05-29,09:45
14248,40.0,2025-05-29,10:00
14249,111.77,2025-05-29,10:15
14250,40.0,2025-05-29,10:30
14251,40.0,2025-05-29,10:45
14252,114.71,2025-05-29,11:00
14253,121.22,2025-05-29,11:15
14254,48.32,2025-05-29,11:30
14255,47.86,2025-05-29,11:45
14256,47.69,2025-05-29,12:00
14257,48.52,2025-05-29,12:15
14258,47.89,2025-05-29,12:30
14259,40.0,2025-05-29,12:45
14260,40.0,2025-05-29,13:00
14261,40.0,2025-05-29,13:15
14262,40.0,2025-05-29,13:30
14263,47.46,2025-05-29,13:45
14264,47.93,2025-05-29,14:00
14265,47.85,2025-05-29,14:15
14266,40.0,2025-05-29,14:30
14267,48.34,2025-05-29,14:45
14268,40.0,2025-05-29,15:00
14269,49.03,2025-05-29,15:15
14270,48.32,2025-05-29,15:30
14271,47.85,2025-05-29,15:45
14272,40.0,2025-05-29,16:00
14273,48.04,2025-05-29,16:15
14274,50.45,2025-05-29,16:30
14275,51.3,2025-05-29,16:45
14276,51.57,2025-05-29,17:00
14277,181.48,2025-05-29,17:15
14278,197.22,2025-05-29,17:30
14279,178.44,2025-05-29,17:45
14280,40.0,2025-05-29,18:00
14281,40.0,2025-05-29,18:15
14282,40.0,2025-05-29,18:30
14283,40.0,2025-05-29,18:45
14284,40.0,2025-05-29,19:00
14285,194.24,2025-05-29,19:15
14286,125.96,2025-05-29,19:30
14287,40.0,2025-05-29,19:45
14288,40.0,2025-05-29,20:00
14289,40.0,2025-05-29,20:15
14290,40.0,2025-05-29,20:30
14291,167.96,2025-05-29,20:45
14292,40.0,2025-05-29,21:00
14293,300.75,2025-05-29,21:15
14294,302.22,2025-05-29,21:30
14295,239.69,2025-05-29,21:45
14296,40.0,2025-05-29,22:00
14297,40.0,2025-05-29,22:15
14298,40.0,2025-05-29,22:30
14299,257.59,2025-05-29,22:45
14300,266.02,2025-05-29,23:00
14301,270.0,2025-05-29,23:15
14302,40.0,2025-05-29,23:30
14303,40.0,2025-05-29,23:45
14304,200.0,2025-05-29,24:00
14305,40.0,2025-05-30,00:15
14306,40.0,2025-05-30,00:30
14307,190.8,2025-05-30,00:45
14308,165.39,2025-05-30,01:00
14309,40.0,2025-05-30,01:15
14310,40.0,2025-05-30,01:30
14311,152.81,2025-05-30,01:45
14312,158.5,2025-05-30,02:00
14313,40.0,2025-05-30,02:15
14314,153.21,2025-05-30,02:30
14315,153.99,2025-05-30,02:45
14316,156.36,2025-05-30,03:00
14317,184.37,2025-05-30,03:15
14318,103.06,2025-05-30,03:30
14319,149.11,2025-05-30,03:45
14320,153.75,2025-05-30,04:00
14321,188.32,2025-05-30,04:15
14322,182.79,2025-05-30,04:30
14323,165.71,2025-05-30,04:45
14324,236.64,2025-05-30,05:00
14325,271.67,2025-05-30,05:15
14326,217.09,2025-05-30,05:30
14327,187.86,2025-05-30,05:45
14328,244.29,2025-05-30,06:00
14329,303.22,2025-05-30,06:15
14330,241.44,2025-05-30,06:30
14331,236.54,2025-05-30,06:45
14332,252.11,2025-05-30,07:00
14333,40.0,2025-05-30,07:15
14334,190.42,2025-05-30,07:30
14335,198.13,2025-05-30,07:45
14336,207.93,2025-05-30,08:00
14337,221.39,2025-05-30,08:15
14338,179.76,2025-05-30,08:30
14339,40.0,2025-05-30,08:45
14340,40.0,2025-05-30,09:00
14341,40.0,2025-05-30,09:15
14342,40.0,2025-05-30,09:30
14343,40.0,2025-05-30,09:45
14344,133.87,2025-05-30,10:00
14345,221.38,2025-05-30,10:15
14346,197.53,2025-05-30,10:30
14347,209.36,2025-05-30,10:45
14348,235.43,2025-05-30,11:00
14349,40.0,2025-05-30,11:15
14350,40.0,2025-05-30,11:30
14351,243.98,2025-05-30,11:45
14352,241.11,2025-05-30,12:00
14353,234.98,2025-05-30,12:15
14354,242.27,2025-05-30,12:30
14355,216.08,2025-05-30,12:45
14356,219.22,2025-05-30,13:00
14357,152.33,2025-05-30,13:15
14358,266.84,2025-05-30,13:30
14359,285.13,2025-05-30,13:45
14360,285.22,2025-05-30,14:00
14361,305.81,2025-05-30,14:15
14362,303.71,2025-05-30,14:30
14363,284.72,2025-05-30,14:45
14364,281.88,2025-05-30,15:00
14365,308.39,2025-05-30,15:15
14366,326.6,2025-05-30,15:30
14367,345.82,2025-05-30,15:45
14368,298.63,2025-05-30,16:00
14369,215.68,2025-05-30,16:15
14370,162.73,2025-05-30,16:30
14371,170.28,2025-05-30,16:45
14372,244.7,2025-05-30,17:00
14373,262.13,2025-05-30,17:15
14374,221.68,2025-05-30,17:30
14375,169.88,2025-05-30,17:45
14376,306.85,2025-05-30,18:00
14377,229.71,2025-05-30,18:15
14378,249.93,2025-05-30,18:30
14379,251.96,2025-05-30,18:45
14380,258.28,2025-05-30,19:00
14381,398.4,2025-05-30,19:15
14382,415.62,2025-05-30,19:30
14383,434.15,2025-05-30,19:45
14384,458.97,2025-05-30,20:00
14385,403.94,2025-05-30,20:15
14386,442.91,2025-05-30,20:30
14387,453.31,2025-05-30,20:45
14388,426.86,2025-05-30,21:00
14389,454.0,2025-05-30,21:15
14390,483.11,2025-05-30,21:30
14391,453.55,2025-05-30,21:45
14392,459.15,2025-05-30,22:00
14393,485.35,2025-05-30,22:15
14394,472.75,2025-05-30,22:30
14395,496.65,2025-05-30,22:45
14396,484.03,2025-05-30,23:00
14397,489.24,2025-05-30,23:15
14398,483.58,2025-05-30,23:30
14399,478.59,2025-05-30,23:45
14400,422.84,2025-05-30,24:00
14401,533.12,2025-05-31,00:15
14402,527.82,2025-05-31,00:30
14403,445.69,2025-05-31,00:45
14404,462.97,2025-05-31,01:00
14405,463.73,2025-05-31,01:15
14406,451.52,2025-05-31,01:30
14407,458.42,2025-05-31,01:45
14408,424.2,2025-05-31,02:00
14409,414.57,2025-05-31,02:15
14410,399.61,2025-05-31,02:30
14411,412.43,2025-05-31,02:45
14412,398.59,2025-05-31,03:00
14413,412.82,2025-05-31,03:15
14414,413.04,2025-05-31,03:30
14415,416.25,2025-05-31,03:45
14416,391.87,2025-05-31,04:00
14417,412.2,2025-05-31,04:15
14418,400.04,2025-05-31,04:30
14419,414.97,2025-05-31,04:45
14420,391.94,2025-05-31,05:00
14421,394.17,2025-05-31,05:15
14422,394.41,2025-05-31,05:30
14423,428.56,2025-05-31,05:45
14424,404.3,2025-05-31,06:00
14425,439.51,2025-05-31,06:15
14426,394.7,2025-05-31,06:30
14427,416.9,2025-05-31,06:45
14428,378.66,2025-05-31,07:00
14429,332.08,2025-05-31,07:15
14430,317.14,2025-05-31,07:30
14431,238.91,2025-05-31,07:45
14432,249.17,2025-05-31,08:00
14433,285.67,2025-05-31,08:15
14434,293.91,2025-05-31,08:30
14435,299.26,2025-05-31,08:45
14436,271.97,2025-05-31,09:00
14437,123.95,2025-05-31,09:15
14438,162.9,2025-05-31,09:30
14439,197.76,2025-05-31,09:45
14440,213.02,2025-05-31,10:00
14441,205.85,2025-05-31,10:15
14442,180.84,2025-05-31,10:30
14443,188.2,2025-05-31,10:45
14444,169.12,2025-05-31,11:00
14445,169.23,2025-05-31,11:15
14446,159.59,2025-05-31,11:30
14447,130.73,2025-05-31,11:45
14448,40.0,2025-05-31,12:00
14449,78.79,2025-05-31,12:15
14450,40.0,2025-05-31,12:30
14451,40.0,2025-05-31,12:45
14452,40.0,2025-05-31,13:00
14453,40.0,2025-05-31,13:15
14454,40.0,2025-05-31,13:30
14455,40.0,2025-05-31,13:45
14456,40.0,2025-05-31,14:00
14457,198.8,2025-05-31,14:15
14458,90.18,2025-05-31,14:30
14459,146.02,2025-05-31,14:45
14460,155.22,2025-05-31,15:00
14461,130.72,2025-05-31,15:15
14462,155.69,2025-05-31,15:30
14463,171.38,2025-05-31,15:45
14464,178.66,2025-05-31,16:00
14465,246.1,2025-05-31,16:15
14466,172.3,2025-05-31,16:30
14467,40.0,2025-05-31,16:45
14468,264.56,2025-05-31,17:00
14469,263.89,2025-05-31,17:15
14470,228.83,2025-05-31,17:30
14471,233.0,2025-05-31,17:45
14472,40.0,2025-05-31,18:00
14473,40.0,2025-05-31,18:15
14474,203.71,2025-05-31,18:30
14475,205.57,2025-05-31,18:45
14476,212.05,2025-05-31,19:00
14477,354.37,2025-05-31,19:15
14478,349.4,2025-05-31,19:30
14479,327.54,2025-05-31,19:45
14480,355.49,2025-05-31,20:00
14481,334.75,2025-05-31,20:15
14482,344.81,2025-05-31,20:30
14483,375.01,2025-05-31,20:45
14484,329.62,2025-05-31,21:00
14485,334.35,2025-05-31,21:15
14486,326.18,2025-05-31,21:30
14487,301.58,2025-05-31,21:45
14488,312.18,2025-05-31,22:00
14489,311.18,2025-05-31,22:15
14490,287.56,2025-05-31,22:30
14491,266.36,2025-05-31,22:45
14492,263.72,2025-05-31,23:00
14493,233.53,2025-05-31,23:15
14494,225.29,2025-05-31,23:30
14495,232.77,2025-05-31,23:45
14496,227.62,2025-05-31,24:00
14497,273.54,2025-06-01,00:15
14498,255.84,2025-06-01,00:30
14499,246.11,2025-06-01,00:45
14500,248.62,2025-06-01,01:00
14501,250.62,2025-06-01,01:15
14502,261.3,2025-06-01,01:30
14503,252.32,2025-06-01,01:45
14504,264.97,2025-06-01,02:00
14505,303.62,2025-06-01,02:15
14506,324.83,2025-06-01,02:30
14507,323.21,2025-06-01,02:45
14508,262.58,2025-06-01,03:00
14509,288.46,2025-06-01,03:15
14510,287.85,2025-06-01,03:30
14511,287.44,2025-06-01,03:45
14512,254.33,2025-06-01,04:00
14513,283.73,2025-06-01,04:15
14514,292.36,2025-06-01,04:30
14515,278.44,2025-06-01,04:45
14516,259.54,2025-06-01,05:00
14517,254.72,2025-06-01,05:15
14518,245.3,2025-06-01,05:30
14519,245.8,2025-06-01,05:45
14520,214.85,2025-06-01,06:00
14521,224.8,2025-06-01,06:15
14522,197.75,2025-06-01,06:30
14523,212.92,2025-06-01,06:45
14524,205.62,2025-06-01,07:00
14525,190.46,2025-06-01,07:15
14526,193.11,2025-06-01,07:30
14527,40.0,2025-06-01,07:45
14528,40.0,2025-06-01,08:00
14529,40.0,2025-06-01,08:15
14530,40.0,2025-06-01,08:30
14531,40.0,2025-06-01,08:45
14532,40.0,2025-06-01,09:00
14533,40.0,2025-06-01,09:15
14534,40.0,2025-06-01,09:30
14535,40.0,2025-06-01,09:45
14536,40.0,2025-06-01,10:00
14537,40.0,2025-06-01,10:15
14538,40.0,2025-06-01,10:30
14539,149.07,2025-06-01,10:45
14540,150.18,2025-06-01,11:00
14541,180.56,2025-06-01,11:15
14542,178.99,2025-06-01,11:30
14543,195.16,2025-06-01,11:45
14544,189.78,2025-06-01,12:00
14545,220.15,2025-06-01,12:15
14546,201.7,2025-06-01,12:30
14547,194.46,2025-06-01,12:45
14548,192.76,2025-06-01,13:00
14549,202.36,2025-06-01,13:15
14550,199.72,2025-06-01,13:30
14551,184.53,2025-06-01,13:45
14552,175.61,2025-06-01,14:00
14553,169.78,2025-06-01,14:15
14554,180.51,2025-06-01,14:30
14555,196.91,2025-06-01,14:45
14556,194.19,2025-06-01,15:00
14557,200.06,2025-06-01,15:15
14558,177.88,2025-06-01,15:30
14559,178.89,2025-06-01,15:45
14560,226.19,2025-06-01,16:00
14561,238.32,2025-06-01,16:15
14562,234.89,2025-06-01,16:30
14563,268.77,2025-06-01,16:45
14564,259.49,2025-06-01,17:00
14565,369.78,2025-06-01,17:15
14566,376.32,2025-06-01,17:30
14567,369.72,2025-06-01,17:45
14568,402.95,2025-06-01,18:00
14569,259.32,2025-06-01,18:15
14570,250.12,2025-06-01,18:30
14571,246.63,2025-06-01,18:45
14572,244.09,2025-06-01,19:00
14573,306.23,2025-06-01,19:15
14574,293.95,2025-06-01,19:30
14575,298.06,2025-06-01,19:45
14576,318.45,2025-06-01,20:00
14577,346.97,2025-06-01,20:15
14578,330.32,2025-06-01,20:30
14579,346.61,2025-06-01,20:45
14580,287.15,2025-06-01,21:00
14581,213.05,2025-06-01,21:15
14582,238.97,2025-06-01,21:30
14583,207.27,2025-06-01,21:45
14584,237.82,2025-06-01,22:00
14585,242.35,2025-06-01,22:15
14586,239.04,2025-06-01,22:30
14587,226.14,2025-06-01,22:45
14588,260.03,2025-06-01,23:00
14589,186.29,2025-06-01,23:15
14590,40.0,2025-06-01,23:30
14591,157.47,2025-06-01,23:45
14592,220.57,2025-06-01,24:00
14593,322.51,2025-06-02,00:15
14594,270.68,2025-06-02,00:30
14595,255.74,2025-06-02,00:45
14596,244.52,2025-06-02,01:00
14597,247.57,2025-06-02,01:15
14598,256.75,2025-06-02,01:30
14599,236.94,2025-06-02,01:45
14600,209.55,2025-06-02,02:00
14601,187.52,2025-06-02,02:15
14602,189.61,2025-06-02,02:30
14603,175.62,2025-06-02,02:45
14604,176.69,2025-06-02,03:00
14605,238.58,2025-06-02,03:15
14606,246.44,2025-06-02,03:30
14607,258.6,2025-06-02,03:45
14608,254.36,2025-06-02,04:00
14609,262.11,2025-06-02,04:15
14610,235.44,2025-06-02,04:30
14611,242.46,2025-06-02,04:45
14612,244.96,2025-06-02,05:00
14613,263.56,2025-06-02,05:15
14614,247.05,2025-06-02,05:30
14615,255.63,2025-06-02,05:45
14616,261.07,2025-06-02,06:00
14617,249.8,2025-06-02,06:15
14618,220.87,2025-06-02,06:30
14619,216.2,2025-06-02,06:45
14620,183.83,2025-06-02,07:00
14621,40.0,2025-06-02,07:15
14622,40.0,2025-06-02,07:30
14623,40.0,2025-06-02,07:45
14624,40.0,2025-06-02,08:00
14625,40.0,2025-06-02,08:15
14626,40.0,2025-06-02,08:30
14627,40.0,2025-06-02,08:45
14628,40.0,2025-06-02,09:00
14629,40.0,2025-06-02,09:15
14630,40.0,2025-06-02,09:30
14631,40.0,2025-06-02,09:45
14632,150.43,2025-06-02,10:00
14633,186.82,2025-06-02,10:15
14634,167.41,2025-06-02,10:30
14635,182.88,2025-06-02,10:45
14636,156.98,2025-06-02,11:00
14637,160.26,2025-06-02,11:15
14638,162.05,2025-06-02,11:30
14639,203.96,2025-06-02,11:45
14640,203.81,2025-06-02,12:00
14641,210.21,2025-06-02,12:15
14642,197.77,2025-06-02,12:30
14643,40.0,2025-06-02,12:45
14644,40.0,2025-06-02,13:00
14645,40.0,2025-06-02,13:15
14646,40.0,2025-06-02,13:30
14647,40.0,2025-06-02,13:45
14648,40.0,2025-06-02,14:00
14649,40.0,2025-06-02,14:15
14650,184.92,2025-06-02,14:30
14651,196.63,2025-06-02,14:45
14652,204.95,2025-06-02,15:00
14653,211.05,2025-06-02,15:15
14654,213.04,2025-06-02,15:30
14655,210.35,2025-06-02,15:45
14656,224.01,2025-06-02,16:00
14657,205.55,2025-06-02,16:15
14658,210.59,2025-06-02,16:30
14659,210.24,2025-06-02,16:45
14660,255.12,2025-06-02,17:00
14661,395.72,2025-06-02,17:15
14662,394.16,2025-06-02,17:30
14663,408.01,2025-06-02,17:45
14664,375.49,2025-06-02,18:00
14665,285.89,2025-06-02,18:15
14666,220.91,2025-06-02,18:30
14667,256.81,2025-06-02,18:45
14668,273.16,2025-06-02,19:00
14669,331.79,2025-06-02,19:15
14670,308.47,2025-06-02,19:30
14671,213.28,2025-06-02,19:45
14672,217.95,2025-06-02,20:00
14673,281.62,2025-06-02,20:15
14674,278.75,2025-06-02,20:30
14675,268.45,2025-06-02,20:45
14676,266.44,2025-06-02,21:00
14677,239.72,2025-06-02,21:15
14678,248.51,2025-06-02,21:30
14679,242.76,2025-06-02,21:45
14680,231.28,2025-06-02,22:00
14681,254.16,2025-06-02,22:15
14682,259.53,2025-06-02,22:30
14683,311.09,2025-06-02,22:45
14684,251.94,2025-06-02,23:00
14685,203.32,2025-06-02,23:15
14686,195.88,2025-06-02,23:30
14687,171.74,2025-06-02,23:45
14688,40.0,2025-06-02,24:00
14689,308.41,2025-06-03,00:15
14690,257.99,2025-06-03,00:30
14691,223.32,2025-06-03,00:45
14692,179.96,2025-06-03,01:00
14693,205.8,2025-06-03,01:15
14694,209.2,2025-06-03,01:30
14695,195.48,2025-06-03,01:45
14696,218.46,2025-06-03,02:00
14697,218.83,2025-06-03,02:15
14698,227.91,2025-06-03,02:30
14699,230.21,2025-06-03,02:45
14700,282.13,2025-06-03,03:00
14701,299.68,2025-06-03,03:15
14702,305.17,2025-06-03,03:30
14703,323.26,2025-06-03,03:45
14704,329.11,2025-06-03,04:00
14705,321.46,2025-06-03,04:15
14706,320.4,2025-06-03,04:30
14707,329.88,2025-06-03,04:45
14708,323.84,2025-06-03,05:00
14709,330.06,2025-06-03,05:15
14710,320.65,2025-06-03,05:30
14711,315.82,2025-06-03,05:45
14712,296.97,2025-06-03,06:00
14713,292.71,2025-06-03,06:15
14714,287.62,2025-06-03,06:30
14715,296.63,2025-06-03,06:45
14716,292.1,2025-06-03,07:00
14717,270.19,2025-06-03,07:15
14718,254.9,2025-06-03,07:30
14719,240.53,2025-06-03,07:45
14720,197.93,2025-06-03,08:00
14721,40.0,2025-06-03,08:15
14722,40.0,2025-06-03,08:30
14723,40.0,2025-06-03,08:45
14724,40.0,2025-06-03,09:00
14725,40.0,2025-06-03,09:15
14726,40.0,2025-06-03,09:30
14727,40.0,2025-06-03,09:45
14728,40.0,2025-06-03,10:00
14729,40.0,2025-06-03,10:15
14730,40.0,2025-06-03,10:30
14731,40.0,2025-06-03,10:45
14732,40.0,2025-06-03,11:00
14733,163.05,2025-06-03,11:15
14734,158.55,2025-06-03,11:30
14735,40.0,2025-06-03,11:45
14736,40.0,2025-06-03,12:00
14737,40.0,2025-06-03,12:15
14738,40.0,2025-06-03,12:30
14739,40.0,2025-06-03,12:45
14740,40.0,2025-06-03,13:00
14741,40.0,2025-06-03,13:15
14742,40.0,2025-06-03,13:30
14743,40.0,2025-06-03,13:45
14744,40.0,2025-06-03,14:00
14745,40.0,2025-06-03,14:15
14746,40.0,2025-06-03,14:30
14747,40.0,2025-06-03,14:45
14748,40.0,2025-06-03,15:00
14749,167.7,2025-06-03,15:15
14750,164.69,2025-06-03,15:30
14751,175.02,2025-06-03,15:45
14752,185.0,2025-06-03,16:00
14753,226.52,2025-06-03,16:15
14754,165.65,2025-06-03,16:30
14755,152.14,2025-06-03,16:45
14756,186.22,2025-06-03,17:00
14757,290.98,2025-06-03,17:15
14758,274.2,2025-06-03,17:30
14759,277.54,2025-06-03,17:45
14760,288.35,2025-06-03,18:00
14761,189.4,2025-06-03,18:15
14762,40.0,2025-06-03,18:30
14763,186.39,2025-06-03,18:45
14764,220.11,2025-06-03,19:00
14765,302.72,2025-06-03,19:15
14766,221.26,2025-06-03,19:30
14767,242.01,2025-06-03,19:45
14768,252.52,2025-06-03,20:00
14769,285.99,2025-06-03,20:15
14770,286.61,2025-06-03,20:30
14771,290.01,2025-06-03,20:45
14772,309.83,2025-06-03,21:00
14773,288.8,2025-06-03,21:15
14774,264.96,2025-06-03,21:30
14775,250.48,2025-06-03,21:45
14776,224.54,2025-06-03,22:00
14777,206.51,2025-06-03,22:15
14778,201.46,2025-06-03,22:30
14779,205.82,2025-06-03,22:45
14780,230.85,2025-06-03,23:00
14781,40.0,2025-06-03,23:15
14782,40.0,2025-06-03,23:30
14783,40.0,2025-06-03,23:45
14784,40.0,2025-06-03,24:00
14785,220.13,2025-06-04,00:15
14786,205.87,2025-06-04,00:30
14787,177.26,2025-06-04,00:45
14788,40.0,2025-06-04,01:00
14789,174.47,2025-06-04,01:15
14790,40.0,2025-06-04,01:30
14791,40.0,2025-06-04,01:45
14792,40.0,2025-06-04,02:00
14793,40.0,2025-06-04,02:15
14794,151.11,2025-06-04,02:30
14795,167.27,2025-06-04,02:45
14796,176.88,2025-06-04,03:00
14797,213.51,2025-06-04,03:15
14798,208.76,2025-06-04,03:30
14799,202.36,2025-06-04,03:45
14800,209.15,2025-06-04,04:00
14801,229.7,2025-06-04,04:15
14802,230.24,2025-06-04,04:30
14803,231.46,2025-06-04,04:45
14804,232.15,2025-06-04,05:00
14805,238.2,2025-06-04,05:15
14806,227.25,2025-06-04,05:30
14807,223.77,2025-06-04,05:45
14808,217.23,2025-06-04,06:00
14809,201.65,2025-06-04,06:15
14810,182.77,2025-06-04,06:30
14811,227.11,2025-06-04,06:45
14812,244.88,2025-06-04,07:00
14813,276.17,2025-06-04,07:15
14814,40.0,2025-06-04,07:30
14815,40.0,2025-06-04,07:45
14816,40.0,2025-06-04,08:00
14817,40.0,2025-06-04,08:15
14818,40.0,2025-06-04,08:30
14819,40.0,2025-06-04,08:45
14820,40.0,2025-06-04,09:00
14821,40.0,2025-06-04,09:15
14822,40.0,2025-06-04,09:30
14823,40.0,2025-06-04,09:45
14824,40.0,2025-06-04,10:00
14825,40.0,2025-06-04,10:15
14826,40.0,2025-06-04,10:30
14827,40.0,2025-06-04,10:45
14828,40.0,2025-06-04,11:00
14829,40.0,2025-06-04,11:15
14830,40.0,2025-06-04,11:30
14831,40.0,2025-06-04,11:45
14832,40.0,2025-06-04,12:00
14833,40.0,2025-06-04,12:15
14834,40.0,2025-06-04,12:30
14835,40.0,2025-06-04,12:45
14836,40.0,2025-06-04,13:00
14837,40.0,2025-06-04,13:15
14838,40.0,2025-06-04,13:30
14839,40.0,2025-06-04,13:45
14840,40.0,2025-06-04,14:00
14841,40.0,2025-06-04,14:15
14842,40.0,2025-06-04,14:30
14843,40.0,2025-06-04,14:45
14844,40.0,2025-06-04,15:00
14845,40.0,2025-06-04,15:15
14846,40.0,2025-06-04,15:30
14847,40.0,2025-06-04,15:45
14848,40.0,2025-06-04,16:00
14849,40.0,2025-06-04,16:15
14850,40.0,2025-06-04,16:30
14851,40.0,2025-06-04,16:45
14852,40.0,2025-06-04,17:00
14853,286.74,2025-06-04,17:15
14854,337.41,2025-06-04,17:30
14855,266.55,2025-06-04,17:45
14856,163.87,2025-06-04,18:00
14857,40.0,2025-06-04,18:15
14858,40.0,2025-06-04,18:30
14859,40.0,2025-06-04,18:45
14860,40.0,2025-06-04,19:00
14861,40.0,2025-06-04,19:15
14862,40.0,2025-06-04,19:30
14863,40.0,2025-06-04,19:45
14864,40.0,2025-06-04,20:00
14865,40.0,2025-06-04,20:15
14866,40.0,2025-06-04,20:30
14867,40.0,2025-06-04,20:45
14868,40.0,2025-06-04,21:00
14869,40.0,2025-06-04,21:15
14870,40.0,2025-06-04,21:30
14871,40.0,2025-06-04,21:45
14872,40.0,2025-06-04,22:00
14873,290.0,2025-06-04,22:15
14874,40.0,2025-06-04,22:30
14875,40.0,2025-06-04,22:45
14876,40.0,2025-06-04,23:00
14877,40.0,2025-06-04,23:15
14878,40.0,2025-06-04,23:30
14879,40.0,2025-06-04,23:45
14880,40.0,2025-06-04,24:00
14881,259.0,2025-06-05,00:15
14882,253.0,2025-06-05,00:30
14883,229.79,2025-06-05,00:45
14884,233.9,2025-06-05,01:00
14885,245.6,2025-06-05,01:15
14886,236.94,2025-06-05,01:30
14887,246.11,2025-06-05,01:45
14888,238.59,2025-06-05,02:00
14889,251.15,2025-06-05,02:15
14890,270.42,2025-06-05,02:30
14891,286.88,2025-06-05,02:45
14892,287.76,2025-06-05,03:00
14893,323.49,2025-06-05,03:15
14894,342.28,2025-06-05,03:30
14895,329.64,2025-06-05,03:45
14896,341.15,2025-06-05,04:00
14897,335.73,2025-06-05,04:15
14898,345.49,2025-06-05,04:30
14899,345.65,2025-06-05,04:45
14900,366.74,2025-06-05,05:00
14901,390.83,2025-06-05,05:15
14902,356.44,2025-06-05,05:30
14903,357.75,2025-06-05,05:45
14904,344.99,2025-06-05,06:00
14905,343.24,2025-06-05,06:15
14906,328.95,2025-06-05,06:30
14907,330.94,2025-06-05,06:45
14908,316.44,2025-06-05,07:00
14909,265.6,2025-06-05,07:15
14910,255.77,2025-06-05,07:30
14911,237.06,2025-06-05,07:45
14912,228.98,2025-06-05,08:00
14913,40.0,2025-06-05,08:15
14914,40.0,2025-06-05,08:30
14915,40.0,2025-06-05,08:45
14916,148.26,2025-06-05,09:00
14917,40.0,2025-06-05,09:15
14918,40.0,2025-06-05,09:30
14919,40.0,2025-06-05,09:45
14920,100.11,2025-06-05,10:00
14921,40.0,2025-06-05,10:15
14922,40.0,2025-06-05,10:30
14923,40.0,2025-06-05,10:45
14924,40.0,2025-06-05,11:00
14925,40.0,2025-06-05,11:15
14926,40.0,2025-06-05,11:30
14927,40.0,2025-06-05,11:45
14928,40.0,2025-06-05,12:00
14929,174.67,2025-06-05,12:15
14930,174.92,2025-06-05,12:30
14931,40.0,2025-06-05,12:45
14932,165.06,2025-06-05,13:00
14933,40.0,2025-06-05,13:15
14934,40.0,2025-06-05,13:30
14935,40.0,2025-06-05,13:45
14936,40.0,2025-06-05,14:00
14937,40.0,2025-06-05,14:15
14938,40.0,2025-06-05,14:30
14939,40.0,2025-06-05,14:45
14940,40.0,2025-06-05,15:00
14941,253.61,2025-06-05,15:15
14942,223.33,2025-06-05,15:30
14943,218.72,2025-06-05,15:45
14944,201.01,2025-06-05,16:00
14945,234.52,2025-06-05,16:15
14946,230.26,2025-06-05,16:30
14947,246.63,2025-06-05,16:45
14948,211.43,2025-06-05,17:00
14949,316.94,2025-06-05,17:15
14950,310.96,2025-06-05,17:30
14951,332.57,2025-06-05,17:45
14952,364.29,2025-06-05,18:00
14953,40.0,2025-06-05,18:15
14954,40.0,2025-06-05,18:30
14955,281.74,2025-06-05,18:45
14956,324.86,2025-06-05,19:00
14957,313.84,2025-06-05,19:15
14958,400.0,2025-06-05,19:30
14959,370.0,2025-06-05,19:45
14960,194.94,2025-06-05,20:00
14961,237.46,2025-06-05,20:15
14962,415.16,2025-06-05,20:30
14963,266.71,2025-06-05,20:45
14964,293.8,2025-06-05,21:00
14965,299.96,2025-06-05,21:15
14966,297.57,2025-06-05,21:30
14967,304.85,2025-06-05,21:45
14968,301.65,2025-06-05,22:00
14969,318.96,2025-06-05,22:15
14970,339.81,2025-06-05,22:30
14971,333.34,2025-06-05,22:45
14972,425.31,2025-06-05,23:00
14973,426.6,2025-06-05,23:15
14974,447.57,2025-06-05,23:30
14975,426.21,2025-06-05,23:45
14976,385.45,2025-06-05,24:00
14977,315.67,2025-06-06,00:15
14978,337.94,2025-06-06,00:30
14979,264.89,2025-06-06,00:45
14980,268.37,2025-06-06,01:00
14981,258.87,2025-06-06,01:15
14982,260.47,2025-06-06,01:30
14983,292.35,2025-06-06,01:45
14984,247.67,2025-06-06,02:00
14985,230.68,2025-06-06,02:15
14986,238.05,2025-06-06,02:30
14987,243.15,2025-06-06,02:45
14988,257.14,2025-06-06,03:00
14989,280.31,2025-06-06,03:15
14990,340.13,2025-06-06,03:30
14991,338.18,2025-06-06,03:45
14992,330.78,2025-06-06,04:00
14993,405.06,2025-06-06,04:15
14994,424.36,2025-06-06,04:30
14995,415.38,2025-06-06,04:45
14996,427.06,2025-06-06,05:00
14997,473.0,2025-06-06,05:15
14998,470.93,2025-06-06,05:30
14999,449.82,2025-06-06,05:45
15000,438.74,2025-06-06,06:00
15001,399.39,2025-06-06,06:15
15002,403.5,2025-06-06,06:30
15003,345.89,2025-06-06,06:45
15004,307.09,2025-06-06,07:00
15005,298.58,2025-06-06,07:15
15006,233.4,2025-06-06,07:30
15007,40.0,2025-06-06,07:45
15008,40.0,2025-06-06,08:00
15009,290.0,2025-06-06,08:15
15010,40.0,2025-06-06,08:30
15011,126.37,2025-06-06,08:45
15012,40.0,2025-06-06,09:00
15013,40.0,2025-06-06,09:15
15014,40.0,2025-06-06,09:30
15015,40.0,2025-06-06,09:45
15016,40.0,2025-06-06,10:00
15017,310.0,2025-06-06,10:15
15018,360.0,2025-06-06,10:30
15019,40.0,2025-06-06,10:45
15020,40.0,2025-06-06,11:00
15021,40.0,2025-06-06,11:15
15022,40.0,2025-06-06,11:30
15023,147.47,2025-06-06,11:45
15024,151.98,2025-06-06,12:00
15025,184.55,2025-06-06,12:15
15026,168.99,2025-06-06,12:30
15027,164.27,2025-06-06,12:45
15028,142.54,2025-06-06,13:00
15029,145.25,2025-06-06,13:15
15030,40.0,2025-06-06,13:30
15031,143.58,2025-06-06,13:45
15032,40.0,2025-06-06,14:00
15033,40.0,2025-06-06,14:15
15034,40.0,2025-06-06,14:30
15035,40.0,2025-06-06,14:45
15036,163.7,2025-06-06,15:00
15037,181.36,2025-06-06,15:15
15038,177.37,2025-06-06,15:30
15039,198.32,2025-06-06,15:45
15040,197.87,2025-06-06,16:00
15041,227.18,2025-06-06,16:15
15042,252.99,2025-06-06,16:30
15043,265.89,2025-06-06,16:45
15044,229.7,2025-06-06,17:00
15045,363.57,2025-06-06,17:15
15046,461.66,2025-06-06,17:30
15047,487.6,2025-06-06,17:45
15048,517.98,2025-06-06,18:00
15049,510.38,2025-06-06,18:15
15050,496.58,2025-06-06,18:30
15051,491.18,2025-06-06,18:45
15052,480.56,2025-06-06,19:00
15053,327.04,2025-06-06,19:15
15054,312.55,2025-06-06,19:30
15055,344.58,2025-06-06,19:45
15056,350.55,2025-06-06,20:00
15057,325.23,2025-06-06,20:15
15058,344.17,2025-06-06,20:30
15059,391.39,2025-06-06,20:45
15060,391.88,2025-06-06,21:00
15061,355.35,2025-06-06,21:15
15062,337.18,2025-06-06,21:30
15063,334.06,2025-06-06,21:45
15064,332.27,2025-06-06,22:00
15065,355.45,2025-06-06,22:15
15066,328.41,2025-06-06,22:30
15067,307.66,2025-06-06,22:45
15068,289.38,2025-06-06,23:00
15069,400.0,2025-06-06,23:15
15070,395.87,2025-06-06,23:30
15071,364.89,2025-06-06,23:45
15072,423.12,2025-06-06,24:00
15073,307.14,2025-06-07,00:15
15074,295.5,2025-06-07,00:30
15075,244.69,2025-06-07,00:45
15076,326.94,2025-06-07,01:00
15077,253.1,2025-06-07,01:15
15078,334.23,2025-06-07,01:30
15079,250.13,2025-06-07,01:45
15080,333.09,2025-06-07,02:00
15081,358.05,2025-06-07,02:15
15082,387.56,2025-06-07,02:30
15083,394.91,2025-06-07,02:45
15084,391.23,2025-06-07,03:00
15085,375.3,2025-06-07,03:15
15086,301.82,2025-06-07,03:30
15087,310.74,2025-06-07,03:45
15088,297.37,2025-06-07,04:00
15089,308.04,2025-06-07,04:15
15090,307.97,2025-06-07,04:30
15091,293.82,2025-06-07,04:45
15092,306.05,2025-06-07,05:00
15093,288.22,2025-06-07,05:15
15094,375.37,2025-06-07,05:30
15095,396.45,2025-06-07,05:45
15096,390.0,2025-06-07,06:00
15097,350.0,2025-06-07,06:15
15098,350.0,2025-06-07,06:30
15099,300.0,2025-06-07,06:45
15100,40.0,2025-06-07,07:00
15101,40.0,2025-06-07,07:15
15102,40.0,2025-06-07,07:30
15103,40.0,2025-06-07,07:45
15104,40.0,2025-06-07,08:00
15105,40.0,2025-06-07,08:15
15106,40.0,2025-06-07,08:30
15107,40.0,2025-06-07,08:45
15108,40.0,2025-06-07,09:00
15109,40.0,2025-06-07,09:15
15110,40.0,2025-06-07,09:30
15111,40.0,2025-06-07,09:45
15112,109.17,2025-06-07,10:00
15113,40.0,2025-06-07,10:15
15114,40.0,2025-06-07,10:30
15115,40.0,2025-06-07,10:45
15116,40.0,2025-06-07,11:00
15117,40.0,2025-06-07,11:15
15118,40.0,2025-06-07,11:30
15119,40.0,2025-06-07,11:45
15120,40.0,2025-06-07,12:00
15121,183.88,2025-06-07,12:15
15122,163.95,2025-06-07,12:30
15123,40.0,2025-06-07,12:45
15124,40.0,2025-06-07,13:00
15125,40.0,2025-06-07,13:15
15126,40.0,2025-06-07,13:30
15127,40.0,2025-06-07,13:45
15128,40.0,2025-06-07,14:00
15129,40.0,2025-06-07,14:15
15130,40.0,2025-06-07,14:30
15131,40.0,2025-06-07,14:45
15132,40.0,2025-06-07,15:00
15133,40.0,2025-06-07,15:15
15134,40.0,2025-06-07,15:30
15135,40.0,2025-06-07,15:45
15136,40.0,2025-06-07,16:00
15137,146.97,2025-06-07,16:15
15138,110.12,2025-06-07,16:30
15139,154.44,2025-06-07,16:45
15140,194.93,2025-06-07,17:00
15141,317.09,2025-06-07,17:15
15142,337.11,2025-06-07,17:30
15143,387.47,2025-06-07,17:45
15144,377.24,2025-06-07,18:00
15145,312.91,2025-06-07,18:15
15146,294.94,2025-06-07,18:30
15147,279.0,2025-06-07,18:45
15148,263.37,2025-06-07,19:00
15149,347.47,2025-06-07,19:15
15150,356.09,2025-06-07,19:30
15151,347.94,2025-06-07,19:45
15152,329.82,2025-06-07,20:00
15153,311.24,2025-06-07,20:15
15154,339.88,2025-06-07,20:30
15155,326.97,2025-06-07,20:45
15156,300.09,2025-06-07,21:00
15157,250.51,2025-06-07,21:15
15158,228.71,2025-06-07,21:30
15159,245.7,2025-06-07,21:45
15160,209.1,2025-06-07,22:00
15161,40.0,2025-06-07,22:15
15162,40.0,2025-06-07,22:30
15163,310.0,2025-06-07,22:45
15164,380.0,2025-06-07,23:00
15165,380.0,2025-06-07,23:15
15166,348.56,2025-06-07,23:30
15167,390.0,2025-06-07,23:45
15168,360.0,2025-06-07,24:00
15169,259.19,2025-06-08,00:15
15170,250.65,2025-06-08,00:30
15171,303.85,2025-06-08,00:45
15172,243.12,2025-06-08,01:00
15173,251.03,2025-06-08,01:15
15174,241.35,2025-06-08,01:30
15175,250.0,2025-06-08,01:45
15176,239.01,2025-06-08,02:00
15177,257.42,2025-06-08,02:15
15178,346.21,2025-06-08,02:30
15179,330.41,2025-06-08,02:45
15180,337.37,2025-06-08,03:00
15181,285.48,2025-06-08,03:15
15182,295.96,2025-06-08,03:30
15183,308.16,2025-06-08,03:45
15184,386.87,2025-06-08,04:00
15185,269.32,2025-06-08,04:15
15186,269.69,2025-06-08,04:30
15187,276.8,2025-06-08,04:45
15188,275.75,2025-06-08,05:00
15189,278.54,2025-06-08,05:15
15190,353.41,2025-06-08,05:30
15191,370.0,2025-06-08,05:45
15192,390.0,2025-06-08,06:00
15193,380.0,2025-06-08,06:15
15194,360.0,2025-06-08,06:30
15195,370.0,2025-06-08,06:45
15196,360.0,2025-06-08,07:00
15197,330.0,2025-06-08,07:15
15198,40.0,2025-06-08,07:30
15199,40.0,2025-06-08,07:45
15200,40.0,2025-06-08,08:00
15201,40.0,2025-06-08,08:15
15202,40.0,2025-06-08,08:30
15203,40.0,2025-06-08,08:45
15204,40.0,2025-06-08,09:00
15205,40.0,2025-06-08,09:15
15206,40.0,2025-06-08,09:30
15207,40.0,2025-06-08,09:45
15208,154.88,2025-06-08,10:00
15209,138.2,2025-06-08,10:15
15210,160.69,2025-06-08,10:30
15211,162.94,2025-06-08,10:45
15212,143.77,2025-06-08,11:00
15213,40.0,2025-06-08,11:15
15214,40.0,2025-06-08,11:30
15215,40.0,2025-06-08,11:45
15216,102.83,2025-06-08,12:00
15217,193.98,2025-06-08,12:15
15218,151.4,2025-06-08,12:30
15219,40.0,2025-06-08,12:45
15220,40.0,2025-06-08,13:00
15221,136.33,2025-06-08,13:15
15222,150.08,2025-06-08,13:30
15223,214.55,2025-06-08,13:45
15224,214.06,2025-06-08,14:00
15225,195.28,2025-06-08,14:15
15226,175.89,2025-06-08,14:30
15227,195.81,2025-06-08,14:45
15228,188.66,2025-06-08,15:00
15229,40.0,2025-06-08,15:15
15230,148.06,2025-06-08,15:30
15231,188.42,2025-06-08,15:45
15232,40.0,2025-06-08,16:00
15233,204.16,2025-06-08,16:15
15234,230.35,2025-06-08,16:30
15235,221.71,2025-06-08,16:45
15236,212.89,2025-06-08,17:00
15237,297.89,2025-06-08,17:15
15238,306.22,2025-06-08,17:30
15239,315.15,2025-06-08,17:45
15240,324.44,2025-06-08,18:00
15241,295.42,2025-06-08,18:15
15242,279.89,2025-06-08,18:30
15243,305.86,2025-06-08,18:45
15244,265.84,2025-06-08,19:00
15245,324.3,2025-06-08,19:15
15246,289.08,2025-06-08,19:30
15247,241.2,2025-06-08,19:45
15248,259.56,2025-06-08,20:00
15249,257.79,2025-06-08,20:15
15250,307.59,2025-06-08,20:30
15251,317.22,2025-06-08,20:45
15252,418.38,2025-06-08,21:00
15253,305.57,2025-06-08,21:15
15254,270.85,2025-06-08,21:30
15255,245.91,2025-06-08,21:45
15256,195.26,2025-06-08,22:00
15257,192.56,2025-06-08,22:15
15258,40.0,2025-06-08,22:30
15259,191.12,2025-06-08,22:45
15260,216.3,2025-06-08,23:00
15261,207.33,2025-06-08,23:15
15262,300.0,2025-06-08,23:30
15263,310.0,2025-06-08,23:45
15264,314.86,2025-06-08,24:00
15265,233.99,2025-06-09,00:15
15266,206.16,2025-06-09,00:30
15267,40.0,2025-06-09,00:45
15268,198.77,2025-06-09,01:00
15269,213.7,2025-06-09,01:15
15270,235.06,2025-06-09,01:30
15271,249.53,2025-06-09,01:45
15272,40.0,2025-06-09,02:00
15273,40.0,2025-06-09,02:15
15274,40.0,2025-06-09,02:30
15275,40.0,2025-06-09,02:45
15276,40.0,2025-06-09,03:00
15277,40.0,2025-06-09,03:15
15278,40.0,2025-06-09,03:30
15279,40.0,2025-06-09,03:45
15280,40.0,2025-06-09,04:00
15281,40.0,2025-06-09,04:15
15282,40.0,2025-06-09,04:30
15283,40.0,2025-06-09,04:45
15284,40.0,2025-06-09,05:00
15285,40.0,2025-06-09,05:15
15286,40.0,2025-06-09,05:30
15287,270.52,2025-06-09,05:45
15288,271.41,2025-06-09,06:00
15289,271.34,2025-06-09,06:15
15290,40.0,2025-06-09,06:30
15291,40.0,2025-06-09,06:45
15292,40.0,2025-06-09,07:00
15293,40.0,2025-06-09,07:15
15294,40.0,2025-06-09,07:30
15295,40.0,2025-06-09,07:45
15296,40.0,2025-06-09,08:00
15297,40.0,2025-06-09,08:15
15298,40.0,2025-06-09,08:30
15299,40.0,2025-06-09,08:45
15300,40.0,2025-06-09,09:00
15301,40.0,2025-06-09,09:15
15302,40.0,2025-06-09,09:30
15303,40.0,2025-06-09,09:45
15304,40.0,2025-06-09,10:00
15305,40.0,2025-06-09,10:15
15306,40.0,2025-06-09,10:30
15307,40.0,2025-06-09,10:45
15308,40.0,2025-06-09,11:00
15309,40.0,2025-06-09,11:15
15310,40.0,2025-06-09,11:30
15311,151.9,2025-06-09,11:45
15312,155.65,2025-06-09,12:00
15313,151.77,2025-06-09,12:15
15314,40.0,2025-06-09,12:30
15315,40.0,2025-06-09,12:45
15316,40.0,2025-06-09,13:00
15317,40.0,2025-06-09,13:15
15318,40.0,2025-06-09,13:30
15319,40.0,2025-06-09,13:45
15320,40.0,2025-06-09,14:00
15321,40.0,2025-06-09,14:15
15322,40.0,2025-06-09,14:30
15323,40.0,2025-06-09,14:45
15324,40.0,2025-06-09,15:00
15325,40.0,2025-06-09,15:15
15326,40.0,2025-06-09,15:30
15327,40.0,2025-06-09,15:45
15328,40.0,2025-06-09,16:00
15329,158.33,2025-06-09,16:15
15330,216.82,2025-06-09,16:30
15331,252.14,2025-06-09,16:45
15332,271.09,2025-06-09,17:00
15333,230.8,2025-06-09,17:15
15334,228.11,2025-06-09,17:30
15335,218.95,2025-06-09,17:45
15336,217.56,2025-06-09,18:00
15337,198.7,2025-06-09,18:15
15338,173.22,2025-06-09,18:30
15339,216.89,2025-06-09,18:45
15340,245.62,2025-06-09,19:00
15341,286.35,2025-06-09,19:15
15342,256.44,2025-06-09,19:30
15343,343.45,2025-06-09,19:45
15344,360.67,2025-06-09,20:00
15345,356.59,2025-06-09,20:15
15346,254.87,2025-06-09,20:30
15347,322.78,2025-06-09,20:45
15348,262.86,2025-06-09,21:00
15349,257.63,2025-06-09,21:15
15350,243.81,2025-06-09,21:30
15351,216.87,2025-06-09,21:45
15352,40.0,2025-06-09,22:00
15353,300.0,2025-06-09,22:15
15354,290.0,2025-06-09,22:30
15355,290.0,2025-06-09,22:45
15356,40.0,2025-06-09,23:00
15357,320.0,2025-06-09,23:15
15358,346.16,2025-06-09,23:30
15359,350.0,2025-06-09,23:45
15360,350.0,2025-06-09,24:00
15361,380.0,2025-06-10,00:15
15362,380.0,2025-06-10,00:30
15363,344.96,2025-06-10,00:45
15364,342.12,2025-06-10,01:00
15365,334.98,2025-06-10,01:15
15366,300.0,2025-06-10,01:30
15367,322.34,2025-06-10,01:45
15368,251.81,2025-06-10,02:00
15369,288.92,2025-06-10,02:15
15370,289.01,2025-06-10,02:30
15371,293.66,2025-06-10,02:45
15372,281.92,2025-06-10,03:00
15373,286.96,2025-06-10,03:15
15374,273.58,2025-06-10,03:30
15375,273.15,2025-06-10,03:45
15376,269.31,2025-06-10,04:00
15377,257.21,2025-06-10,04:15
15378,269.03,2025-06-10,04:30
15379,284.21,2025-06-10,04:45
15380,312.28,2025-06-10,05:00
15381,323.61,2025-06-10,05:15
15382,321.72,2025-06-10,05:30
15383,293.52,2025-06-10,05:45
15384,279.39,2025-06-10,06:00
15385,275.19,2025-06-10,06:15
15386,273.94,2025-06-10,06:30
15387,260.11,2025-06-10,06:45
15388,221.72,2025-06-10,07:00
15389,210.85,2025-06-10,07:15
15390,198.44,2025-06-10,07:30
15391,101.31,2025-06-10,07:45
15392,40.0,2025-06-10,08:00
15393,40.0,2025-06-10,08:15
15394,40.0,2025-06-10,08:30
15395,151.58,2025-06-10,08:45
15396,138.7,2025-06-10,09:00
15397,40.0,2025-06-10,09:15
15398,40.0,2025-06-10,09:30
15399,40.0,2025-06-10,09:45
15400,40.0,2025-06-10,10:00
15401,40.0,2025-06-10,10:15
15402,40.0,2025-06-10,10:30
15403,40.0,2025-06-10,10:45
15404,40.0,2025-06-10,11:00
15405,126.95,2025-06-10,11:15
15406,40.0,2025-06-10,11:30
15407,40.0,2025-06-10,11:45
15408,40.0,2025-06-10,12:00
15409,40.0,2025-06-10,12:15
15410,40.0,2025-06-10,12:30
15411,40.0,2025-06-10,12:45
15412,40.0,2025-06-10,13:00
15413,40.0,2025-06-10,13:15
15414,40.0,2025-06-10,13:30
15415,40.0,2025-06-10,13:45
15416,40.0,2025-06-10,14:00
15417,40.0,2025-06-10,14:15
15418,40.0,2025-06-10,14:30
15419,40.0,2025-06-10,14:45
15420,40.0,2025-06-10,15:00
15421,40.0,2025-06-10,15:15
15422,40.0,2025-06-10,15:30
15423,40.0,2025-06-10,15:45
15424,40.0,2025-06-10,16:00
15425,201.66,2025-06-10,16:15
15426,212.46,2025-06-10,16:30
15427,167.58,2025-06-10,16:45
15428,40.0,2025-06-10,17:00
15429,149.72,2025-06-10,17:15
15430,153.31,2025-06-10,17:30
15431,171.39,2025-06-10,17:45
15432,208.27,2025-06-10,18:00
15433,281.68,2025-06-10,18:15
15434,311.9,2025-06-10,18:30
15435,327.32,2025-06-10,18:45
15436,387.92,2025-06-10,19:00
15437,388.91,2025-06-10,19:15
15438,401.22,2025-06-10,19:30
15439,431.71,2025-06-10,19:45
15440,425.02,2025-06-10,20:00
15441,381.63,2025-06-10,20:15
15442,382.85,2025-06-10,20:30
15443,383.86,2025-06-10,20:45
15444,358.66,2025-06-10,21:00
15445,291.01,2025-06-10,21:15
15446,319.36,2025-06-10,21:30
15447,302.06,2025-06-10,21:45
15448,277.37,2025-06-10,22:00
15449,261.83,2025-06-10,22:15
15450,250.57,2025-06-10,22:30
15451,251.79,2025-06-10,22:45
15452,208.05,2025-06-10,23:00
15453,40.0,2025-06-10,23:15
15454,40.0,2025-06-10,23:30
15455,40.0,2025-06-10,23:45
15456,191.5,2025-06-10,24:00
15457,239.15,2025-06-11,00:15
15458,213.85,2025-06-11,00:30
15459,217.49,2025-06-11,00:45
15460,217.7,2025-06-11,01:00
15461,242.33,2025-06-11,01:15
15462,224.19,2025-06-11,01:30
15463,206.59,2025-06-11,01:45
15464,198.78,2025-06-11,02:00
15465,209.31,2025-06-11,02:15
15466,208.35,2025-06-11,02:30
15467,40.0,2025-06-11,02:45
15468,40.0,2025-06-11,03:00
15469,40.0,2025-06-11,03:15
15470,40.0,2025-06-11,03:30
15471,40.0,2025-06-11,03:45
15472,40.0,2025-06-11,04:00
15473,120.83,2025-06-11,04:15
15474,120.85,2025-06-11,04:30
15475,195.25,2025-06-11,04:45
15476,233.05,2025-06-11,05:00
15477,239.78,2025-06-11,05:15
15478,233.71,2025-06-11,05:30
15479,261.66,2025-06-11,05:45
15480,266.62,2025-06-11,06:00
15481,268.16,2025-06-11,06:15
15482,253.37,2025-06-11,06:30
15483,239.69,2025-06-11,06:45
15484,243.16,2025-06-11,07:00
15485,238.72,2025-06-11,07:15
15486,228.81,2025-06-11,07:30
15487,224.22,2025-06-11,07:45
15488,243.61,2025-06-11,08:00
15489,40.0,2025-06-11,08:15
15490,40.0,2025-06-11,08:30
15491,151.33,2025-06-11,08:45
15492,210.32,2025-06-11,09:00
15493,40.0,2025-06-11,09:15
15494,40.0,2025-06-11,09:30
15495,178.74,2025-06-11,09:45
15496,122.66,2025-06-11,10:00
15497,204.61,2025-06-11,10:15
15498,206.87,2025-06-11,10:30
15499,205.13,2025-06-11,10:45
15500,157.03,2025-06-11,11:00
15501,147.31,2025-06-11,11:15
15502,143.33,2025-06-11,11:30
15503,120.75,2025-06-11,11:45
15504,40.0,2025-06-11,12:00
15505,206.7,2025-06-11,12:15
15506,157.73,2025-06-11,12:30
15507,40.0,2025-06-11,12:45
15508,133.46,2025-06-11,13:00
15509,155.18,2025-06-11,13:15
15510,151.77,2025-06-11,13:30
15511,161.0,2025-06-11,13:45
15512,181.53,2025-06-11,14:00
15513,258.86,2025-06-11,14:15
15514,151.12,2025-06-11,14:30
15515,143.25,2025-06-11,14:45
15516,158.31,2025-06-11,15:00
15517,209.42,2025-06-11,15:15
15518,194.89,2025-06-11,15:30
15519,179.06,2025-06-11,15:45
15520,156.8,2025-06-11,16:00
15521,170.9,2025-06-11,16:15
15522,177.97,2025-06-11,16:30
15523,236.2,2025-06-11,16:45
15524,144.24,2025-06-11,17:00
15525,210.62,2025-06-11,17:15
15526,260.71,2025-06-11,17:30
15527,280.88,2025-06-11,17:45
15528,240.11,2025-06-11,18:00
15529,345.21,2025-06-11,18:15
15530,376.24,2025-06-11,18:30
15531,387.31,2025-06-11,18:45
15532,404.96,2025-06-11,19:00
15533,404.46,2025-06-11,19:15
15534,273.08,2025-06-11,19:30
15535,271.9,2025-06-11,19:45
15536,270.78,2025-06-11,20:00
15537,300.34,2025-06-11,20:15
15538,331.27,2025-06-11,20:30
15539,343.85,2025-06-11,20:45
15540,338.9,2025-06-11,21:00
15541,300.1,2025-06-11,21:15
15542,255.14,2025-06-11,21:30
15543,250.53,2025-06-11,21:45
15544,256.62,2025-06-11,22:00
15545,212.82,2025-06-11,22:15
15546,40.0,2025-06-11,22:30
15547,40.0,2025-06-11,22:45
15548,40.0,2025-06-11,23:00
15549,112.46,2025-06-11,23:15
15550,40.0,2025-06-11,23:30
15551,40.0,2025-06-11,23:45
15552,40.0,2025-06-11,24:00
15553,220.11,2025-06-12,00:15
15554,191.64,2025-06-12,00:30
15555,178.4,2025-06-12,00:45
15556,183.85,2025-06-12,01:00
15557,219.54,2025-06-12,01:15
15558,226.12,2025-06-12,01:30
15559,225.26,2025-06-12,01:45
15560,223.03,2025-06-12,02:00
15561,222.64,2025-06-12,02:15
15562,210.84,2025-06-12,02:30
15563,40.0,2025-06-12,02:45
15564,40.0,2025-06-12,03:00
15565,40.0,2025-06-12,03:15
15566,226.68,2025-06-12,03:30
15567,211.94,2025-06-12,03:45
15568,40.0,2025-06-12,04:00
15569,249.84,2025-06-12,04:15
15570,281.72,2025-06-12,04:30
15571,278.14,2025-06-12,04:45
15572,230.63,2025-06-12,05:00
15573,233.32,2025-06-12,05:15
15574,229.38,2025-06-12,05:30
15575,251.72,2025-06-12,05:45
15576,263.65,2025-06-12,06:00
15577,257.92,2025-06-12,06:15
15578,264.15,2025-06-12,06:30
15579,271.01,2025-06-12,06:45
15580,299.48,2025-06-12,07:00
15581,361.94,2025-06-12,07:15
15582,331.53,2025-06-12,07:30
15583,271.11,2025-06-12,07:45
15584,221.26,2025-06-12,08:00
15585,40.0,2025-06-12,08:15
15586,40.0,2025-06-12,08:30
15587,190.21,2025-06-12,08:45
15588,173.51,2025-06-12,09:00
15589,40.0,2025-06-12,09:15
15590,151.98,2025-06-12,09:30
15591,167.68,2025-06-12,09:45
15592,196.24,2025-06-12,10:00
15593,237.78,2025-06-12,10:15
15594,239.22,2025-06-12,10:30
15595,256.47,2025-06-12,10:45
15596,234.35,2025-06-12,11:00
15597,139.25,2025-06-12,11:15
15598,275.66,2025-06-12,11:30
15599,198.4,2025-06-12,11:45
15600,198.78,2025-06-12,12:00
15601,283.69,2025-06-12,12:15
15602,288.76,2025-06-12,12:30
15603,225.38,2025-06-12,12:45
15604,297.91,2025-06-12,13:00
15605,311.96,2025-06-12,13:15
15606,202.74,2025-06-12,13:30
15607,273.4,2025-06-12,13:45
15608,302.65,2025-06-12,14:00
15609,265.44,2025-06-12,14:15
15610,179.9,2025-06-12,14:30
15611,234.99,2025-06-12,14:45
15612,252.91,2025-06-12,15:00
15613,252.06,2025-06-12,15:15
15614,287.92,2025-06-12,15:30
15615,214.56,2025-06-12,15:45
15616,211.11,2025-06-12,16:00
15617,216.29,2025-06-12,16:15
15618,331.79,2025-06-12,16:30
15619,275.98,2025-06-12,16:45
15620,283.59,2025-06-12,17:00
15621,346.09,2025-06-12,17:15
15622,342.77,2025-06-12,17:30
15623,471.56,2025-06-12,17:45
15624,375.12,2025-06-12,18:00
15625,289.25,2025-06-12,18:15
15626,40.0,2025-06-12,18:30
15627,295.89,2025-06-12,18:45
15628,40.0,2025-06-12,19:00
15629,391.22,2025-06-12,19:15
15630,40.0,2025-06-12,19:30
15631,496.51,2025-06-12,19:45
15632,488.89,2025-06-12,20:00
15633,499.36,2025-06-12,20:15
15634,501.0,2025-06-12,20:30
15635,475.16,2025-06-12,20:45
15636,456.17,2025-06-12,21:00
15637,459.55,2025-06-12,21:15
15638,469.51,2025-06-12,21:30
15639,438.4,2025-06-12,21:45
15640,430.34,2025-06-12,22:00
15641,373.58,2025-06-12,22:15
15642,369.73,2025-06-12,22:30
15643,388.39,2025-06-12,22:45
15644,330.97,2025-06-12,23:00
15645,387.16,2025-06-12,23:15
15646,530.54,2025-06-12,23:30
15647,517.96,2025-06-12,23:45
15648,404.42,2025-06-12,24:00
15649,373.93,2025-06-13,00:15
15650,443.12,2025-06-13,00:30
15651,482.78,2025-06-13,00:45
15652,427.01,2025-06-13,01:00
15653,398.43,2025-06-13,01:15
15654,355.26,2025-06-13,01:30
15655,365.53,2025-06-13,01:45
15656,365.26,2025-06-13,02:00
15657,384.14,2025-06-13,02:15
15658,348.17,2025-06-13,02:30
15659,295.62,2025-06-13,02:45
15660,319.07,2025-06-13,03:00
15661,309.03,2025-06-13,03:15
15662,305.7,2025-06-13,03:30
15663,307.86,2025-06-13,03:45
15664,319.49,2025-06-13,04:00
15665,475.44,2025-06-13,04:15
15666,467.97,2025-06-13,04:30
15667,451.1,2025-06-13,04:45
15668,448.55,2025-06-13,05:00
15669,471.31,2025-06-13,05:15
15670,472.88,2025-06-13,05:30
15671,514.88,2025-06-13,05:45
15672,517.37,2025-06-13,06:00
15673,495.22,2025-06-13,06:15
15674,441.67,2025-06-13,06:30
15675,508.69,2025-06-13,06:45
15676,508.39,2025-06-13,07:00
15677,468.05,2025-06-13,07:15
15678,378.93,2025-06-13,07:30
15679,497.06,2025-06-13,07:45
15680,470.06,2025-06-13,08:00
15681,346.56,2025-06-13,08:15
15682,314.46,2025-06-13,08:30
15683,254.37,2025-06-13,08:45
15684,219.35,2025-06-13,09:00
15685,146.17,2025-06-13,09:15
15686,177.05,2025-06-13,09:30
15687,176.2,2025-06-13,09:45
15688,151.71,2025-06-13,10:00
15689,200.71,2025-06-13,10:15
15690,145.25,2025-06-13,10:30
15691,162.09,2025-06-13,10:45
15692,152.64,2025-06-13,11:00
15693,236.47,2025-06-13,11:15
15694,241.41,2025-06-13,11:30
15695,211.88,2025-06-13,11:45
15696,206.58,2025-06-13,12:00
15697,218.93,2025-06-13,12:15
15698,189.82,2025-06-13,12:30
15699,133.3,2025-06-13,12:45
15700,163.78,2025-06-13,13:00
15701,119.05,2025-06-13,13:15
15702,254.77,2025-06-13,13:30
15703,40.0,2025-06-13,13:45
15704,228.72,2025-06-13,14:00
15705,207.92,2025-06-13,14:15
15706,162.52,2025-06-13,14:30
15707,40.0,2025-06-13,14:45
15708,40.0,2025-06-13,15:00
15709,255.83,2025-06-13,15:15
15710,245.0,2025-06-13,15:30
15711,268.13,2025-06-13,15:45
15712,293.46,2025-06-13,16:00
15713,352.12,2025-06-13,16:15
15714,284.19,2025-06-13,16:30
15715,345.29,2025-06-13,16:45
15716,255.38,2025-06-13,17:00
15717,343.06,2025-06-13,17:15
15718,346.82,2025-06-13,17:30
15719,225.36,2025-06-13,17:45
15720,251.85,2025-06-13,18:00
15721,40.0,2025-06-13,18:15
15722,40.0,2025-06-13,18:30
15723,389.98,2025-06-13,18:45
15724,281.88,2025-06-13,19:00
15725,336.52,2025-06-13,19:15
15726,288.4,2025-06-13,19:30
15727,323.57,2025-06-13,19:45
15728,244.98,2025-06-13,20:00
15729,304.71,2025-06-13,20:15
15730,414.17,2025-06-13,20:30
15731,369.54,2025-06-13,20:45
15732,335.36,2025-06-13,21:00
15733,291.56,2025-06-13,21:15
15734,261.65,2025-06-13,21:30
15735,263.96,2025-06-13,21:45
15736,247.79,2025-06-13,22:00
15737,267.91,2025-06-13,22:15
15738,307.31,2025-06-13,22:30
15739,274.57,2025-06-13,22:45
15740,249.46,2025-06-13,23:00
15741,249.84,2025-06-13,23:15
15742,237.32,2025-06-13,23:30
15743,233.51,2025-06-13,23:45
15744,40.0,2025-06-13,24:00
15745,243.24,2025-06-14,00:15
15746,291.89,2025-06-14,00:30
15747,40.0,2025-06-14,00:45
15748,40.0,2025-06-14,01:00
15749,40.0,2025-06-14,01:15
15750,40.0,2025-06-14,01:30
15751,40.0,2025-06-14,01:45
15752,40.0,2025-06-14,02:00
15753,40.0,2025-06-14,02:15
15754,40.0,2025-06-14,02:30
15755,40.0,2025-06-14,02:45
15756,40.0,2025-06-14,03:00
15757,40.0,2025-06-14,03:15
15758,40.0,2025-06-14,03:30
15759,131.53,2025-06-14,03:45
15760,40.0,2025-06-14,04:00
15761,40.0,2025-06-14,04:15
15762,40.0,2025-06-14,04:30
15763,40.0,2025-06-14,04:45
15764,40.0,2025-06-14,05:00
15765,40.0,2025-06-14,05:15
15766,40.0,2025-06-14,05:30
15767,40.0,2025-06-14,05:45
15768,40.0,2025-06-14,06:00
15769,40.0,2025-06-14,06:15
15770,40.0,2025-06-14,06:30
15771,40.0,2025-06-14,06:45
15772,40.0,2025-06-14,07:00
15773,40.0,2025-06-14,07:15
15774,40.0,2025-06-14,07:30
15775,40.0,2025-06-14,07:45
15776,40.0,2025-06-14,08:00
15777,40.0,2025-06-14,08:15
15778,40.0,2025-06-14,08:30
15779,40.0,2025-06-14,08:45
15780,40.0,2025-06-14,09:00
15781,40.0,2025-06-14,09:15
15782,40.0,2025-06-14,09:30
15783,40.0,2025-06-14,09:45
15784,40.0,2025-06-14,10:00
15785,40.0,2025-06-14,10:15
15786,40.0,2025-06-14,10:30
15787,40.0,2025-06-14,10:45
15788,40.0,2025-06-14,11:00
15789,106.1,2025-06-14,11:15
15790,40.0,2025-06-14,11:30
15791,40.0,2025-06-14,11:45
15792,40.0,2025-06-14,12:00
15793,40.0,2025-06-14,12:15
15794,40.0,2025-06-14,12:30
15795,40.0,2025-06-14,12:45
15796,40.0,2025-06-14,13:00
15797,40.0,2025-06-14,13:15
15798,40.0,2025-06-14,13:30
15799,40.0,2025-06-14,13:45
15800,40.0,2025-06-14,14:00
15801,40.0,2025-06-14,14:15
15802,109.56,2025-06-14,14:30
15803,118.49,2025-06-14,14:45
15804,125.73,2025-06-14,15:00
15805,132.79,2025-06-14,15:15
15806,151.81,2025-06-14,15:30
15807,140.29,2025-06-14,15:45
15808,193.05,2025-06-14,16:00
15809,234.52,2025-06-14,16:15
15810,216.33,2025-06-14,16:30
15811,244.75,2025-06-14,16:45
15812,259.63,2025-06-14,17:00
15813,310.26,2025-06-14,17:15
15814,335.52,2025-06-14,17:30
15815,271.99,2025-06-14,17:45
15816,238.65,2025-06-14,18:00
15817,183.06,2025-06-14,18:15
15818,142.7,2025-06-14,18:30
15819,40.0,2025-06-14,18:45
15820,122.61,2025-06-14,19:00
15821,229.11,2025-06-14,19:15
15822,230.87,2025-06-14,19:30
15823,169.8,2025-06-14,19:45
15824,195.31,2025-06-14,20:00
15825,40.0,2025-06-14,20:15
15826,191.74,2025-06-14,20:30
15827,191.5,2025-06-14,20:45
15828,204.52,2025-06-14,21:00
15829,205.61,2025-06-14,21:15
15830,120.95,2025-06-14,21:30
15831,120.01,2025-06-14,21:45
15832,40.0,2025-06-14,22:00
15833,40.0,2025-06-14,22:15
15834,40.0,2025-06-14,22:30
15835,40.0,2025-06-14,22:45
15836,40.0,2025-06-14,23:00
15837,40.0,2025-06-14,23:15
15838,40.0,2025-06-14,23:30
15839,40.0,2025-06-14,23:45
15840,288.59,2025-06-14,24:00
15841,238.65,2025-06-15,00:15
15842,267.24,2025-06-15,00:30
15843,267.36,2025-06-15,00:45
15844,260.91,2025-06-15,01:00
15845,297.49,2025-06-15,01:15
15846,273.16,2025-06-15,01:30
15847,310.33,2025-06-15,01:45
15848,320.08,2025-06-15,02:00
15849,311.26,2025-06-15,02:15
15850,330.58,2025-06-15,02:30
15851,312.66,2025-06-15,02:45
15852,290.08,2025-06-15,03:00
15853,328.82,2025-06-15,03:15
15854,323.81,2025-06-15,03:30
15855,324.73,2025-06-15,03:45
15856,322.09,2025-06-15,04:00
15857,327.41,2025-06-15,04:15
15858,328.4,2025-06-15,04:30
15859,343.98,2025-06-15,04:45
15860,329.92,2025-06-15,05:00
15861,356.76,2025-06-15,05:15
15862,320.65,2025-06-15,05:30
15863,314.4,2025-06-15,05:45
15864,322.63,2025-06-15,06:00
15865,336.46,2025-06-15,06:15
15866,315.81,2025-06-15,06:30
15867,280.95,2025-06-15,06:45
15868,285.93,2025-06-15,07:00
15869,194.77,2025-06-15,07:15
15870,294.02,2025-06-15,07:30
15871,205.13,2025-06-15,07:45
15872,40.0,2025-06-15,08:00
15873,40.0,2025-06-15,08:15
15874,40.0,2025-06-15,08:30
15875,40.0,2025-06-15,08:45
15876,132.19,2025-06-15,09:00
15877,40.0,2025-06-15,09:15
15878,123.91,2025-06-15,09:30
15879,152.49,2025-06-15,09:45
15880,132.65,2025-06-15,10:00
15881,149.98,2025-06-15,10:15
15882,103.3,2025-06-15,10:30
15883,90.07,2025-06-15,10:45
15884,40.0,2025-06-15,11:00
15885,91.2,2025-06-15,11:15
15886,143.22,2025-06-15,11:30
15887,40.0,2025-06-15,11:45
15888,40.0,2025-06-15,12:00
15889,146.98,2025-06-15,12:15
15890,154.5,2025-06-15,12:30
15891,40.0,2025-06-15,12:45
15892,40.0,2025-06-15,13:00
15893,40.0,2025-06-15,13:15
15894,40.0,2025-06-15,13:30
15895,40.0,2025-06-15,13:45
15896,40.0,2025-06-15,14:00
15897,40.0,2025-06-15,14:15
15898,40.0,2025-06-15,14:30
15899,40.0,2025-06-15,14:45
15900,40.0,2025-06-15,15:00
15901,143.47,2025-06-15,15:15
15902,118.57,2025-06-15,15:30
15903,116.82,2025-06-15,15:45
15904,169.9,2025-06-15,16:00
15905,209.94,2025-06-15,16:15
15906,210.89,2025-06-15,16:30
15907,202.76,2025-06-15,16:45
15908,195.01,2025-06-15,17:00
15909,223.4,2025-06-15,17:15
15910,211.66,2025-06-15,17:30
15911,189.52,2025-06-15,17:45
15912,117.02,2025-06-15,18:00
15913,40.0,2025-06-15,18:15
15914,195.0,2025-06-15,18:30
15915,40.0,2025-06-15,18:45
15916,42.05,2025-06-15,19:00
15917,293.03,2025-06-15,19:15
15918,324.7,2025-06-15,19:30
15919,302.8,2025-06-15,19:45
15920,271.31,2025-06-15,20:00
15921,300.84,2025-06-15,20:15
15922,218.23,2025-06-15,20:30
15923,187.84,2025-06-15,20:45
15924,207.96,2025-06-15,21:00
15925,206.82,2025-06-15,21:15
15926,219.36,2025-06-15,21:30
15927,248.77,2025-06-15,21:45
15928,233.83,2025-06-15,22:00
15929,215.84,2025-06-15,22:15
15930,208.85,2025-06-15,22:30
15931,174.35,2025-06-15,22:45
15932,40.0,2025-06-15,23:00
15933,179.76,2025-06-15,23:15
15934,200.79,2025-06-15,23:30
15935,40.0,2025-06-15,23:45
15936,390.0,2025-06-15,24:00
15937,334.89,2025-06-16,00:15
15938,341.65,2025-06-16,00:30
15939,316.14,2025-06-16,00:45
15940,328.74,2025-06-16,01:00
15941,340.48,2025-06-16,01:15
15942,360.02,2025-06-16,01:30
15943,350.22,2025-06-16,01:45
15944,353.98,2025-06-16,02:00
15945,421.82,2025-06-16,02:15
15946,410.16,2025-06-16,02:30
15947,430.44,2025-06-16,02:45
15948,388.4,2025-06-16,03:00
15949,428.2,2025-06-16,03:15
15950,407.07,2025-06-16,03:30
15951,418.58,2025-06-16,03:45
15952,405.35,2025-06-16,04:00
15953,359.88,2025-06-16,04:15
15954,434.5,2025-06-16,04:30
15955,420.27,2025-06-16,04:45
15956,406.44,2025-06-16,05:00
15957,415.86,2025-06-16,05:15
15958,418.91,2025-06-16,05:30
15959,406.21,2025-06-16,05:45
15960,407.19,2025-06-16,06:00
15961,354.39,2025-06-16,06:15
15962,348.38,2025-06-16,06:30
15963,343.11,2025-06-16,06:45
15964,302.57,2025-06-16,07:00
15965,312.77,2025-06-16,07:15
15966,290.07,2025-06-16,07:30
15967,256.63,2025-06-16,07:45
15968,223.06,2025-06-16,08:00
15969,76.33,2025-06-16,08:15
15970,152.01,2025-06-16,08:30
15971,130.2,2025-06-16,08:45
15972,40.0,2025-06-16,09:00
15973,40.0,2025-06-16,09:15
15974,40.0,2025-06-16,09:30
15975,40.0,2025-06-16,09:45
15976,40.0,2025-06-16,10:00
15977,188.92,2025-06-16,10:15
15978,151.53,2025-06-16,10:30
15979,158.28,2025-06-16,10:45
15980,147.0,2025-06-16,11:00
15981,190.78,2025-06-16,11:15
15982,193.48,2025-06-16,11:30
15983,189.89,2025-06-16,11:45
15984,94.68,2025-06-16,12:00
15985,98.94,2025-06-16,12:15
15986,40.0,2025-06-16,12:30
15987,40.0,2025-06-16,12:45
15988,40.0,2025-06-16,13:00
15989,235.12,2025-06-16,13:15
15990,253.3,2025-06-16,13:30
15991,249.6,2025-06-16,13:45
15992,198.94,2025-06-16,14:00
15993,142.2,2025-06-16,14:15
15994,171.97,2025-06-16,14:30
15995,232.97,2025-06-16,14:45
15996,215.97,2025-06-16,15:00
15997,280.39,2025-06-16,15:15
15998,278.25,2025-06-16,15:30
15999,250.92,2025-06-16,15:45
16000,204.17,2025-06-16,16:00
16001,345.52,2025-06-16,16:15
16002,228.2,2025-06-16,16:30
16003,198.7,2025-06-16,16:45
16004,151.91,2025-06-16,17:00
16005,229.86,2025-06-16,17:15
16006,249.29,2025-06-16,17:30
16007,40.0,2025-06-16,17:45
16008,260.91,2025-06-16,18:00
16009,91.85,2025-06-16,18:15
16010,40.0,2025-06-16,18:30
16011,40.0,2025-06-16,18:45
16012,40.0,2025-06-16,19:00
16013,350.45,2025-06-16,19:15
16014,40.0,2025-06-16,19:30
16015,40.0,2025-06-16,19:45
16016,410.0,2025-06-16,20:00
16017,427.46,2025-06-16,20:15
16018,373.48,2025-06-16,20:30
16019,279.23,2025-06-16,20:45
16020,324.89,2025-06-16,21:00
16021,312.24,2025-06-16,21:15
16022,283.61,2025-06-16,21:30
16023,279.94,2025-06-16,21:45
16024,251.49,2025-06-16,22:00
16025,350.0,2025-06-16,22:15
16026,320.0,2025-06-16,22:30
16027,300.0,2025-06-16,22:45
16028,40.0,2025-06-16,23:00
16029,40.0,2025-06-16,23:15
16030,40.0,2025-06-16,23:30
16031,40.0,2025-06-16,23:45
16032,40.0,2025-06-16,24:00
16033,40.0,2025-06-17,00:15
16034,40.0,2025-06-17,00:30
16035,40.0,2025-06-17,00:45
16036,231.82,2025-06-17,01:00
16037,40.0,2025-06-17,01:15
16038,218.28,2025-06-17,01:30
16039,135.94,2025-06-17,01:45
16040,211.92,2025-06-17,02:00
16041,208.44,2025-06-17,02:15
16042,40.0,2025-06-17,02:30
16043,40.0,2025-06-17,02:45
16044,40.0,2025-06-17,03:00
16045,40.0,2025-06-17,03:15
16046,40.0,2025-06-17,03:30
16047,40.0,2025-06-17,03:45
16048,138.62,2025-06-17,04:00
16049,131.98,2025-06-17,04:15
16050,211.46,2025-06-17,04:30
16051,217.76,2025-06-17,04:45
16052,204.74,2025-06-17,05:00
16053,202.6,2025-06-17,05:15
16054,200.14,2025-06-17,05:30
16055,216.81,2025-06-17,05:45
16056,221.07,2025-06-17,06:00
16057,241.2,2025-06-17,06:15
16058,240.56,2025-06-17,06:30
16059,214.38,2025-06-17,06:45
16060,210.44,2025-06-17,07:00
16061,205.36,2025-06-17,07:15
16062,188.08,2025-06-17,07:30
16063,117.8,2025-06-17,07:45
16064,40.0,2025-06-17,08:00
16065,40.0,2025-06-17,08:15
16066,40.0,2025-06-17,08:30
16067,40.0,2025-06-17,08:45
16068,40.0,2025-06-17,09:00
16069,40.0,2025-06-17,09:15
16070,40.0,2025-06-17,09:30
16071,154.13,2025-06-17,09:45
16072,183.56,2025-06-17,10:00
16073,208.64,2025-06-17,10:15
16074,176.42,2025-06-17,10:30
16075,189.69,2025-06-17,10:45
16076,161.12,2025-06-17,11:00
16077,192.23,2025-06-17,11:15
16078,177.33,2025-06-17,11:30
16079,171.71,2025-06-17,11:45
16080,102.49,2025-06-17,12:00
16081,40.0,2025-06-17,12:15
16082,40.0,2025-06-17,12:30
16083,164.87,2025-06-17,12:45
16084,136.52,2025-06-17,13:00
16085,173.26,2025-06-17,13:15
16086,172.99,2025-06-17,13:30
16087,172.85,2025-06-17,13:45
16088,174.04,2025-06-17,14:00
16089,192.88,2025-06-17,14:15
16090,240.45,2025-06-17,14:30
16091,235.61,2025-06-17,14:45
16092,243.15,2025-06-17,15:00
16093,294.74,2025-06-17,15:15
16094,298.14,2025-06-17,15:30
16095,295.99,2025-06-17,15:45
16096,261.0,2025-06-17,16:00
16097,339.45,2025-06-17,16:15
16098,303.39,2025-06-17,16:30
16099,260.68,2025-06-17,16:45
16100,231.8,2025-06-17,17:00
16101,278.46,2025-06-17,17:15
16102,319.23,2025-06-17,17:30
16103,341.06,2025-06-17,17:45
16104,454.15,2025-06-17,18:00
16105,271.78,2025-06-17,18:15
16106,272.76,2025-06-17,18:30
16107,279.55,2025-06-17,18:45
16108,281.09,2025-06-17,19:00
16109,355.72,2025-06-17,19:15
16110,352.64,2025-06-17,19:30
16111,418.98,2025-06-17,19:45
16112,390.77,2025-06-17,20:00
16113,368.88,2025-06-17,20:15
16114,376.94,2025-06-17,20:30
16115,363.98,2025-06-17,20:45
16116,349.01,2025-06-17,21:00
16117,365.29,2025-06-17,21:15
16118,446.57,2025-06-17,21:30
16119,446.12,2025-06-17,21:45
16120,433.4,2025-06-17,22:00
16121,443.39,2025-06-17,22:15
16122,352.66,2025-06-17,22:30
16123,358.02,2025-06-17,22:45
16124,343.33,2025-06-17,23:00
16125,314.52,2025-06-17,23:15
16126,319.64,2025-06-17,23:30
16127,397.45,2025-06-17,23:45
16128,393.97,2025-06-17,24:00
16129,478.36,2025-06-18,00:15
16130,413.64,2025-06-18,00:30
16131,427.05,2025-06-18,00:45
16132,397.02,2025-06-18,01:00
16133,391.89,2025-06-18,01:15
16134,381.38,2025-06-18,01:30
16135,294.57,2025-06-18,01:45
16136,353.4,2025-06-18,02:00
16137,397.88,2025-06-18,02:15
16138,379.24,2025-06-18,02:30
16139,318.03,2025-06-18,02:45
16140,371.15,2025-06-18,03:00
16141,374.77,2025-06-18,03:15
16142,366.76,2025-06-18,03:30
16143,290.28,2025-06-18,03:45
16144,264.66,2025-06-18,04:00
16145,284.66,2025-06-18,04:15
16146,285.15,2025-06-18,04:30
16147,281.78,2025-06-18,04:45
16148,250.04,2025-06-18,05:00
16149,270.91,2025-06-18,05:15
16150,270.69,2025-06-18,05:30
16151,285.22,2025-06-18,05:45
16152,272.82,2025-06-18,06:00
16153,245.29,2025-06-18,06:15
16154,221.59,2025-06-18,06:30
16155,186.56,2025-06-18,06:45
16156,40.0,2025-06-18,07:00
16157,40.0,2025-06-18,07:15
16158,259.63,2025-06-18,07:30
16159,238.94,2025-06-18,07:45
16160,236.64,2025-06-18,08:00
16161,143.76,2025-06-18,08:15
16162,250.0,2025-06-18,08:30
16163,296.19,2025-06-18,08:45
16164,320.0,2025-06-18,09:00
16165,40.0,2025-06-18,09:15
16166,310.0,2025-06-18,09:30
16167,194.25,2025-06-18,09:45
16168,222.57,2025-06-18,10:00
16169,237.81,2025-06-18,10:15
16170,218.84,2025-06-18,10:30
16171,381.15,2025-06-18,10:45
16172,193.56,2025-06-18,11:00
16173,190.6,2025-06-18,11:15
16174,169.3,2025-06-18,11:30
16175,99.94,2025-06-18,11:45
16176,168.45,2025-06-18,12:00
16177,182.91,2025-06-18,12:15
16178,208.38,2025-06-18,12:30
16179,192.39,2025-06-18,12:45
16180,194.53,2025-06-18,13:00
16181,231.54,2025-06-18,13:15
16182,238.67,2025-06-18,13:30
16183,228.64,2025-06-18,13:45
16184,208.7,2025-06-18,14:00
16185,224.95,2025-06-18,14:15
16186,208.03,2025-06-18,14:30
16187,226.56,2025-06-18,14:45
16188,229.0,2025-06-18,15:00
16189,217.98,2025-06-18,15:15
16190,214.79,2025-06-18,15:30
16191,221.4,2025-06-18,15:45
16192,258.08,2025-06-18,16:00
16193,313.75,2025-06-18,16:15
16194,288.43,2025-06-18,16:30
16195,236.65,2025-06-18,16:45
16196,256.15,2025-06-18,17:00
16197,300.58,2025-06-18,17:15
16198,311.37,2025-06-18,17:30
16199,346.19,2025-06-18,17:45
16200,333.11,2025-06-18,18:00
16201,255.47,2025-06-18,18:15
16202,271.78,2025-06-18,18:30
16203,339.31,2025-06-18,18:45
16204,366.96,2025-06-18,19:00
16205,410.1,2025-06-18,19:15
16206,424.36,2025-06-18,19:30
16207,386.12,2025-06-18,19:45
16208,394.52,2025-06-18,20:00
16209,440.28,2025-06-18,20:15
16210,442.71,2025-06-18,20:30
16211,488.85,2025-06-18,20:45
16212,360.25,2025-06-18,21:00
16213,335.78,2025-06-18,21:15
16214,361.03,2025-06-18,21:30
16215,357.16,2025-06-18,21:45
16216,338.3,2025-06-18,22:00
16217,263.06,2025-06-18,22:15
16218,235.76,2025-06-18,22:30
16219,275.72,2025-06-18,22:45
16220,259.8,2025-06-18,23:00
16221,268.01,2025-06-18,23:15
16222,256.53,2025-06-18,23:30
16223,268.38,2025-06-18,23:45
16224,297.32,2025-06-18,24:00
16225,347.06,2025-06-19,00:15
16226,338.31,2025-06-19,00:30
16227,283.38,2025-06-19,00:45
16228,276.64,2025-06-19,01:00
16229,280.12,2025-06-19,01:15
16230,48.65,2025-06-19,01:30
16231,48.29,2025-06-19,01:45
16232,40.0,2025-06-19,02:00
16233,40.0,2025-06-19,02:15
16234,194.94,2025-06-19,02:30
16235,159.03,2025-06-19,02:45
16236,40.0,2025-06-19,03:00
16237,40.0,2025-06-19,03:15
16238,201.61,2025-06-19,03:30
16239,40.0,2025-06-19,03:45
16240,40.0,2025-06-19,04:00
16241,40.0,2025-06-19,04:15
16242,40.0,2025-06-19,04:30
16243,40.0,2025-06-19,04:45
16244,171.83,2025-06-19,05:00
16245,214.17,2025-06-19,05:15
16246,212.91,2025-06-19,05:30
16247,223.04,2025-06-19,05:45
16248,40.0,2025-06-19,06:00
16249,47.67,2025-06-19,06:15
16250,47.63,2025-06-19,06:30
16251,48.88,2025-06-19,06:45
16252,49.36,2025-06-19,07:00
16253,48.37,2025-06-19,07:15
16254,48.25,2025-06-19,07:30
16255,48.96,2025-06-19,07:45
16256,48.61,2025-06-19,08:00
16257,48.92,2025-06-19,08:15
16258,48.77,2025-06-19,08:30
16259,48.78,2025-06-19,08:45
16260,48.78,2025-06-19,09:00
16261,49.48,2025-06-19,09:15
16262,49.06,2025-06-19,09:30
16263,47.82,2025-06-19,09:45
16264,47.19,2025-06-19,10:00
16265,155.57,2025-06-19,10:15
16266,47.81,2025-06-19,10:30
16267,47.52,2025-06-19,10:45
16268,47.58,2025-06-19,11:00
16269,47.46,2025-06-19,11:15
16270,142.71,2025-06-19,11:30
16271,47.84,2025-06-19,11:45
16272,48.42,2025-06-19,12:00
16273,189.07,2025-06-19,12:15
16274,182.89,2025-06-19,12:30
16275,180.6,2025-06-19,12:45
16276,194.65,2025-06-19,13:00
16277,179.82,2025-06-19,13:15
16278,179.44,2025-06-19,13:30
16279,194.15,2025-06-19,13:45
16280,194.67,2025-06-19,14:00
16281,40.0,2025-06-19,14:15
16282,48.25,2025-06-19,14:30
16283,48.34,2025-06-19,14:45
16284,156.19,2025-06-19,15:00
16285,139.16,2025-06-19,15:15
16286,47.36,2025-06-19,15:30
16287,46.83,2025-06-19,15:45
16288,47.01,2025-06-19,16:00
16289,283.61,2025-06-19,16:15
16290,279.71,2025-06-19,16:30
16291,253.59,2025-06-19,16:45
16292,227.28,2025-06-19,17:00
16293,265.55,2025-06-19,17:15
16294,249.24,2025-06-19,17:30
16295,283.71,2025-06-19,17:45
16296,253.8,2025-06-19,18:00
16297,196.23,2025-06-19,18:15
16298,197.57,2025-06-19,18:30
16299,219.79,2025-06-19,18:45
16300,232.94,2025-06-19,19:00
16301,319.44,2025-06-19,19:15
16302,291.56,2025-06-19,19:30
16303,265.61,2025-06-19,19:45
16304,264.14,2025-06-19,20:00
16305,245.62,2025-06-19,20:15
16306,216.43,2025-06-19,20:30
16307,40.0,2025-06-19,20:45
16308,40.0,2025-06-19,21:00
16309,215.08,2025-06-19,21:15
16310,212.26,2025-06-19,21:30
16311,171.5,2025-06-19,21:45
16312,47.87,2025-06-19,22:00
16313,209.3,2025-06-19,22:15
16314,47.87,2025-06-19,22:30
16315,200.91,2025-06-19,22:45
16316,203.52,2025-06-19,23:00
16317,210.81,2025-06-19,23:15
16318,197.88,2025-06-19,23:30
16319,178.98,2025-06-19,23:45
16320,185.39,2025-06-19,24:00
16321,217.97,2025-06-20,00:15
16322,192.34,2025-06-20,00:30
16323,180.85,2025-06-20,00:45
16324,158.21,2025-06-20,01:00
16325,214.92,2025-06-20,01:15
16326,211.98,2025-06-20,01:30
16327,214.31,2025-06-20,01:45
16328,267.79,2025-06-20,02:00
16329,258.77,2025-06-20,02:15
16330,270.56,2025-06-20,02:30
16331,259.21,2025-06-20,02:45
16332,243.56,2025-06-20,03:00
16333,248.69,2025-06-20,03:15
16334,238.29,2025-06-20,03:30
16335,234.62,2025-06-20,03:45
16336,303.41,2025-06-20,04:00
16337,259.29,2025-06-20,04:15
16338,236.94,2025-06-20,04:30
16339,252.91,2025-06-20,04:45
16340,257.28,2025-06-20,05:00
16341,260.52,2025-06-20,05:15
16342,258.27,2025-06-20,05:30
16343,256.9,2025-06-20,05:45
16344,261.76,2025-06-20,06:00
16345,293.26,2025-06-20,06:15
16346,284.86,2025-06-20,06:30
16347,219.12,2025-06-20,06:45
16348,205.38,2025-06-20,07:00
16349,193.41,2025-06-20,07:15
16350,186.72,2025-06-20,07:30
16351,185.12,2025-06-20,07:45
16352,51.03,2025-06-20,08:00
16353,50.7,2025-06-20,08:15
16354,49.51,2025-06-20,08:30
16355,48.57,2025-06-20,08:45
16356,152.58,2025-06-20,09:00
16357,49.23,2025-06-20,09:15
16358,49.08,2025-06-20,09:30
16359,157.14,2025-06-20,09:45
16360,155.32,2025-06-20,10:00
16361,185.89,2025-06-20,10:15
16362,185.65,2025-06-20,10:30
16363,199.2,2025-06-20,10:45
16364,181.41,2025-06-20,11:00
16365,185.47,2025-06-20,11:15
16366,152.77,2025-06-20,11:30
16367,170.83,2025-06-20,11:45
16368,48.26,2025-06-20,12:00
16369,49.32,2025-06-20,12:15
16370,166.84,2025-06-20,12:30
16371,141.33,2025-06-20,12:45
16372,132.47,2025-06-20,13:00
16373,143.21,2025-06-20,13:15
16374,147.76,2025-06-20,13:30
16375,172.03,2025-06-20,13:45
16376,281.97,2025-06-20,14:00
16377,242.13,2025-06-20,14:15
16378,261.11,2025-06-20,14:30
16379,289.78,2025-06-20,14:45
16380,269.33,2025-06-20,15:00
16381,271.34,2025-06-20,15:15
16382,284.4,2025-06-20,15:30
16383,297.18,2025-06-20,15:45
16384,296.91,2025-06-20,16:00
16385,308.82,2025-06-20,16:15
16386,275.24,2025-06-20,16:30
16387,237.33,2025-06-20,16:45
16388,223.92,2025-06-20,17:00
16389,279.94,2025-06-20,17:15
16390,236.53,2025-06-20,17:30
16391,225.06,2025-06-20,17:45
16392,287.5,2025-06-20,18:00
16393,223.91,2025-06-20,18:15
16394,279.09,2025-06-20,18:30
16395,300.72,2025-06-20,18:45
16396,291.92,2025-06-20,19:00
16397,372.1,2025-06-20,19:15
16398,323.26,2025-06-20,19:30
16399,311.28,2025-06-20,19:45
16400,345.99,2025-06-20,20:00
16401,350.41,2025-06-20,20:15
16402,286.69,2025-06-20,20:30
16403,305.75,2025-06-20,20:45
16404,315.1,2025-06-20,21:00
16405,360.95,2025-06-20,21:15
16406,352.85,2025-06-20,21:30
16407,320.36,2025-06-20,21:45
16408,281.41,2025-06-20,22:00
16409,289.82,2025-06-20,22:15
16410,295.01,2025-06-20,22:30
16411,281.14,2025-06-20,22:45
16412,276.43,2025-06-20,23:00
16413,242.48,2025-06-20,23:15
16414,229.29,2025-06-20,23:30
16415,226.49,2025-06-20,23:45
16416,217.76,2025-06-20,24:00
16417,50.09,2025-06-21,00:15
16418,49.39,2025-06-21,00:30
16419,48.74,2025-06-21,00:45
16420,49.23,2025-06-21,01:00
16421,210.07,2025-06-21,01:15
16422,211.82,2025-06-21,01:30
16423,213.1,2025-06-21,01:45
16424,215.01,2025-06-21,02:00
16425,219.35,2025-06-21,02:15
16426,179.99,2025-06-21,02:30
16427,49.96,2025-06-21,02:45
16428,181.03,2025-06-21,03:00
16429,176.45,2025-06-21,03:15
16430,182.31,2025-06-21,03:30
16431,208.28,2025-06-21,03:45
16432,199.32,2025-06-21,04:00
16433,210.46,2025-06-21,04:15
16434,218.43,2025-06-21,04:30
16435,247.95,2025-06-21,04:45
16436,246.94,2025-06-21,05:00
16437,244.61,2025-06-21,05:15
16438,242.29,2025-06-21,05:30
16439,242.61,2025-06-21,05:45
16440,213.21,2025-06-21,06:00
16441,223.67,2025-06-21,06:15
16442,203.39,2025-06-21,06:30
16443,51.8,2025-06-21,06:45
16444,51.67,2025-06-21,07:00
16445,51.94,2025-06-21,07:15
16446,52.21,2025-06-21,07:30
16447,52.06,2025-06-21,07:45
16448,51.74,2025-06-21,08:00
16449,51.45,2025-06-21,08:15
16450,51.42,2025-06-21,08:30
16451,50.44,2025-06-21,08:45
16452,50.34,2025-06-21,09:00
16453,50.81,2025-06-21,09:15
16454,51.26,2025-06-21,09:30
16455,50.57,2025-06-21,09:45
16456,130.75,2025-06-21,10:00
16457,148.91,2025-06-21,10:15
16458,48.21,2025-06-21,10:30
16459,160.24,2025-06-21,10:45
16460,162.82,2025-06-21,11:00
16461,176.99,2025-06-21,11:15
16462,139.21,2025-06-21,11:30
16463,156.99,2025-06-21,11:45
16464,182.68,2025-06-21,12:00
16465,177.35,2025-06-21,12:15
16466,48.64,2025-06-21,12:30
16467,48.66,2025-06-21,12:45
16468,48.37,2025-06-21,13:00
16469,172.37,2025-06-21,13:15
16470,49.66,2025-06-21,13:30
16471,49.48,2025-06-21,13:45
16472,49.43,2025-06-21,14:00
16473,176.46,2025-06-21,14:15
16474,161.55,2025-06-21,14:30
16475,50.22,2025-06-21,14:45
16476,50.37,2025-06-21,15:00
16477,190.65,2025-06-21,15:15
16478,215.86,2025-06-21,15:30
16479,217.41,2025-06-21,15:45
16480,211.2,2025-06-21,16:00
16481,267.24,2025-06-21,16:15
16482,237.98,2025-06-21,16:30
16483,219.26,2025-06-21,16:45
16484,195.73,2025-06-21,17:00
16485,239.15,2025-06-21,17:15
16486,268.52,2025-06-21,17:30
16487,313.11,2025-06-21,17:45
16488,292.63,2025-06-21,18:00
16489,51.07,2025-06-21,18:15
16490,50.69,2025-06-21,18:30
16491,50.34,2025-06-21,18:45
16492,50.0,2025-06-21,19:00
16493,254.88,2025-06-21,19:15
16494,264.56,2025-06-21,19:30
16495,272.31,2025-06-21,19:45
16496,277.87,2025-06-21,20:00
16497,305.12,2025-06-21,20:15
16498,315.43,2025-06-21,20:30
16499,305.44,2025-06-21,20:45
16500,265.03,2025-06-21,21:00
16501,263.6,2025-06-21,21:15
16502,271.39,2025-06-21,21:30
16503,50.0,2025-06-21,21:45
16504,50.26,2025-06-21,22:00
16505,315.28,2025-06-21,22:15
16506,305.64,2025-06-21,22:30
16507,257.23,2025-06-21,22:45
16508,51.04,2025-06-21,23:00
16509,315.83,2025-06-21,23:15
16510,325.86,2025-06-21,23:30
16511,306.23,2025-06-21,23:45
16512,306.52,2025-06-21,24:00
16513,354.74,2025-06-22,00:15
16514,355.03,2025-06-22,00:30
16515,335.85,2025-06-22,00:45
16516,336.18,2025-06-22,01:00
16517,335.98,2025-06-22,01:15
16518,326.68,2025-06-22,01:30
16519,326.15,2025-06-22,01:45
16520,345.89,2025-06-22,02:00
16521,356.18,2025-06-22,02:15
16522,356.02,2025-06-22,02:30
16523,355.04,2025-06-22,02:45
16524,354.48,2025-06-22,03:00
16525,355.2,2025-06-22,03:15
16526,335.51,2025-06-22,03:30
16527,335.3,2025-06-22,03:45
16528,335.21,2025-06-22,04:00
16529,302.95,2025-06-22,04:15
16530,301.25,2025-06-22,04:30
16531,284.94,2025-06-22,04:45
16532,281.19,2025-06-22,05:00
16533,259.71,2025-06-22,05:15
16534,261.84,2025-06-22,05:30
16535,265.09,2025-06-22,05:45
16536,270.09,2025-06-22,06:00
16537,260.29,2025-06-22,06:15
16538,53.12,2025-06-22,06:30
16539,52.04,2025-06-22,06:45
16540,51.99,2025-06-22,07:00
16541,52.3,2025-06-22,07:15
16542,51.86,2025-06-22,07:30
16543,51.57,2025-06-22,07:45
16544,51.09,2025-06-22,08:00
16545,51.31,2025-06-22,08:15
16546,50.93,2025-06-22,08:30
16547,51.51,2025-06-22,08:45
16548,50.63,2025-06-22,09:00
16549,51.03,2025-06-22,09:15
16550,50.5,2025-06-22,09:30
16551,50.18,2025-06-22,09:45
16552,49.93,2025-06-22,10:00
16553,49.34,2025-06-22,10:15
16554,49.86,2025-06-22,10:30
16555,49.6,2025-06-22,10:45
16556,48.28,2025-06-22,11:00
16557,135.99,2025-06-22,11:15
16558,188.87,2025-06-22,11:30
16559,155.12,2025-06-22,11:45
16560,48.19,2025-06-22,12:00
16561,49.39,2025-06-22,12:15
16562,49.35,2025-06-22,12:30
16563,49.1,2025-06-22,12:45
16564,49.49,2025-06-22,13:00
16565,49.28,2025-06-22,13:15
16566,49.08,2025-06-22,13:30
16567,48.94,2025-06-22,13:45
16568,165.92,2025-06-22,14:00
16569,210.8,2025-06-22,14:15
16570,164.48,2025-06-22,14:30
16571,176.73,2025-06-22,14:45
16572,186.36,2025-06-22,15:00
16573,233.85,2025-06-22,15:15
16574,221.87,2025-06-22,15:30
16575,234.68,2025-06-22,15:45
16576,178.85,2025-06-22,16:00
16577,221.41,2025-06-22,16:15
16578,212.75,2025-06-22,16:30
16579,176.29,2025-06-22,16:45
16580,177.65,2025-06-22,17:00
16581,208.93,2025-06-22,17:15
16582,209.17,2025-06-22,17:30
16583,267.47,2025-06-22,17:45
16584,252.75,2025-06-22,18:00
16585,49.79,2025-06-22,18:15
16586,210.06,2025-06-22,18:30
16587,219.28,2025-06-22,18:45
16588,224.11,2025-06-22,19:00
16589,297.8,2025-06-22,19:15
16590,289.42,2025-06-22,19:30
16591,219.78,2025-06-22,19:45
16592,241.54,2025-06-22,20:00
16593,231.46,2025-06-22,20:15
16594,256.54,2025-06-22,20:30
16595,264.07,2025-06-22,20:45
16596,386.7,2025-06-22,21:00
16597,312.84,2025-06-22,21:15
16598,210.71,2025-06-22,21:30
16599,235.22,2025-06-22,21:45
16600,234.23,2025-06-22,22:00
16601,217.77,2025-06-22,22:15
16602,206.9,2025-06-22,22:30
16603,194.52,2025-06-22,22:45
16604,176.95,2025-06-22,23:00
16605,195.38,2025-06-22,23:15
16606,193.57,2025-06-22,23:30
16607,48.05,2025-06-22,23:45
16608,304.54,2025-06-22,24:00
16609,300.0,2025-06-23,00:15
16610,304.71,2025-06-23,00:30
16611,304.78,2025-06-23,00:45
16612,275.8,2025-06-23,01:00
16613,255.91,2025-06-23,01:15
16614,285.4,2025-06-23,01:30
16615,275.9,2025-06-23,01:45
16616,275.9,2025-06-23,02:00
16617,50.52,2025-06-23,02:15
16618,246.88,2025-06-23,02:30
16619,50.52,2025-06-23,02:45
16620,51.29,2025-06-23,03:00
16621,50.95,2025-06-23,03:15
16622,266.61,2025-06-23,03:30
16623,276.41,2025-06-23,03:45
16624,257.2,2025-06-23,04:00
16625,296.95,2025-06-23,04:15
16626,296.98,2025-06-23,04:30
16627,277.41,2025-06-23,04:45
16628,51.54,2025-06-23,05:00
16629,277.5,2025-06-23,05:15
16630,297.24,2025-06-23,05:30
16631,306.56,2025-06-23,05:45
16632,306.7,2025-06-23,06:00
16633,306.46,2025-06-23,06:15
16634,306.58,2025-06-23,06:30
16635,296.77,2025-06-23,06:45
16636,51.53,2025-06-23,07:00
16637,51.83,2025-06-23,07:15
16638,51.64,2025-06-23,07:30
16639,51.52,2025-06-23,07:45
16640,51.09,2025-06-23,08:00
16641,276.39,2025-06-23,08:15
16642,50.11,2025-06-23,08:30
16643,50.18,2025-06-23,08:45
16644,40.0,2025-06-23,09:00
16645,40.0,2025-06-23,09:15
16646,40.0,2025-06-23,09:30
16647,40.0,2025-06-23,09:45
16648,40.0,2025-06-23,10:00
16649,171.49,2025-06-23,10:15
16650,168.83,2025-06-23,10:30
16651,190.35,2025-06-23,10:45
16652,187.53,2025-06-23,11:00
16653,208.53,2025-06-23,11:15
16654,187.73,2025-06-23,11:30
16655,179.93,2025-06-23,11:45
16656,169.25,2025-06-23,12:00
16657,192.96,2025-06-23,12:15
16658,187.72,2025-06-23,12:30
16659,48.1,2025-06-23,12:45
16660,48.07,2025-06-23,13:00
16661,198.07,2025-06-23,13:15
16662,49.95,2025-06-23,13:30
16663,50.21,2025-06-23,13:45
16664,146.29,2025-06-23,14:00
16665,159.26,2025-06-23,14:15
16666,162.52,2025-06-23,14:30
16667,213.69,2025-06-23,14:45
16668,49.81,2025-06-23,15:00
16669,227.55,2025-06-23,15:15
16670,49.13,2025-06-23,15:30
16671,228.92,2025-06-23,15:45
16672,49.05,2025-06-23,16:00
16673,262.47,2025-06-23,16:15
16674,245.97,2025-06-23,16:30
16675,215.62,2025-06-23,16:45
16676,223.4,2025-06-23,17:00
16677,292.72,2025-06-23,17:15
16678,291.55,2025-06-23,17:30
16679,288.81,2025-06-23,17:45
16680,243.8,2025-06-23,18:00
16681,46.96,2025-06-23,18:15
16682,47.17,2025-06-23,18:30
16683,47.87,2025-06-23,18:45
16684,252.64,2025-06-23,19:00
16685,351.07,2025-06-23,19:15
16686,259.52,2025-06-23,19:30
16687,268.59,2025-06-23,19:45
16688,227.6,2025-06-23,20:00
16689,236.68,2025-06-23,20:15
16690,230.53,2025-06-23,20:30
16691,216.01,2025-06-23,20:45
16692,250.94,2025-06-23,21:00
16693,256.42,2025-06-23,21:15
16694,233.48,2025-06-23,21:30
16695,40.0,2025-06-23,21:45
16696,40.0,2025-06-23,22:00
16697,40.0,2025-06-23,22:15
16698,40.0,2025-06-23,22:30
16699,40.0,2025-06-23,22:45
16700,40.0,2025-06-23,23:00
16701,40.0,2025-06-23,23:15
16702,40.0,2025-06-23,23:30
16703,320.0,2025-06-23,23:45
16704,310.0,2025-06-23,24:00
16705,260.0,2025-06-24,00:15
16706,249.01,2025-06-24,00:30
16707,281.97,2025-06-24,00:45
16708,261.7,2025-06-24,01:00
16709,220.57,2025-06-24,01:15
16710,250.0,2025-06-24,01:30
16711,40.0,2025-06-24,01:45
16712,40.0,2025-06-24,02:00
16713,40.0,2025-06-24,02:15
16714,40.0,2025-06-24,02:30
16715,40.0,2025-06-24,02:45
16716,40.0,2025-06-24,03:00
16717,40.0,2025-06-24,03:15
16718,250.0,2025-06-24,03:30
16719,183.64,2025-06-24,03:45
16720,176.79,2025-06-24,04:00
16721,237.04,2025-06-24,04:15
16722,236.17,2025-06-24,04:30
16723,252.11,2025-06-24,04:45
16724,240.18,2025-06-24,05:00
16725,40.0,2025-06-24,05:15
16726,40.0,2025-06-24,05:30
16727,40.0,2025-06-24,05:45
16728,40.0,2025-06-24,06:00
16729,40.0,2025-06-24,06:15
16730,40.0,2025-06-24,06:30
16731,40.0,2025-06-24,06:45
16732,40.0,2025-06-24,07:00
16733,40.0,2025-06-24,07:15
16734,40.0,2025-06-24,07:30
16735,40.0,2025-06-24,07:45
16736,40.0,2025-06-24,08:00
16737,40.0,2025-06-24,08:15
16738,40.0,2025-06-24,08:30
16739,40.0,2025-06-24,08:45
16740,40.0,2025-06-24,09:00
16741,40.0,2025-06-24,09:15
16742,40.0,2025-06-24,09:30
16743,40.0,2025-06-24,09:45
16744,145.15,2025-06-24,10:00
16745,175.41,2025-06-24,10:15
16746,127.79,2025-06-24,10:30
16747,177.6,2025-06-24,10:45
16748,40.0,2025-06-24,11:00
16749,238.52,2025-06-24,11:15
16750,153.13,2025-06-24,11:30
16751,187.63,2025-06-24,11:45
16752,193.68,2025-06-24,12:00
16753,218.82,2025-06-24,12:15
16754,195.12,2025-06-24,12:30
16755,173.16,2025-06-24,12:45
16756,135.84,2025-06-24,13:00
16757,183.29,2025-06-24,13:15
16758,189.25,2025-06-24,13:30
16759,206.31,2025-06-24,13:45
16760,213.82,2025-06-24,14:00
16761,243.34,2025-06-24,14:15
16762,226.68,2025-06-24,14:30
16763,226.0,2025-06-24,14:45
16764,229.93,2025-06-24,15:00
16765,228.32,2025-06-24,15:15
16766,217.98,2025-06-24,15:30
16767,213.23,2025-06-24,15:45
16768,197.81,2025-06-24,16:00
16769,239.01,2025-06-24,16:15
16770,197.5,2025-06-24,16:30
16771,183.07,2025-06-24,16:45
16772,152.8,2025-06-24,17:00
16773,206.26,2025-06-24,17:15
16774,165.69,2025-06-24,17:30
16775,208.51,2025-06-24,17:45
16776,215.07,2025-06-24,18:00
16777,40.0,2025-06-24,18:15
16778,40.0,2025-06-24,18:30
16779,40.0,2025-06-24,18:45
16780,40.0,2025-06-24,19:00
16781,239.08,2025-06-24,19:15
16782,232.53,2025-06-24,19:30
16783,222.26,2025-06-24,19:45
16784,239.16,2025-06-24,20:00
16785,231.64,2025-06-24,20:15
16786,231.97,2025-06-24,20:30
16787,174.47,2025-06-24,20:45
16788,40.0,2025-06-24,21:00
16789,40.0,2025-06-24,21:15
16790,247.93,2025-06-24,21:30
16791,40.0,2025-06-24,21:45
16792,40.0,2025-06-24,22:00
16793,40.0,2025-06-24,22:15
16794,40.0,2025-06-24,22:30
16795,40.0,2025-06-24,22:45
16796,40.0,2025-06-24,23:00
16797,40.0,2025-06-24,23:15
16798,250.0,2025-06-24,23:30
16799,260.0,2025-06-24,23:45
16800,270.0,2025-06-24,24:00
16801,300.0,2025-06-25,00:15
16802,270.0,2025-06-25,00:30
16803,40.0,2025-06-25,00:45
16804,40.0,2025-06-25,01:00
16805,40.0,2025-06-25,01:15
16806,40.0,2025-06-25,01:30
16807,40.0,2025-06-25,01:45
16808,40.0,2025-06-25,02:00
16809,40.0,2025-06-25,02:15
16810,40.0,2025-06-25,02:30
16811,40.0,2025-06-25,02:45
16812,181.54,2025-06-25,03:00
16813,190.37,2025-06-25,03:15
16814,164.65,2025-06-25,03:30
16815,40.0,2025-06-25,03:45
16816,40.0,2025-06-25,04:00
16817,40.0,2025-06-25,04:15
16818,40.0,2025-06-25,04:30
16819,40.0,2025-06-25,04:45
16820,40.0,2025-06-25,05:00
16821,40.0,2025-06-25,05:15
16822,40.0,2025-06-25,05:30
16823,40.0,2025-06-25,05:45
16824,40.0,2025-06-25,06:00
16825,40.0,2025-06-25,06:15
16826,40.0,2025-06-25,06:30
16827,40.0,2025-06-25,06:45
16828,40.0,2025-06-25,07:00
16829,40.0,2025-06-25,07:15
16830,40.0,2025-06-25,07:30
16831,40.0,2025-06-25,07:45
16832,40.0,2025-06-25,08:00
16833,40.0,2025-06-25,08:15
16834,40.0,2025-06-25,08:30
16835,40.0,2025-06-25,08:45
16836,40.0,2025-06-25,09:00
16837,40.0,2025-06-25,09:15
16838,40.0,2025-06-25,09:30
16839,40.0,2025-06-25,09:45
16840,40.0,2025-06-25,10:00
16841,40.0,2025-06-25,10:15
16842,40.0,2025-06-25,10:30
16843,40.0,2025-06-25,10:45
16844,40.0,2025-06-25,11:00
16845,40.0,2025-06-25,11:15
16846,40.0,2025-06-25,11:30
16847,40.0,2025-06-25,11:45
16848,40.0,2025-06-25,12:00
16849,40.0,2025-06-25,12:15
16850,40.0,2025-06-25,12:30
16851,40.0,2025-06-25,12:45
16852,40.0,2025-06-25,13:00
16853,40.0,2025-06-25,13:15
16854,40.0,2025-06-25,13:30
16855,40.0,2025-06-25,13:45
16856,40.0,2025-06-25,14:00
16857,154.78,2025-06-25,14:15
16858,153.94,2025-06-25,14:30
16859,139.75,2025-06-25,14:45
16860,40.0,2025-06-25,15:00
16861,144.08,2025-06-25,15:15
16862,165.23,2025-06-25,15:30
16863,179.63,2025-06-25,15:45
16864,174.35,2025-06-25,16:00
16865,167.64,2025-06-25,16:15
16866,146.08,2025-06-25,16:30
16867,40.0,2025-06-25,16:45
16868,40.0,2025-06-25,17:00
16869,191.46,2025-06-25,17:15
16870,201.18,2025-06-25,17:30
16871,209.67,2025-06-25,17:45
16872,219.15,2025-06-25,18:00
16873,40.0,2025-06-25,18:15
16874,40.0,2025-06-25,18:30
16875,40.0,2025-06-25,18:45
16876,179.6,2025-06-25,19:00
16877,253.18,2025-06-25,19:15
16878,280.12,2025-06-25,19:30
16879,260.24,2025-06-25,19:45
16880,281.58,2025-06-25,20:00
16881,201.37,2025-06-25,20:15
16882,200.79,2025-06-25,20:30
16883,198.45,2025-06-25,20:45
16884,200.35,2025-06-25,21:00
16885,219.15,2025-06-25,21:15
16886,40.0,2025-06-25,21:30
16887,40.0,2025-06-25,21:45
16888,40.0,2025-06-25,22:00
16889,40.0,2025-06-25,22:15
16890,40.0,2025-06-25,22:30
16891,40.0,2025-06-25,22:45
16892,40.0,2025-06-25,23:00
16893,40.0,2025-06-25,23:15
16894,40.0,2025-06-25,23:30
16895,40.0,2025-06-25,23:45
16896,260.0,2025-06-25,24:00
16897,330.0,2025-06-26,00:15
16898,300.0,2025-06-26,00:30
16899,40.0,2025-06-26,00:45
16900,40.0,2025-06-26,01:00
16901,40.0,2025-06-26,01:15
16902,40.0,2025-06-26,01:30
16903,40.0,2025-06-26,01:45
16904,40.0,2025-06-26,02:00
16905,40.0,2025-06-26,02:15
16906,40.0,2025-06-26,02:30
16907,40.0,2025-06-26,02:45
16908,40.0,2025-06-26,03:00
16909,40.0,2025-06-26,03:15
16910,250.0,2025-06-26,03:30
16911,40.0,2025-06-26,03:45
16912,40.0,2025-06-26,04:00
16913,40.0,2025-06-26,04:15
16914,40.0,2025-06-26,04:30
16915,40.0,2025-06-26,04:45
16916,40.0,2025-06-26,05:00
16917,40.0,2025-06-26,05:15
16918,40.0,2025-06-26,05:30
16919,40.0,2025-06-26,05:45
16920,250.0,2025-06-26,06:00
16921,250.0,2025-06-26,06:15
16922,40.0,2025-06-26,06:30
16923,220.0,2025-06-26,06:45
16924,40.0,2025-06-26,07:00
16925,40.0,2025-06-26,07:15
16926,40.0,2025-06-26,07:30
16927,40.0,2025-06-26,07:45
16928,40.0,2025-06-26,08:00
16929,40.0,2025-06-26,08:15
16930,40.0,2025-06-26,08:30
16931,40.0,2025-06-26,08:45
16932,40.0,2025-06-26,09:00
16933,40.0,2025-06-26,09:15
16934,40.0,2025-06-26,09:30
16935,40.0,2025-06-26,09:45
16936,40.0,2025-06-26,10:00
16937,40.0,2025-06-26,10:15
16938,40.0,2025-06-26,10:30
16939,40.0,2025-06-26,10:45
16940,40.0,2025-06-26,11:00
16941,40.0,2025-06-26,11:15
16942,40.0,2025-06-26,11:30
16943,40.0,2025-06-26,11:45
16944,40.0,2025-06-26,12:00
16945,40.0,2025-06-26,12:15
16946,40.0,2025-06-26,12:30
16947,40.0,2025-06-26,12:45
16948,40.0,2025-06-26,13:00
16949,40.0,2025-06-26,13:15
16950,40.0,2025-06-26,13:30
16951,40.0,2025-06-26,13:45
16952,40.0,2025-06-26,14:00
16953,40.0,2025-06-26,14:15
16954,40.0,2025-06-26,14:30
16955,40.0,2025-06-26,14:45
16956,40.0,2025-06-26,15:00
16957,40.0,2025-06-26,15:15
16958,131.28,2025-06-26,15:30
16959,40.0,2025-06-26,15:45
16960,40.0,2025-06-26,16:00
16961,40.0,2025-06-26,16:15
16962,40.0,2025-06-26,16:30
16963,40.0,2025-06-26,16:45
16964,40.0,2025-06-26,17:00
16965,110.17,2025-06-26,17:15
16966,95.17,2025-06-26,17:30
16967,40.0,2025-06-26,17:45
16968,40.0,2025-06-26,18:00
16969,40.0,2025-06-26,18:15
16970,40.0,2025-06-26,18:30
16971,40.0,2025-06-26,18:45
16972,40.0,2025-06-26,19:00
16973,40.0,2025-06-26,19:15
16974,40.0,2025-06-26,19:30
16975,40.0,2025-06-26,19:45
16976,40.0,2025-06-26,20:00
16977,40.0,2025-06-26,20:15
16978,40.0,2025-06-26,20:30
16979,40.0,2025-06-26,20:45
16980,40.0,2025-06-26,21:00
16981,260.0,2025-06-26,21:15
16982,40.0,2025-06-26,21:30
16983,40.0,2025-06-26,21:45
16984,260.0,2025-06-26,22:00
16985,40.0,2025-06-26,22:15
16986,40.0,2025-06-26,22:30
16987,40.0,2025-06-26,22:45
16988,40.0,2025-06-26,23:00
16989,40.0,2025-06-26,23:15
16990,40.0,2025-06-26,23:30
16991,40.0,2025-06-26,23:45
16992,300.0,2025-06-26,24:00
16993,350.0,2025-06-27,00:15
16994,300.0,2025-06-27,00:30
16995,300.0,2025-06-27,00:45
16996,40.0,2025-06-27,01:00
16997,40.0,2025-06-27,01:15
16998,40.0,2025-06-27,01:30
16999,40.0,2025-06-27,01:45
17000,40.0,2025-06-27,02:00
17001,40.0,2025-06-27,02:15
17002,40.0,2025-06-27,02:30
17003,40.0,2025-06-27,02:45
17004,40.0,2025-06-27,03:00
17005,40.0,2025-06-27,03:15
17006,40.0,2025-06-27,03:30
17007,40.0,2025-06-27,03:45
17008,40.0,2025-06-27,04:00
17009,40.0,2025-06-27,04:15
17010,40.0,2025-06-27,04:30
17011,40.0,2025-06-27,04:45
17012,40.0,2025-06-27,05:00
17013,40.0,2025-06-27,05:15
17014,40.0,2025-06-27,05:30
17015,40.0,2025-06-27,05:45
17016,40.0,2025-06-27,06:00
17017,40.0,2025-06-27,06:15
17018,40.0,2025-06-27,06:30
17019,40.0,2025-06-27,06:45
17020,40.0,2025-06-27,07:00
17021,40.0,2025-06-27,07:15
17022,40.0,2025-06-27,07:30
17023,40.0,2025-06-27,07:45
17024,40.0,2025-06-27,08:00
17025,40.0,2025-06-27,08:15
17026,104.87,2025-06-27,08:30
17027,40.0,2025-06-27,08:45
17028,40.0,2025-06-27,09:00
17029,40.0,2025-06-27,09:15
17030,40.0,2025-06-27,09:30
17031,40.0,2025-06-27,09:45
17032,40.0,2025-06-27,10:00
17033,40.0,2025-06-27,10:15
17034,40.0,2025-06-27,10:30
17035,40.0,2025-06-27,10:45
17036,40.0,2025-06-27,11:00
17037,40.0,2025-06-27,11:15
17038,40.0,2025-06-27,11:30
17039,40.0,2025-06-27,11:45
17040,40.0,2025-06-27,12:00
17041,40.0,2025-06-27,12:15
17042,40.0,2025-06-27,12:30
17043,40.0,2025-06-27,12:45
17044,40.0,2025-06-27,13:00
17045,40.0,2025-06-27,13:15
17046,40.0,2025-06-27,13:30
17047,40.0,2025-06-27,13:45
17048,40.0,2025-06-27,14:00
17049,40.0,2025-06-27,14:15
17050,40.0,2025-06-27,14:30
17051,40.0,2025-06-27,14:45
17052,40.0,2025-06-27,15:00
17053,40.0,2025-06-27,15:15
17054,40.0,2025-06-27,15:30
17055,40.0,2025-06-27,15:45
17056,40.0,2025-06-27,16:00
17057,40.0,2025-06-27,16:15
17058,40.0,2025-06-27,16:30
17059,40.0,2025-06-27,16:45
17060,40.0,2025-06-27,17:00
17061,40.0,2025-06-27,17:15
17062,40.0,2025-06-27,17:30
17063,40.0,2025-06-27,17:45
17064,40.0,2025-06-27,18:00
17065,40.0,2025-06-27,18:15
17066,40.0,2025-06-27,18:30
17067,40.0,2025-06-27,18:45
17068,40.0,2025-06-27,19:00
17069,152.71,2025-06-27,19:15
17070,40.0,2025-06-27,19:30
17071,40.0,2025-06-27,19:45
17072,193.3,2025-06-27,20:00
17073,40.0,2025-06-27,20:15
17074,40.0,2025-06-27,20:30
17075,40.0,2025-06-27,20:45
17076,40.0,2025-06-27,21:00
17077,234.99,2025-06-27,21:15
17078,236.1,2025-06-27,21:30
17079,174.58,2025-06-27,21:45
17080,40.0,2025-06-27,22:00
17081,40.0,2025-06-27,22:15
17082,40.0,2025-06-27,22:30
17083,40.0,2025-06-27,22:45
17084,40.0,2025-06-27,23:00
17085,40.0,2025-06-27,23:15
17086,40.0,2025-06-27,23:30
17087,40.0,2025-06-27,23:45
17088,40.0,2025-06-27,24:00
17089,157.22,2025-06-28,00:15
17090,170.36,2025-06-28,00:30
17091,40.0,2025-06-28,00:45
17092,40.0,2025-06-28,01:00
17093,142.6,2025-06-28,01:15
17094,141.82,2025-06-28,01:30
17095,142.17,2025-06-28,01:45
17096,133.71,2025-06-28,02:00
17097,40.0,2025-06-28,02:15
17098,40.0,2025-06-28,02:30
17099,149.11,2025-06-28,02:45
17100,40.0,2025-06-28,03:00
17101,157.07,2025-06-28,03:15
17102,166.93,2025-06-28,03:30
17103,164.84,2025-06-28,03:45
17104,156.1,2025-06-28,04:00
17105,170.97,2025-06-28,04:15
17106,179.88,2025-06-28,04:30
17107,186.55,2025-06-28,04:45
17108,186.49,2025-06-28,05:00
17109,189.35,2025-06-28,05:15
17110,185.84,2025-06-28,05:30
17111,181.07,2025-06-28,05:45
17112,186.41,2025-06-28,06:00
17113,185.5,2025-06-28,06:15
17114,151.02,2025-06-28,06:30
17115,40.0,2025-06-28,06:45
17116,40.0,2025-06-28,07:00
17117,155.18,2025-06-28,07:15
17118,40.0,2025-06-28,07:30
17119,166.14,2025-06-28,07:45
17120,40.0,2025-06-28,08:00
17121,40.0,2025-06-28,08:15
17122,40.0,2025-06-28,08:30
17123,126.2,2025-06-28,08:45
17124,40.0,2025-06-28,09:00
17125,40.0,2025-06-28,09:15
17126,120.7,2025-06-28,09:30
17127,143.04,2025-06-28,09:45
17128,124.5,2025-06-28,10:00
17129,40.0,2025-06-28,10:15
17130,40.0,2025-06-28,10:30
17131,105.86,2025-06-28,10:45
17132,141.97,2025-06-28,11:00
17133,152.58,2025-06-28,11:15
17134,40.0,2025-06-28,11:30
17135,40.0,2025-06-28,11:45
17136,121.91,2025-06-28,12:00
17137,40.0,2025-06-28,12:15
17138,40.0,2025-06-28,12:30
17139,40.0,2025-06-28,12:45
17140,40.0,2025-06-28,13:00
17141,40.0,2025-06-28,13:15
17142,40.0,2025-06-28,13:30
17143,40.0,2025-06-28,13:45
17144,40.0,2025-06-28,14:00
17145,40.0,2025-06-28,14:15
17146,40.0,2025-06-28,14:30
17147,40.0,2025-06-28,14:45
17148,40.0,2025-06-28,15:00
17149,40.0,2025-06-28,15:15
17150,40.0,2025-06-28,15:30
17151,40.0,2025-06-28,15:45
17152,112.68,2025-06-28,16:00
17153,145.28,2025-06-28,16:15
17154,40.0,2025-06-28,16:30
17155,40.0,2025-06-28,16:45
17156,40.0,2025-06-28,17:00
17157,40.0,2025-06-28,17:15
17158,40.0,2025-06-28,17:30
17159,40.0,2025-06-28,17:45
17160,40.0,2025-06-28,18:00
17161,40.0,2025-06-28,18:15
17162,40.0,2025-06-28,18:30
17163,40.0,2025-06-28,18:45
17164,40.0,2025-06-28,19:00
17165,40.0,2025-06-28,19:15
17166,165.35,2025-06-28,19:30
17167,40.0,2025-06-28,19:45
17168,40.0,2025-06-28,20:00
17169,173.13,2025-06-28,20:15
17170,164.5,2025-06-28,20:30
17171,189.0,2025-06-28,20:45
17172,188.61,2025-06-28,21:00
17173,187.31,2025-06-28,21:15
17174,40.0,2025-06-28,21:30
17175,40.0,2025-06-28,21:45
17176,40.0,2025-06-28,22:00
17177,40.0,2025-06-28,22:15
17178,40.0,2025-06-28,22:30
17179,40.0,2025-06-28,22:45
17180,40.0,2025-06-28,23:00
17181,271.46,2025-06-28,23:15
17182,271.32,2025-06-28,23:30
17183,40.0,2025-06-28,23:45
17184,271.6,2025-06-28,24:00
17185,272.94,2025-06-29,00:15
17186,227.95,2025-06-29,00:30
17187,40.0,2025-06-29,00:45
17188,40.0,2025-06-29,01:00
17189,40.0,2025-06-29,01:15
17190,242.67,2025-06-29,01:30
17191,40.0,2025-06-29,01:45
17192,40.0,2025-06-29,02:00
17193,40.0,2025-06-29,02:15
17194,40.0,2025-06-29,02:30
17195,40.0,2025-06-29,02:45
17196,40.0,2025-06-29,03:00
17197,40.0,2025-06-29,03:15
17198,40.0,2025-06-29,03:30
17199,40.0,2025-06-29,03:45
17200,40.0,2025-06-29,04:00
17201,40.0,2025-06-29,04:15
17202,40.0,2025-06-29,04:30
17203,40.0,2025-06-29,04:45
17204,250.0,2025-06-29,05:00
17205,250.0,2025-06-29,05:15
17206,40.0,2025-06-29,05:30
17207,40.0,2025-06-29,05:45
17208,40.0,2025-06-29,06:00
17209,250.0,2025-06-29,06:15
17210,40.0,2025-06-29,06:30
17211,40.0,2025-06-29,06:45
17212,40.0,2025-06-29,07:00
17213,40.0,2025-06-29,07:15
17214,40.0,2025-06-29,07:30
17215,40.0,2025-06-29,07:45
17216,40.0,2025-06-29,08:00
17217,40.0,2025-06-29,08:15
17218,40.0,2025-06-29,08:30
17219,153.65,2025-06-29,08:45
17220,40.0,2025-06-29,09:00
17221,143.18,2025-06-29,09:15
17222,150.41,2025-06-29,09:30
17223,40.0,2025-06-29,09:45
17224,158.74,2025-06-29,10:00
17225,110.58,2025-06-29,10:15
17226,40.0,2025-06-29,10:30
17227,40.0,2025-06-29,10:45
17228,40.0,2025-06-29,11:00
17229,118.65,2025-06-29,11:15
17230,40.0,2025-06-29,11:30
17231,243.88,2025-06-29,11:45
17232,40.0,2025-06-29,12:00
17233,40.0,2025-06-29,12:15
17234,40.0,2025-06-29,12:30
17235,40.0,2025-06-29,12:45
17236,40.0,2025-06-29,13:00
17237,40.0,2025-06-29,13:15
17238,40.0,2025-06-29,13:30
17239,40.0,2025-06-29,13:45
17240,176.28,2025-06-29,14:00
17241,40.0,2025-06-29,14:15
17242,40.0,2025-06-29,14:30
17243,162.67,2025-06-29,14:45
17244,141.47,2025-06-29,15:00
17245,40.0,2025-06-29,15:15
17246,155.39,2025-06-29,15:30
17247,180.46,2025-06-29,15:45
17248,159.47,2025-06-29,16:00
17249,181.48,2025-06-29,16:15
17250,40.0,2025-06-29,16:30
17251,40.0,2025-06-29,16:45
17252,40.0,2025-06-29,17:00
17253,40.0,2025-06-29,17:15
17254,40.0,2025-06-29,17:30
17255,40.0,2025-06-29,17:45
17256,40.0,2025-06-29,18:00
17257,40.0,2025-06-29,18:15
17258,40.0,2025-06-29,18:30
17259,40.0,2025-06-29,18:45
17260,40.0,2025-06-29,19:00
17261,40.0,2025-06-29,19:15
17262,40.0,2025-06-29,19:30
17263,40.0,2025-06-29,19:45
17264,40.0,2025-06-29,20:00
17265,40.0,2025-06-29,20:15
17266,40.0,2025-06-29,20:30
17267,40.0,2025-06-29,20:45
17268,40.0,2025-06-29,21:00
17269,40.0,2025-06-29,21:15
17270,40.0,2025-06-29,21:30
17271,40.0,2025-06-29,21:45
17272,40.0,2025-06-29,22:00
17273,40.0,2025-06-29,22:15
17274,40.0,2025-06-29,22:30
17275,40.0,2025-06-29,22:45
17276,40.0,2025-06-29,23:00
17277,40.0,2025-06-29,23:15
17278,250.0,2025-06-29,23:30
17279,300.0,2025-06-29,23:45
17280,300.0,2025-06-29,24:00
17281,380.0,2025-06-30,00:15
17282,360.0,2025-06-30,00:30
17283,310.0,2025-06-30,00:45
17284,280.0,2025-06-30,01:00
17285,280.0,2025-06-30,01:15
17286,40.0,2025-06-30,01:30
17287,250.0,2025-06-30,01:45
17288,40.0,2025-06-30,02:00
17289,250.0,2025-06-30,02:15
17290,280.0,2025-06-30,02:30
17291,300.0,2025-06-30,02:45
17292,300.0,2025-06-30,03:00
17293,300.0,2025-06-30,03:15
17294,300.0,2025-06-30,03:30
17295,300.0,2025-06-30,03:45
17296,280.0,2025-06-30,04:00
17297,280.0,2025-06-30,04:15
17298,300.0,2025-06-30,04:30
17299,300.0,2025-06-30,04:45
17300,300.0,2025-06-30,05:00
17301,310.0,2025-06-30,05:15
17302,330.0,2025-06-30,05:30
17303,350.0,2025-06-30,05:45
17304,360.0,2025-06-30,06:00
17305,370.0,2025-06-30,06:15
17306,380.0,2025-06-30,06:30
17307,320.0,2025-06-30,06:45
17308,300.0,2025-06-30,07:00
17309,350.0,2025-06-30,07:15
17310,300.0,2025-06-30,07:30
17311,288.52,2025-06-30,07:45
17312,249.93,2025-06-30,08:00
17313,260.11,2025-06-30,08:15
17314,289.53,2025-06-30,08:30
17315,261.53,2025-06-30,08:45
17316,40.0,2025-06-30,09:00
17317,40.0,2025-06-30,09:15
17318,255.14,2025-06-30,09:30
17319,265.61,2025-06-30,09:45
17320,40.0,2025-06-30,10:00
17321,40.0,2025-06-30,10:15
17322,106.41,2025-06-30,10:30
17323,40.0,2025-06-30,10:45
17324,40.0,2025-06-30,11:00
17325,40.0,2025-06-30,11:15
17326,103.01,2025-06-30,11:30
17327,40.0,2025-06-30,11:45
17328,40.0,2025-06-30,12:00
17329,40.0,2025-06-30,12:15
17330,40.0,2025-06-30,12:30
17331,40.0,2025-06-30,12:45
17332,40.0,2025-06-30,13:00
17333,186.96,2025-06-30,13:15
17334,174.12,2025-06-30,13:30
17335,203.51,2025-06-30,13:45
17336,169.4,2025-06-30,14:00
17337,207.2,2025-06-30,14:15
17338,136.39,2025-06-30,14:30
17339,168.06,2025-06-30,14:45
17340,125.09,2025-06-30,15:00
17341,122.51,2025-06-30,15:15
17342,218.89,2025-06-30,15:30
17343,181.76,2025-06-30,15:45
17344,189.18,2025-06-30,16:00
17345,226.82,2025-06-30,16:15
17346,199.79,2025-06-30,16:30
17347,306.99,2025-06-30,16:45
17348,248.85,2025-06-30,17:00
17349,242.75,2025-06-30,17:15
17350,231.28,2025-06-30,17:30
17351,165.98,2025-06-30,17:45
17352,40.0,2025-06-30,18:00
17353,40.0,2025-06-30,18:15
17354,40.0,2025-06-30,18:30
17355,40.0,2025-06-30,18:45
17356,40.0,2025-06-30,19:00
17357,201.06,2025-06-30,19:15
17358,194.03,2025-06-30,19:30
17359,40.0,2025-06-30,19:45
17360,40.0,2025-06-30,20:00
17361,169.93,2025-06-30,20:15
17362,182.74,2025-06-30,20:30
17363,177.32,2025-06-30,20:45
17364,168.83,2025-06-30,21:00
17365,174.27,2025-06-30,21:15
17366,40.0,2025-06-30,21:30
17367,40.0,2025-06-30,21:45
17368,40.0,2025-06-30,22:00
17369,40.0,2025-06-30,22:15
17370,40.0,2025-06-30,22:30
17371,40.0,2025-06-30,22:45
17372,40.0,2025-06-30,23:00
17373,40.0,2025-06-30,23:15
17374,40.0,2025-06-30,23:30
17375,40.0,2025-06-30,23:45
17376,40.0,2025-06-30,24:00
17377,300.0,2025-07-01,00:15
17378,264.66,2025-07-01,00:30
17379,40.0,2025-07-01,00:45
17380,40.0,2025-07-01,01:00
17381,40.0,2025-07-01,01:15
17382,40.0,2025-07-01,01:30
17383,40.0,2025-07-01,01:45
17384,40.0,2025-07-01,02:00
17385,40.0,2025-07-01,02:15
17386,40.0,2025-07-01,02:30
17387,40.0,2025-07-01,02:45
17388,40.0,2025-07-01,03:00
17389,40.0,2025-07-01,03:15
17390,40.0,2025-07-01,03:30
17391,40.0,2025-07-01,03:45
17392,40.0,2025-07-01,04:00
17393,40.0,2025-07-01,04:15
17394,40.0,2025-07-01,04:30
17395,40.0,2025-07-01,04:45
17396,40.0,2025-07-01,05:00
17397,40.0,2025-07-01,05:15
17398,40.0,2025-07-01,05:30
17399,40.0,2025-07-01,05:45
17400,40.0,2025-07-01,06:00
17401,40.0,2025-07-01,06:15
17402,40.0,2025-07-01,06:30
17403,40.0,2025-07-01,06:45
17404,40.0,2025-07-01,07:00
17405,40.0,2025-07-01,07:15
17406,40.0,2025-07-01,07:30
17407,40.0,2025-07-01,07:45
17408,40.0,2025-07-01,08:00
17409,40.0,2025-07-01,08:15
17410,40.0,2025-07-01,08:30
17411,40.0,2025-07-01,08:45
17412,40.0,2025-07-01,09:00
17413,40.0,2025-07-01,09:15
17414,40.0,2025-07-01,09:30
17415,40.0,2025-07-01,09:45
17416,40.0,2025-07-01,10:00
17417,40.0,2025-07-01,10:15
17418,40.0,2025-07-01,10:30
17419,126.23,2025-07-01,10:45
17420,128.32,2025-07-01,11:00
17421,40.0,2025-07-01,11:15
17422,40.0,2025-07-01,11:30
17423,40.0,2025-07-01,11:45
17424,40.0,2025-07-01,12:00
17425,40.0,2025-07-01,12:15
17426,40.0,2025-07-01,12:30
17427,40.0,2025-07-01,12:45
17428,40.0,2025-07-01,13:00
17429,40.0,2025-07-01,13:15
17430,40.0,2025-07-01,13:30
17431,131.96,2025-07-01,13:45
17432,139.89,2025-07-01,14:00
17433,130.22,2025-07-01,14:15
17434,129.11,2025-07-01,14:30
17435,146.66,2025-07-01,14:45
17436,140.79,2025-07-01,15:00
17437,145.03,2025-07-01,15:15
17438,177.52,2025-07-01,15:30
17439,178.79,2025-07-01,15:45
17440,189.45,2025-07-01,16:00
17441,202.13,2025-07-01,16:15
17442,186.81,2025-07-01,16:30
17443,224.22,2025-07-01,16:45
17444,153.19,2025-07-01,17:00
17445,159.85,2025-07-01,17:15
17446,233.33,2025-07-01,17:30
17447,231.65,2025-07-01,17:45
17448,243.24,2025-07-01,18:00
17449,191.15,2025-07-01,18:15
17450,223.82,2025-07-01,18:30
17451,245.12,2025-07-01,18:45
17452,257.91,2025-07-01,19:00
17453,282.66,2025-07-01,19:15
17454,284.09,2025-07-01,19:30
17455,280.87,2025-07-01,19:45
17456,281.83,2025-07-01,20:00
17457,283.87,2025-07-01,20:15
17458,300.33,2025-07-01,20:30
17459,323.6,2025-07-01,20:45
17460,287.2,2025-07-01,21:00
17461,264.64,2025-07-01,21:15
17462,229.57,2025-07-01,21:30
17463,300.0,2025-07-01,21:45
17464,451.13,2025-07-01,22:00
17465,347.65,2025-07-01,22:15
17466,357.17,2025-07-01,22:30
17467,363.88,2025-07-01,22:45
17468,364.19,2025-07-01,23:00
17469,410.99,2025-07-01,23:15
17470,411.54,2025-07-01,23:30
17471,420.37,2025-07-01,23:45
17472,500.0,2025-07-01,24:00
17473,552.75,2025-07-02,00:15
17474,553.25,2025-07-02,00:30
17475,458.39,2025-07-02,00:45
17476,410.02,2025-07-02,01:00
17477,380.72,2025-07-02,01:15
17478,350.0,2025-07-02,01:30
17479,342.52,2025-07-02,01:45
17480,300.0,2025-07-02,02:00
17481,260.0,2025-07-02,02:15
17482,284.76,2025-07-02,02:30
17483,40.0,2025-07-02,02:45
17484,274.92,2025-07-02,03:00
17485,40.0,2025-07-02,03:15
17486,40.0,2025-07-02,03:30
17487,40.0,2025-07-02,03:45
17488,40.0,2025-07-02,04:00
17489,40.0,2025-07-02,04:15
17490,40.0,2025-07-02,04:30
17491,147.94,2025-07-02,04:45
17492,148.36,2025-07-02,05:00
17493,153.13,2025-07-02,05:15
17494,40.0,2025-07-02,05:30
17495,40.0,2025-07-02,05:45
17496,40.0,2025-07-02,06:00
17497,40.0,2025-07-02,06:15
17498,40.0,2025-07-02,06:30
17499,40.0,2025-07-02,06:45
17500,40.0,2025-07-02,07:00
17501,40.0,2025-07-02,07:15
17502,40.0,2025-07-02,07:30
17503,40.0,2025-07-02,07:45
17504,40.0,2025-07-02,08:00
17505,40.0,2025-07-02,08:15
17506,40.0,2025-07-02,08:30
17507,40.0,2025-07-02,08:45
17508,40.0,2025-07-02,09:00
17509,40.0,2025-07-02,09:15
17510,40.0,2025-07-02,09:30
17511,40.0,2025-07-02,09:45
17512,40.0,2025-07-02,10:00
17513,40.0,2025-07-02,10:15
17514,40.0,2025-07-02,10:30
17515,159.41,2025-07-02,10:45
17516,167.48,2025-07-02,11:00
17517,156.16,2025-07-02,11:15
17518,147.18,2025-07-02,11:30
17519,152.85,2025-07-02,11:45
17520,155.42,2025-07-02,12:00
17521,146.88,2025-07-02,12:15
17522,40.0,2025-07-02,12:30
17523,40.0,2025-07-02,12:45
17524,134.72,2025-07-02,13:00
17525,130.27,2025-07-02,13:15
17526,136.06,2025-07-02,13:30
17527,141.22,2025-07-02,13:45
17528,140.27,2025-07-02,14:00
17529,154.48,2025-07-02,14:15
17530,152.93,2025-07-02,14:30
17531,153.44,2025-07-02,14:45
17532,174.58,2025-07-02,15:00
17533,152.21,2025-07-02,15:15
17534,201.61,2025-07-02,15:30
17535,184.44,2025-07-02,15:45
17536,153.28,2025-07-02,16:00
17537,189.14,2025-07-02,16:15
17538,153.57,2025-07-02,16:30
17539,138.09,2025-07-02,16:45
17540,40.0,2025-07-02,17:00
17541,136.49,2025-07-02,17:15
17542,142.06,2025-07-02,17:30
17543,152.52,2025-07-02,17:45
17544,146.73,2025-07-02,18:00
17545,40.0,2025-07-02,18:15
17546,161.13,2025-07-02,18:30
17547,194.9,2025-07-02,18:45
17548,193.77,2025-07-02,19:00
17549,222.91,2025-07-02,19:15
17550,221.55,2025-07-02,19:30
17551,255.03,2025-07-02,19:45
17552,262.65,2025-07-02,20:00
17553,294.86,2025-07-02,20:15
17554,319.81,2025-07-02,20:30
17555,307.18,2025-07-02,20:45
17556,316.92,2025-07-02,21:00
17557,282.53,2025-07-02,21:15
17558,264.5,2025-07-02,21:30
17559,268.89,2025-07-02,21:45
17560,253.15,2025-07-02,22:00
17561,347.76,2025-07-02,22:15
17562,320.41,2025-07-02,22:30
17563,365.32,2025-07-02,22:45
17564,410.28,2025-07-02,23:00
17565,409.2,2025-07-02,23:15
17566,408.34,2025-07-02,23:30
17567,406.94,2025-07-02,23:45
17568,407.43,2025-07-02,24:00
17569,379.62,2025-07-03,00:15
17570,235.95,2025-07-03,00:30
17571,196.26,2025-07-03,00:45
17572,172.0,2025-07-03,01:00
17573,169.27,2025-07-03,01:15
17574,40.0,2025-07-03,01:30
17575,40.0,2025-07-03,01:45
17576,40.0,2025-07-03,02:00
17577,40.0,2025-07-03,02:15
17578,40.0,2025-07-03,02:30
17579,40.0,2025-07-03,02:45
17580,40.0,2025-07-03,03:00
17581,40.0,2025-07-03,03:15
17582,40.0,2025-07-03,03:30
17583,40.0,2025-07-03,03:45
17584,40.0,2025-07-03,04:00
17585,40.0,2025-07-03,04:15
17586,40.0,2025-07-03,04:30
17587,40.0,2025-07-03,04:45
17588,40.0,2025-07-03,05:00
17589,40.0,2025-07-03,05:15
17590,40.0,2025-07-03,05:30
17591,40.0,2025-07-03,05:45
17592,40.0,2025-07-03,06:00
17593,40.0,2025-07-03,06:15
17594,40.0,2025-07-03,06:30
17595,40.0,2025-07-03,06:45
17596,40.0,2025-07-03,07:00
17597,40.0,2025-07-03,07:15
17598,40.0,2025-07-03,07:30
17599,40.0,2025-07-03,07:45
17600,40.0,2025-07-03,08:00
17601,40.0,2025-07-03,08:15
17602,40.0,2025-07-03,08:30
17603,40.0,2025-07-03,08:45
17604,40.0,2025-07-03,09:00
17605,40.0,2025-07-03,09:15
17606,40.0,2025-07-03,09:30
17607,40.0,2025-07-03,09:45
17608,40.0,2025-07-03,10:00
17609,40.0,2025-07-03,10:15
17610,40.0,2025-07-03,10:30
17611,40.0,2025-07-03,10:45
17612,110.86,2025-07-03,11:00
17613,101.99,2025-07-03,11:15
17614,40.0,2025-07-03,11:30
17615,40.0,2025-07-03,11:45
17616,40.0,2025-07-03,12:00
17617,137.61,2025-07-03,12:15
17618,40.0,2025-07-03,12:30
17619,40.0,2025-07-03,12:45
17620,40.0,2025-07-03,13:00
17621,131.59,2025-07-03,13:15
17622,121.45,2025-07-03,13:30
17623,140.81,2025-07-03,13:45
17624,140.02,2025-07-03,14:00
17625,135.83,2025-07-03,14:15
17626,147.79,2025-07-03,14:30
17627,149.76,2025-07-03,14:45
17628,180.14,2025-07-03,15:00
17629,167.4,2025-07-03,15:15
17630,169.95,2025-07-03,15:30
17631,171.96,2025-07-03,15:45
17632,173.7,2025-07-03,16:00
17633,177.13,2025-07-03,16:15
17634,159.39,2025-07-03,16:30
17635,157.55,2025-07-03,16:45
17636,155.64,2025-07-03,17:00
17637,152.44,2025-07-03,17:15
17638,202.38,2025-07-03,17:30
17639,198.55,2025-07-03,17:45
17640,194.24,2025-07-03,18:00
17641,166.37,2025-07-03,18:15
17642,161.86,2025-07-03,18:30
17643,188.68,2025-07-03,18:45
17644,164.78,2025-07-03,19:00
17645,197.68,2025-07-03,19:15
17646,196.91,2025-07-03,19:30
17647,166.73,2025-07-03,19:45
17648,163.27,2025-07-03,20:00
17649,140.96,2025-07-03,20:15
17650,40.0,2025-07-03,20:30
17651,340.0,2025-07-03,20:45
17652,310.0,2025-07-03,21:00
17653,319.12,2025-07-03,21:15
17654,300.0,2025-07-03,21:30
17655,300.0,2025-07-03,21:45
17656,40.0,2025-07-03,22:00
17657,260.0,2025-07-03,22:15
17658,40.0,2025-07-03,22:30
17659,40.0,2025-07-03,22:45
17660,40.0,2025-07-03,23:00
17661,40.0,2025-07-03,23:15
17662,40.0,2025-07-03,23:30
17663,250.0,2025-07-03,23:45
17664,40.0,2025-07-03,24:00
17665,350.0,2025-07-04,00:15
17666,330.0,2025-07-04,00:30
17667,40.0,2025-07-04,00:45
17668,40.0,2025-07-04,01:00
17669,40.0,2025-07-04,01:15
17670,40.0,2025-07-04,01:30
17671,40.0,2025-07-04,01:45
17672,40.0,2025-07-04,02:00
17673,241.6,2025-07-04,02:15
17674,241.85,2025-07-04,02:30
17675,241.63,2025-07-04,02:45
17676,251.17,2025-07-04,03:00
17677,240.88,2025-07-04,03:15
17678,258.84,2025-07-04,03:30
17679,225.64,2025-07-04,03:45
17680,234.13,2025-07-04,04:00
17681,224.83,2025-07-04,04:15
17682,250.84,2025-07-04,04:30
17683,259.53,2025-07-04,04:45
17684,260.89,2025-07-04,05:00
17685,278.98,2025-07-04,05:15
17686,270.41,2025-07-04,05:30
17687,269.54,2025-07-04,05:45
17688,244.28,2025-07-04,06:00
17689,273.5,2025-07-04,06:15
17690,265.07,2025-07-04,06:30
17691,40.0,2025-07-04,06:45
17692,40.0,2025-07-04,07:00
17693,40.0,2025-07-04,07:15
17694,40.0,2025-07-04,07:30
17695,40.0,2025-07-04,07:45
17696,40.0,2025-07-04,08:00
17697,40.0,2025-07-04,08:15
17698,40.0,2025-07-04,08:30
17699,40.0,2025-07-04,08:45
17700,40.0,2025-07-04,09:00
17701,160.18,2025-07-04,09:15
17702,40.0,2025-07-04,09:30
17703,40.0,2025-07-04,09:45
17704,40.0,2025-07-04,10:00
17705,40.0,2025-07-04,10:15
17706,40.0,2025-07-04,10:30
17707,40.0,2025-07-04,10:45
17708,40.0,2025-07-04,11:00
17709,146.69,2025-07-04,11:15
17710,147.53,2025-07-04,11:30
17711,147.79,2025-07-04,11:45
17712,40.0,2025-07-04,12:00
17713,40.0,2025-07-04,12:15
17714,40.0,2025-07-04,12:30
17715,40.0,2025-07-04,12:45
17716,40.0,2025-07-04,13:00
17717,40.0,2025-07-04,13:15
17718,40.0,2025-07-04,13:30
17719,40.0,2025-07-04,13:45
17720,40.0,2025-07-04,14:00
17721,40.0,2025-07-04,14:15
17722,208.66,2025-07-04,14:30
17723,187.11,2025-07-04,14:45
17724,186.77,2025-07-04,15:00
17725,40.0,2025-07-04,15:15
17726,141.48,2025-07-04,15:30
17727,40.0,2025-07-04,15:45
17728,40.0,2025-07-04,16:00
17729,40.0,2025-07-04,16:15
17730,40.0,2025-07-04,16:30
17731,40.0,2025-07-04,16:45
17732,40.0,2025-07-04,17:00
17733,40.0,2025-07-04,17:15
17734,40.0,2025-07-04,17:30
17735,40.0,2025-07-04,17:45
17736,40.0,2025-07-04,18:00
17737,40.0,2025-07-04,18:15
17738,40.0,2025-07-04,18:30
17739,257.58,2025-07-04,18:45
17740,223.59,2025-07-04,19:00
17741,285.23,2025-07-04,19:15
17742,292.5,2025-07-04,19:30
17743,240.19,2025-07-04,19:45
17744,264.88,2025-07-04,20:00
17745,280.62,2025-07-04,20:15
17746,301.97,2025-07-04,20:30
17747,350.97,2025-07-04,20:45
17748,367.54,2025-07-04,21:00
17749,361.38,2025-07-04,21:15
17750,387.26,2025-07-04,21:30
17751,376.0,2025-07-04,21:45
17752,370.0,2025-07-04,22:00
17753,370.0,2025-07-04,22:15
17754,370.0,2025-07-04,22:30
17755,350.0,2025-07-04,22:45
17756,350.0,2025-07-04,23:00
17757,362.53,2025-07-04,23:15
17758,369.67,2025-07-04,23:30
17759,336.11,2025-07-04,23:45
17760,345.18,2025-07-04,24:00
17761,343.54,2025-07-05,00:15
17762,333.05,2025-07-05,00:30
17763,296.57,2025-07-05,00:45
17764,268.91,2025-07-05,01:00
17765,232.58,2025-07-05,01:15
17766,290.0,2025-07-05,01:30
17767,293.17,2025-07-05,01:45
17768,259.45,2025-07-05,02:00
17769,295.61,2025-07-05,02:15
17770,330.0,2025-07-05,02:30
17771,326.0,2025-07-05,02:45
17772,300.73,2025-07-05,03:00
17773,350.0,2025-07-05,03:15
17774,352.01,2025-07-05,03:30
17775,370.0,2025-07-05,03:45
17776,370.0,2025-07-05,04:00
17777,370.0,2025-07-05,04:15
17778,380.0,2025-07-05,04:30
17779,380.0,2025-07-05,04:45
17780,370.0,2025-07-05,05:00
17781,370.0,2025-07-05,05:15
17782,380.0,2025-07-05,05:30
17783,380.0,2025-07-05,05:45
17784,369.93,2025-07-05,06:00
17785,369.92,2025-07-05,06:15
17786,360.0,2025-07-05,06:30
17787,341.3,2025-07-05,06:45
17788,320.0,2025-07-05,07:00
17789,320.0,2025-07-05,07:15
17790,320.0,2025-07-05,07:30
17791,270.0,2025-07-05,07:45
17792,280.0,2025-07-05,08:00
17793,144.72,2025-07-05,08:15
17794,176.35,2025-07-05,08:30
17795,174.12,2025-07-05,08:45
17796,40.0,2025-07-05,09:00
17797,40.0,2025-07-05,09:15
17798,40.0,2025-07-05,09:30
17799,40.0,2025-07-05,09:45
17800,40.0,2025-07-05,10:00
17801,40.0,2025-07-05,10:15
17802,40.0,2025-07-05,10:30
17803,40.0,2025-07-05,10:45
17804,40.0,2025-07-05,11:00
17805,40.0,2025-07-05,11:15
17806,40.0,2025-07-05,11:30
17807,40.0,2025-07-05,11:45
17808,40.0,2025-07-05,12:00
17809,185.25,2025-07-05,12:15
17810,167.57,2025-07-05,12:30
17811,167.45,2025-07-05,12:45
17812,148.81,2025-07-05,13:00
17813,40.0,2025-07-05,13:15
17814,40.0,2025-07-05,13:30
17815,124.78,2025-07-05,13:45
17816,40.0,2025-07-05,14:00
17817,150.6,2025-07-05,14:15
17818,161.9,2025-07-05,14:30
17819,164.44,2025-07-05,14:45
17820,204.66,2025-07-05,15:00
17821,184.11,2025-07-05,15:15
17822,183.97,2025-07-05,15:30
17823,169.84,2025-07-05,15:45
17824,209.33,2025-07-05,16:00
17825,262.03,2025-07-05,16:15
17826,214.11,2025-07-05,16:30
17827,210.6,2025-07-05,16:45
17828,247.45,2025-07-05,17:00
17829,343.25,2025-07-05,17:15
17830,371.82,2025-07-05,17:30
17831,364.16,2025-07-05,17:45
17832,311.42,2025-07-05,18:00
17833,332.6,2025-07-05,18:15
17834,330.73,2025-07-05,18:30
17835,318.79,2025-07-05,18:45
17836,337.1,2025-07-05,19:00
17837,338.09,2025-07-05,19:15
17838,365.7,2025-07-05,19:30
17839,374.25,2025-07-05,19:45
17840,363.79,2025-07-05,20:00
17841,346.82,2025-07-05,20:15
17842,373.38,2025-07-05,20:30
17843,441.36,2025-07-05,20:45
17844,448.15,2025-07-05,21:00
17845,379.93,2025-07-05,21:15
17846,365.63,2025-07-05,21:30
17847,406.63,2025-07-05,21:45
17848,434.51,2025-07-05,22:00
17849,430.0,2025-07-05,22:15
17850,430.0,2025-07-05,22:30
17851,420.0,2025-07-05,22:45
17852,380.0,2025-07-05,23:00
17853,420.0,2025-07-05,23:15
17854,400.0,2025-07-05,23:30
17855,420.0,2025-07-05,23:45
17856,430.0,2025-07-05,24:00
17857,470.0,2025-07-06,00:15
17858,450.0,2025-07-06,00:30
17859,430.0,2025-07-06,00:45
17860,410.0,2025-07-06,01:00
17861,400.0,2025-07-06,01:15
17862,400.0,2025-07-06,01:30
17863,400.0,2025-07-06,01:45
17864,380.0,2025-07-06,02:00
17865,380.0,2025-07-06,02:15
17866,400.0,2025-07-06,02:30
17867,400.0,2025-07-06,02:45
17868,400.0,2025-07-06,03:00
17869,400.0,2025-07-06,03:15
17870,400.0,2025-07-06,03:30
17871,380.0,2025-07-06,03:45
17872,380.0,2025-07-06,04:00
17873,380.0,2025-07-06,04:15
17874,380.0,2025-07-06,04:30
17875,380.0,2025-07-06,04:45
17876,370.0,2025-07-06,05:00
17877,380.0,2025-07-06,05:15
17878,380.0,2025-07-06,05:30
17879,420.0,2025-07-06,05:45
17880,430.0,2025-07-06,06:00
17881,450.0,2025-07-06,06:15
17882,430.0,2025-07-06,06:30
17883,410.0,2025-07-06,06:45
17884,380.0,2025-07-06,07:00
17885,370.0,2025-07-06,07:15
17886,330.0,2025-07-06,07:30
17887,250.0,2025-07-06,07:45
17888,40.0,2025-07-06,08:00
17889,40.0,2025-07-06,08:15
17890,40.0,2025-07-06,08:30
17891,40.0,2025-07-06,08:45
17892,40.0,2025-07-06,09:00
17893,40.0,2025-07-06,09:15
17894,40.0,2025-07-06,09:30
17895,40.0,2025-07-06,09:45
17896,40.0,2025-07-06,10:00
17897,40.0,2025-07-06,10:15
17898,40.0,2025-07-06,10:30
17899,110.63,2025-07-06,10:45
17900,188.4,2025-07-06,11:00
17901,199.54,2025-07-06,11:15
17902,218.82,2025-07-06,11:30
17903,207.47,2025-07-06,11:45
17904,225.53,2025-07-06,12:00
17905,224.46,2025-07-06,12:15
17906,218.39,2025-07-06,12:30
17907,195.07,2025-07-06,12:45
17908,189.44,2025-07-06,13:00
17909,200.33,2025-07-06,13:15
17910,156.92,2025-07-06,13:30
17911,185.33,2025-07-06,13:45
17912,185.08,2025-07-06,14:00
17913,196.66,2025-07-06,14:15
17914,196.33,2025-07-06,14:30
17915,194.02,2025-07-06,14:45
17916,203.05,2025-07-06,15:00
17917,199.46,2025-07-06,15:15
17918,205.32,2025-07-06,15:30
17919,207.38,2025-07-06,15:45
17920,201.65,2025-07-06,16:00
17921,212.3,2025-07-06,16:15
17922,205.76,2025-07-06,16:30
17923,241.89,2025-07-06,16:45
17924,235.46,2025-07-06,17:00
17925,253.04,2025-07-06,17:15
17926,252.75,2025-07-06,17:30
17927,301.87,2025-07-06,17:45
17928,290.32,2025-07-06,18:00
17929,262.92,2025-07-06,18:15
17930,292.02,2025-07-06,18:30
17931,239.47,2025-07-06,18:45
17932,252.25,2025-07-06,19:00
17933,321.73,2025-07-06,19:15
17934,331.9,2025-07-06,19:30
17935,410.0,2025-07-06,19:45
17936,430.0,2025-07-06,20:00
17937,450.0,2025-07-06,20:15
17938,430.0,2025-07-06,20:30
17939,417.97,2025-07-06,20:45
17940,432.81,2025-07-06,21:00
17941,490.0,2025-07-06,21:15
17942,480.0,2025-07-06,21:30
17943,450.0,2025-07-06,21:45
17944,420.0,2025-07-06,22:00
17945,416.77,2025-07-06,22:15
17946,400.0,2025-07-06,22:30
17947,350.0,2025-07-06,22:45
17948,330.0,2025-07-06,23:00
17949,320.0,2025-07-06,23:15
17950,40.0,2025-07-06,23:30
17951,40.0,2025-07-06,23:45
17952,40.0,2025-07-06,24:00
17953,229.01,2025-07-07,00:15
17954,203.93,2025-07-07,00:30
17955,187.02,2025-07-07,00:45
17956,40.0,2025-07-07,01:00
17957,210.09,2025-07-07,01:15
17958,217.64,2025-07-07,01:30
17959,191.28,2025-07-07,01:45
17960,189.71,2025-07-07,02:00
17961,192.42,2025-07-07,02:15
17962,40.0,2025-07-07,02:30
17963,40.0,2025-07-07,02:45
17964,40.0,2025-07-07,03:00
17965,40.0,2025-07-07,03:15
17966,40.0,2025-07-07,03:30
17967,40.0,2025-07-07,03:45
17968,40.0,2025-07-07,04:00
17969,40.0,2025-07-07,04:15
17970,40.0,2025-07-07,04:30
17971,40.0,2025-07-07,04:45
17972,40.0,2025-07-07,05:00
17973,40.0,2025-07-07,05:15
17974,40.0,2025-07-07,05:30
17975,40.0,2025-07-07,05:45
17976,40.0,2025-07-07,06:00
17977,40.0,2025-07-07,06:15
17978,40.0,2025-07-07,06:30
17979,40.0,2025-07-07,06:45
17980,40.0,2025-07-07,07:00
17981,40.0,2025-07-07,07:15
17982,40.0,2025-07-07,07:30
17983,40.0,2025-07-07,07:45
17984,40.0,2025-07-07,08:00
17985,40.0,2025-07-07,08:15
17986,117.07,2025-07-07,08:30
17987,40.0,2025-07-07,08:45
17988,40.0,2025-07-07,09:00
17989,40.0,2025-07-07,09:15
17990,40.0,2025-07-07,09:30
17991,40.0,2025-07-07,09:45
17992,40.0,2025-07-07,10:00
17993,40.0,2025-07-07,10:15
17994,40.0,2025-07-07,10:30
17995,112.01,2025-07-07,10:45
17996,40.0,2025-07-07,11:00
17997,40.0,2025-07-07,11:15
17998,40.0,2025-07-07,11:30
17999,40.0,2025-07-07,11:45
18000,40.0,2025-07-07,12:00
18001,40.0,2025-07-07,12:15
18002,40.0,2025-07-07,12:30
18003,40.0,2025-07-07,12:45
18004,40.0,2025-07-07,13:00
18005,40.0,2025-07-07,13:15
18006,40.0,2025-07-07,13:30
18007,40.0,2025-07-07,13:45
18008,40.0,2025-07-07,14:00
18009,40.0,2025-07-07,14:15
18010,40.0,2025-07-07,14:30
18011,40.0,2025-07-07,14:45
18012,40.0,2025-07-07,15:00
18013,40.0,2025-07-07,15:15
18014,40.0,2025-07-07,15:30
18015,40.0,2025-07-07,15:45
18016,211.07,2025-07-07,16:00
18017,226.99,2025-07-07,16:15
18018,225.57,2025-07-07,16:30
18019,207.93,2025-07-07,16:45
18020,205.62,2025-07-07,17:00
18021,179.37,2025-07-07,17:15
18022,231.77,2025-07-07,17:30
18023,238.78,2025-07-07,17:45
18024,222.75,2025-07-07,18:00
18025,260.58,2025-07-07,18:15
18026,266.35,2025-07-07,18:30
18027,276.94,2025-07-07,18:45
18028,274.43,2025-07-07,19:00
18029,273.54,2025-07-07,19:15
18030,265.72,2025-07-07,19:30
18031,251.43,2025-07-07,19:45
18032,195.63,2025-07-07,20:00
18033,218.69,2025-07-07,20:15
18034,218.77,2025-07-07,20:30
18035,336.73,2025-07-07,20:45
18036,282.9,2025-07-07,21:00
18037,272.33,2025-07-07,21:15
18038,249.09,2025-07-07,21:30
18039,40.0,2025-07-07,21:45
18040,40.0,2025-07-07,22:00
18041,276.54,2025-07-07,22:15
18042,40.0,2025-07-07,22:30
18043,40.0,2025-07-07,22:45
18044,40.0,2025-07-07,23:00
18045,40.0,2025-07-07,23:15
18046,40.0,2025-07-07,23:30
18047,40.0,2025-07-07,23:45
18048,40.0,2025-07-07,24:00
18049,40.0,2025-07-08,00:15
18050,40.0,2025-07-08,00:30
18051,40.0,2025-07-08,00:45
18052,40.0,2025-07-08,01:00
18053,40.0,2025-07-08,01:15
18054,40.0,2025-07-08,01:30
18055,40.0,2025-07-08,01:45
18056,40.0,2025-07-08,02:00
18057,40.0,2025-07-08,02:15
18058,40.0,2025-07-08,02:30
18059,250.0,2025-07-08,02:45
18060,40.0,2025-07-08,03:00
18061,300.0,2025-07-08,03:15
18062,300.0,2025-07-08,03:30
18063,300.0,2025-07-08,03:45
18064,290.0,2025-07-08,04:00
18065,40.0,2025-07-08,04:15
18066,260.0,2025-07-08,04:30
18067,40.0,2025-07-08,04:45
18068,270.0,2025-07-08,05:00
18069,300.0,2025-07-08,05:15
18070,300.0,2025-07-08,05:30
18071,310.0,2025-07-08,05:45
18072,320.0,2025-07-08,06:00
18073,320.0,2025-07-08,06:15
18074,310.0,2025-07-08,06:30
18075,320.0,2025-07-08,06:45
18076,280.0,2025-07-08,07:00
18077,250.0,2025-07-08,07:15
18078,40.0,2025-07-08,07:30
18079,40.0,2025-07-08,07:45
18080,270.0,2025-07-08,08:00
18081,300.0,2025-07-08,08:15
18082,300.0,2025-07-08,08:30
18083,198.51,2025-07-08,08:45
18084,196.08,2025-07-08,09:00
18085,141.96,2025-07-08,09:15
18086,236.92,2025-07-08,09:30
18087,204.43,2025-07-08,09:45
18088,215.53,2025-07-08,10:00
18089,232.03,2025-07-08,10:15
18090,242.17,2025-07-08,10:30
18091,273.86,2025-07-08,10:45
18092,300.76,2025-07-08,11:00
18093,316.77,2025-07-08,11:15
18094,309.39,2025-07-08,11:30
18095,307.18,2025-07-08,11:45
18096,301.09,2025-07-08,12:00
18097,293.53,2025-07-08,12:15
18098,275.01,2025-07-08,12:30
18099,271.61,2025-07-08,12:45
18100,266.53,2025-07-08,13:00
18101,279.25,2025-07-08,13:15
18102,278.55,2025-07-08,13:30
18103,285.81,2025-07-08,13:45
18104,280.56,2025-07-08,14:00
18105,250.29,2025-07-08,14:15
18106,198.3,2025-07-08,14:30
18107,158.63,2025-07-08,14:45
18108,232.35,2025-07-08,15:00
18109,272.06,2025-07-08,15:15
18110,286.74,2025-07-08,15:30
18111,276.51,2025-07-08,15:45
18112,273.43,2025-07-08,16:00
18113,283.04,2025-07-08,16:15
18114,256.63,2025-07-08,16:30
18115,224.64,2025-07-08,16:45
18116,208.9,2025-07-08,17:00
18117,237.17,2025-07-08,17:15
18118,238.8,2025-07-08,17:30
18119,245.48,2025-07-08,17:45
18120,228.09,2025-07-08,18:00
18121,271.54,2025-07-08,18:15
18122,316.0,2025-07-08,18:30
18123,326.21,2025-07-08,18:45
18124,388.21,2025-07-08,19:00
18125,421.54,2025-07-08,19:15
18126,367.41,2025-07-08,19:30
18127,452.5,2025-07-08,19:45
18128,462.53,2025-07-08,20:00
18129,393.05,2025-07-08,20:15
18130,410.87,2025-07-08,20:30
18131,458.1,2025-07-08,20:45
18132,431.18,2025-07-08,21:00
18133,438.0,2025-07-08,21:15
18134,438.01,2025-07-08,21:30
18135,371.03,2025-07-08,21:45
18136,364.04,2025-07-08,22:00
18137,407.46,2025-07-08,22:15
18138,346.26,2025-07-08,22:30
18139,330.2,2025-07-08,22:45
18140,282.85,2025-07-08,23:00
18141,286.61,2025-07-08,23:15
18142,268.21,2025-07-08,23:30
18143,264.76,2025-07-08,23:45
18144,355.78,2025-07-08,24:00
18145,348.69,2025-07-09,00:15
18146,312.22,2025-07-09,00:30
18147,265.83,2025-07-09,00:45
18148,220.34,2025-07-09,01:00
18149,40.0,2025-07-09,01:15
18150,40.0,2025-07-09,01:30
18151,175.94,2025-07-09,01:45
18152,40.0,2025-07-09,02:00
18153,40.0,2025-07-09,02:15
18154,167.89,2025-07-09,02:30
18155,40.0,2025-07-09,02:45
18156,40.0,2025-07-09,03:00
18157,172.7,2025-07-09,03:15
18158,40.0,2025-07-09,03:30
18159,168.64,2025-07-09,03:45
18160,40.0,2025-07-09,04:00
18161,40.0,2025-07-09,04:15
18162,40.0,2025-07-09,04:30
18163,40.0,2025-07-09,04:45
18164,40.0,2025-07-09,05:00
18165,40.0,2025-07-09,05:15
18166,40.0,2025-07-09,05:30
18167,40.0,2025-07-09,05:45
18168,280.0,2025-07-09,06:00
18169,300.0,2025-07-09,06:15
18170,300.0,2025-07-09,06:30
18171,310.0,2025-07-09,06:45
18172,310.0,2025-07-09,07:00
18173,310.0,2025-07-09,07:15
18174,40.0,2025-07-09,07:30
18175,40.0,2025-07-09,07:45
18176,40.0,2025-07-09,08:00
18177,40.0,2025-07-09,08:15
18178,40.0,2025-07-09,08:30
18179,40.0,2025-07-09,08:45
18180,40.0,2025-07-09,09:00
18181,40.0,2025-07-09,09:15
18182,160.47,2025-07-09,09:30
18183,162.2,2025-07-09,09:45
18184,168.46,2025-07-09,10:00
18185,113.24,2025-07-09,10:15
18186,159.42,2025-07-09,10:30
18187,163.44,2025-07-09,10:45
18188,172.41,2025-07-09,11:00
18189,209.53,2025-07-09,11:15
18190,173.15,2025-07-09,11:30
18191,166.13,2025-07-09,11:45
18192,165.55,2025-07-09,12:00
18193,169.42,2025-07-09,12:15
18194,169.44,2025-07-09,12:30
18195,136.58,2025-07-09,12:45
18196,150.01,2025-07-09,13:00
18197,201.03,2025-07-09,13:15
18198,166.04,2025-07-09,13:30
18199,172.05,2025-07-09,13:45
18200,174.1,2025-07-09,14:00
18201,227.57,2025-07-09,14:15
18202,223.98,2025-07-09,14:30
18203,254.51,2025-07-09,14:45
18204,277.48,2025-07-09,15:00
18205,268.7,2025-07-09,15:15
18206,229.68,2025-07-09,15:30
18207,203.39,2025-07-09,15:45
18208,210.52,2025-07-09,16:00
18209,205.62,2025-07-09,16:15
18210,201.6,2025-07-09,16:30
18211,203.37,2025-07-09,16:45
18212,166.11,2025-07-09,17:00
18213,214.76,2025-07-09,17:15
18214,238.46,2025-07-09,17:30
18215,241.09,2025-07-09,17:45
18216,247.92,2025-07-09,18:00
18217,292.64,2025-07-09,18:15
18218,342.21,2025-07-09,18:30
18219,393.6,2025-07-09,18:45
18220,392.74,2025-07-09,19:00
18221,390.76,2025-07-09,19:15
18222,392.19,2025-07-09,19:30
18223,321.06,2025-07-09,19:45
18224,281.23,2025-07-09,20:00
18225,278.32,2025-07-09,20:15
18226,316.77,2025-07-09,20:30
18227,369.91,2025-07-09,20:45
18228,366.97,2025-07-09,21:00
18229,358.59,2025-07-09,21:15
18230,340.08,2025-07-09,21:30
18231,318.73,2025-07-09,21:45
18232,288.64,2025-07-09,22:00
18233,217.46,2025-07-09,22:15
18234,40.0,2025-07-09,22:30
18235,300.0,2025-07-09,22:45
18236,40.0,2025-07-09,23:00
18237,40.0,2025-07-09,23:15
18238,40.0,2025-07-09,23:30
18239,40.0,2025-07-09,23:45
18240,40.0,2025-07-09,24:00
18241,40.0,2025-07-10,00:15
18242,40.0,2025-07-10,00:30
18243,40.0,2025-07-10,00:45
18244,40.0,2025-07-10,01:00
18245,40.0,2025-07-10,01:15
18246,40.0,2025-07-10,01:30
18247,40.0,2025-07-10,01:45
18248,40.0,2025-07-10,02:00
18249,40.0,2025-07-10,02:15
18250,40.0,2025-07-10,02:30
18251,40.0,2025-07-10,02:45
18252,40.0,2025-07-10,03:00
18253,40.0,2025-07-10,03:15
18254,40.0,2025-07-10,03:30
18255,40.0,2025-07-10,03:45
18256,40.0,2025-07-10,04:00
18257,40.0,2025-07-10,04:15
18258,40.0,2025-07-10,04:30
18259,40.0,2025-07-10,04:45
18260,40.0,2025-07-10,05:00
18261,40.0,2025-07-10,05:15
18262,40.0,2025-07-10,05:30
18263,40.0,2025-07-10,05:45
18264,40.0,2025-07-10,06:00
18265,40.0,2025-07-10,06:15
18266,40.0,2025-07-10,06:30
18267,40.0,2025-07-10,06:45
18268,40.0,2025-07-10,07:00
18269,40.0,2025-07-10,07:15
18270,40.0,2025-07-10,07:30
18271,40.0,2025-07-10,07:45
18272,40.0,2025-07-10,08:00
18273,40.0,2025-07-10,08:15
18274,40.0,2025-07-10,08:30
18275,110.64,2025-07-10,08:45
18276,40.0,2025-07-10,09:00
18277,40.0,2025-07-10,09:15
18278,40.0,2025-07-10,09:30
18279,40.0,2025-07-10,09:45
18280,40.0,2025-07-10,10:00
18281,40.0,2025-07-10,10:15
18282,40.0,2025-07-10,10:30
18283,40.0,2025-07-10,10:45
18284,40.0,2025-07-10,11:00
18285,40.0,2025-07-10,11:15
18286,40.0,2025-07-10,11:30
18287,40.0,2025-07-10,11:45
18288,40.0,2025-07-10,12:00
18289,40.0,2025-07-10,12:15
18290,40.0,2025-07-10,12:30
18291,40.0,2025-07-10,12:45
18292,40.0,2025-07-10,13:00
18293,40.0,2025-07-10,13:15
18294,40.0,2025-07-10,13:30
18295,40.0,2025-07-10,13:45
18296,40.0,2025-07-10,14:00
18297,40.0,2025-07-10,14:15
18298,40.0,2025-07-10,14:30
18299,40.0,2025-07-10,14:45
18300,40.0,2025-07-10,15:00
18301,40.0,2025-07-10,15:15
18302,40.0,2025-07-10,15:30
18303,40.0,2025-07-10,15:45
18304,40.0,2025-07-10,16:00
18305,40.0,2025-07-10,16:15
18306,40.0,2025-07-10,16:30
18307,40.0,2025-07-10,16:45
18308,40.0,2025-07-10,17:00
18309,213.92,2025-07-10,17:15
18310,188.35,2025-07-10,17:30
18311,234.16,2025-07-10,17:45
18312,192.11,2025-07-10,18:00
18313,202.12,2025-07-10,18:15
18314,213.58,2025-07-10,18:30
18315,245.07,2025-07-10,18:45
18316,272.05,2025-07-10,19:00
18317,298.31,2025-07-10,19:15
18318,320.72,2025-07-10,19:30
18319,318.86,2025-07-10,19:45
18320,315.75,2025-07-10,20:00
18321,324.5,2025-07-10,20:15
18322,342.31,2025-07-10,20:30
18323,322.7,2025-07-10,20:45
18324,298.17,2025-07-10,21:00
18325,288.3,2025-07-10,21:15
18326,316.88,2025-07-10,21:30
18327,271.32,2025-07-10,21:45
18328,234.01,2025-07-10,22:00
18329,41.95,2025-07-10,22:15
18330,40.0,2025-07-10,22:30
18331,40.0,2025-07-10,22:45
18332,40.0,2025-07-10,23:00
18333,40.0,2025-07-10,23:15
18334,47.28,2025-07-10,23:30
18335,47.33,2025-07-10,23:45
18336,40.0,2025-07-10,24:00
18337,40.0,2025-07-11,00:15
18338,40.0,2025-07-11,00:30
18339,40.0,2025-07-11,00:45
18340,40.0,2025-07-11,01:00
18341,40.0,2025-07-11,01:15
18342,40.0,2025-07-11,01:30
18343,40.0,2025-07-11,01:45
18344,218.43,2025-07-11,02:00
18345,40.0,2025-07-11,02:15
18346,40.0,2025-07-11,02:30
18347,40.0,2025-07-11,02:45
18348,40.0,2025-07-11,03:00
18349,40.0,2025-07-11,03:15
18350,40.0,2025-07-11,03:30
18351,40.0,2025-07-11,03:45
18352,40.0,2025-07-11,04:00
18353,40.0,2025-07-11,04:15
18354,40.0,2025-07-11,04:30
18355,40.0,2025-07-11,04:45
18356,40.0,2025-07-11,05:00
18357,40.0,2025-07-11,05:15
18358,40.0,2025-07-11,05:30
18359,40.0,2025-07-11,05:45
18360,40.0,2025-07-11,06:00
18361,40.0,2025-07-11,06:15
18362,40.0,2025-07-11,06:30
18363,40.0,2025-07-11,06:45
18364,40.0,2025-07-11,07:00
18365,40.0,2025-07-11,07:15
18366,40.0,2025-07-11,07:30
18367,40.0,2025-07-11,07:45
18368,40.0,2025-07-11,08:00
18369,40.0,2025-07-11,08:15
18370,40.0,2025-07-11,08:30
18371,40.0,2025-07-11,08:45
18372,40.0,2025-07-11,09:00
18373,40.0,2025-07-11,09:15
18374,40.0,2025-07-11,09:30
18375,40.0,2025-07-11,09:45
18376,40.0,2025-07-11,10:00
18377,40.0,2025-07-11,10:15
18378,40.0,2025-07-11,10:30
18379,166.33,2025-07-11,10:45
18380,168.32,2025-07-11,11:00
18381,150.01,2025-07-11,11:15
18382,40.0,2025-07-11,11:30
18383,40.0,2025-07-11,11:45
18384,40.0,2025-07-11,12:00
18385,40.0,2025-07-11,12:15
18386,40.0,2025-07-11,12:30
18387,40.0,2025-07-11,12:45
18388,40.0,2025-07-11,13:00
18389,40.0,2025-07-11,13:15
18390,40.0,2025-07-11,13:30
18391,40.0,2025-07-11,13:45
18392,40.0,2025-07-11,14:00
18393,40.0,2025-07-11,14:15
18394,40.0,2025-07-11,14:30
18395,40.0,2025-07-11,14:45
18396,40.0,2025-07-11,15:00
18397,40.0,2025-07-11,15:15
18398,163.9,2025-07-11,15:30
18399,180.97,2025-07-11,15:45
18400,175.74,2025-07-11,16:00
18401,172.67,2025-07-11,16:15
18402,168.84,2025-07-11,16:30
18403,40.0,2025-07-11,16:45
18404,154.88,2025-07-11,17:00
18405,172.45,2025-07-11,17:15
18406,164.47,2025-07-11,17:30
18407,174.23,2025-07-11,17:45
18408,160.98,2025-07-11,18:00
18409,162.16,2025-07-11,18:15
18410,40.0,2025-07-11,18:30
18411,174.94,2025-07-11,18:45
18412,40.0,2025-07-11,19:00
18413,165.58,2025-07-11,19:15
18414,249.87,2025-07-11,19:30
18415,220.54,2025-07-11,19:45
18416,219.44,2025-07-11,20:00
18417,267.11,2025-07-11,20:15
18418,331.03,2025-07-11,20:30
18419,354.67,2025-07-11,20:45
18420,353.15,2025-07-11,21:00
18421,219.08,2025-07-11,21:15
18422,252.56,2025-07-11,21:30
18423,206.51,2025-07-11,21:45
18424,243.78,2025-07-11,22:00
18425,323.36,2025-07-11,22:15
18426,275.99,2025-07-11,22:30
18427,292.16,2025-07-11,22:45
18428,40.0,2025-07-11,23:00
18429,40.0,2025-07-11,23:15
18430,40.0,2025-07-11,23:30
18431,198.47,2025-07-11,23:45
18432,198.29,2025-07-11,24:00
18433,40.0,2025-07-12,00:15
18434,40.0,2025-07-12,00:30
18435,40.0,2025-07-12,00:45
18436,40.0,2025-07-12,01:00
18437,40.0,2025-07-12,01:15
18438,40.0,2025-07-12,01:30
18439,40.0,2025-07-12,01:45
18440,40.0,2025-07-12,02:00
18441,40.0,2025-07-12,02:15
18442,40.0,2025-07-12,02:30
18443,40.0,2025-07-12,02:45
18444,40.0,2025-07-12,03:00
18445,40.0,2025-07-12,03:15
18446,40.0,2025-07-12,03:30
18447,40.0,2025-07-12,03:45
18448,40.0,2025-07-12,04:00
18449,40.0,2025-07-12,04:15
18450,40.0,2025-07-12,04:30
18451,40.0,2025-07-12,04:45
18452,40.0,2025-07-12,05:00
18453,40.0,2025-07-12,05:15
18454,40.0,2025-07-12,05:30
18455,40.0,2025-07-12,05:45
18456,40.0,2025-07-12,06:00
18457,40.0,2025-07-12,06:15
18458,40.0,2025-07-12,06:30
18459,40.0,2025-07-12,06:45
18460,40.0,2025-07-12,07:00
18461,40.0,2025-07-12,07:15
18462,40.0,2025-07-12,07:30
18463,40.0,2025-07-12,07:45
18464,40.0,2025-07-12,08:00
18465,40.0,2025-07-12,08:15
18466,40.0,2025-07-12,08:30
18467,40.0,2025-07-12,08:45
18468,40.0,2025-07-12,09:00
18469,40.0,2025-07-12,09:15
18470,110.79,2025-07-12,09:30
18471,40.0,2025-07-12,09:45
18472,151.31,2025-07-12,10:00
18473,40.0,2025-07-12,10:15
18474,40.0,2025-07-12,10:30
18475,108.11,2025-07-12,10:45
18476,169.12,2025-07-12,11:00
18477,177.98,2025-07-12,11:15
18478,178.27,2025-07-12,11:30
18479,166.46,2025-07-12,11:45
18480,40.0,2025-07-12,12:00
18481,165.68,2025-07-12,12:15
18482,171.9,2025-07-12,12:30
18483,166.2,2025-07-12,12:45
18484,40.0,2025-07-12,13:00
18485,163.46,2025-07-12,13:15
18486,152.9,2025-07-12,13:30
18487,167.74,2025-07-12,13:45
18488,179.32,2025-07-12,14:00
18489,180.23,2025-07-12,14:15
18490,169.02,2025-07-12,14:30
18491,174.13,2025-07-12,14:45
18492,175.06,2025-07-12,15:00
18493,174.04,2025-07-12,15:15
18494,172.08,2025-07-12,15:30
18495,207.38,2025-07-12,15:45
18496,207.24,2025-07-12,16:00
18497,40.0,2025-07-12,16:15
18498,40.0,2025-07-12,16:30
18499,40.0,2025-07-12,16:45
18500,40.0,2025-07-12,17:00
18501,151.17,2025-07-12,17:15
18502,152.39,2025-07-12,17:30
18503,304.72,2025-07-12,17:45
18504,280.49,2025-07-12,18:00
18505,275.77,2025-07-12,18:15
18506,204.34,2025-07-12,18:30
18507,174.28,2025-07-12,18:45
18508,205.78,2025-07-12,19:00
18509,216.87,2025-07-12,19:15
18510,219.48,2025-07-12,19:30
18511,40.0,2025-07-12,19:45
18512,40.0,2025-07-12,20:00
18513,186.23,2025-07-12,20:15
18514,203.02,2025-07-12,20:30
18515,372.83,2025-07-12,20:45
18516,347.71,2025-07-12,21:00
18517,204.96,2025-07-12,21:15
18518,203.37,2025-07-12,21:30
18519,196.07,2025-07-12,21:45
18520,190.31,2025-07-12,22:00
18521,219.74,2025-07-12,22:15
18522,40.0,2025-07-12,22:30
18523,40.0,2025-07-12,22:45
18524,40.0,2025-07-12,23:00
18525,40.0,2025-07-12,23:15
18526,40.0,2025-07-12,23:30
18527,40.0,2025-07-12,23:45
18528,40.0,2025-07-12,24:00
18529,40.0,2025-07-13,00:15
18530,40.0,2025-07-13,00:30
18531,40.0,2025-07-13,00:45
18532,40.0,2025-07-13,01:00
18533,40.0,2025-07-13,01:15
18534,40.0,2025-07-13,01:30
18535,192.7,2025-07-13,01:45
18536,192.36,2025-07-13,02:00
18537,241.18,2025-07-13,02:15
18538,324.43,2025-07-13,02:30
18539,338.23,2025-07-13,02:45
18540,336.59,2025-07-13,03:00
18541,232.33,2025-07-13,03:15
18542,224.23,2025-07-13,03:30
18543,40.0,2025-07-13,03:45
18544,40.0,2025-07-13,04:00
18545,175.5,2025-07-13,04:15
18546,173.83,2025-07-13,04:30
18547,177.57,2025-07-13,04:45
18548,181.38,2025-07-13,05:00
18549,172.35,2025-07-13,05:15
18550,40.0,2025-07-13,05:30
18551,40.0,2025-07-13,05:45
18552,40.0,2025-07-13,06:00
18553,40.0,2025-07-13,06:15
18554,40.0,2025-07-13,06:30
18555,40.0,2025-07-13,06:45
18556,40.0,2025-07-13,07:00
18557,40.0,2025-07-13,07:15
18558,40.0,2025-07-13,07:30
18559,40.0,2025-07-13,07:45
18560,40.0,2025-07-13,08:00
18561,40.0,2025-07-13,08:15
18562,40.0,2025-07-13,08:30
18563,40.0,2025-07-13,08:45
18564,40.0,2025-07-13,09:00
18565,40.0,2025-07-13,09:15
18566,40.0,2025-07-13,09:30
18567,40.0,2025-07-13,09:45
18568,40.0,2025-07-13,10:00
18569,40.0,2025-07-13,10:15
18570,40.0,2025-07-13,10:30
18571,150.39,2025-07-13,10:45
18572,271.01,2025-07-13,11:00
18573,245.12,2025-07-13,11:15
18574,246.37,2025-07-13,11:30
18575,298.06,2025-07-13,11:45
18576,151.89,2025-07-13,12:00
18577,40.0,2025-07-13,12:15
18578,142.32,2025-07-13,12:30
18579,40.0,2025-07-13,12:45
18580,156.17,2025-07-13,13:00
18581,40.0,2025-07-13,13:15
18582,313.0,2025-07-13,13:30
18583,308.79,2025-07-13,13:45
18584,165.61,2025-07-13,14:00
18585,257.29,2025-07-13,14:15
18586,328.65,2025-07-13,14:30
18587,261.12,2025-07-13,14:45
18588,40.0,2025-07-13,15:00
18589,194.42,2025-07-13,15:15
18590,144.5,2025-07-13,15:30
18591,240.43,2025-07-13,15:45
18592,224.23,2025-07-13,16:00
18593,354.15,2025-07-13,16:15
18594,320.51,2025-07-13,16:30
18595,300.18,2025-07-13,16:45
18596,270.92,2025-07-13,17:00
18597,289.63,2025-07-13,17:15
18598,289.88,2025-07-13,17:30
18599,337.53,2025-07-13,17:45
18600,279.46,2025-07-13,18:00
18601,274.39,2025-07-13,18:15
18602,279.12,2025-07-13,18:30
18603,313.4,2025-07-13,18:45
18604,247.23,2025-07-13,19:00
18605,352.56,2025-07-13,19:15
18606,365.89,2025-07-13,19:30
18607,349.42,2025-07-13,19:45
18608,353.51,2025-07-13,20:00
18609,289.48,2025-07-13,20:15
18610,300.52,2025-07-13,20:30
18611,358.57,2025-07-13,20:45
18612,335.1,2025-07-13,21:00
18613,340.21,2025-07-13,21:15
18614,334.62,2025-07-13,21:30
18615,360.32,2025-07-13,21:45
18616,249.3,2025-07-13,22:00
18617,255.77,2025-07-13,22:15
18618,198.21,2025-07-13,22:30
18619,202.81,2025-07-13,22:45
18620,197.29,2025-07-13,23:00
18621,40.0,2025-07-13,23:15
18622,300.0,2025-07-13,23:30
18623,320.0,2025-07-13,23:45
18624,366.63,2025-07-13,24:00
18625,191.08,2025-07-14,00:15
18626,40.0,2025-07-14,00:30
18627,40.0,2025-07-14,00:45
18628,40.0,2025-07-14,01:00
18629,40.0,2025-07-14,01:15
18630,40.0,2025-07-14,01:30
18631,40.0,2025-07-14,01:45
18632,40.0,2025-07-14,02:00
18633,202.79,2025-07-14,02:15
18634,250.0,2025-07-14,02:30
18635,40.0,2025-07-14,02:45
18636,40.0,2025-07-14,03:00
18637,40.0,2025-07-14,03:15
18638,250.0,2025-07-14,03:30
18639,40.0,2025-07-14,03:45
18640,40.0,2025-07-14,04:00
18641,290.0,2025-07-14,04:15
18642,290.0,2025-07-14,04:30
18643,300.0,2025-07-14,04:45
18644,310.0,2025-07-14,05:00
18645,320.0,2025-07-14,05:15
18646,320.0,2025-07-14,05:30
18647,320.0,2025-07-14,05:45
18648,320.0,2025-07-14,06:00
18649,320.0,2025-07-14,06:15
18650,320.0,2025-07-14,06:30
18651,310.0,2025-07-14,06:45
18652,310.0,2025-07-14,07:00
18653,40.0,2025-07-14,07:15
18654,40.0,2025-07-14,07:30
18655,40.0,2025-07-14,07:45
18656,40.0,2025-07-14,08:00
18657,40.0,2025-07-14,08:15
18658,40.0,2025-07-14,08:30
18659,40.0,2025-07-14,08:45
18660,40.0,2025-07-14,09:00
18661,188.65,2025-07-14,09:15
18662,190.18,2025-07-14,09:30
18663,201.01,2025-07-14,09:45
18664,209.72,2025-07-14,10:00
18665,217.2,2025-07-14,10:15
18666,228.68,2025-07-14,10:30
18667,248.84,2025-07-14,10:45
18668,246.14,2025-07-14,11:00
18669,290.87,2025-07-14,11:15
18670,248.05,2025-07-14,11:30
18671,267.27,2025-07-14,11:45
18672,186.78,2025-07-14,12:00
18673,279.63,2025-07-14,12:15
18674,268.05,2025-07-14,12:30
18675,242.44,2025-07-14,12:45
18676,238.54,2025-07-14,13:00
18677,252.39,2025-07-14,13:15
18678,265.18,2025-07-14,13:30
18679,208.53,2025-07-14,13:45
18680,215.96,2025-07-14,14:00
18681,273.07,2025-07-14,14:15
18682,299.31,2025-07-14,14:30
18683,299.56,2025-07-14,14:45
18684,284.09,2025-07-14,15:00
18685,307.73,2025-07-14,15:15
18686,315.43,2025-07-14,15:30
18687,335.96,2025-07-14,15:45
18688,354.05,2025-07-14,16:00
18689,399.31,2025-07-14,16:15
18690,350.97,2025-07-14,16:30
18691,315.31,2025-07-14,16:45
18692,289.73,2025-07-14,17:00
18693,286.37,2025-07-14,17:15
18694,304.32,2025-07-14,17:30
18695,291.61,2025-07-14,17:45
18696,254.23,2025-07-14,18:00
18697,314.62,2025-07-14,18:15
18698,374.1,2025-07-14,18:30
18699,459.99,2025-07-14,18:45
18700,428.18,2025-07-14,19:00
18701,465.96,2025-07-14,19:15
18702,526.4,2025-07-14,19:30
18703,529.09,2025-07-14,19:45
18704,591.95,2025-07-14,20:00
18705,494.92,2025-07-14,20:15
18706,495.06,2025-07-14,20:30
18707,541.86,2025-07-14,20:45
18708,536.21,2025-07-14,21:00
18709,519.58,2025-07-14,21:15
18710,472.57,2025-07-14,21:30
18711,419.55,2025-07-14,21:45
18712,365.95,2025-07-14,22:00
18713,397.05,2025-07-14,22:15
18714,319.61,2025-07-14,22:30
18715,350.0,2025-07-14,22:45
18716,390.0,2025-07-14,23:00
18717,430.0,2025-07-14,23:15
18718,430.0,2025-07-14,23:30
18719,420.0,2025-07-14,23:45
18720,420.0,2025-07-14,24:00
18721,460.0,2025-07-15,00:15
18722,400.0,2025-07-15,00:30
18723,400.0,2025-07-15,00:45
18724,400.0,2025-07-15,01:00
18725,350.0,2025-07-15,01:15
18726,350.0,2025-07-15,01:30
18727,406.15,2025-07-15,01:45
18728,364.06,2025-07-15,02:00
18729,342.34,2025-07-15,02:15
18730,309.43,2025-07-15,02:30
18731,212.82,2025-07-15,02:45
18732,213.1,2025-07-15,03:00
18733,206.4,2025-07-15,03:15
18734,262.77,2025-07-15,03:30
18735,266.7,2025-07-15,03:45
18736,253.1,2025-07-15,04:00
18737,239.29,2025-07-15,04:15
18738,245.02,2025-07-15,04:30
18739,251.72,2025-07-15,04:45
18740,249.74,2025-07-15,05:00
18741,259.74,2025-07-15,05:15
18742,265.2,2025-07-15,05:30
18743,258.57,2025-07-15,05:45
18744,263.6,2025-07-15,06:00
18745,257.45,2025-07-15,06:15
18746,261.75,2025-07-15,06:30
18747,255.36,2025-07-15,06:45
18748,202.77,2025-07-15,07:00
18749,196.42,2025-07-15,07:15
18750,189.38,2025-07-15,07:30
18751,300.0,2025-07-15,07:45
18752,270.0,2025-07-15,08:00
18753,40.0,2025-07-15,08:15
18754,40.0,2025-07-15,08:30
18755,40.0,2025-07-15,08:45
18756,40.0,2025-07-15,09:00
18757,151.83,2025-07-15,09:15
18758,163.15,2025-07-15,09:30
18759,189.35,2025-07-15,09:45
18760,190.97,2025-07-15,10:00
18761,189.06,2025-07-15,10:15
18762,207.1,2025-07-15,10:30
18763,216.89,2025-07-15,10:45
18764,229.01,2025-07-15,11:00
18765,284.98,2025-07-15,11:15
18766,276.02,2025-07-15,11:30
18767,258.6,2025-07-15,11:45
18768,245.0,2025-07-15,12:00
18769,257.11,2025-07-15,12:15
18770,251.81,2025-07-15,12:30
18771,239.25,2025-07-15,12:45
18772,219.03,2025-07-15,13:00
18773,255.37,2025-07-15,13:15
18774,254.82,2025-07-15,13:30
18775,255.59,2025-07-15,13:45
18776,255.81,2025-07-15,14:00
18777,277.81,2025-07-15,14:15
18778,284.58,2025-07-15,14:30
18779,300.98,2025-07-15,14:45
18780,256.99,2025-07-15,15:00
18781,251.33,2025-07-15,15:15
18782,293.36,2025-07-15,15:30
18783,314.07,2025-07-15,15:45
18784,235.92,2025-07-15,16:00
18785,372.88,2025-07-15,16:15
18786,364.72,2025-07-15,16:30
18787,338.52,2025-07-15,16:45
18788,309.58,2025-07-15,17:00
18789,315.38,2025-07-15,17:15
18790,315.46,2025-07-15,17:30
18791,338.14,2025-07-15,17:45
18792,375.89,2025-07-15,18:00
18793,414.1,2025-07-15,18:15
18794,472.12,2025-07-15,18:30
18795,541.71,2025-07-15,18:45
18796,539.5,2025-07-15,19:00
18797,535.3,2025-07-15,19:15
18798,511.83,2025-07-15,19:30
18799,488.07,2025-07-15,19:45
18800,491.8,2025-07-15,20:00
18801,526.08,2025-07-15,20:15
18802,527.34,2025-07-15,20:30
18803,518.44,2025-07-15,20:45
18804,510.66,2025-07-15,21:00
18805,513.78,2025-07-15,21:15
18806,508.18,2025-07-15,21:30
18807,503.91,2025-07-15,21:45
18808,498.35,2025-07-15,22:00
18809,481.02,2025-07-15,22:15
18810,380.52,2025-07-15,22:30
18811,317.72,2025-07-15,22:45
18812,337.04,2025-07-15,23:00
18813,345.98,2025-07-15,23:15
18814,379.29,2025-07-15,23:30
18815,360.0,2025-07-15,23:45
18816,400.0,2025-07-15,24:00
18817,350.53,2025-07-16,00:15
18818,280.89,2025-07-16,00:30
18819,269.45,2025-07-16,00:45
18820,286.87,2025-07-16,01:00
18821,235.94,2025-07-16,01:15
18822,216.2,2025-07-16,01:30
18823,269.45,2025-07-16,01:45
18824,292.18,2025-07-16,02:00
18825,263.84,2025-07-16,02:15
18826,300.0,2025-07-16,02:30
18827,215.45,2025-07-16,02:45
18828,214.59,2025-07-16,03:00
18829,300.0,2025-07-16,03:15
18830,300.0,2025-07-16,03:30
18831,310.0,2025-07-16,03:45
18832,300.0,2025-07-16,04:00
18833,300.0,2025-07-16,04:15
18834,300.0,2025-07-16,04:30
18835,300.0,2025-07-16,04:45
18836,222.5,2025-07-16,05:00
18837,229.2,2025-07-16,05:15
18838,229.44,2025-07-16,05:30
18839,229.28,2025-07-16,05:45
18840,229.56,2025-07-16,06:00
18841,229.7,2025-07-16,06:15
18842,202.07,2025-07-16,06:30
18843,183.38,2025-07-16,06:45
18844,178.32,2025-07-16,07:00
18845,40.0,2025-07-16,07:15
18846,40.0,2025-07-16,07:30
18847,40.0,2025-07-16,07:45
18848,40.0,2025-07-16,08:00
18849,40.0,2025-07-16,08:15
18850,40.0,2025-07-16,08:30
18851,40.0,2025-07-16,08:45
18852,152.67,2025-07-16,09:00
18853,183.7,2025-07-16,09:15
18854,187.89,2025-07-16,09:30
18855,186.02,2025-07-16,09:45
18856,169.39,2025-07-16,10:00
18857,190.6,2025-07-16,10:15
18858,216.23,2025-07-16,10:30
18859,222.26,2025-07-16,10:45
18860,232.8,2025-07-16,11:00
18861,257.72,2025-07-16,11:15
18862,250.62,2025-07-16,11:30
18863,245.08,2025-07-16,11:45
18864,230.37,2025-07-16,12:00
18865,227.13,2025-07-16,12:15
18866,221.8,2025-07-16,12:30
18867,226.01,2025-07-16,12:45
18868,224.61,2025-07-16,13:00
18869,240.81,2025-07-16,13:15
18870,243.25,2025-07-16,13:30
18871,238.14,2025-07-16,13:45
18872,241.8,2025-07-16,14:00
18873,208.56,2025-07-16,14:15
18874,222.13,2025-07-16,14:30
18875,226.82,2025-07-16,14:45
18876,232.47,2025-07-16,15:00
18877,242.74,2025-07-16,15:15
18878,271.11,2025-07-16,15:30
18879,272.92,2025-07-16,15:45
18880,279.47,2025-07-16,16:00
18881,274.85,2025-07-16,16:15
18882,257.19,2025-07-16,16:30
18883,240.8,2025-07-16,16:45
18884,218.13,2025-07-16,17:00
18885,245.86,2025-07-16,17:15
18886,257.59,2025-07-16,17:30
18887,307.62,2025-07-16,17:45
18888,275.78,2025-07-16,18:00
18889,348.23,2025-07-16,18:15
18890,347.65,2025-07-16,18:30
18891,387.84,2025-07-16,18:45
18892,384.02,2025-07-16,19:00
18893,413.83,2025-07-16,19:15
18894,367.63,2025-07-16,19:30
18895,303.44,2025-07-16,19:45
18896,306.03,2025-07-16,20:00
18897,340.85,2025-07-16,20:15
18898,344.39,2025-07-16,20:30
18899,358.21,2025-07-16,20:45
18900,377.66,2025-07-16,21:00
18901,373.95,2025-07-16,21:15
18902,364.81,2025-07-16,21:30
18903,363.15,2025-07-16,21:45
18904,359.61,2025-07-16,22:00
18905,339.26,2025-07-16,22:15
18906,303.86,2025-07-16,22:30
18907,294.05,2025-07-16,22:45
18908,293.52,2025-07-16,23:00
18909,233.44,2025-07-16,23:15
18910,212.27,2025-07-16,23:30
18911,213.72,2025-07-16,23:45
18912,204.46,2025-07-16,24:00
18913,222.78,2025-07-17,00:15
18914,224.54,2025-07-17,00:30
18915,203.13,2025-07-17,00:45
18916,199.2,2025-07-17,01:00
18917,186.43,2025-07-17,01:15
18918,177.94,2025-07-17,01:30
18919,40.0,2025-07-17,01:45
18920,178.4,2025-07-17,02:00
18921,193.47,2025-07-17,02:15
18922,187.84,2025-07-17,02:30
18923,188.51,2025-07-17,02:45
18924,177.32,2025-07-17,03:00
18925,40.0,2025-07-17,03:15
18926,40.0,2025-07-17,03:30
18927,40.0,2025-07-17,03:45
18928,194.4,2025-07-17,04:00
18929,193.08,2025-07-17,04:15
18930,190.16,2025-07-17,04:30
18931,190.31,2025-07-17,04:45
18932,197.84,2025-07-17,05:00
18933,197.89,2025-07-17,05:15
18934,205.08,2025-07-17,05:30
18935,193.5,2025-07-17,05:45
18936,192.78,2025-07-17,06:00
18937,189.3,2025-07-17,06:15
18938,189.02,2025-07-17,06:30
18939,196.85,2025-07-17,06:45
18940,233.54,2025-07-17,07:00
18941,185.09,2025-07-17,07:15
18942,176.03,2025-07-17,07:30
18943,40.0,2025-07-17,07:45
18944,40.0,2025-07-17,08:00
18945,40.0,2025-07-17,08:15
18946,40.0,2025-07-17,08:30
18947,40.0,2025-07-17,08:45
18948,40.0,2025-07-17,09:00
18949,40.0,2025-07-17,09:15
18950,40.0,2025-07-17,09:30
18951,40.0,2025-07-17,09:45
18952,144.26,2025-07-17,10:00
18953,149.18,2025-07-17,10:15
18954,163.05,2025-07-17,10:30
18955,197.25,2025-07-17,10:45
18956,216.66,2025-07-17,11:00
18957,225.75,2025-07-17,11:15
18958,225.48,2025-07-17,11:30
18959,196.4,2025-07-17,11:45
18960,169.84,2025-07-17,12:00
18961,155.11,2025-07-17,12:15
18962,171.64,2025-07-17,12:30
18963,155.91,2025-07-17,12:45
18964,161.8,2025-07-17,13:00
18965,197.78,2025-07-17,13:15
18966,177.94,2025-07-17,13:30
18967,191.62,2025-07-17,13:45
18968,192.31,2025-07-17,14:00
18969,189.99,2025-07-17,14:15
18970,183.48,2025-07-17,14:30
18971,176.71,2025-07-17,14:45
18972,172.94,2025-07-17,15:00
18973,172.73,2025-07-17,15:15
18974,173.64,2025-07-17,15:30
18975,186.07,2025-07-17,15:45
18976,189.49,2025-07-17,16:00
18977,215.69,2025-07-17,16:15
18978,197.74,2025-07-17,16:30
18979,179.98,2025-07-17,16:45
18980,176.03,2025-07-17,17:00
18981,180.04,2025-07-17,17:15
18982,186.72,2025-07-17,17:30
18983,242.25,2025-07-17,17:45
18984,284.17,2025-07-17,18:00
18985,313.14,2025-07-17,18:15
18986,292.38,2025-07-17,18:30
18987,331.72,2025-07-17,18:45
18988,327.47,2025-07-17,19:00
18989,334.5,2025-07-17,19:15
18990,316.51,2025-07-17,19:30
18991,322.39,2025-07-17,19:45
18992,308.66,2025-07-17,20:00
18993,347.74,2025-07-17,20:15
18994,320.06,2025-07-17,20:30
18995,391.89,2025-07-17,20:45
18996,360.67,2025-07-17,21:00
18997,346.7,2025-07-17,21:15
18998,334.23,2025-07-17,21:30
18999,315.03,2025-07-17,21:45
19000,301.95,2025-07-17,22:00
19001,247.47,2025-07-17,22:15
19002,223.39,2025-07-17,22:30
19003,231.58,2025-07-17,22:45
19004,211.83,2025-07-17,23:00
19005,200.37,2025-07-17,23:15
19006,238.93,2025-07-17,23:30
19007,203.44,2025-07-17,23:45
19008,176.67,2025-07-17,24:00
19009,191.75,2025-07-18,00:15
19010,192.94,2025-07-18,00:30
19011,175.27,2025-07-18,00:45
19012,40.0,2025-07-18,01:00
19013,40.0,2025-07-18,01:15
19014,40.0,2025-07-18,01:30
19015,40.0,2025-07-18,01:45
19016,40.0,2025-07-18,02:00
19017,123.49,2025-07-18,02:15
19018,123.62,2025-07-18,02:30
19019,161.17,2025-07-18,02:45
19020,173.16,2025-07-18,03:00
19021,176.11,2025-07-18,03:15
19022,195.29,2025-07-18,03:30
19023,207.42,2025-07-18,03:45
19024,223.4,2025-07-18,04:00
19025,157.18,2025-07-18,04:15
19026,168.74,2025-07-18,04:30
19027,180.58,2025-07-18,04:45
19028,160.96,2025-07-18,05:00
19029,161.64,2025-07-18,05:15
19030,167.11,2025-07-18,05:30
19031,162.08,2025-07-18,05:45
19032,151.63,2025-07-18,06:00
19033,40.0,2025-07-18,06:15
19034,40.0,2025-07-18,06:30
19035,40.0,2025-07-18,06:45
19036,40.0,2025-07-18,07:00
19037,40.0,2025-07-18,07:15
19038,40.0,2025-07-18,07:30
19039,40.0,2025-07-18,07:45
19040,40.0,2025-07-18,08:00
19041,40.0,2025-07-18,08:15
19042,40.0,2025-07-18,08:30
19043,40.0,2025-07-18,08:45
19044,40.0,2025-07-18,09:00
19045,40.0,2025-07-18,09:15
19046,40.0,2025-07-18,09:30
19047,40.0,2025-07-18,09:45
19048,40.0,2025-07-18,10:00
19049,40.0,2025-07-18,10:15
19050,40.0,2025-07-18,10:30
19051,40.0,2025-07-18,10:45
19052,40.0,2025-07-18,11:00
19053,40.0,2025-07-18,11:15
19054,40.0,2025-07-18,11:30
19055,40.0,2025-07-18,11:45
19056,40.0,2025-07-18,12:00
19057,40.0,2025-07-18,12:15
19058,40.0,2025-07-18,12:30
19059,40.0,2025-07-18,12:45
19060,40.0,2025-07-18,13:00
19061,154.59,2025-07-18,13:15
19062,165.48,2025-07-18,13:30
19063,160.32,2025-07-18,13:45
19064,40.0,2025-07-18,14:00
19065,40.0,2025-07-18,14:15
19066,180.94,2025-07-18,14:30
19067,171.92,2025-07-18,14:45
19068,171.22,2025-07-18,15:00
19069,190.41,2025-07-18,15:15
19070,191.82,2025-07-18,15:30
19071,183.72,2025-07-18,15:45
19072,178.18,2025-07-18,16:00
19073,178.63,2025-07-18,16:15
19074,171.26,2025-07-18,16:30
19075,148.02,2025-07-18,16:45
19076,40.0,2025-07-18,17:00
19077,40.0,2025-07-18,17:15
19078,185.42,2025-07-18,17:30
19079,186.81,2025-07-18,17:45
19080,180.39,2025-07-18,18:00
19081,181.07,2025-07-18,18:15
19082,203.87,2025-07-18,18:30
19083,236.51,2025-07-18,18:45
19084,246.78,2025-07-18,19:00
19085,267.81,2025-07-18,19:15
19086,269.3,2025-07-18,19:30
19087,273.59,2025-07-18,19:45
19088,268.94,2025-07-18,20:00
19089,278.46,2025-07-18,20:15
19090,275.16,2025-07-18,20:30
19091,279.9,2025-07-18,20:45
19092,264.09,2025-07-18,21:00
19093,275.3,2025-07-18,21:15
19094,274.09,2025-07-18,21:30
19095,261.1,2025-07-18,21:45
19096,253.96,2025-07-18,22:00
19097,206.33,2025-07-18,22:15
19098,161.83,2025-07-18,22:30
19099,40.0,2025-07-18,22:45
19100,40.0,2025-07-18,23:00
19101,40.0,2025-07-18,23:15
19102,40.0,2025-07-18,23:30
19103,40.0,2025-07-18,23:45
19104,40.0,2025-07-18,24:00
19105,298.91,2025-07-19,00:15
19106,300.0,2025-07-19,00:30
19107,280.0,2025-07-19,00:45
19108,150.0,2025-07-19,01:00
19109,40.0,2025-07-19,01:15
19110,40.0,2025-07-19,01:30
19111,40.0,2025-07-19,01:45
19112,40.0,2025-07-19,02:00
19113,40.0,2025-07-19,02:15
19114,40.0,2025-07-19,02:30
19115,40.0,2025-07-19,02:45
19116,40.0,2025-07-19,03:00
19117,40.0,2025-07-19,03:15
19118,40.0,2025-07-19,03:30
19119,40.0,2025-07-19,03:45
19120,40.0,2025-07-19,04:00
19121,40.0,2025-07-19,04:15
19122,40.0,2025-07-19,04:30
19123,40.0,2025-07-19,04:45
19124,40.0,2025-07-19,05:00
19125,40.0,2025-07-19,05:15
19126,283.57,2025-07-19,05:30
19127,40.0,2025-07-19,05:45
19128,40.0,2025-07-19,06:00
19129,40.0,2025-07-19,06:15
19130,40.0,2025-07-19,06:30
19131,40.0,2025-07-19,06:45
19132,40.0,2025-07-19,07:00
19133,40.0,2025-07-19,07:15
19134,40.0,2025-07-19,07:30
19135,40.0,2025-07-19,07:45
19136,40.0,2025-07-19,08:00
19137,40.0,2025-07-19,08:15
19138,40.0,2025-07-19,08:30
19139,40.0,2025-07-19,08:45
19140,40.0,2025-07-19,09:00
19141,40.0,2025-07-19,09:15
19142,40.0,2025-07-19,09:30
19143,153.44,2025-07-19,09:45
19144,40.0,2025-07-19,10:00
19145,40.0,2025-07-19,10:15
19146,40.0,2025-07-19,10:30
19147,40.0,2025-07-19,10:45
19148,180.13,2025-07-19,11:00
19149,147.61,2025-07-19,11:15
19150,180.55,2025-07-19,11:30
19151,145.41,2025-07-19,11:45
19152,151.4,2025-07-19,12:00
19153,40.0,2025-07-19,12:15
19154,40.0,2025-07-19,12:30
19155,40.0,2025-07-19,12:45
19156,40.0,2025-07-19,13:00
19157,156.54,2025-07-19,13:15
19158,40.0,2025-07-19,13:30
19159,40.0,2025-07-19,13:45
19160,40.0,2025-07-19,14:00
19161,40.0,2025-07-19,14:15
19162,40.0,2025-07-19,14:30
19163,40.0,2025-07-19,14:45
19164,40.0,2025-07-19,15:00
19165,40.0,2025-07-19,15:15
19166,40.0,2025-07-19,15:30
19167,40.0,2025-07-19,15:45
19168,40.0,2025-07-19,16:00
19169,40.0,2025-07-19,16:15
19170,40.0,2025-07-19,16:30
19171,40.0,2025-07-19,16:45
19172,40.0,2025-07-19,17:00
19173,40.0,2025-07-19,17:15
19174,40.0,2025-07-19,17:30
19175,40.0,2025-07-19,17:45
19176,40.0,2025-07-19,18:00
19177,40.0,2025-07-19,18:15
19178,171.77,2025-07-19,18:30
19179,190.31,2025-07-19,18:45
19180,209.07,2025-07-19,19:00
19181,209.58,2025-07-19,19:15
19182,249.91,2025-07-19,19:30
19183,40.0,2025-07-19,19:45
19184,40.0,2025-07-19,20:00
19185,285.39,2025-07-19,20:15
19186,213.48,2025-07-19,20:30
19187,310.44,2025-07-19,20:45
19188,316.58,2025-07-19,21:00
19189,312.38,2025-07-19,21:15
19190,216.24,2025-07-19,21:30
19191,196.95,2025-07-19,21:45
19192,193.63,2025-07-19,22:00
19193,40.0,2025-07-19,22:15
19194,40.0,2025-07-19,22:30
19195,40.0,2025-07-19,22:45
19196,260.0,2025-07-19,23:00
19197,40.0,2025-07-19,23:15
19198,40.0,2025-07-19,23:30
19199,270.0,2025-07-19,23:45
19200,310.0,2025-07-19,24:00
19201,320.0,2025-07-20,00:15
19202,320.0,2025-07-20,00:30
19203,300.0,2025-07-20,00:45
19204,290.0,2025-07-20,01:00
19205,40.0,2025-07-20,01:15
19206,40.0,2025-07-20,01:30
19207,40.0,2025-07-20,01:45
19208,40.0,2025-07-20,02:00
19209,250.0,2025-07-20,02:15
19210,40.0,2025-07-20,02:30
19211,40.0,2025-07-20,02:45
19212,40.0,2025-07-20,03:00
19213,40.0,2025-07-20,03:15
19214,40.0,2025-07-20,03:30
19215,40.0,2025-07-20,03:45
19216,40.0,2025-07-20,04:00
19217,40.0,2025-07-20,04:15
19218,40.0,2025-07-20,04:30
19219,40.0,2025-07-20,04:45
19220,40.0,2025-07-20,05:00
19221,40.0,2025-07-20,05:15
19222,40.0,2025-07-20,05:30
19223,150.0,2025-07-20,05:45
19224,40.0,2025-07-20,06:00
19225,260.0,2025-07-20,06:15
19226,150.0,2025-07-20,06:30
19227,40.0,2025-07-20,06:45
19228,40.0,2025-07-20,07:00
19229,40.0,2025-07-20,07:15
19230,40.0,2025-07-20,07:30
19231,40.0,2025-07-20,07:45
19232,40.0,2025-07-20,08:00
19233,40.0,2025-07-20,08:15
19234,40.0,2025-07-20,08:30
19235,40.0,2025-07-20,08:45
19236,40.0,2025-07-20,09:00
19237,174.95,2025-07-20,09:15
19238,156.34,2025-07-20,09:30
19239,151.98,2025-07-20,09:45
19240,143.24,2025-07-20,10:00
19241,40.0,2025-07-20,10:15
19242,40.0,2025-07-20,10:30
19243,40.0,2025-07-20,10:45
19244,144.2,2025-07-20,11:00
19245,145.35,2025-07-20,11:15
19246,163.92,2025-07-20,11:30
19247,159.87,2025-07-20,11:45
19248,138.18,2025-07-20,12:00
19249,171.29,2025-07-20,12:15
19250,40.0,2025-07-20,12:30
19251,40.0,2025-07-20,12:45
19252,40.0,2025-07-20,13:00
19253,40.0,2025-07-20,13:15
19254,40.0,2025-07-20,13:30
19255,40.0,2025-07-20,13:45
19256,159.27,2025-07-20,14:00
19257,164.47,2025-07-20,14:15
19258,166.22,2025-07-20,14:30
19259,143.4,2025-07-20,14:45
19260,40.0,2025-07-20,15:00
19261,150.22,2025-07-20,15:15
19262,150.83,2025-07-20,15:30
19263,161.85,2025-07-20,15:45
19264,163.69,2025-07-20,16:00
19265,168.44,2025-07-20,16:15
19266,160.03,2025-07-20,16:30
19267,161.65,2025-07-20,16:45
19268,151.58,2025-07-20,17:00
19269,178.52,2025-07-20,17:15
19270,179.31,2025-07-20,17:30
19271,174.73,2025-07-20,17:45
19272,178.7,2025-07-20,18:00
19273,219.73,2025-07-20,18:15
19274,243.1,2025-07-20,18:30
19275,299.86,2025-07-20,18:45
19276,326.27,2025-07-20,19:00
19277,365.04,2025-07-20,19:15
19278,358.06,2025-07-20,19:30
19279,284.86,2025-07-20,19:45
19280,273.84,2025-07-20,20:00
19281,288.95,2025-07-20,20:15
19282,282.93,2025-07-20,20:30
19283,324.1,2025-07-20,20:45
19284,303.23,2025-07-20,21:00
19285,292.49,2025-07-20,21:15
19286,278.2,2025-07-20,21:30
19287,234.08,2025-07-20,21:45
19288,187.62,2025-07-20,22:00
19289,184.9,2025-07-20,22:15
19290,183.49,2025-07-20,22:30
19291,179.9,2025-07-20,22:45
19292,179.09,2025-07-20,23:00
19293,40.0,2025-07-20,23:15
19294,40.0,2025-07-20,23:30
19295,40.0,2025-07-20,23:45
19296,40.0,2025-07-20,24:00
19297,40.0,2025-07-21,00:15
19298,40.0,2025-07-21,00:30
19299,40.0,2025-07-21,00:45
19300,40.0,2025-07-21,01:00
19301,40.0,2025-07-21,01:15
19302,40.0,2025-07-21,01:30
19303,40.0,2025-07-21,01:45
19304,40.0,2025-07-21,02:00
19305,40.0,2025-07-21,02:15
19306,40.0,2025-07-21,02:30
19307,40.0,2025-07-21,02:45
19308,40.0,2025-07-21,03:00
19309,40.0,2025-07-21,03:15
19310,40.0,2025-07-21,03:30
19311,40.0,2025-07-21,03:45
19312,40.0,2025-07-21,04:00
19313,40.0,2025-07-21,04:15
19314,40.0,2025-07-21,04:30
19315,40.0,2025-07-21,04:45
19316,40.0,2025-07-21,05:00
19317,40.0,2025-07-21,05:15
19318,40.0,2025-07-21,05:30
19319,40.0,2025-07-21,05:45
19320,40.0,2025-07-21,06:00
19321,40.0,2025-07-21,06:15
19322,40.0,2025-07-21,06:30
19323,40.0,2025-07-21,06:45
19324,40.0,2025-07-21,07:00
19325,40.0,2025-07-21,07:15
19326,40.0,2025-07-21,07:30
19327,40.0,2025-07-21,07:45
19328,40.0,2025-07-21,08:00
19329,40.0,2025-07-21,08:15
19330,40.0,2025-07-21,08:30
19331,40.0,2025-07-21,08:45
19332,40.0,2025-07-21,09:00
19333,40.0,2025-07-21,09:15
19334,40.0,2025-07-21,09:30
19335,40.0,2025-07-21,09:45
19336,40.0,2025-07-21,10:00
19337,40.0,2025-07-21,10:15
19338,40.0,2025-07-21,10:30
19339,40.0,2025-07-21,10:45
19340,40.0,2025-07-21,11:00
19341,40.0,2025-07-21,11:15
19342,40.0,2025-07-21,11:30
19343,40.0,2025-07-21,11:45
19344,40.0,2025-07-21,12:00
19345,40.0,2025-07-21,12:15
19346,40.0,2025-07-21,12:30
19347,40.0,2025-07-21,12:45
19348,40.0,2025-07-21,13:00
19349,40.0,2025-07-21,13:15
19350,40.0,2025-07-21,13:30
19351,40.0,2025-07-21,13:45
19352,40.0,2025-07-21,14:00
19353,118.41,2025-07-21,14:15
19354,40.0,2025-07-21,14:30
19355,40.0,2025-07-21,14:45
19356,40.0,2025-07-21,15:00
19357,40.0,2025-07-21,15:15
19358,40.0,2025-07-21,15:30
19359,119.74,2025-07-21,15:45
19360,145.71,2025-07-21,16:00
19361,139.74,2025-07-21,16:15
19362,40.0,2025-07-21,16:30
19363,40.0,2025-07-21,16:45
19364,40.0,2025-07-21,17:00
19365,40.0,2025-07-21,17:15
19366,40.0,2025-07-21,17:30
19367,40.0,2025-07-21,17:45
19368,40.0,2025-07-21,18:00
19369,113.11,2025-07-21,18:15
19370,137.42,2025-07-21,18:30
19371,166.77,2025-07-21,18:45
19372,214.12,2025-07-21,19:00
19373,212.41,2025-07-21,19:15
19374,258.89,2025-07-21,19:30
19375,212.43,2025-07-21,19:45
19376,229.38,2025-07-21,20:00
19377,207.42,2025-07-21,20:15
19378,215.68,2025-07-21,20:30
19379,214.62,2025-07-21,20:45
19380,204.1,2025-07-21,21:00
19381,197.47,2025-07-21,21:15
19382,40.0,2025-07-21,21:30
19383,40.0,2025-07-21,21:45
19384,40.0,2025-07-21,22:00
19385,40.0,2025-07-21,22:15
19386,139.37,2025-07-21,22:30
19387,40.0,2025-07-21,22:45
19388,40.0,2025-07-21,23:00
19389,40.0,2025-07-21,23:15
19390,40.0,2025-07-21,23:30
19391,40.0,2025-07-21,23:45
19392,40.0,2025-07-21,24:00
19393,40.0,2025-07-22,00:15
19394,40.0,2025-07-22,00:30
19395,40.0,2025-07-22,00:45
19396,40.0,2025-07-22,01:00
19397,40.0,2025-07-22,01:15
19398,40.0,2025-07-22,01:30
19399,40.0,2025-07-22,01:45
19400,40.0,2025-07-22,02:00
19401,40.0,2025-07-22,02:15
19402,40.0,2025-07-22,02:30
19403,40.0,2025-07-22,02:45
19404,40.0,2025-07-22,03:00
19405,40.0,2025-07-22,03:15
19406,40.0,2025-07-22,03:30
19407,40.0,2025-07-22,03:45
19408,40.0,2025-07-22,04:00
19409,40.0,2025-07-22,04:15
19410,40.0,2025-07-22,04:30
19411,40.0,2025-07-22,04:45
19412,40.0,2025-07-22,05:00
19413,40.0,2025-07-22,05:15
19414,40.0,2025-07-22,05:30
19415,40.0,2025-07-22,05:45
19416,40.0,2025-07-22,06:00
19417,40.0,2025-07-22,06:15
19418,40.0,2025-07-22,06:30
19419,40.0,2025-07-22,06:45
19420,40.0,2025-07-22,07:00
19421,40.0,2025-07-22,07:15
19422,40.0,2025-07-22,07:30
19423,40.0,2025-07-22,07:45
19424,40.0,2025-07-22,08:00
19425,40.0,2025-07-22,08:15
19426,40.0,2025-07-22,08:30
19427,40.0,2025-07-22,08:45
19428,40.0,2025-07-22,09:00
19429,40.0,2025-07-22,09:15
19430,40.0,2025-07-22,09:30
19431,40.0,2025-07-22,09:45
19432,40.0,2025-07-22,10:00
19433,40.0,2025-07-22,10:15
19434,40.0,2025-07-22,10:30
19435,40.0,2025-07-22,10:45
19436,40.0,2025-07-22,11:00
19437,40.0,2025-07-22,11:15
19438,40.0,2025-07-22,11:30
19439,40.0,2025-07-22,11:45
19440,40.0,2025-07-22,12:00
19441,40.0,2025-07-22,12:15
19442,40.0,2025-07-22,12:30
19443,40.0,2025-07-22,12:45
19444,40.0,2025-07-22,13:00
19445,40.0,2025-07-22,13:15
19446,40.0,2025-07-22,13:30
19447,40.0,2025-07-22,13:45
19448,40.0,2025-07-22,14:00
19449,40.0,2025-07-22,14:15
19450,40.0,2025-07-22,14:30
19451,115.6,2025-07-22,14:45
19452,40.0,2025-07-22,15:00
19453,40.0,2025-07-22,15:15
19454,129.09,2025-07-22,15:30
19455,143.77,2025-07-22,15:45
19456,153.39,2025-07-22,16:00
19457,136.68,2025-07-22,16:15
19458,40.0,2025-07-22,16:30
19459,40.0,2025-07-22,16:45
19460,111.44,2025-07-22,17:00
19461,169.1,2025-07-22,17:15
19462,175.96,2025-07-22,17:30
19463,180.54,2025-07-22,17:45
19464,204.35,2025-07-22,18:00
19465,196.54,2025-07-22,18:15
19466,225.34,2025-07-22,18:30
19467,249.16,2025-07-22,18:45
19468,241.03,2025-07-22,19:00
19469,252.59,2025-07-22,19:15
19470,242.29,2025-07-22,19:30
19471,270.52,2025-07-22,19:45
19472,247.01,2025-07-22,20:00
19473,267.1,2025-07-22,20:15
19474,298.41,2025-07-22,20:30
19475,254.08,2025-07-22,20:45
19476,297.58,2025-07-22,21:00
19477,244.75,2025-07-22,21:15
19478,215.76,2025-07-22,21:30
19479,231.6,2025-07-22,21:45
19480,226.24,2025-07-22,22:00
19481,217.33,2025-07-22,22:15
19482,214.72,2025-07-22,22:30
19483,205.68,2025-07-22,22:45
19484,197.69,2025-07-22,23:00
19485,40.0,2025-07-22,23:15
19486,40.0,2025-07-22,23:30
19487,40.0,2025-07-22,23:45
19488,40.0,2025-07-22,24:00
19489,235.75,2025-07-23,00:15
19490,40.0,2025-07-23,00:30
19491,169.4,2025-07-23,00:45
19492,171.68,2025-07-23,01:00
19493,40.0,2025-07-23,01:15
19494,40.0,2025-07-23,01:30
19495,40.0,2025-07-23,01:45
19496,40.0,2025-07-23,02:00
19497,40.0,2025-07-23,02:15
19498,40.0,2025-07-23,02:30
19499,40.0,2025-07-23,02:45
19500,40.0,2025-07-23,03:00
19501,40.0,2025-07-23,03:15
19502,40.0,2025-07-23,03:30
19503,40.0,2025-07-23,03:45
19504,40.0,2025-07-23,04:00
19505,40.0,2025-07-23,04:15
19506,40.0,2025-07-23,04:30
19507,40.0,2025-07-23,04:45
19508,40.0,2025-07-23,05:00
19509,40.0,2025-07-23,05:15
19510,40.0,2025-07-23,05:30
19511,40.0,2025-07-23,05:45
19512,147.25,2025-07-23,06:00
19513,222.63,2025-07-23,06:15
19514,206.07,2025-07-23,06:30
19515,199.35,2025-07-23,06:45
19516,40.0,2025-07-23,07:00
19517,40.0,2025-07-23,07:15
19518,40.0,2025-07-23,07:30
19519,40.0,2025-07-23,07:45
19520,40.0,2025-07-23,08:00
19521,40.0,2025-07-23,08:15
19522,40.0,2025-07-23,08:30
19523,40.0,2025-07-23,08:45
19524,40.0,2025-07-23,09:00
19525,89.84,2025-07-23,09:15
19526,40.0,2025-07-23,09:30
19527,104.4,2025-07-23,09:45
19528,117.59,2025-07-23,10:00
19529,130.96,2025-07-23,10:15
19530,146.08,2025-07-23,10:30
19531,163.84,2025-07-23,10:45
19532,167.89,2025-07-23,11:00
19533,235.69,2025-07-23,11:15
19534,234.77,2025-07-23,11:30
19535,203.76,2025-07-23,11:45
19536,186.1,2025-07-23,12:00
19537,176.51,2025-07-23,12:15
19538,170.84,2025-07-23,12:30
19539,163.56,2025-07-23,12:45
19540,162.57,2025-07-23,13:00
19541,165.62,2025-07-23,13:15
19542,183.75,2025-07-23,13:30
19543,199.19,2025-07-23,13:45
19544,182.15,2025-07-23,14:00
19545,189.67,2025-07-23,14:15
19546,190.79,2025-07-23,14:30
19547,192.3,2025-07-23,14:45
19548,193.55,2025-07-23,15:00
19549,207.06,2025-07-23,15:15
19550,219.09,2025-07-23,15:30
19551,223.87,2025-07-23,15:45
19552,246.11,2025-07-23,16:00
19553,242.61,2025-07-23,16:15
19554,214.22,2025-07-23,16:30
19555,208.1,2025-07-23,16:45
19556,174.48,2025-07-23,17:00
19557,229.33,2025-07-23,17:15
19558,258.42,2025-07-23,17:30
19559,243.37,2025-07-23,17:45
19560,245.64,2025-07-23,18:00
19561,251.44,2025-07-23,18:15
19562,251.67,2025-07-23,18:30
19563,190.21,2025-07-23,18:45
19564,240.92,2025-07-23,19:00
19565,256.09,2025-07-23,19:15
19566,253.18,2025-07-23,19:30
19567,230.06,2025-07-23,19:45
19568,247.1,2025-07-23,20:00
19569,251.33,2025-07-23,20:15
19570,308.22,2025-07-23,20:30
19571,323.55,2025-07-23,20:45
19572,333.47,2025-07-23,21:00
19573,315.27,2025-07-23,21:15
19574,304.57,2025-07-23,21:30
19575,239.87,2025-07-23,21:45
19576,237.71,2025-07-23,22:00
19577,40.0,2025-07-23,22:15
19578,40.0,2025-07-23,22:30
19579,40.0,2025-07-23,22:45
19580,40.0,2025-07-23,23:00
19581,40.0,2025-07-23,23:15
19582,40.0,2025-07-23,23:30
19583,40.0,2025-07-23,23:45
19584,40.0,2025-07-23,24:00
19585,40.0,2025-07-24,00:15
19586,40.0,2025-07-24,00:30
19587,40.0,2025-07-24,00:45
19588,40.0,2025-07-24,01:00
19589,40.0,2025-07-24,01:15
19590,40.0,2025-07-24,01:30
19591,40.0,2025-07-24,01:45
19592,40.0,2025-07-24,02:00
19593,40.0,2025-07-24,02:15
19594,40.0,2025-07-24,02:30
19595,40.0,2025-07-24,02:45
19596,40.0,2025-07-24,03:00
19597,40.0,2025-07-24,03:15
19598,40.0,2025-07-24,03:30
19599,40.0,2025-07-24,03:45
19600,40.0,2025-07-24,04:00
19601,40.0,2025-07-24,04:15
19602,40.0,2025-07-24,04:30
19603,40.0,2025-07-24,04:45
19604,40.0,2025-07-24,05:00
19605,40.0,2025-07-24,05:15
19606,40.0,2025-07-24,05:30
19607,40.0,2025-07-24,05:45
19608,40.0,2025-07-24,06:00
19609,186.44,2025-07-24,06:15
19610,174.48,2025-07-24,06:30
19611,40.0,2025-07-24,06:45
19612,40.0,2025-07-24,07:00
19613,40.0,2025-07-24,07:15
19614,40.0,2025-07-24,07:30
19615,40.0,2025-07-24,07:45
19616,40.0,2025-07-24,08:00
19617,197.43,2025-07-24,08:15
19618,227.34,2025-07-24,08:30
19619,235.34,2025-07-24,08:45
19620,218.19,2025-07-24,09:00
19621,212.64,2025-07-24,09:15
19622,235.59,2025-07-24,09:30
19623,173.83,2025-07-24,09:45
19624,227.05,2025-07-24,10:00
19625,189.05,2025-07-24,10:15
19626,248.25,2025-07-24,10:30
19627,258.29,2025-07-24,10:45
19628,246.04,2025-07-24,11:00
19629,227.49,2025-07-24,11:15
19630,272.01,2025-07-24,11:30
19631,231.39,2025-07-24,11:45
19632,272.77,2025-07-24,12:00
19633,237.75,2025-07-24,12:15
19634,253.03,2025-07-24,12:30
19635,262.36,2025-07-24,12:45
19636,257.56,2025-07-24,13:00
19637,219.75,2025-07-24,13:15
19638,251.19,2025-07-24,13:30
19639,253.4,2025-07-24,13:45
19640,254.43,2025-07-24,14:00
19641,252.36,2025-07-24,14:15
19642,249.43,2025-07-24,14:30
19643,212.46,2025-07-24,14:45
19644,209.82,2025-07-24,15:00
19645,223.21,2025-07-24,15:15
19646,201.51,2025-07-24,15:30
19647,219.8,2025-07-24,15:45
19648,211.9,2025-07-24,16:00
19649,243.3,2025-07-24,16:15
19650,221.56,2025-07-24,16:30
19651,243.0,2025-07-24,16:45
19652,238.35,2025-07-24,17:00
19653,248.94,2025-07-24,17:15
19654,305.52,2025-07-24,17:30
19655,273.97,2025-07-24,17:45
19656,237.62,2025-07-24,18:00
19657,239.9,2025-07-24,18:15
19658,290.26,2025-07-24,18:30
19659,322.34,2025-07-24,18:45
19660,374.88,2025-07-24,19:00
19661,475.49,2025-07-24,19:15
19662,399.26,2025-07-24,19:30
19663,386.0,2025-07-24,19:45
19664,340.79,2025-07-24,20:00
19665,357.04,2025-07-24,20:15
19666,397.22,2025-07-24,20:30
19667,380.2,2025-07-24,20:45
19668,360.29,2025-07-24,21:00
19669,371.13,2025-07-24,21:15
19670,324.39,2025-07-24,21:30
19671,278.81,2025-07-24,21:45
19672,268.69,2025-07-24,22:00
19673,286.89,2025-07-24,22:15
19674,279.93,2025-07-24,22:30
19675,248.87,2025-07-24,22:45
19676,225.89,2025-07-24,23:00
19677,169.86,2025-07-24,23:15
19678,174.05,2025-07-24,23:30
19679,185.32,2025-07-24,23:45
19680,183.05,2025-07-24,24:00
19681,224.17,2025-07-25,00:15
19682,284.39,2025-07-25,00:30
19683,243.36,2025-07-25,00:45
19684,234.21,2025-07-25,01:00
19685,234.52,2025-07-25,01:15
19686,207.4,2025-07-25,01:30
19687,206.15,2025-07-25,01:45
19688,190.36,2025-07-25,02:00
19689,226.27,2025-07-25,02:15
19690,214.75,2025-07-25,02:30
19691,228.62,2025-07-25,02:45
19692,227.22,2025-07-25,03:00
19693,214.76,2025-07-25,03:15
19694,258.03,2025-07-25,03:30
19695,288.98,2025-07-25,03:45
19696,284.48,2025-07-25,04:00
19697,289.94,2025-07-25,04:15
19698,314.49,2025-07-25,04:30
19699,313.84,2025-07-25,04:45
19700,306.28,2025-07-25,05:00
19701,307.62,2025-07-25,05:15
19702,308.54,2025-07-25,05:30
19703,305.82,2025-07-25,05:45
19704,304.72,2025-07-25,06:00
19705,348.32,2025-07-25,06:15
19706,308.79,2025-07-25,06:30
19707,291.61,2025-07-25,06:45
19708,193.04,2025-07-25,07:00
19709,200.85,2025-07-25,07:15
19710,226.41,2025-07-25,07:30
19711,227.18,2025-07-25,07:45
19712,205.15,2025-07-25,08:00
19713,161.78,2025-07-25,08:15
19714,40.0,2025-07-25,08:30
19715,40.0,2025-07-25,08:45
19716,172.05,2025-07-25,09:00
19717,139.28,2025-07-25,09:15
19718,215.15,2025-07-25,09:30
19719,220.15,2025-07-25,09:45
19720,220.38,2025-07-25,10:00
19721,264.9,2025-07-25,10:15
19722,301.48,2025-07-25,10:30
19723,305.9,2025-07-25,10:45
19724,220.92,2025-07-25,11:00
19725,285.1,2025-07-25,11:15
19726,268.5,2025-07-25,11:30
19727,268.36,2025-07-25,11:45
19728,250.63,2025-07-25,12:00
19729,226.01,2025-07-25,12:15
19730,225.39,2025-07-25,12:30
19731,222.59,2025-07-25,12:45
19732,226.08,2025-07-25,13:00
19733,241.03,2025-07-25,13:15
19734,242.69,2025-07-25,13:30
19735,254.5,2025-07-25,13:45
19736,273.22,2025-07-25,14:00
19737,271.99,2025-07-25,14:15
19738,269.68,2025-07-25,14:30
19739,238.94,2025-07-25,14:45
19740,265.87,2025-07-25,15:00
19741,293.64,2025-07-25,15:15
19742,316.89,2025-07-25,15:30
19743,371.24,2025-07-25,15:45
19744,352.23,2025-07-25,16:00
19745,381.07,2025-07-25,16:15
19746,346.66,2025-07-25,16:30
19747,309.71,2025-07-25,16:45
19748,275.35,2025-07-25,17:00
19749,284.36,2025-07-25,17:15
19750,297.5,2025-07-25,17:30
19751,329.27,2025-07-25,17:45
19752,326.22,2025-07-25,18:00
19753,293.19,2025-07-25,18:15
19754,264.34,2025-07-25,18:30
19755,237.31,2025-07-25,18:45
19756,404.88,2025-07-25,19:00
19757,343.02,2025-07-25,19:15
19758,363.33,2025-07-25,19:30
19759,354.49,2025-07-25,19:45
19760,376.39,2025-07-25,20:00
19761,376.76,2025-07-25,20:15
19762,468.84,2025-07-25,20:30
19763,468.2,2025-07-25,20:45
19764,512.0,2025-07-25,21:00
19765,495.37,2025-07-25,21:15
19766,368.43,2025-07-25,21:30
19767,418.9,2025-07-25,21:45
19768,391.3,2025-07-25,22:00
19769,343.61,2025-07-25,22:15
19770,334.52,2025-07-25,22:30
19771,298.73,2025-07-25,22:45
19772,292.39,2025-07-25,23:00
19773,368.37,2025-07-25,23:15
19774,367.51,2025-07-25,23:30
19775,367.47,2025-07-25,23:45
19776,367.78,2025-07-25,24:00
19777,442.85,2025-07-26,00:15
19778,508.6,2025-07-26,00:30
19779,387.38,2025-07-26,00:45
19780,254.91,2025-07-26,01:00
19781,258.42,2025-07-26,01:15
19782,258.63,2025-07-26,01:30
19783,255.93,2025-07-26,01:45
19784,254.88,2025-07-26,02:00
19785,328.27,2025-07-26,02:15
19786,337.59,2025-07-26,02:30
19787,444.89,2025-07-26,02:45
19788,381.73,2025-07-26,03:00
19789,305.25,2025-07-26,03:15
19790,415.27,2025-07-26,03:30
19791,415.63,2025-07-26,03:45
19792,311.95,2025-07-26,04:00
19793,297.39,2025-07-26,04:15
19794,297.26,2025-07-26,04:30
19795,291.71,2025-07-26,04:45
19796,251.15,2025-07-26,05:00
19797,250.74,2025-07-26,05:15
19798,400.0,2025-07-26,05:30
19799,450.0,2025-07-26,05:45
19800,240.49,2025-07-26,06:00
19801,216.68,2025-07-26,06:15
19802,203.97,2025-07-26,06:30
19803,235.27,2025-07-26,06:45
19804,216.91,2025-07-26,07:00
19805,213.95,2025-07-26,07:15
19806,205.64,2025-07-26,07:30
19807,206.93,2025-07-26,07:45
19808,181.37,2025-07-26,08:00
19809,40.0,2025-07-26,08:15
19810,40.0,2025-07-26,08:30
19811,40.0,2025-07-26,08:45
19812,149.44,2025-07-26,09:00
19813,201.85,2025-07-26,09:15
19814,187.74,2025-07-26,09:30
19815,174.99,2025-07-26,09:45
19816,180.78,2025-07-26,10:00
19817,180.71,2025-07-26,10:15
19818,182.61,2025-07-26,10:30
19819,207.55,2025-07-26,10:45
19820,203.62,2025-07-26,11:00
19821,209.65,2025-07-26,11:15
19822,205.64,2025-07-26,11:30
19823,209.89,2025-07-26,11:45
19824,199.81,2025-07-26,12:00
19825,199.5,2025-07-26,12:15
19826,199.45,2025-07-26,12:30
19827,198.99,2025-07-26,12:45
19828,189.6,2025-07-26,13:00
19829,200.22,2025-07-26,13:15
19830,218.09,2025-07-26,13:30
19831,223.73,2025-07-26,13:45
19832,224.46,2025-07-26,14:00
19833,238.09,2025-07-26,14:15
19834,240.1,2025-07-26,14:30
19835,245.84,2025-07-26,14:45
19836,215.93,2025-07-26,15:00
19837,241.78,2025-07-26,15:15
19838,229.38,2025-07-26,15:30
19839,230.95,2025-07-26,15:45
19840,243.34,2025-07-26,16:00
19841,210.34,2025-07-26,16:15
19842,239.15,2025-07-26,16:30
19843,231.44,2025-07-26,16:45
19844,237.55,2025-07-26,17:00
19845,238.58,2025-07-26,17:15
19846,234.89,2025-07-26,17:30
19847,232.57,2025-07-26,17:45
19848,236.54,2025-07-26,18:00
19849,239.32,2025-07-26,18:15
19850,250.54,2025-07-26,18:30
19851,254.25,2025-07-26,18:45
19852,333.24,2025-07-26,19:00
19853,325.56,2025-07-26,19:15
19854,289.82,2025-07-26,19:30
19855,309.07,2025-07-26,19:45
19856,278.58,2025-07-26,20:00
19857,280.82,2025-07-26,20:15
19858,351.3,2025-07-26,20:30
19859,352.78,2025-07-26,20:45
19860,349.85,2025-07-26,21:00
19861,334.76,2025-07-26,21:15
19862,325.31,2025-07-26,21:30
19863,320.89,2025-07-26,21:45
19864,273.72,2025-07-26,22:00
19865,271.8,2025-07-26,22:15
19866,253.89,2025-07-26,22:30
19867,232.47,2025-07-26,22:45
19868,235.15,2025-07-26,23:00
19869,189.95,2025-07-26,23:15
19870,188.04,2025-07-26,23:30
19871,193.38,2025-07-26,23:45
19872,199.46,2025-07-26,24:00
19873,240.1,2025-07-27,00:15
19874,304.42,2025-07-27,00:30
19875,272.44,2025-07-27,00:45
19876,250.69,2025-07-27,01:00
19877,275.96,2025-07-27,01:15
19878,279.67,2025-07-27,01:30
19879,257.18,2025-07-27,01:45
19880,240.2,2025-07-27,02:00
19881,254.24,2025-07-27,02:15
19882,253.85,2025-07-27,02:30
19883,252.38,2025-07-27,02:45
19884,253.18,2025-07-27,03:00
19885,281.21,2025-07-27,03:15
19886,274.2,2025-07-27,03:30
19887,251.68,2025-07-27,03:45
19888,268.99,2025-07-27,04:00
19889,213.02,2025-07-27,04:15
19890,214.52,2025-07-27,04:30
19891,213.93,2025-07-27,04:45
19892,306.97,2025-07-27,05:00
19893,277.18,2025-07-27,05:15
19894,296.58,2025-07-27,05:30
19895,302.34,2025-07-27,05:45
19896,296.45,2025-07-27,06:00
19897,246.35,2025-07-27,06:15
19898,246.63,2025-07-27,06:30
19899,196.7,2025-07-27,06:45
19900,191.93,2025-07-27,07:00
19901,213.58,2025-07-27,07:15
19902,217.09,2025-07-27,07:30
19903,226.18,2025-07-27,07:45
19904,190.55,2025-07-27,08:00
19905,40.0,2025-07-27,08:15
19906,40.0,2025-07-27,08:30
19907,40.0,2025-07-27,08:45
19908,140.95,2025-07-27,09:00
19909,155.37,2025-07-27,09:15
19910,155.53,2025-07-27,09:30
19911,158.49,2025-07-27,09:45
19912,162.79,2025-07-27,10:00
19913,156.6,2025-07-27,10:15
19914,178.35,2025-07-27,10:30
19915,188.71,2025-07-27,10:45
19916,187.28,2025-07-27,11:00
19917,204.44,2025-07-27,11:15
19918,205.85,2025-07-27,11:30
19919,238.04,2025-07-27,11:45
19920,225.04,2025-07-27,12:00
19921,240.49,2025-07-27,12:15
19922,245.97,2025-07-27,12:30
19923,228.82,2025-07-27,12:45
19924,228.79,2025-07-27,13:00
19925,221.42,2025-07-27,13:15
19926,275.33,2025-07-27,13:30
19927,284.2,2025-07-27,13:45
19928,283.35,2025-07-27,14:00
19929,269.14,2025-07-27,14:15
19930,274.15,2025-07-27,14:30
19931,281.74,2025-07-27,14:45
19932,281.57,2025-07-27,15:00
19933,279.46,2025-07-27,15:15
19934,241.18,2025-07-27,15:30
19935,215.17,2025-07-27,15:45
19936,217.36,2025-07-27,16:00
19937,197.16,2025-07-27,16:15
19938,193.58,2025-07-27,16:30
19939,213.29,2025-07-27,16:45
19940,190.35,2025-07-27,17:00
19941,195.54,2025-07-27,17:15
19942,210.44,2025-07-27,17:30
19943,190.14,2025-07-27,17:45
19944,188.74,2025-07-27,18:00
19945,239.22,2025-07-27,18:15
19946,277.77,2025-07-27,18:30
19947,271.66,2025-07-27,18:45
19948,281.67,2025-07-27,19:00
19949,321.57,2025-07-27,19:15
19950,333.28,2025-07-27,19:30
19951,326.19,2025-07-27,19:45
19952,348.96,2025-07-27,20:00
19953,396.96,2025-07-27,20:15
19954,419.33,2025-07-27,20:30
19955,328.49,2025-07-27,20:45
19956,345.79,2025-07-27,21:00
19957,313.24,2025-07-27,21:15
19958,361.56,2025-07-27,21:30
19959,358.43,2025-07-27,21:45
19960,315.98,2025-07-27,22:00
19961,313.6,2025-07-27,22:15
19962,278.57,2025-07-27,22:30
19963,249.87,2025-07-27,22:45
19964,232.95,2025-07-27,23:00
19965,209.14,2025-07-27,23:15
19966,209.37,2025-07-27,23:30
19967,207.57,2025-07-27,23:45
19968,209.43,2025-07-27,24:00
19969,40.0,2025-07-28,00:15
19970,181.59,2025-07-28,00:30
19971,40.0,2025-07-28,00:45
19972,40.0,2025-07-28,01:00
19973,40.0,2025-07-28,01:15
19974,40.0,2025-07-28,01:30
19975,40.0,2025-07-28,01:45
19976,40.0,2025-07-28,02:00
19977,40.0,2025-07-28,02:15
19978,40.0,2025-07-28,02:30
19979,153.5,2025-07-28,02:45
19980,177.69,2025-07-28,03:00
19981,181.08,2025-07-28,03:15
19982,170.79,2025-07-28,03:30
19983,40.0,2025-07-28,03:45
19984,40.0,2025-07-28,04:00
19985,40.0,2025-07-28,04:15
19986,40.0,2025-07-28,04:30
19987,209.73,2025-07-28,04:45
19988,120.4,2025-07-28,05:00
19989,192.58,2025-07-28,05:15
19990,216.42,2025-07-28,05:30
19991,40.0,2025-07-28,05:45
19992,40.0,2025-07-28,06:00
19993,40.0,2025-07-28,06:15
19994,40.0,2025-07-28,06:30
19995,40.0,2025-07-28,06:45
19996,40.0,2025-07-28,07:00
19997,169.29,2025-07-28,07:15
19998,172.5,2025-07-28,07:30
19999,179.3,2025-07-28,07:45
20000,40.0,2025-07-28,08:00
20001,40.0,2025-07-28,08:15
20002,40.0,2025-07-28,08:30
20003,40.0,2025-07-28,08:45
20004,40.0,2025-07-28,09:00
20005,84.55,2025-07-28,09:15
20006,95.48,2025-07-28,09:30
20007,159.9,2025-07-28,09:45
20008,157.09,2025-07-28,10:00
20009,169.28,2025-07-28,10:15
20010,177.18,2025-07-28,10:30
20011,187.45,2025-07-28,10:45
20012,183.88,2025-07-28,11:00
20013,192.86,2025-07-28,11:15
20014,184.83,2025-07-28,11:30
20015,212.31,2025-07-28,11:45
20016,203.89,2025-07-28,12:00
20017,198.14,2025-07-28,12:15
20018,198.15,2025-07-28,12:30
20019,198.79,2025-07-28,12:45
20020,194.79,2025-07-28,13:00
20021,203.86,2025-07-28,13:15
20022,204.55,2025-07-28,13:30
20023,210.09,2025-07-28,13:45
20024,211.26,2025-07-28,14:00
20025,236.06,2025-07-28,14:15
20026,217.83,2025-07-28,14:30
20027,216.7,2025-07-28,14:45
20028,210.69,2025-07-28,15:00
20029,193.44,2025-07-28,15:15
20030,199.01,2025-07-28,15:30
20031,212.3,2025-07-28,15:45
20032,222.73,2025-07-28,16:00
20033,250.73,2025-07-28,16:15
20034,249.62,2025-07-28,16:30
20035,233.14,2025-07-28,16:45
20036,204.33,2025-07-28,17:00
20037,210.86,2025-07-28,17:15
20038,210.07,2025-07-28,17:30
20039,211.44,2025-07-28,17:45
20040,361.0,2025-07-28,18:00
20041,354.38,2025-07-28,18:15
20042,315.93,2025-07-28,18:30
20043,337.95,2025-07-28,18:45
20044,375.11,2025-07-28,19:00
20045,388.21,2025-07-28,19:15
20046,402.98,2025-07-28,19:30
20047,425.32,2025-07-28,19:45
20048,423.11,2025-07-28,20:00
20049,465.45,2025-07-28,20:15
20050,467.43,2025-07-28,20:30
20051,461.8,2025-07-28,20:45
20052,466.9,2025-07-28,21:00
20053,449.49,2025-07-28,21:15
20054,447.25,2025-07-28,21:30
20055,417.42,2025-07-28,21:45
20056,407.97,2025-07-28,22:00
20057,325.55,2025-07-28,22:15
20058,375.54,2025-07-28,22:30
20059,376.9,2025-07-28,22:45
20060,399.13,2025-07-28,23:00
20061,284.34,2025-07-28,23:15
20062,231.29,2025-07-28,23:30
20063,224.67,2025-07-28,23:45
20064,268.55,2025-07-28,24:00
20065,212.46,2025-07-29,00:15
20066,270.49,2025-07-29,00:30
20067,293.71,2025-07-29,00:45
20068,254.59,2025-07-29,01:00
20069,250.69,2025-07-29,01:15
20070,216.1,2025-07-29,01:30
20071,217.05,2025-07-29,01:45
20072,216.59,2025-07-29,02:00
20073,205.99,2025-07-29,02:15
20074,210.96,2025-07-29,02:30
20075,228.17,2025-07-29,02:45
20076,241.63,2025-07-29,03:00
20077,268.13,2025-07-29,03:15
20078,234.6,2025-07-29,03:30
20079,262.53,2025-07-29,03:45
20080,266.14,2025-07-29,04:00
20081,289.41,2025-07-29,04:15
20082,285.2,2025-07-29,04:30
20083,285.2,2025-07-29,04:45
20084,285.46,2025-07-29,05:00
20085,283.23,2025-07-29,05:15
20086,272.95,2025-07-29,05:30
20087,294.39,2025-07-29,05:45
20088,306.6,2025-07-29,06:00
20089,285.4,2025-07-29,06:15
20090,273.42,2025-07-29,06:30
20091,250.62,2025-07-29,06:45
20092,221.66,2025-07-29,07:00
20093,191.74,2025-07-29,07:15
20094,198.47,2025-07-29,07:30
20095,189.61,2025-07-29,07:45
20096,191.47,2025-07-29,08:00
20097,40.0,2025-07-29,08:15
20098,40.0,2025-07-29,08:30
20099,40.0,2025-07-29,08:45
20100,40.0,2025-07-29,09:00
20101,154.54,2025-07-29,09:15
20102,170.3,2025-07-29,09:30
20103,165.32,2025-07-29,09:45
20104,154.62,2025-07-29,10:00
20105,165.93,2025-07-29,10:15
20106,168.2,2025-07-29,10:30
20107,181.55,2025-07-29,10:45
20108,183.16,2025-07-29,11:00
20109,202.86,2025-07-29,11:15
20110,202.79,2025-07-29,11:30
20111,196.93,2025-07-29,11:45
20112,195.73,2025-07-29,12:00
20113,201.99,2025-07-29,12:15
20114,186.9,2025-07-29,12:30
20115,161.86,2025-07-29,12:45
20116,40.0,2025-07-29,13:00
20117,168.37,2025-07-29,13:15
20118,176.02,2025-07-29,13:30
20119,183.99,2025-07-29,13:45
20120,191.3,2025-07-29,14:00
20121,209.55,2025-07-29,14:15
20122,209.71,2025-07-29,14:30
20123,204.95,2025-07-29,14:45
20124,206.32,2025-07-29,15:00
20125,217.16,2025-07-29,15:15
20126,224.29,2025-07-29,15:30
20127,218.95,2025-07-29,15:45
20128,224.9,2025-07-29,16:00
20129,223.3,2025-07-29,16:15
20130,234.3,2025-07-29,16:30
20131,223.63,2025-07-29,16:45
20132,200.34,2025-07-29,17:00
20133,203.97,2025-07-29,17:15
20134,209.89,2025-07-29,17:30
20135,210.66,2025-07-29,17:45
20136,208.8,2025-07-29,18:00
20137,202.79,2025-07-29,18:15
20138,221.2,2025-07-29,18:30
20139,221.18,2025-07-29,18:45
20140,224.75,2025-07-29,19:00
20141,230.56,2025-07-29,19:15
20142,242.62,2025-07-29,19:30
20143,270.3,2025-07-29,19:45
20144,270.32,2025-07-29,20:00
20145,256.84,2025-07-29,20:15
20146,275.1,2025-07-29,20:30
20147,314.44,2025-07-29,20:45
20148,315.79,2025-07-29,21:00
20149,269.95,2025-07-29,21:15
20150,272.88,2025-07-29,21:30
20151,244.26,2025-07-29,21:45
20152,224.31,2025-07-29,22:00
20153,229.44,2025-07-29,22:15
20154,254.89,2025-07-29,22:30
20155,254.53,2025-07-29,22:45
20156,254.24,2025-07-29,23:00
20157,234.57,2025-07-29,23:15
20158,234.09,2025-07-29,23:30
20159,218.71,2025-07-29,23:45
20160,213.77,2025-07-29,24:00
20161,192.22,2025-07-30,00:15
20162,210.19,2025-07-30,00:30
20163,213.63,2025-07-30,00:45
20164,40.0,2025-07-30,01:00
20165,40.0,2025-07-30,01:15
20166,40.0,2025-07-30,01:30
20167,40.0,2025-07-30,01:45
20168,40.0,2025-07-30,02:00
20169,207.97,2025-07-30,02:15
20170,208.84,2025-07-30,02:30
20171,197.57,2025-07-30,02:45
20172,182.38,2025-07-30,03:00
20173,178.99,2025-07-30,03:15
20174,168.28,2025-07-30,03:30
20175,174.46,2025-07-30,03:45
20176,186.22,2025-07-30,04:00
20177,188.03,2025-07-30,04:15
20178,184.08,2025-07-30,04:30
20179,178.95,2025-07-30,04:45
20180,40.0,2025-07-30,05:00
20181,40.0,2025-07-30,05:15
20182,40.0,2025-07-30,05:30
20183,40.0,2025-07-30,05:45
20184,40.0,2025-07-30,06:00
20185,40.0,2025-07-30,06:15
20186,40.0,2025-07-30,06:30
20187,40.0,2025-07-30,06:45
20188,40.0,2025-07-30,07:00
20189,40.0,2025-07-30,07:15
20190,40.0,2025-07-30,07:30
20191,40.0,2025-07-30,07:45
20192,40.0,2025-07-30,08:00
20193,40.0,2025-07-30,08:15
20194,40.0,2025-07-30,08:30
20195,40.0,2025-07-30,08:45
20196,40.0,2025-07-30,09:00
20197,40.0,2025-07-30,09:15
20198,40.0,2025-07-30,09:30
20199,40.0,2025-07-30,09:45
20200,40.0,2025-07-30,10:00
20201,40.0,2025-07-30,10:15
20202,40.0,2025-07-30,10:30
20203,40.0,2025-07-30,10:45
20204,40.0,2025-07-30,11:00
20205,40.0,2025-07-30,11:15
20206,40.0,2025-07-30,11:30
20207,40.0,2025-07-30,11:45
20208,40.0,2025-07-30,12:00
20209,40.0,2025-07-30,12:15
20210,40.0,2025-07-30,12:30
20211,40.0,2025-07-30,12:45
20212,40.0,2025-07-30,13:00
20213,40.0,2025-07-30,13:15
20214,40.0,2025-07-30,13:30
20215,40.0,2025-07-30,13:45
20216,40.0,2025-07-30,14:00
20217,40.0,2025-07-30,14:15
20218,40.0,2025-07-30,14:30
20219,40.0,2025-07-30,14:45
20220,40.0,2025-07-30,15:00
20221,40.0,2025-07-30,15:15
20222,40.0,2025-07-30,15:30
20223,40.0,2025-07-30,15:45
20224,40.0,2025-07-30,16:00
20225,40.0,2025-07-30,16:15
20226,40.0,2025-07-30,16:30
20227,40.0,2025-07-30,16:45
20228,40.0,2025-07-30,17:00
20229,40.0,2025-07-30,17:15
20230,160.45,2025-07-30,17:30
20231,201.75,2025-07-30,17:45
20232,190.66,2025-07-30,18:00
20233,213.06,2025-07-30,18:15
20234,223.0,2025-07-30,18:30
20235,240.07,2025-07-30,18:45
20236,247.13,2025-07-30,19:00
20237,261.17,2025-07-30,19:15
20238,339.56,2025-07-30,19:30
20239,244.89,2025-07-30,19:45
20240,230.16,2025-07-30,20:00
20241,225.33,2025-07-30,20:15
20242,329.68,2025-07-30,20:30
20243,349.78,2025-07-30,20:45
20244,349.78,2025-07-30,21:00
20245,349.78,2025-07-30,21:15
20246,319.8,2025-07-30,21:30
20247,319.79,2025-07-30,21:45
20248,350.0,2025-07-30,22:00
20249,300.0,2025-07-30,22:15
20250,300.0,2025-07-30,22:30
20251,300.0,2025-07-30,22:45
20252,250.0,2025-07-30,23:00
20253,250.0,2025-07-30,23:15
20254,250.0,2025-07-30,23:30
20255,290.0,2025-07-30,23:45
20256,300.0,2025-07-30,24:00
20257,300.0,2025-07-31,00:15
20258,380.0,2025-07-31,00:30
20259,300.0,2025-07-31,00:45
20260,270.0,2025-07-31,01:00
20261,40.0,2025-07-31,01:15
20262,100.0,2025-07-31,01:30
20263,40.0,2025-07-31,01:45
20264,40.0,2025-07-31,02:00
20265,40.0,2025-07-31,02:15
20266,40.0,2025-07-31,02:30
20267,40.0,2025-07-31,02:45
20268,40.0,2025-07-31,03:00
20269,40.0,2025-07-31,03:15
20270,40.0,2025-07-31,03:30
20271,270.0,2025-07-31,03:45
20272,280.0,2025-07-31,04:00
20273,300.0,2025-07-31,04:15
20274,300.0,2025-07-31,04:30
20275,320.0,2025-07-31,04:45
20276,320.0,2025-07-31,05:00
20277,300.0,2025-07-31,05:15
20278,300.0,2025-07-31,05:30
20279,300.0,2025-07-31,05:45
20280,300.0,2025-07-31,06:00
20281,300.0,2025-07-31,06:15
20282,299.99,2025-07-31,06:30
20283,299.96,2025-07-31,06:45
20284,249.93,2025-07-31,07:00
20285,249.9,2025-07-31,07:15
20286,99.96,2025-07-31,07:30
20287,40.0,2025-07-31,07:45
20288,40.0,2025-07-31,08:00
20289,40.0,2025-07-31,08:15
20290,40.0,2025-07-31,08:30
20291,40.0,2025-07-31,08:45
20292,40.0,2025-07-31,09:00
20293,205.52,2025-07-31,09:15
20294,204.17,2025-07-31,09:30
20295,40.0,2025-07-31,09:45
20296,40.0,2025-07-31,10:00
20297,197.47,2025-07-31,10:15
20298,179.24,2025-07-31,10:30
20299,208.69,2025-07-31,10:45
20300,255.87,2025-07-31,11:00
20301,239.7,2025-07-31,11:15
20302,248.36,2025-07-31,11:30
20303,245.24,2025-07-31,11:45
20304,243.03,2025-07-31,12:00
20305,241.45,2025-07-31,12:15
20306,233.15,2025-07-31,12:30
20307,240.46,2025-07-31,12:45
20308,240.99,2025-07-31,13:00
20309,224.11,2025-07-31,13:15
20310,245.78,2025-07-31,13:30
20311,255.0,2025-07-31,13:45
20312,256.26,2025-07-31,14:00
20313,256.29,2025-07-31,14:15
20314,254.63,2025-07-31,14:30
20315,254.02,2025-07-31,14:45
20316,254.57,2025-07-31,15:00
20317,253.89,2025-07-31,15:15
20318,241.05,2025-07-31,15:30
20319,232.16,2025-07-31,15:45
20320,235.34,2025-07-31,16:00
20321,247.77,2025-07-31,16:15
20322,245.04,2025-07-31,16:30
20323,268.06,2025-07-31,16:45
20324,258.17,2025-07-31,17:00
20325,263.98,2025-07-31,17:15
20326,267.66,2025-07-31,17:30
20327,268.64,2025-07-31,17:45
20328,265.62,2025-07-31,18:00
20329,264.76,2025-07-31,18:15
20330,270.53,2025-07-31,18:30
20331,266.82,2025-07-31,18:45
20332,245.53,2025-07-31,19:00
20333,281.63,2025-07-31,19:15
20334,267.42,2025-07-31,19:30
20335,237.59,2025-07-31,19:45
20336,286.84,2025-07-31,20:00
20337,279.76,2025-07-31,20:15
20338,267.68,2025-07-31,20:30
20339,257.68,2025-07-31,20:45
20340,316.32,2025-07-31,21:00
20341,322.47,2025-07-31,21:15
20342,351.35,2025-07-31,21:30
20343,273.52,2025-07-31,21:45
20344,267.68,2025-07-31,22:00
20345,309.44,2025-07-31,22:15
20346,337.09,2025-07-31,22:30
20347,309.31,2025-07-31,22:45
20348,440.0,2025-07-31,23:00
20349,460.0,2025-07-31,23:15
20350,460.0,2025-07-31,23:30
20351,450.0,2025-07-31,23:45
20352,450.0,2025-07-31,24:00
20353,340.0,2025-08-01,00:15
20354,320.0,2025-08-01,00:30
20355,320.0,2025-08-01,00:45
20356,300.0,2025-08-01,01:00
20357,290.0,2025-08-01,01:15
20358,300.0,2025-08-01,01:30
20359,290.0,2025-08-01,01:45
20360,290.0,2025-08-01,02:00
20361,300.0,2025-08-01,02:15
20362,300.0,2025-08-01,02:30
20363,300.0,2025-08-01,02:45
20364,300.0,2025-08-01,03:00
20365,300.0,2025-08-01,03:15
20366,300.0,2025-08-01,03:30
20367,300.0,2025-08-01,03:45
20368,310.0,2025-08-01,04:00
20369,310.0,2025-08-01,04:15
20370,303.74,2025-08-01,04:30
20371,226.24,2025-08-01,04:45
20372,300.0,2025-08-01,05:00
20373,300.0,2025-08-01,05:15
20374,300.0,2025-08-01,05:30
20375,300.0,2025-08-01,05:45
20376,320.0,2025-08-01,06:00
20377,309.93,2025-08-01,06:15
20378,225.11,2025-08-01,06:30
20379,221.46,2025-08-01,06:45
20380,219.67,2025-08-01,07:00
20381,205.7,2025-08-01,07:15
20382,200.71,2025-08-01,07:30
20383,40.0,2025-08-01,07:45
20384,40.0,2025-08-01,08:00
20385,40.0,2025-08-01,08:15
20386,107.64,2025-08-01,08:30
20387,180.82,2025-08-01,08:45
20388,183.27,2025-08-01,09:00
20389,159.85,2025-08-01,09:15
20390,165.97,2025-08-01,09:30
20391,167.74,2025-08-01,09:45
20392,176.99,2025-08-01,10:00
20393,206.54,2025-08-01,10:15
20394,191.63,2025-08-01,10:30
20395,204.76,2025-08-01,10:45
20396,209.53,2025-08-01,11:00
20397,229.52,2025-08-01,11:15
20398,221.44,2025-08-01,11:30
20399,215.04,2025-08-01,11:45
20400,191.29,2025-08-01,12:00
20401,191.75,2025-08-01,12:15
20402,186.31,2025-08-01,12:30
20403,187.18,2025-08-01,12:45
20404,186.81,2025-08-01,13:00
20405,196.61,2025-08-01,13:15
20406,193.89,2025-08-01,13:30
20407,189.56,2025-08-01,13:45
20408,194.75,2025-08-01,14:00
20409,194.07,2025-08-01,14:15
20410,206.03,2025-08-01,14:30
20411,205.96,2025-08-01,14:45
20412,207.62,2025-08-01,15:00
20413,207.43,2025-08-01,15:15
20414,212.85,2025-08-01,15:30
20415,207.92,2025-08-01,15:45
20416,199.33,2025-08-01,16:00
20417,191.41,2025-08-01,16:15
20418,196.45,2025-08-01,16:30
20419,187.31,2025-08-01,16:45
20420,200.21,2025-08-01,17:00
20421,242.73,2025-08-01,17:15
20422,243.98,2025-08-01,17:30
20423,286.58,2025-08-01,17:45
20424,316.0,2025-08-01,18:00
20425,317.85,2025-08-01,18:15
20426,327.44,2025-08-01,18:30
20427,346.32,2025-08-01,18:45
20428,342.79,2025-08-01,19:00
20429,388.88,2025-08-01,19:15
20430,424.19,2025-08-01,19:30
20431,367.47,2025-08-01,19:45
20432,408.59,2025-08-01,20:00
20433,387.68,2025-08-01,20:15
20434,400.0,2025-08-01,20:30
20435,400.0,2025-08-01,20:45
20436,337.04,2025-08-01,21:00
20437,333.82,2025-08-01,21:15
20438,328.95,2025-08-01,21:30
20439,308.88,2025-08-01,21:45
20440,320.0,2025-08-01,22:00
20441,329.1,2025-08-01,22:15
20442,327.61,2025-08-01,22:30
20443,350.0,2025-08-01,22:45
20444,330.0,2025-08-01,23:00
20445,320.0,2025-08-01,23:15
20446,320.0,2025-08-01,23:30
20447,320.0,2025-08-01,23:45
20448,300.0,2025-08-01,24:00
20449,350.0,2025-08-02,00:15
20450,320.0,2025-08-02,00:30
20451,290.0,2025-08-02,00:45
20452,215.77,2025-08-02,01:00
20453,220.58,2025-08-02,01:15
20454,211.39,2025-08-02,01:30
20455,225.35,2025-08-02,01:45
20456,211.78,2025-08-02,02:00
20457,208.87,2025-08-02,02:15
20458,209.53,2025-08-02,02:30
20459,197.06,2025-08-02,02:45
20460,197.54,2025-08-02,03:00
20461,195.05,2025-08-02,03:15
20462,199.13,2025-08-02,03:30
20463,197.68,2025-08-02,03:45
20464,206.41,2025-08-02,04:00
20465,40.0,2025-08-02,04:15
20466,186.79,2025-08-02,04:30
20467,185.16,2025-08-02,04:45
20468,188.75,2025-08-02,05:00
20469,175.46,2025-08-02,05:15
20470,200.51,2025-08-02,05:30
20471,218.42,2025-08-02,05:45
20472,231.49,2025-08-02,06:00
20473,248.14,2025-08-02,06:15
20474,232.8,2025-08-02,06:30
20475,231.85,2025-08-02,06:45
20476,216.03,2025-08-02,07:00
20477,229.44,2025-08-02,07:15
20478,201.52,2025-08-02,07:30
20479,40.0,2025-08-02,07:45
20480,40.0,2025-08-02,08:00
20481,40.0,2025-08-02,08:15
20482,40.0,2025-08-02,08:30
20483,185.79,2025-08-02,08:45
20484,196.67,2025-08-02,09:00
20485,96.79,2025-08-02,09:15
20486,195.01,2025-08-02,09:30
20487,203.34,2025-08-02,09:45
20488,175.36,2025-08-02,10:00
20489,175.31,2025-08-02,10:15
20490,175.02,2025-08-02,10:30
20491,154.91,2025-08-02,10:45
20492,176.96,2025-08-02,11:00
20493,182.26,2025-08-02,11:15
20494,174.8,2025-08-02,11:30
20495,174.17,2025-08-02,11:45
20496,170.49,2025-08-02,12:00
20497,173.44,2025-08-02,12:15
20498,173.73,2025-08-02,12:30
20499,174.19,2025-08-02,12:45
20500,168.67,2025-08-02,13:00
20501,176.19,2025-08-02,13:15
20502,180.63,2025-08-02,13:30
20503,176.1,2025-08-02,13:45
20504,175.28,2025-08-02,14:00
20505,192.12,2025-08-02,14:15
20506,191.72,2025-08-02,14:30
20507,185.66,2025-08-02,14:45
20508,185.97,2025-08-02,15:00
20509,186.25,2025-08-02,15:15
20510,186.91,2025-08-02,15:30
20511,187.79,2025-08-02,15:45
20512,188.05,2025-08-02,16:00
20513,187.74,2025-08-02,16:15
20514,186.23,2025-08-02,16:30
20515,207.95,2025-08-02,16:45
20516,193.43,2025-08-02,17:00
20517,235.1,2025-08-02,17:15
20518,232.32,2025-08-02,17:30
20519,243.52,2025-08-02,17:45
20520,256.2,2025-08-02,18:00
20521,263.19,2025-08-02,18:15
20522,346.72,2025-08-02,18:30
20523,327.41,2025-08-02,18:45
20524,319.28,2025-08-02,19:00
20525,397.37,2025-08-02,19:15
20526,421.45,2025-08-02,19:30
20527,440.0,2025-08-02,19:45
20528,420.0,2025-08-02,20:00
20529,379.14,2025-08-02,20:15
20530,338.03,2025-08-02,20:30
20531,375.95,2025-08-02,20:45
20532,349.33,2025-08-02,21:00
20533,367.98,2025-08-02,21:15
20534,352.61,2025-08-02,21:30
20535,375.53,2025-08-02,21:45
20536,375.0,2025-08-02,22:00
20537,360.49,2025-08-02,22:15
20538,385.91,2025-08-02,22:30
20539,341.79,2025-08-02,22:45
20540,321.91,2025-08-02,23:00
20541,403.99,2025-08-02,23:15
20542,355.4,2025-08-02,23:30
20543,346.76,2025-08-02,23:45
20544,307.65,2025-08-02,24:00
20545,226.31,2025-08-03,00:15
20546,220.33,2025-08-03,00:30
20547,198.69,2025-08-03,00:45
20548,197.1,2025-08-03,01:00
20549,206.28,2025-08-03,01:15
20550,210.08,2025-08-03,01:30
20551,213.19,2025-08-03,01:45
20552,214.78,2025-08-03,02:00
20553,211.18,2025-08-03,02:15
20554,216.4,2025-08-03,02:30
20555,236.91,2025-08-03,02:45
20556,264.21,2025-08-03,03:00
20557,249.71,2025-08-03,03:15
20558,209.02,2025-08-03,03:30
20559,198.59,2025-08-03,03:45
20560,187.26,2025-08-03,04:00
20561,199.73,2025-08-03,04:15
20562,236.17,2025-08-03,04:30
20563,224.17,2025-08-03,04:45
20564,223.65,2025-08-03,05:00
20565,232.98,2025-08-03,05:15
20566,231.55,2025-08-03,05:30
20567,236.76,2025-08-03,05:45
20568,238.45,2025-08-03,06:00
20569,246.54,2025-08-03,06:15
20570,243.86,2025-08-03,06:30
20571,242.38,2025-08-03,06:45
20572,238.78,2025-08-03,07:00
20573,250.15,2025-08-03,07:15
20574,229.97,2025-08-03,07:30
20575,202.12,2025-08-03,07:45
20576,40.0,2025-08-03,08:00
20577,40.0,2025-08-03,08:15
20578,40.0,2025-08-03,08:30
20579,40.0,2025-08-03,08:45
20580,215.33,2025-08-03,09:00
20581,40.0,2025-08-03,09:15
20582,201.67,2025-08-03,09:30
20583,222.77,2025-08-03,09:45
20584,227.02,2025-08-03,10:00
20585,217.32,2025-08-03,10:15
20586,178.39,2025-08-03,10:30
20587,198.77,2025-08-03,10:45
20588,215.24,2025-08-03,11:00
20589,222.21,2025-08-03,11:15
20590,213.25,2025-08-03,11:30
20591,203.17,2025-08-03,11:45
20592,183.87,2025-08-03,12:00
20593,187.61,2025-08-03,12:15
20594,187.4,2025-08-03,12:30
20595,181.52,2025-08-03,12:45
20596,175.87,2025-08-03,13:00
20597,190.54,2025-08-03,13:15
20598,183.47,2025-08-03,13:30
20599,201.45,2025-08-03,13:45
20600,218.56,2025-08-03,14:00
20601,221.53,2025-08-03,14:15
20602,198.58,2025-08-03,14:30
20603,182.5,2025-08-03,14:45
20604,176.57,2025-08-03,15:00
20605,188.75,2025-08-03,15:15
20606,194.22,2025-08-03,15:30
20607,177.28,2025-08-03,15:45
20608,182.03,2025-08-03,16:00
20609,171.24,2025-08-03,16:15
20610,205.23,2025-08-03,16:30
20611,177.05,2025-08-03,16:45
20612,184.65,2025-08-03,17:00
20613,226.34,2025-08-03,17:15
20614,199.92,2025-08-03,17:30
20615,209.55,2025-08-03,17:45
20616,185.96,2025-08-03,18:00
20617,182.95,2025-08-03,18:15
20618,220.03,2025-08-03,18:30
20619,228.04,2025-08-03,18:45
20620,253.78,2025-08-03,19:00
20621,342.84,2025-08-03,19:15
20622,350.21,2025-08-03,19:30
20623,294.2,2025-08-03,19:45
20624,311.05,2025-08-03,20:00
20625,253.47,2025-08-03,20:15
20626,254.69,2025-08-03,20:30
20627,307.72,2025-08-03,20:45
20628,238.93,2025-08-03,21:00
20629,226.19,2025-08-03,21:15
20630,226.5,2025-08-03,21:30
20631,208.41,2025-08-03,21:45
20632,212.5,2025-08-03,22:00
20633,227.39,2025-08-03,22:15
20634,202.72,2025-08-03,22:30
20635,196.66,2025-08-03,22:45
20636,216.13,2025-08-03,23:00
20637,242.19,2025-08-03,23:15
20638,226.55,2025-08-03,23:30
20639,225.82,2025-08-03,23:45
20640,196.82,2025-08-03,24:00
20641,40.0,2025-08-04,00:15
20642,40.0,2025-08-04,00:30
20643,40.0,2025-08-04,00:45
20644,40.0,2025-08-04,01:00
20645,40.0,2025-08-04,01:15
20646,40.0,2025-08-04,01:30
20647,40.0,2025-08-04,01:45
20648,40.0,2025-08-04,02:00
20649,40.0,2025-08-04,02:15
20650,40.0,2025-08-04,02:30
20651,190.34,2025-08-04,02:45
20652,40.0,2025-08-04,03:00
20653,200.0,2025-08-04,03:15
20654,40.0,2025-08-04,03:30
20655,227.21,2025-08-04,03:45
20656,260.0,2025-08-04,04:00
20657,280.0,2025-08-04,04:15
20658,280.0,2025-08-04,04:30
20659,263.19,2025-08-04,04:45
20660,263.19,2025-08-04,05:00
20661,263.56,2025-08-04,05:15
20662,254.21,2025-08-04,05:30
20663,254.4,2025-08-04,05:45
20664,187.97,2025-08-04,06:00
20665,190.75,2025-08-04,06:15
20666,189.22,2025-08-04,06:30
20667,187.07,2025-08-04,06:45
20668,235.59,2025-08-04,07:00
20669,245.11,2025-08-04,07:15
20670,245.15,2025-08-04,07:30
20671,40.0,2025-08-04,07:45
20672,40.0,2025-08-04,08:00
20673,119.95,2025-08-04,08:15
20674,40.0,2025-08-04,08:30
20675,190.8,2025-08-04,08:45
20676,109.28,2025-08-04,09:00
20677,152.79,2025-08-04,09:15
20678,238.68,2025-08-04,09:30
20679,252.55,2025-08-04,09:45
20680,227.84,2025-08-04,10:00
20681,182.25,2025-08-04,10:15
20682,180.77,2025-08-04,10:30
20683,182.31,2025-08-04,10:45
20684,186.13,2025-08-04,11:00
20685,215.8,2025-08-04,11:15
20686,213.38,2025-08-04,11:30
20687,183.66,2025-08-04,11:45
20688,165.67,2025-08-04,12:00
20689,160.27,2025-08-04,12:15
20690,161.58,2025-08-04,12:30
20691,162.52,2025-08-04,12:45
20692,174.41,2025-08-04,13:00
20693,184.71,2025-08-04,13:15
20694,184.04,2025-08-04,13:30
20695,176.53,2025-08-04,13:45
20696,184.38,2025-08-04,14:00
20697,190.96,2025-08-04,14:15
20698,191.86,2025-08-04,14:30
20699,185.11,2025-08-04,14:45
20700,186.53,2025-08-04,15:00
20701,185.74,2025-08-04,15:15
20702,185.67,2025-08-04,15:30
20703,187.64,2025-08-04,15:45
20704,191.54,2025-08-04,16:00
20705,194.25,2025-08-04,16:15
20706,171.34,2025-08-04,16:30
20707,178.99,2025-08-04,16:45
20708,220.0,2025-08-04,17:00
20709,232.29,2025-08-04,17:15
20710,262.17,2025-08-04,17:30
20711,268.47,2025-08-04,17:45
20712,261.34,2025-08-04,18:00
20713,244.79,2025-08-04,18:15
20714,247.43,2025-08-04,18:30
20715,270.4,2025-08-04,18:45
20716,335.05,2025-08-04,19:00
20717,339.06,2025-08-04,19:15
20718,342.64,2025-08-04,19:30
20719,339.98,2025-08-04,19:45
20720,400.0,2025-08-04,20:00
20721,350.0,2025-08-04,20:15
20722,350.0,2025-08-04,20:30
20723,370.0,2025-08-04,20:45
20724,400.0,2025-08-04,21:00
20725,410.0,2025-08-04,21:15
20726,400.0,2025-08-04,21:30
20727,390.0,2025-08-04,21:45
20728,390.0,2025-08-04,22:00
20729,310.0,2025-08-04,22:15
20730,320.0,2025-08-04,22:30
20731,300.0,2025-08-04,22:45
20732,320.0,2025-08-04,23:00
20733,320.0,2025-08-04,23:15
20734,320.0,2025-08-04,23:30
20735,320.0,2025-08-04,23:45
20736,340.0,2025-08-04,24:00
20737,360.0,2025-08-05,00:15
20738,330.0,2025-08-05,00:30
20739,330.0,2025-08-05,00:45
20740,320.0,2025-08-05,01:00
20741,320.0,2025-08-05,01:15
20742,320.0,2025-08-05,01:30
20743,340.0,2025-08-05,01:45
20744,330.0,2025-08-05,02:00
20745,350.0,2025-08-05,02:15
20746,330.0,2025-08-05,02:30
20747,310.0,2025-08-05,02:45
20748,300.0,2025-08-05,03:00
20749,320.0,2025-08-05,03:15
20750,310.0,2025-08-05,03:30
20751,300.0,2025-08-05,03:45
20752,245.88,2025-08-05,04:00
20753,280.0,2025-08-05,04:15
20754,270.0,2025-08-05,04:30
20755,280.0,2025-08-05,04:45
20756,280.0,2025-08-05,05:00
20757,182.27,2025-08-05,05:15
20758,185.39,2025-08-05,05:30
20759,165.83,2025-08-05,05:45
20760,185.63,2025-08-05,06:00
20761,175.32,2025-08-05,06:15
20762,176.37,2025-08-05,06:30
20763,193.22,2025-08-05,06:45
20764,203.06,2025-08-05,07:00
20765,223.2,2025-08-05,07:15
20766,218.04,2025-08-05,07:30
20767,215.31,2025-08-05,07:45
20768,208.31,2025-08-05,08:00
20769,197.68,2025-08-05,08:15
20770,195.07,2025-08-05,08:30
20771,186.44,2025-08-05,08:45
20772,193.03,2025-08-05,09:00
20773,223.34,2025-08-05,09:15
20774,249.95,2025-08-05,09:30
20775,262.0,2025-08-05,09:45
20776,284.14,2025-08-05,10:00
20777,269.74,2025-08-05,10:15
20778,253.0,2025-08-05,10:30
20779,260.98,2025-08-05,10:45
20780,255.93,2025-08-05,11:00
20781,256.42,2025-08-05,11:15
20782,214.57,2025-08-05,11:30
20783,224.96,2025-08-05,11:45
20784,227.29,2025-08-05,12:00
20785,214.19,2025-08-05,12:15
20786,213.2,2025-08-05,12:30
20787,202.09,2025-08-05,12:45
20788,194.06,2025-08-05,13:00
20789,201.09,2025-08-05,13:15
20790,194.45,2025-08-05,13:30
20791,194.41,2025-08-05,13:45
20792,194.8,2025-08-05,14:00
20793,224.47,2025-08-05,14:15
20794,226.0,2025-08-05,14:30
20795,222.57,2025-08-05,14:45
20796,230.13,2025-08-05,15:00
20797,224.31,2025-08-05,15:15
20798,224.35,2025-08-05,15:30
20799,229.54,2025-08-05,15:45
20800,221.94,2025-08-05,16:00
20801,220.72,2025-08-05,16:15
20802,265.46,2025-08-05,16:30
20803,256.11,2025-08-05,16:45
20804,264.48,2025-08-05,17:00
20805,284.78,2025-08-05,17:15
20806,381.79,2025-08-05,17:30
20807,442.29,2025-08-05,17:45
20808,436.78,2025-08-05,18:00
20809,294.37,2025-08-05,18:15
20810,299.44,2025-08-05,18:30
20811,348.34,2025-08-05,18:45
20812,334.57,2025-08-05,19:00
20813,353.68,2025-08-05,19:15
20814,453.51,2025-08-05,19:30
20815,470.63,2025-08-05,19:45
20816,484.23,2025-08-05,20:00
20817,335.85,2025-08-05,20:15
20818,335.76,2025-08-05,20:30
20819,343.65,2025-08-05,20:45
20820,335.7,2025-08-05,21:00
20821,454.44,2025-08-05,21:15
20822,444.18,2025-08-05,21:30
20823,450.5,2025-08-05,21:45
20824,434.17,2025-08-05,22:00
20825,441.39,2025-08-05,22:15
20826,444.45,2025-08-05,22:30
20827,452.42,2025-08-05,22:45
20828,441.88,2025-08-05,23:00
20829,372.2,2025-08-05,23:15
20830,403.54,2025-08-05,23:30
20831,284.98,2025-08-05,23:45
20832,268.88,2025-08-05,24:00
20833,329.37,2025-08-06,00:15
20834,387.6,2025-08-06,00:30
20835,457.0,2025-08-06,00:45
20836,486.1,2025-08-06,01:00
20837,443.19,2025-08-06,01:15
20838,410.16,2025-08-06,01:30
20839,304.64,2025-08-06,01:45
20840,285.66,2025-08-06,02:00
20841,329.14,2025-08-06,02:15
20842,332.02,2025-08-06,02:30
20843,319.62,2025-08-06,02:45
20844,333.83,2025-08-06,03:00
20845,325.5,2025-08-06,03:15
20846,366.8,2025-08-06,03:30
20847,320.01,2025-08-06,03:45
20848,302.95,2025-08-06,04:00
20849,317.18,2025-08-06,04:15
20850,315.33,2025-08-06,04:30
20851,313.74,2025-08-06,04:45
20852,313.42,2025-08-06,05:00
20853,325.55,2025-08-06,05:15
20854,324.57,2025-08-06,05:30
20855,323.6,2025-08-06,05:45
20856,321.76,2025-08-06,06:00
20857,315.25,2025-08-06,06:15
20858,408.43,2025-08-06,06:30
20859,283.17,2025-08-06,06:45
20860,288.1,2025-08-06,07:00
20861,281.69,2025-08-06,07:15
20862,275.87,2025-08-06,07:30
20863,263.02,2025-08-06,07:45
20864,296.06,2025-08-06,08:00
20865,229.25,2025-08-06,08:15
20866,261.01,2025-08-06,08:30
20867,257.05,2025-08-06,08:45
20868,269.59,2025-08-06,09:00
20869,232.12,2025-08-06,09:15
20870,267.94,2025-08-06,09:30
20871,304.4,2025-08-06,09:45
20872,253.94,2025-08-06,10:00
20873,252.32,2025-08-06,10:15
20874,320.84,2025-08-06,10:30
20875,307.04,2025-08-06,10:45
20876,261.02,2025-08-06,11:00
20877,272.93,2025-08-06,11:15
20878,257.13,2025-08-06,11:30
20879,256.46,2025-08-06,11:45
20880,316.09,2025-08-06,12:00
20881,261.26,2025-08-06,12:15
20882,286.55,2025-08-06,12:30
20883,280.67,2025-08-06,12:45
20884,263.89,2025-08-06,13:00
20885,271.37,2025-08-06,13:15
20886,271.68,2025-08-06,13:30
20887,271.33,2025-08-06,13:45
20888,273.32,2025-08-06,14:00
20889,273.08,2025-08-06,14:15
20890,273.29,2025-08-06,14:30
20891,282.85,2025-08-06,14:45
20892,294.04,2025-08-06,15:00
20893,268.32,2025-08-06,15:15
20894,260.65,2025-08-06,15:30
20895,288.86,2025-08-06,15:45
20896,293.86,2025-08-06,16:00
20897,294.13,2025-08-06,16:15
20898,296.3,2025-08-06,16:30
20899,326.84,2025-08-06,16:45
20900,326.01,2025-08-06,17:00
20901,391.11,2025-08-06,17:15
20902,427.64,2025-08-06,17:30
20903,451.65,2025-08-06,17:45
20904,429.03,2025-08-06,18:00
20905,382.64,2025-08-06,18:15
20906,380.71,2025-08-06,18:30
20907,491.98,2025-08-06,18:45
20908,517.6,2025-08-06,19:00
20909,419.2,2025-08-06,19:15
20910,516.62,2025-08-06,19:30
20911,610.0,2025-08-06,19:45
20912,600.0,2025-08-06,20:00
20913,620.0,2025-08-06,20:15
20914,539.56,2025-08-06,20:30
20915,545.21,2025-08-06,20:45
20916,549.59,2025-08-06,21:00
20917,513.62,2025-08-06,21:15
20918,489.42,2025-08-06,21:30
20919,480.04,2025-08-06,21:45
20920,498.94,2025-08-06,22:00
20921,475.33,2025-08-06,22:15
20922,477.73,2025-08-06,22:30
20923,445.39,2025-08-06,22:45
20924,509.75,2025-08-06,23:00
20925,508.97,2025-08-06,23:15
20926,507.62,2025-08-06,23:30
20927,389.55,2025-08-06,23:45
20928,450.05,2025-08-06,24:00
20929,510.0,2025-08-07,00:15
20930,460.0,2025-08-07,00:30
20931,440.0,2025-08-07,00:45
20932,410.0,2025-08-07,01:00
20933,410.0,2025-08-07,01:15
20934,410.0,2025-08-07,01:30
20935,400.0,2025-08-07,01:45
20936,410.0,2025-08-07,02:00
20937,410.0,2025-08-07,02:15
20938,400.0,2025-08-07,02:30
20939,400.0,2025-08-07,02:45
20940,400.0,2025-08-07,03:00
20941,400.0,2025-08-07,03:15
20942,400.0,2025-08-07,03:30
20943,400.0,2025-08-07,03:45
20944,410.0,2025-08-07,04:00
20945,400.0,2025-08-07,04:15
20946,400.0,2025-08-07,04:30
20947,410.0,2025-08-07,04:45
20948,410.0,2025-08-07,05:00
20949,430.0,2025-08-07,05:15
20950,430.0,2025-08-07,05:30
20951,430.0,2025-08-07,05:45
20952,450.0,2025-08-07,06:00
20953,450.0,2025-08-07,06:15
20954,459.97,2025-08-07,06:30
20955,459.97,2025-08-07,06:45
20956,449.95,2025-08-07,07:00
20957,459.92,2025-08-07,07:15
20958,449.87,2025-08-07,07:30
20959,429.81,2025-08-07,07:45
20960,409.7,2025-08-07,08:00
20961,429.6,2025-08-07,08:15
20962,439.52,2025-08-07,08:30
20963,409.46,2025-08-07,08:45
20964,409.39,2025-08-07,09:00
20965,409.32,2025-08-07,09:15
20966,439.23,2025-08-07,09:30
20967,449.15,2025-08-07,09:45
20968,449.11,2025-08-07,10:00
20969,399.14,2025-08-07,10:15
20970,409.11,2025-08-07,10:30
20971,382.88,2025-08-07,10:45
20972,409.05,2025-08-07,11:00
20973,375.8,2025-08-07,11:15
20974,407.5,2025-08-07,11:30
20975,394.21,2025-08-07,11:45
20976,345.29,2025-08-07,12:00
20977,372.57,2025-08-07,12:15
20978,398.92,2025-08-07,12:30
20979,321.6,2025-08-07,12:45
20980,312.32,2025-08-07,13:00
20981,305.05,2025-08-07,13:15
20982,199.78,2025-08-07,13:30
20983,211.24,2025-08-07,13:45
20984,222.76,2025-08-07,14:00
20985,222.78,2025-08-07,14:15
20986,224.51,2025-08-07,14:30
20987,223.09,2025-08-07,14:45
20988,223.73,2025-08-07,15:00
20989,221.56,2025-08-07,15:15
20990,223.78,2025-08-07,15:30
20991,316.16,2025-08-07,15:45
20992,320.9,2025-08-07,16:00
20993,349.96,2025-08-07,16:15
20994,340.01,2025-08-07,16:30
20995,351.0,2025-08-07,16:45
20996,399.55,2025-08-07,17:00
20997,300.08,2025-08-07,17:15
20998,311.76,2025-08-07,17:30
20999,340.3,2025-08-07,17:45
21000,346.83,2025-08-07,18:00
21001,355.11,2025-08-07,18:15
21002,336.62,2025-08-07,18:30
21003,386.24,2025-08-07,18:45
21004,393.4,2025-08-07,19:00
21005,467.23,2025-08-07,19:15
21006,419.55,2025-08-07,19:30
21007,409.98,2025-08-07,19:45
21008,420.0,2025-08-07,20:00
21009,450.0,2025-08-07,20:15
21010,450.0,2025-08-07,20:30
21011,460.0,2025-08-07,20:45
21012,555.13,2025-08-07,21:00
21013,537.24,2025-08-07,21:15
21014,443.04,2025-08-07,21:30
21015,460.0,2025-08-07,21:45
21016,450.0,2025-08-07,22:00
21017,450.0,2025-08-07,22:15
21018,450.0,2025-08-07,22:30
21019,480.0,2025-08-07,22:45
21020,451.33,2025-08-07,23:00
21021,475.03,2025-08-07,23:15
21022,460.0,2025-08-07,23:30
21023,400.0,2025-08-07,23:45
21024,400.0,2025-08-07,24:00
21025,380.0,2025-08-08,00:15
21026,360.0,2025-08-08,00:30
21027,400.0,2025-08-08,00:45
21028,400.0,2025-08-08,01:00
21029,360.0,2025-08-08,01:15
21030,360.0,2025-08-08,01:30
21031,400.0,2025-08-08,01:45
21032,400.0,2025-08-08,02:00
21033,400.0,2025-08-08,02:15
21034,390.0,2025-08-08,02:30
21035,400.0,2025-08-08,02:45
21036,360.0,2025-08-08,03:00
21037,350.0,2025-08-08,03:15
21038,360.0,2025-08-08,03:30
21039,350.0,2025-08-08,03:45
21040,360.0,2025-08-08,04:00
21041,350.0,2025-08-08,04:15
21042,360.0,2025-08-08,04:30
21043,400.0,2025-08-08,04:45
21044,400.0,2025-08-08,05:00
21045,400.0,2025-08-08,05:15
21046,390.0,2025-08-08,05:30
21047,400.0,2025-08-08,05:45
21048,400.0,2025-08-08,06:00
21049,400.0,2025-08-08,06:15
21050,400.0,2025-08-08,06:30
21051,390.0,2025-08-08,06:45
21052,359.98,2025-08-08,07:00
21053,349.98,2025-08-08,07:15
21054,349.96,2025-08-08,07:30
21055,299.97,2025-08-08,07:45
21056,279.94,2025-08-08,08:00
21057,249.95,2025-08-08,08:15
21058,249.94,2025-08-08,08:30
21059,129.97,2025-08-08,08:45
21060,212.95,2025-08-08,09:00
21061,201.54,2025-08-08,09:15
21062,223.51,2025-08-08,09:30
21063,40.0,2025-08-08,09:45
21064,159.76,2025-08-08,10:00
21065,172.39,2025-08-08,10:15
21066,237.7,2025-08-08,10:30
21067,249.03,2025-08-08,10:45
21068,259.31,2025-08-08,11:00
21069,265.19,2025-08-08,11:15
21070,260.38,2025-08-08,11:30
21071,254.38,2025-08-08,11:45
21072,248.43,2025-08-08,12:00
21073,193.33,2025-08-08,12:15
21074,188.74,2025-08-08,12:30
21075,193.12,2025-08-08,12:45
21076,196.89,2025-08-08,13:00
21077,216.19,2025-08-08,13:15
21078,202.66,2025-08-08,13:30
21079,220.17,2025-08-08,13:45
21080,228.64,2025-08-08,14:00
21081,231.2,2025-08-08,14:15
21082,249.73,2025-08-08,14:30
21083,259.49,2025-08-08,14:45
21084,259.87,2025-08-08,15:00
21085,270.71,2025-08-08,15:15
21086,266.35,2025-08-08,15:30
21087,256.63,2025-08-08,15:45
21088,266.76,2025-08-08,16:00
21089,268.41,2025-08-08,16:15
21090,258.86,2025-08-08,16:30
21091,256.75,2025-08-08,16:45
21092,238.96,2025-08-08,17:00
21093,253.51,2025-08-08,17:15
21094,314.41,2025-08-08,17:30
21095,324.97,2025-08-08,17:45
21096,308.21,2025-08-08,18:00
21097,307.91,2025-08-08,18:15
21098,321.45,2025-08-08,18:30
21099,361.28,2025-08-08,18:45
21100,355.77,2025-08-08,19:00
21101,353.37,2025-08-08,19:15
21102,351.87,2025-08-08,19:30
21103,352.82,2025-08-08,19:45
21104,371.19,2025-08-08,20:00
21105,337.0,2025-08-08,20:15
21106,341.98,2025-08-08,20:30
21107,342.88,2025-08-08,20:45
21108,340.71,2025-08-08,21:00
21109,333.08,2025-08-08,21:15
21110,315.05,2025-08-08,21:30
21111,295.45,2025-08-08,21:45
21112,282.04,2025-08-08,22:00
21113,290.05,2025-08-08,22:15
21114,273.39,2025-08-08,22:30
21115,271.55,2025-08-08,22:45
21116,317.15,2025-08-08,23:00
21117,350.0,2025-08-08,23:15
21118,360.0,2025-08-08,23:30
21119,360.0,2025-08-08,23:45
21120,360.0,2025-08-08,24:00
21121,400.0,2025-08-09,00:15
21122,390.0,2025-08-09,00:30
21123,390.0,2025-08-09,00:45
21124,390.0,2025-08-09,01:00
21125,380.0,2025-08-09,01:15
21126,380.0,2025-08-09,01:30
21127,380.0,2025-08-09,01:45
21128,390.0,2025-08-09,02:00
21129,400.0,2025-08-09,02:15
21130,400.0,2025-08-09,02:30
21131,400.0,2025-08-09,02:45
21132,400.0,2025-08-09,03:00
21133,400.0,2025-08-09,03:15
21134,400.0,2025-08-09,03:30
21135,400.0,2025-08-09,03:45
21136,400.0,2025-08-09,04:00
21137,400.0,2025-08-09,04:15
21138,400.0,2025-08-09,04:30
21139,400.0,2025-08-09,04:45
21140,400.0,2025-08-09,05:00
21141,410.0,2025-08-09,05:15
21142,410.0,2025-08-09,05:30
21143,410.0,2025-08-09,05:45
21144,420.0,2025-08-09,06:00
21145,410.0,2025-08-09,06:15
21146,420.0,2025-08-09,06:30
21147,419.97,2025-08-09,06:45
21148,409.95,2025-08-09,07:00
21149,399.93,2025-08-09,07:15
21150,399.91,2025-08-09,07:30
21151,389.84,2025-08-09,07:45
21152,349.78,2025-08-09,08:00
21153,309.74,2025-08-09,08:15
21154,191.58,2025-08-09,08:30
21155,187.46,2025-08-09,08:45
21156,232.29,2025-08-09,09:00
21157,209.66,2025-08-09,09:15
21158,223.99,2025-08-09,09:30
21159,237.96,2025-08-09,09:45
21160,219.45,2025-08-09,10:00
21161,224.57,2025-08-09,10:15
21162,211.65,2025-08-09,10:30
21163,210.71,2025-08-09,10:45
21164,200.72,2025-08-09,11:00
21165,199.21,2025-08-09,11:15
21166,189.31,2025-08-09,11:30
21167,210.78,2025-08-09,11:45
21168,206.43,2025-08-09,12:00
21169,202.97,2025-08-09,12:15
21170,194.29,2025-08-09,12:30
21171,182.49,2025-08-09,12:45
21172,164.68,2025-08-09,13:00
21173,177.66,2025-08-09,13:15
21174,163.65,2025-08-09,13:30
21175,158.66,2025-08-09,13:45
21176,155.73,2025-08-09,14:00
21177,152.3,2025-08-09,14:15
21178,150.32,2025-08-09,14:30
21179,156.02,2025-08-09,14:45
21180,164.46,2025-08-09,15:00
21181,187.7,2025-08-09,15:15
21182,192.32,2025-08-09,15:30
21183,195.21,2025-08-09,15:45
21184,205.01,2025-08-09,16:00
21185,210.08,2025-08-09,16:15
21186,219.24,2025-08-09,16:30
21187,214.14,2025-08-09,16:45
21188,211.75,2025-08-09,17:00
21189,257.39,2025-08-09,17:15
21190,256.69,2025-08-09,17:30
21191,269.92,2025-08-09,17:45
21192,322.56,2025-08-09,18:00
21193,319.12,2025-08-09,18:15
21194,382.68,2025-08-09,18:30
21195,490.95,2025-08-09,18:45
21196,418.61,2025-08-09,19:00
21197,452.16,2025-08-09,19:15
21198,507.37,2025-08-09,19:30
21199,504.22,2025-08-09,19:45
21200,496.92,2025-08-09,20:00
21201,481.08,2025-08-09,20:15
21202,478.94,2025-08-09,20:30
21203,464.3,2025-08-09,20:45
21204,447.16,2025-08-09,21:00
21205,435.66,2025-08-09,21:15
21206,421.29,2025-08-09,21:30
21207,440.89,2025-08-09,21:45
21208,417.49,2025-08-09,22:00
21209,392.56,2025-08-09,22:15
21210,322.94,2025-08-09,22:30
21211,312.15,2025-08-09,22:45
21212,278.56,2025-08-09,23:00
21213,251.25,2025-08-09,23:15
21214,256.48,2025-08-09,23:30
21215,379.51,2025-08-09,23:45
21216,361.02,2025-08-09,24:00
21217,273.83,2025-08-10,00:15
21218,244.33,2025-08-10,00:30
21219,209.19,2025-08-10,00:45
21220,201.03,2025-08-10,01:00
21221,198.94,2025-08-10,01:15
21222,183.91,2025-08-10,01:30
21223,40.0,2025-08-10,01:45
21224,264.32,2025-08-10,02:00
21225,269.56,2025-08-10,02:15
21226,291.2,2025-08-10,02:30
21227,291.45,2025-08-10,02:45
21228,308.85,2025-08-10,03:00
21229,295.74,2025-08-10,03:15
21230,311.78,2025-08-10,03:30
21231,323.85,2025-08-10,03:45
21232,306.2,2025-08-10,04:00
21233,302.5,2025-08-10,04:15
21234,330.0,2025-08-10,04:30
21235,350.0,2025-08-10,04:45
21236,350.0,2025-08-10,05:00
21237,360.0,2025-08-10,05:15
21238,360.0,2025-08-10,05:30
21239,360.0,2025-08-10,05:45
21240,360.0,2025-08-10,06:00
21241,360.0,2025-08-10,06:15
21242,359.98,2025-08-10,06:30
21243,349.98,2025-08-10,06:45
21244,329.96,2025-08-10,07:00
21245,309.96,2025-08-10,07:15
21246,299.96,2025-08-10,07:30
21247,259.97,2025-08-10,07:45
21248,40.0,2025-08-10,08:00
21249,40.0,2025-08-10,08:15
21250,40.0,2025-08-10,08:30
21251,40.0,2025-08-10,08:45
21252,40.0,2025-08-10,09:00
21253,197.99,2025-08-10,09:15
21254,218.52,2025-08-10,09:30
21255,190.98,2025-08-10,09:45
21256,201.7,2025-08-10,10:00
21257,186.93,2025-08-10,10:15
21258,188.88,2025-08-10,10:30
21259,182.31,2025-08-10,10:45
21260,189.53,2025-08-10,11:00
21261,195.59,2025-08-10,11:15
21262,198.42,2025-08-10,11:30
21263,195.42,2025-08-10,11:45
21264,184.3,2025-08-10,12:00
21265,174.92,2025-08-10,12:15
21266,174.49,2025-08-10,12:30
21267,40.0,2025-08-10,12:45
21268,40.0,2025-08-10,13:00
21269,140.08,2025-08-10,13:15
21270,40.0,2025-08-10,13:30
21271,40.0,2025-08-10,13:45
21272,175.24,2025-08-10,14:00
21273,184.1,2025-08-10,14:15
21274,177.68,2025-08-10,14:30
21275,193.49,2025-08-10,14:45
21276,190.36,2025-08-10,15:00
21277,194.55,2025-08-10,15:15
21278,206.54,2025-08-10,15:30
21279,210.77,2025-08-10,15:45
21280,214.64,2025-08-10,16:00
21281,218.14,2025-08-10,16:15
21282,218.93,2025-08-10,16:30
21283,212.88,2025-08-10,16:45
21284,213.86,2025-08-10,17:00
21285,242.09,2025-08-10,17:15
21286,245.34,2025-08-10,17:30
21287,244.05,2025-08-10,17:45
21288,236.95,2025-08-10,18:00
21289,230.97,2025-08-10,18:15
21290,227.76,2025-08-10,18:30
21291,235.11,2025-08-10,18:45
21292,242.62,2025-08-10,19:00
21293,296.91,2025-08-10,19:15
21294,291.6,2025-08-10,19:30
21295,312.63,2025-08-10,19:45
21296,311.62,2025-08-10,20:00
21297,303.99,2025-08-10,20:15
21298,311.2,2025-08-10,20:30
21299,293.73,2025-08-10,20:45
21300,299.36,2025-08-10,21:00
21301,298.53,2025-08-10,21:15
21302,293.64,2025-08-10,21:30
21303,359.07,2025-08-10,21:45
21304,378.11,2025-08-10,22:00
21305,369.38,2025-08-10,22:15
21306,350.97,2025-08-10,22:30
21307,358.45,2025-08-10,22:45
21308,251.25,2025-08-10,23:00
21309,256.12,2025-08-10,23:15
21310,263.02,2025-08-10,23:30
21311,264.16,2025-08-10,23:45
21312,257.17,2025-08-10,24:00
21313,261.08,2025-08-11,00:15
21314,262.72,2025-08-11,00:30
21315,250.31,2025-08-11,00:45
21316,212.86,2025-08-11,01:00
21317,204.58,2025-08-11,01:15
21318,183.58,2025-08-11,01:30
21319,180.99,2025-08-11,01:45
21320,170.2,2025-08-11,02:00
21321,178.91,2025-08-11,02:15
21322,193.83,2025-08-11,02:30
21323,188.45,2025-08-11,02:45
21324,186.8,2025-08-11,03:00
21325,179.97,2025-08-11,03:15
21326,176.44,2025-08-11,03:30
21327,170.43,2025-08-11,03:45
21328,250.0,2025-08-11,04:00
21329,171.5,2025-08-11,04:15
21330,170.86,2025-08-11,04:30
21331,168.04,2025-08-11,04:45
21332,167.78,2025-08-11,05:00
21333,181.84,2025-08-11,05:15
21334,181.24,2025-08-11,05:30
21335,179.4,2025-08-11,05:45
21336,250.0,2025-08-11,06:00
21337,260.0,2025-08-11,06:15
21338,279.98,2025-08-11,06:30
21339,289.98,2025-08-11,06:45
21340,299.94,2025-08-11,07:00
21341,289.93,2025-08-11,07:15
21342,269.89,2025-08-11,07:30
21343,149.92,2025-08-11,07:45
21344,40.0,2025-08-11,08:00
21345,40.0,2025-08-11,08:15
21346,40.0,2025-08-11,08:30
21347,40.0,2025-08-11,08:45
21348,137.42,2025-08-11,09:00
21349,100.59,2025-08-11,09:15
21350,128.52,2025-08-11,09:30
21351,167.42,2025-08-11,09:45
21352,180.2,2025-08-11,10:00
21353,172.15,2025-08-11,10:15
21354,160.05,2025-08-11,10:30
21355,165.85,2025-08-11,10:45
21356,149.94,2025-08-11,11:00
21357,167.71,2025-08-11,11:15
21358,163.5,2025-08-11,11:30
21359,166.43,2025-08-11,11:45
21360,160.58,2025-08-11,12:00
21361,162.12,2025-08-11,12:15
21362,151.49,2025-08-11,12:30
21363,40.0,2025-08-11,12:45
21364,40.0,2025-08-11,13:00
21365,170.59,2025-08-11,13:15
21366,163.16,2025-08-11,13:30
21367,168.85,2025-08-11,13:45
21368,163.61,2025-08-11,14:00
21369,198.25,2025-08-11,14:15
21370,192.47,2025-08-11,14:30
21371,193.28,2025-08-11,14:45
21372,184.04,2025-08-11,15:00
21373,163.36,2025-08-11,15:15
21374,166.15,2025-08-11,15:30
21375,199.13,2025-08-11,15:45
21376,196.86,2025-08-11,16:00
21377,198.69,2025-08-11,16:15
21378,205.59,2025-08-11,16:30
21379,208.37,2025-08-11,16:45
21380,220.85,2025-08-11,17:00
21381,243.95,2025-08-11,17:15
21382,244.32,2025-08-11,17:30
21383,242.56,2025-08-11,17:45
21384,241.75,2025-08-11,18:00
21385,259.78,2025-08-11,18:15
21386,265.0,2025-08-11,18:30
21387,283.71,2025-08-11,18:45
21388,273.55,2025-08-11,19:00
21389,280.58,2025-08-11,19:15
21390,292.23,2025-08-11,19:30
21391,302.84,2025-08-11,19:45
21392,313.81,2025-08-11,20:00
21393,308.93,2025-08-11,20:15
21394,290.8,2025-08-11,20:30
21395,267.15,2025-08-11,20:45
21396,251.2,2025-08-11,21:00
21397,234.74,2025-08-11,21:15
21398,179.82,2025-08-11,21:30
21399,40.0,2025-08-11,21:45
21400,174.86,2025-08-11,22:00
21401,40.0,2025-08-11,22:15
21402,40.0,2025-08-11,22:30
21403,40.0,2025-08-11,22:45
21404,174.93,2025-08-11,23:00
21405,190.69,2025-08-11,23:15
21406,184.58,2025-08-11,23:30
21407,200.12,2025-08-11,23:45
21408,179.47,2025-08-11,24:00
21409,40.0,2025-08-12,00:15
21410,40.0,2025-08-12,00:30
21411,40.0,2025-08-12,00:45
21412,40.0,2025-08-12,01:00
21413,40.0,2025-08-12,01:15
21414,40.0,2025-08-12,01:30
21415,40.0,2025-08-12,01:45
21416,250.0,2025-08-12,02:00
21417,250.0,2025-08-12,02:15
21418,250.0,2025-08-12,02:30
21419,250.0,2025-08-12,02:45
21420,260.0,2025-08-12,03:00
21421,290.0,2025-08-12,03:15
21422,280.0,2025-08-12,03:30
21423,280.0,2025-08-12,03:45
21424,280.0,2025-08-12,04:00
21425,270.0,2025-08-12,04:15
21426,250.0,2025-08-12,04:30
21427,260.0,2025-08-12,04:45
21428,260.0,2025-08-12,05:00
21429,300.0,2025-08-12,05:15
21430,300.0,2025-08-12,05:30
21431,310.0,2025-08-12,05:45
21432,310.0,2025-08-12,06:00
21433,300.0,2025-08-12,06:15
21434,310.0,2025-08-12,06:30
21435,320.0,2025-08-12,06:45
21436,310.0,2025-08-12,07:00
21437,300.0,2025-08-12,07:15
21438,280.0,2025-08-12,07:30
21439,150.0,2025-08-12,07:45
21440,40.0,2025-08-12,08:00
21441,40.0,2025-08-12,08:15
21442,40.0,2025-08-12,08:30
21443,40.0,2025-08-12,08:45
21444,40.0,2025-08-12,09:00
21445,40.0,2025-08-12,09:15
21446,40.0,2025-08-12,09:30
21447,40.0,2025-08-12,09:45
21448,40.0,2025-08-12,10:00
21449,40.0,2025-08-12,10:15
21450,40.0,2025-08-12,10:30
21451,40.0,2025-08-12,10:45
21452,148.0,2025-08-12,11:00
21453,155.92,2025-08-12,11:15
21454,144.68,2025-08-12,11:30
21455,40.0,2025-08-12,11:45
21456,40.0,2025-08-12,12:00
21457,40.0,2025-08-12,12:15
21458,40.0,2025-08-12,12:30
21459,40.0,2025-08-12,12:45
21460,40.0,2025-08-12,13:00
21461,40.0,2025-08-12,13:15
21462,40.0,2025-08-12,13:30
21463,40.0,2025-08-12,13:45
21464,40.0,2025-08-12,14:00
21465,40.0,2025-08-12,14:15
21466,40.0,2025-08-12,14:30
21467,145.6,2025-08-12,14:45
21468,145.97,2025-08-12,15:00
21469,174.33,2025-08-12,15:15
21470,177.88,2025-08-12,15:30
21471,181.12,2025-08-12,15:45
21472,186.19,2025-08-12,16:00
21473,191.17,2025-08-12,16:15
21474,195.07,2025-08-12,16:30
21475,201.12,2025-08-12,16:45
21476,190.05,2025-08-12,17:00
21477,217.88,2025-08-12,17:15
21478,214.77,2025-08-12,17:30
21479,229.59,2025-08-12,17:45
21480,218.97,2025-08-12,18:00
21481,221.93,2025-08-12,18:15
21482,215.26,2025-08-12,18:30
21483,280.79,2025-08-12,18:45
21484,277.72,2025-08-12,19:00
21485,291.63,2025-08-12,19:15
21486,314.38,2025-08-12,19:30
21487,334.58,2025-08-12,19:45
21488,311.77,2025-08-12,20:00
21489,306.63,2025-08-12,20:15
21490,296.45,2025-08-12,20:30
21491,259.65,2025-08-12,20:45
21492,272.3,2025-08-12,21:00
21493,288.71,2025-08-12,21:15
21494,281.0,2025-08-12,21:30
21495,266.57,2025-08-12,21:45
21496,254.87,2025-08-12,22:00
21497,281.94,2025-08-12,22:15
21498,258.82,2025-08-12,22:30
21499,251.32,2025-08-12,22:45
21500,254.28,2025-08-12,23:00
21501,260.46,2025-08-12,23:15
21502,251.35,2025-08-12,23:30
21503,254.1,2025-08-12,23:45
21504,232.67,2025-08-12,24:00
21505,253.92,2025-08-13,00:15
21506,232.07,2025-08-13,00:30
21507,225.48,2025-08-13,00:45
21508,193.45,2025-08-13,01:00
21509,192.05,2025-08-13,01:15
21510,260.26,2025-08-13,01:30
21511,271.67,2025-08-13,01:45
21512,262.44,2025-08-13,02:00
21513,260.27,2025-08-13,02:15
21514,269.09,2025-08-13,02:30
21515,250.61,2025-08-13,02:45
21516,262.34,2025-08-13,03:00
21517,271.58,2025-08-13,03:15
21518,280.78,2025-08-13,03:30
21519,300.0,2025-08-13,03:45
21520,295.75,2025-08-13,04:00
21521,252.77,2025-08-13,04:15
21522,250.0,2025-08-13,04:30
21523,260.0,2025-08-13,04:45
21524,270.0,2025-08-13,05:00
21525,290.0,2025-08-13,05:15
21526,300.0,2025-08-13,05:30
21527,310.0,2025-08-13,05:45
21528,300.0,2025-08-13,06:00
21529,300.0,2025-08-13,06:15
21530,300.0,2025-08-13,06:30
21531,300.0,2025-08-13,06:45
21532,300.0,2025-08-13,07:00
21533,290.0,2025-08-13,07:15
21534,250.0,2025-08-13,07:30
21535,40.0,2025-08-13,07:45
21536,40.0,2025-08-13,08:00
21537,40.0,2025-08-13,08:15
21538,40.0,2025-08-13,08:30
21539,40.0,2025-08-13,08:45
21540,40.0,2025-08-13,09:00
21541,40.0,2025-08-13,09:15
21542,40.0,2025-08-13,09:30
21543,40.0,2025-08-13,09:45
21544,40.0,2025-08-13,10:00
21545,40.0,2025-08-13,10:15
21546,40.0,2025-08-13,10:30
21547,40.0,2025-08-13,10:45
21548,40.0,2025-08-13,11:00
21549,40.0,2025-08-13,11:15
21550,40.0,2025-08-13,11:30
21551,40.0,2025-08-13,11:45
21552,40.0,2025-08-13,12:00
21553,147.78,2025-08-13,12:15
21554,40.0,2025-08-13,12:30
21555,40.0,2025-08-13,12:45
21556,40.0,2025-08-13,13:00
21557,40.0,2025-08-13,13:15
21558,40.0,2025-08-13,13:30
21559,40.0,2025-08-13,13:45
21560,40.0,2025-08-13,14:00
21561,40.0,2025-08-13,14:15
21562,40.0,2025-08-13,14:30
21563,40.0,2025-08-13,14:45
21564,40.0,2025-08-13,15:00
21565,40.0,2025-08-13,15:15
21566,40.0,2025-08-13,15:30
21567,151.75,2025-08-13,15:45
21568,165.49,2025-08-13,16:00
21569,151.52,2025-08-13,16:15
21570,161.76,2025-08-13,16:30
21571,181.23,2025-08-13,16:45
21572,181.31,2025-08-13,17:00
21573,220.9,2025-08-13,17:15
21574,224.69,2025-08-13,17:30
21575,264.65,2025-08-13,17:45
21576,266.73,2025-08-13,18:00
21577,262.05,2025-08-13,18:15
21578,254.54,2025-08-13,18:30
21579,261.38,2025-08-13,18:45
21580,252.06,2025-08-13,19:00
21581,334.33,2025-08-13,19:15
21582,307.72,2025-08-13,19:30
21583,263.92,2025-08-13,19:45
21584,285.91,2025-08-13,20:00
21585,281.85,2025-08-13,20:15
21586,287.36,2025-08-13,20:30
21587,350.0,2025-08-13,20:45
21588,330.0,2025-08-13,21:00
21589,334.43,2025-08-13,21:15
21590,330.0,2025-08-13,21:30
21591,330.0,2025-08-13,21:45
21592,320.0,2025-08-13,22:00
21593,208.96,2025-08-13,22:15
21594,250.0,2025-08-13,22:30
21595,180.0,2025-08-13,22:45
21596,40.0,2025-08-13,23:00
21597,180.0,2025-08-13,23:15
21598,230.0,2025-08-13,23:30
21599,280.0,2025-08-13,23:45
21600,300.0,2025-08-13,24:00
21601,300.0,2025-08-14,00:15
21602,290.0,2025-08-14,00:30
21603,188.27,2025-08-14,00:45
21604,250.0,2025-08-14,01:00
21605,40.0,2025-08-14,01:15
21606,250.0,2025-08-14,01:30
21607,270.0,2025-08-14,01:45
21608,270.0,2025-08-14,02:00
21609,260.0,2025-08-14,02:15
21610,270.0,2025-08-14,02:30
21611,290.0,2025-08-14,02:45
21612,300.0,2025-08-14,03:00
21613,300.0,2025-08-14,03:15
21614,300.0,2025-08-14,03:30
21615,300.0,2025-08-14,03:45
21616,290.0,2025-08-14,04:00
21617,280.0,2025-08-14,04:15
21618,290.0,2025-08-14,04:30
21619,290.0,2025-08-14,04:45
21620,290.0,2025-08-14,05:00
21621,300.0,2025-08-14,05:15
21622,310.0,2025-08-14,05:30
21623,310.0,2025-08-14,05:45
21624,320.0,2025-08-14,06:00
21625,350.0,2025-08-14,06:15
21626,350.0,2025-08-14,06:30
21627,350.0,2025-08-14,06:45
21628,350.0,2025-08-14,07:00
21629,330.0,2025-08-14,07:15
21630,310.0,2025-08-14,07:30
21631,270.0,2025-08-14,07:45
21632,260.0,2025-08-14,08:00
21633,250.0,2025-08-14,08:15
21634,250.0,2025-08-14,08:30
21635,40.0,2025-08-14,08:45
21636,40.0,2025-08-14,09:00
21637,40.0,2025-08-14,09:15
21638,40.0,2025-08-14,09:30
21639,40.0,2025-08-14,09:45
21640,40.0,2025-08-14,10:00
21641,40.0,2025-08-14,10:15
21642,92.97,2025-08-14,10:30
21643,95.38,2025-08-14,10:45
21644,93.67,2025-08-14,11:00
21645,40.0,2025-08-14,11:15
21646,40.0,2025-08-14,11:30
21647,163.84,2025-08-14,11:45
21648,158.91,2025-08-14,12:00
21649,70.49,2025-08-14,12:15
21650,162.01,2025-08-14,12:30
21651,40.0,2025-08-14,12:45
21652,40.0,2025-08-14,13:00
21653,143.25,2025-08-14,13:15
21654,146.72,2025-08-14,13:30
21655,142.84,2025-08-14,13:45
21656,40.0,2025-08-14,14:00
21657,40.0,2025-08-14,14:15
21658,40.0,2025-08-14,14:30
21659,154.53,2025-08-14,14:45
21660,40.0,2025-08-14,15:00
21661,174.21,2025-08-14,15:15
21662,143.81,2025-08-14,15:30
21663,40.0,2025-08-14,15:45
21664,40.0,2025-08-14,16:00
21665,160.96,2025-08-14,16:15
21666,157.38,2025-08-14,16:30
21667,170.5,2025-08-14,16:45
21668,173.24,2025-08-14,17:00
21669,208.59,2025-08-14,17:15
21670,216.07,2025-08-14,17:30
21671,262.64,2025-08-14,17:45
21672,271.38,2025-08-14,18:00
21673,281.74,2025-08-14,18:15
21674,293.02,2025-08-14,18:30
21675,310.85,2025-08-14,18:45
21676,311.93,2025-08-14,19:00
21677,312.73,2025-08-14,19:15
21678,370.61,2025-08-14,19:30
21679,380.0,2025-08-14,19:45
21680,400.0,2025-08-14,20:00
21681,364.41,2025-08-14,20:15
21682,350.37,2025-08-14,20:30
21683,340.0,2025-08-14,20:45
21684,239.75,2025-08-14,21:00
21685,247.04,2025-08-14,21:15
21686,237.94,2025-08-14,21:30
21687,216.55,2025-08-14,21:45
21688,213.99,2025-08-14,22:00
21689,210.62,2025-08-14,22:15
21690,201.99,2025-08-14,22:30
21691,221.83,2025-08-14,22:45
21692,40.0,2025-08-14,23:00
21693,40.0,2025-08-14,23:15
21694,169.25,2025-08-14,23:30
21695,183.97,2025-08-14,23:45
21696,174.52,2025-08-14,24:00
21697,214.24,2025-08-15,00:15
21698,192.29,2025-08-15,00:30
21699,174.35,2025-08-15,00:45
21700,40.0,2025-08-15,01:00
21701,40.0,2025-08-15,01:15
21702,216.58,2025-08-15,01:30
21703,201.8,2025-08-15,01:45
21704,197.35,2025-08-15,02:00
21705,203.64,2025-08-15,02:15
21706,174.97,2025-08-15,02:30
21707,174.76,2025-08-15,02:45
21708,175.12,2025-08-15,03:00
21709,40.0,2025-08-15,03:15
21710,40.0,2025-08-15,03:30
21711,174.27,2025-08-15,03:45
21712,40.0,2025-08-15,04:00
21713,192.28,2025-08-15,04:15
21714,193.42,2025-08-15,04:30
21715,207.09,2025-08-15,04:45
21716,225.49,2025-08-15,05:00
21717,169.65,2025-08-15,05:15
21718,152.16,2025-08-15,05:30
21719,40.0,2025-08-15,05:45
21720,179.5,2025-08-15,06:00
21721,193.98,2025-08-15,06:15
21722,189.61,2025-08-15,06:30
21723,40.0,2025-08-15,06:45
21724,206.4,2025-08-15,07:00
21725,215.37,2025-08-15,07:15
21726,203.05,2025-08-15,07:30
21727,40.0,2025-08-15,07:45
21728,40.0,2025-08-15,08:00
21729,40.0,2025-08-15,08:15
21730,40.0,2025-08-15,08:30
21731,40.0,2025-08-15,08:45
21732,40.0,2025-08-15,09:00
21733,40.0,2025-08-15,09:15
21734,40.0,2025-08-15,09:30
21735,40.0,2025-08-15,09:45
21736,40.0,2025-08-15,10:00
21737,116.27,2025-08-15,10:15
21738,116.38,2025-08-15,10:30
21739,40.0,2025-08-15,10:45
21740,40.0,2025-08-15,11:00
21741,40.0,2025-08-15,11:15
21742,40.0,2025-08-15,11:30
21743,40.0,2025-08-15,11:45
21744,40.0,2025-08-15,12:00
21745,40.0,2025-08-15,12:15
21746,40.0,2025-08-15,12:30
21747,40.0,2025-08-15,12:45
21748,40.0,2025-08-15,13:00
21749,40.0,2025-08-15,13:15
21750,40.0,2025-08-15,13:30
21751,40.0,2025-08-15,13:45
21752,40.0,2025-08-15,14:00
21753,40.0,2025-08-15,14:15
21754,123.81,2025-08-15,14:30
21755,123.4,2025-08-15,14:45
21756,181.25,2025-08-15,15:00
21757,179.46,2025-08-15,15:15
21758,181.94,2025-08-15,15:30
21759,40.0,2025-08-15,15:45
21760,40.0,2025-08-15,16:00
21761,40.0,2025-08-15,16:15
21762,157.06,2025-08-15,16:30
21763,136.31,2025-08-15,16:45
21764,169.79,2025-08-15,17:00
21765,197.03,2025-08-15,17:15
21766,196.29,2025-08-15,17:30
21767,214.67,2025-08-15,17:45
21768,233.38,2025-08-15,18:00
21769,253.48,2025-08-15,18:15
21770,260.48,2025-08-15,18:30
21771,263.42,2025-08-15,18:45
21772,274.9,2025-08-15,19:00
21773,277.73,2025-08-15,19:15
21774,279.48,2025-08-15,19:30
21775,309.24,2025-08-15,19:45
21776,278.73,2025-08-15,20:00
21777,257.94,2025-08-15,20:15
21778,244.08,2025-08-15,20:30
21779,217.35,2025-08-15,20:45
21780,223.71,2025-08-15,21:00
21781,219.22,2025-08-15,21:15
21782,212.94,2025-08-15,21:30
21783,212.21,2025-08-15,21:45
21784,229.22,2025-08-15,22:00
21785,209.82,2025-08-15,22:15
21786,240.52,2025-08-15,22:30
21787,239.17,2025-08-15,22:45
21788,207.11,2025-08-15,23:00
21789,214.6,2025-08-15,23:15
21790,204.82,2025-08-15,23:30
21791,204.32,2025-08-15,23:45
21792,40.0,2025-08-15,24:00
21793,40.0,2025-08-16,00:15
21794,40.0,2025-08-16,00:30
21795,123.62,2025-08-16,00:45
21796,40.0,2025-08-16,01:00
21797,40.0,2025-08-16,01:15
21798,40.0,2025-08-16,01:30
21799,40.0,2025-08-16,01:45
21800,175.25,2025-08-16,02:00
21801,175.0,2025-08-16,02:15
21802,187.79,2025-08-16,02:30
21803,191.85,2025-08-16,02:45
21804,187.2,2025-08-16,03:00
21805,200.71,2025-08-16,03:15
21806,200.87,2025-08-16,03:30
21807,201.21,2025-08-16,03:45
21808,196.33,2025-08-16,04:00
21809,189.86,2025-08-16,04:15
21810,199.1,2025-08-16,04:30
21811,198.49,2025-08-16,04:45
21812,40.0,2025-08-16,05:00
21813,176.42,2025-08-16,05:15
21814,191.47,2025-08-16,05:30
21815,185.07,2025-08-16,05:45
21816,200.64,2025-08-16,06:00
21817,209.45,2025-08-16,06:15
21818,188.6,2025-08-16,06:30
21819,189.12,2025-08-16,06:45
21820,247.56,2025-08-16,07:00
21821,200.05,2025-08-16,07:15
21822,183.78,2025-08-16,07:30
21823,179.67,2025-08-16,07:45
21824,176.9,2025-08-16,08:00
21825,40.0,2025-08-16,08:15
21826,107.49,2025-08-16,08:30
21827,40.0,2025-08-16,08:45
21828,40.0,2025-08-16,09:00
21829,40.0,2025-08-16,09:15
21830,40.0,2025-08-16,09:30
21831,40.0,2025-08-16,09:45
21832,40.0,2025-08-16,10:00
21833,139.78,2025-08-16,10:15
21834,40.0,2025-08-16,10:30
21835,40.0,2025-08-16,10:45
21836,91.49,2025-08-16,11:00
21837,40.0,2025-08-16,11:15
21838,89.08,2025-08-16,11:30
21839,40.0,2025-08-16,11:45
21840,40.0,2025-08-16,12:00
21841,40.0,2025-08-16,12:15
21842,40.0,2025-08-16,12:30
21843,40.0,2025-08-16,12:45
21844,40.0,2025-08-16,13:00
21845,40.0,2025-08-16,13:15
21846,40.0,2025-08-16,13:30
21847,40.0,2025-08-16,13:45
21848,40.0,2025-08-16,14:00
21849,40.0,2025-08-16,14:15
21850,40.0,2025-08-16,14:30
21851,97.74,2025-08-16,14:45
21852,104.1,2025-08-16,15:00
21853,106.19,2025-08-16,15:15
21854,109.99,2025-08-16,15:30
21855,40.0,2025-08-16,15:45
21856,40.0,2025-08-16,16:00
21857,40.0,2025-08-16,16:15
21858,40.0,2025-08-16,16:30
21859,40.0,2025-08-16,16:45
21860,40.0,2025-08-16,17:00
21861,40.0,2025-08-16,17:15
21862,164.91,2025-08-16,17:30
21863,181.17,2025-08-16,17:45
21864,199.25,2025-08-16,18:00
21865,215.72,2025-08-16,18:15
21866,320.0,2025-08-16,18:30
21867,350.0,2025-08-16,18:45
21868,313.41,2025-08-16,19:00
21869,327.55,2025-08-16,19:15
21870,305.91,2025-08-16,19:30
21871,285.42,2025-08-16,19:45
21872,273.97,2025-08-16,20:00
21873,300.0,2025-08-16,20:15
21874,310.0,2025-08-16,20:30
21875,320.0,2025-08-16,20:45
21876,281.11,2025-08-16,21:00
21877,300.0,2025-08-16,21:15
21878,320.0,2025-08-16,21:30
21879,300.0,2025-08-16,21:45
21880,300.0,2025-08-16,22:00
21881,176.05,2025-08-16,22:15
21882,40.0,2025-08-16,22:30
21883,40.0,2025-08-16,22:45
21884,40.0,2025-08-16,23:00
21885,40.0,2025-08-16,23:15
21886,40.0,2025-08-16,23:30
21887,40.0,2025-08-16,23:45
21888,40.0,2025-08-16,24:00
21889,40.0,2025-08-17,00:15
21890,40.0,2025-08-17,00:30
21891,40.0,2025-08-17,00:45
21892,40.0,2025-08-17,01:00
21893,40.0,2025-08-17,01:15
21894,40.0,2025-08-17,01:30
21895,40.0,2025-08-17,01:45
21896,40.0,2025-08-17,02:00
21897,40.0,2025-08-17,02:15
21898,40.0,2025-08-17,02:30
21899,40.0,2025-08-17,02:45
21900,40.0,2025-08-17,03:00
21901,40.0,2025-08-17,03:15
21902,40.0,2025-08-17,03:30
21903,40.0,2025-08-17,03:45
21904,40.0,2025-08-17,04:00
21905,40.0,2025-08-17,04:15
21906,40.0,2025-08-17,04:30
21907,40.0,2025-08-17,04:45
21908,40.0,2025-08-17,05:00
21909,40.0,2025-08-17,05:15
21910,40.0,2025-08-17,05:30
21911,240.0,2025-08-17,05:45
21912,150.0,2025-08-17,06:00
21913,240.0,2025-08-17,06:15
21914,171.15,2025-08-17,06:30
21915,212.89,2025-08-17,06:45
21916,104.48,2025-08-17,07:00
21917,40.0,2025-08-17,07:15
21918,40.0,2025-08-17,07:30
21919,40.0,2025-08-17,07:45
21920,40.0,2025-08-17,08:00
21921,40.0,2025-08-17,08:15
21922,40.0,2025-08-17,08:30
21923,40.0,2025-08-17,08:45
21924,40.0,2025-08-17,09:00
21925,40.0,2025-08-17,09:15
21926,40.0,2025-08-17,09:30
21927,40.0,2025-08-17,09:45
21928,40.0,2025-08-17,10:00
21929,40.0,2025-08-17,10:15
21930,40.0,2025-08-17,10:30
21931,40.0,2025-08-17,10:45
21932,40.0,2025-08-17,11:00
21933,40.0,2025-08-17,11:15
21934,40.0,2025-08-17,11:30
21935,40.0,2025-08-17,11:45
21936,40.0,2025-08-17,12:00
21937,40.0,2025-08-17,12:15
21938,40.0,2025-08-17,12:30
21939,40.0,2025-08-17,12:45
21940,40.0,2025-08-17,13:00
21941,40.0,2025-08-17,13:15
21942,138.32,2025-08-17,13:30
21943,40.0,2025-08-17,13:45
21944,40.0,2025-08-17,14:00
21945,40.0,2025-08-17,14:15
21946,40.0,2025-08-17,14:30
21947,40.0,2025-08-17,14:45
21948,40.0,2025-08-17,15:00
21949,40.0,2025-08-17,15:15
21950,40.0,2025-08-17,15:30
21951,40.0,2025-08-17,15:45
21952,143.31,2025-08-17,16:00
21953,40.0,2025-08-17,16:15
21954,158.74,2025-08-17,16:30
21955,199.06,2025-08-17,16:45
21956,211.85,2025-08-17,17:00
21957,259.27,2025-08-17,17:15
21958,264.88,2025-08-17,17:30
21959,259.75,2025-08-17,17:45
21960,246.79,2025-08-17,18:00
21961,235.28,2025-08-17,18:15
21962,278.65,2025-08-17,18:30
21963,266.69,2025-08-17,18:45
21964,274.7,2025-08-17,19:00
21965,283.59,2025-08-17,19:15
21966,278.86,2025-08-17,19:30
21967,261.31,2025-08-17,19:45
21968,239.05,2025-08-17,20:00
21969,224.37,2025-08-17,20:15
21970,224.08,2025-08-17,20:30
21971,229.92,2025-08-17,20:45
21972,229.89,2025-08-17,21:00
21973,255.1,2025-08-17,21:15
21974,254.29,2025-08-17,21:30
21975,210.13,2025-08-17,21:45
21976,218.66,2025-08-17,22:00
21977,251.3,2025-08-17,22:15
21978,216.41,2025-08-17,22:30
21979,242.22,2025-08-17,22:45
21980,223.15,2025-08-17,23:00
21981,40.0,2025-08-17,23:15
21982,193.86,2025-08-17,23:30
21983,214.45,2025-08-17,23:45
21984,218.86,2025-08-17,24:00
21985,195.06,2025-08-18,00:15
21986,251.49,2025-08-18,00:30
21987,195.33,2025-08-18,00:45
21988,203.45,2025-08-18,01:00
21989,184.33,2025-08-18,01:15
21990,176.84,2025-08-18,01:30
21991,226.39,2025-08-18,01:45
21992,193.24,2025-08-18,02:00
21993,187.08,2025-08-18,02:15
21994,187.86,2025-08-18,02:30
21995,177.95,2025-08-18,02:45
21996,167.14,2025-08-18,03:00
21997,180.11,2025-08-18,03:15
21998,86.9,2025-08-18,03:30
21999,40.0,2025-08-18,03:45
22000,40.0,2025-08-18,04:00
22001,40.0,2025-08-18,04:15
22002,40.0,2025-08-18,04:30
22003,174.29,2025-08-18,04:45
22004,198.52,2025-08-18,05:00
22005,40.0,2025-08-18,05:15
22006,40.0,2025-08-18,05:30
22007,199.31,2025-08-18,05:45
22008,208.78,2025-08-18,06:00
22009,210.82,2025-08-18,06:15
22010,230.52,2025-08-18,06:30
22011,228.24,2025-08-18,06:45
22012,226.48,2025-08-18,07:00
22013,226.64,2025-08-18,07:15
22014,177.75,2025-08-18,07:30
22015,191.3,2025-08-18,07:45
22016,176.39,2025-08-18,08:00
22017,40.0,2025-08-18,08:15
22018,40.0,2025-08-18,08:30
22019,40.0,2025-08-18,08:45
22020,40.0,2025-08-18,09:00
22021,40.0,2025-08-18,09:15
22022,40.0,2025-08-18,09:30
22023,40.0,2025-08-18,09:45
22024,40.0,2025-08-18,10:00
22025,40.0,2025-08-18,10:15
22026,40.0,2025-08-18,10:30
22027,40.0,2025-08-18,10:45
22028,40.0,2025-08-18,11:00
22029,40.0,2025-08-18,11:15
22030,40.0,2025-08-18,11:30
22031,40.0,2025-08-18,11:45
22032,40.0,2025-08-18,12:00
22033,40.0,2025-08-18,12:15
22034,40.0,2025-08-18,12:30
22035,40.0,2025-08-18,12:45
22036,40.0,2025-08-18,13:00
22037,40.0,2025-08-18,13:15
22038,192.24,2025-08-18,13:30
22039,177.05,2025-08-18,13:45
22040,40.0,2025-08-18,14:00
22041,151.24,2025-08-18,14:15
22042,40.0,2025-08-18,14:30
22043,40.0,2025-08-18,14:45
22044,40.0,2025-08-18,15:00
22045,40.0,2025-08-18,15:15
22046,40.0,2025-08-18,15:30
22047,40.0,2025-08-18,15:45
22048,40.0,2025-08-18,16:00
22049,40.0,2025-08-18,16:15
22050,40.0,2025-08-18,16:30
22051,40.0,2025-08-18,16:45
22052,40.0,2025-08-18,17:00
22053,193.36,2025-08-18,17:15
22054,186.29,2025-08-18,17:30
22055,190.73,2025-08-18,17:45
22056,187.16,2025-08-18,18:00
22057,41.33,2025-08-18,18:15
22058,202.78,2025-08-18,18:30
22059,228.76,2025-08-18,18:45
22060,226.73,2025-08-18,19:00
22061,218.08,2025-08-18,19:15
22062,211.19,2025-08-18,19:30
22063,218.56,2025-08-18,19:45
22064,225.76,2025-08-18,20:00
22065,249.96,2025-08-18,20:15
22066,257.32,2025-08-18,20:30
22067,248.97,2025-08-18,20:45
22068,237.24,2025-08-18,21:00
22069,232.17,2025-08-18,21:15
22070,224.44,2025-08-18,21:30
22071,276.62,2025-08-18,21:45
22072,276.33,2025-08-18,22:00
22073,252.45,2025-08-18,22:15
22074,192.61,2025-08-18,22:30
22075,192.96,2025-08-18,22:45
22076,195.73,2025-08-18,23:00
22077,271.93,2025-08-18,23:15
22078,237.14,2025-08-18,23:30
22079,229.39,2025-08-18,23:45
22080,211.79,2025-08-18,24:00
22081,226.38,2025-08-19,00:15
22082,222.87,2025-08-19,00:30
22083,226.57,2025-08-19,00:45
22084,219.75,2025-08-19,01:00
22085,173.71,2025-08-19,01:15
22086,182.07,2025-08-19,01:30
22087,231.32,2025-08-19,01:45
22088,223.5,2025-08-19,02:00
22089,226.62,2025-08-19,02:15
22090,203.36,2025-08-19,02:30
22091,186.61,2025-08-19,02:45
22092,40.0,2025-08-19,03:00
22093,40.0,2025-08-19,03:15
22094,184.75,2025-08-19,03:30
22095,229.14,2025-08-19,03:45
22096,238.06,2025-08-19,04:00
22097,207.97,2025-08-19,04:15
22098,206.43,2025-08-19,04:30
22099,207.9,2025-08-19,04:45
22100,206.19,2025-08-19,05:00
22101,214.91,2025-08-19,05:15
22102,218.84,2025-08-19,05:30
22103,214.97,2025-08-19,05:45
22104,197.14,2025-08-19,06:00
22105,212.24,2025-08-19,06:15
22106,215.81,2025-08-19,06:30
22107,230.88,2025-08-19,06:45
22108,206.22,2025-08-19,07:00
22109,225.75,2025-08-19,07:15
22110,196.27,2025-08-19,07:30
22111,183.88,2025-08-19,07:45
22112,40.0,2025-08-19,08:00
22113,192.08,2025-08-19,08:15
22114,40.0,2025-08-19,08:30
22115,40.0,2025-08-19,08:45
22116,40.0,2025-08-19,09:00
22117,40.0,2025-08-19,09:15
22118,40.0,2025-08-19,09:30
22119,96.54,2025-08-19,09:45
22120,40.0,2025-08-19,10:00
22121,40.0,2025-08-19,10:15
22122,40.0,2025-08-19,10:30
22123,40.0,2025-08-19,10:45
22124,40.0,2025-08-19,11:00
22125,113.38,2025-08-19,11:15
22126,40.0,2025-08-19,11:30
22127,40.0,2025-08-19,11:45
22128,40.0,2025-08-19,12:00
22129,40.0,2025-08-19,12:15
22130,40.0,2025-08-19,12:30
22131,40.0,2025-08-19,12:45
22132,40.0,2025-08-19,13:00
22133,40.0,2025-08-19,13:15
22134,40.0,2025-08-19,13:30
22135,40.0,2025-08-19,13:45
22136,40.0,2025-08-19,14:00
22137,108.53,2025-08-19,14:15
22138,40.0,2025-08-19,14:30
22139,40.0,2025-08-19,14:45
22140,40.0,2025-08-19,15:00
22141,40.0,2025-08-19,15:15
22142,40.0,2025-08-19,15:30
22143,40.0,2025-08-19,15:45
22144,40.0,2025-08-19,16:00
22145,40.0,2025-08-19,16:15
22146,118.62,2025-08-19,16:30
22147,119.47,2025-08-19,16:45
22148,160.48,2025-08-19,17:00
22149,171.43,2025-08-19,17:15
22150,178.49,2025-08-19,17:30
22151,180.13,2025-08-19,17:45
22152,186.12,2025-08-19,18:00
22153,168.05,2025-08-19,18:15
22154,219.38,2025-08-19,18:30
22155,224.51,2025-08-19,18:45
22156,246.57,2025-08-19,19:00
22157,253.33,2025-08-19,19:15
22158,253.79,2025-08-19,19:30
22159,278.56,2025-08-19,19:45
22160,283.23,2025-08-19,20:00
22161,320.92,2025-08-19,20:15
22162,281.3,2025-08-19,20:30
22163,353.05,2025-08-19,20:45
22164,295.55,2025-08-19,21:00
22165,461.7,2025-08-19,21:15
22166,291.18,2025-08-19,21:30
22167,285.6,2025-08-19,21:45
22168,253.03,2025-08-19,22:00
22169,269.09,2025-08-19,22:15
22170,270.3,2025-08-19,22:30
22171,227.72,2025-08-19,22:45
22172,208.42,2025-08-19,23:00
22173,202.41,2025-08-19,23:15
22174,199.8,2025-08-19,23:30
22175,201.02,2025-08-19,23:45
22176,201.15,2025-08-19,24:00
22177,213.61,2025-08-20,00:15
22178,223.96,2025-08-20,00:30
22179,219.6,2025-08-20,00:45
22180,219.63,2025-08-20,01:00
22181,223.93,2025-08-20,01:15
22182,220.79,2025-08-20,01:30
22183,220.42,2025-08-20,01:45
22184,213.9,2025-08-20,02:00
22185,235.86,2025-08-20,02:15
22186,237.22,2025-08-20,02:30
22187,208.14,2025-08-20,02:45
22188,171.72,2025-08-20,03:00
22189,40.0,2025-08-20,03:15
22190,40.0,2025-08-20,03:30
22191,169.89,2025-08-20,03:45
22192,40.0,2025-08-20,04:00
22193,40.0,2025-08-20,04:15
22194,40.0,2025-08-20,04:30
22195,40.0,2025-08-20,04:45
22196,40.0,2025-08-20,05:00
22197,40.0,2025-08-20,05:15
22198,40.0,2025-08-20,05:30
22199,40.0,2025-08-20,05:45
22200,287.76,2025-08-20,06:00
22201,239.41,2025-08-20,06:15
22202,245.07,2025-08-20,06:30
22203,211.69,2025-08-20,06:45
22204,269.23,2025-08-20,07:00
22205,255.17,2025-08-20,07:15
22206,231.47,2025-08-20,07:30
22207,40.0,2025-08-20,07:45
22208,278.98,2025-08-20,08:00
22209,279.59,2025-08-20,08:15
22210,157.83,2025-08-20,08:30
22211,235.76,2025-08-20,08:45
22212,136.56,2025-08-20,09:00
22213,98.77,2025-08-20,09:15
22214,128.7,2025-08-20,09:30
22215,137.46,2025-08-20,09:45
22216,153.62,2025-08-20,10:00
22217,116.53,2025-08-20,10:15
22218,104.12,2025-08-20,10:30
22219,169.59,2025-08-20,10:45
22220,170.98,2025-08-20,11:00
22221,180.16,2025-08-20,11:15
22222,166.76,2025-08-20,11:30
22223,156.53,2025-08-20,11:45
22224,127.62,2025-08-20,12:00
22225,124.79,2025-08-20,12:15
22226,150.05,2025-08-20,12:30
22227,137.66,2025-08-20,12:45
22228,122.98,2025-08-20,13:00
22229,108.46,2025-08-20,13:15
22230,160.37,2025-08-20,13:30
22231,148.78,2025-08-20,13:45
22232,40.0,2025-08-20,14:00
22233,40.0,2025-08-20,14:15
22234,40.0,2025-08-20,14:30
22235,100.1,2025-08-20,14:45
22236,115.78,2025-08-20,15:00
22237,125.9,2025-08-20,15:15
22238,134.23,2025-08-20,15:30
22239,134.37,2025-08-20,15:45
22240,168.15,2025-08-20,16:00
22241,149.42,2025-08-20,16:15
22242,120.6,2025-08-20,16:30
22243,204.94,2025-08-20,16:45
22244,212.96,2025-08-20,17:00
22245,237.68,2025-08-20,17:15
22246,212.5,2025-08-20,17:30
22247,213.01,2025-08-20,17:45
22248,213.39,2025-08-20,18:00
22249,203.37,2025-08-20,18:15
22250,198.46,2025-08-20,18:30
22251,218.21,2025-08-20,18:45
22252,206.68,2025-08-20,19:00
22253,201.79,2025-08-20,19:15
22254,206.42,2025-08-20,19:30
22255,236.92,2025-08-20,19:45
22256,209.31,2025-08-20,20:00
22257,214.03,2025-08-20,20:15
22258,228.72,2025-08-20,20:30
22259,216.84,2025-08-20,20:45
22260,205.81,2025-08-20,21:00
22261,221.5,2025-08-20,21:15
22262,289.42,2025-08-20,21:30
22263,278.87,2025-08-20,21:45
22264,269.3,2025-08-20,22:00
22265,259.15,2025-08-20,22:15
22266,185.9,2025-08-20,22:30
22267,40.0,2025-08-20,22:45
22268,40.0,2025-08-20,23:00
22269,40.0,2025-08-20,23:15
22270,40.0,2025-08-20,23:30
22271,40.0,2025-08-20,23:45
22272,239.86,2025-08-20,24:00
22273,268.52,2025-08-21,00:15
22274,268.44,2025-08-21,00:30
22275,286.65,2025-08-21,00:45
22276,286.59,2025-08-21,01:00
22277,286.47,2025-08-21,01:15
22278,300.0,2025-08-21,01:30
22279,305.72,2025-08-21,01:45
22280,340.0,2025-08-21,02:00
22281,340.0,2025-08-21,02:15
22282,326.19,2025-08-21,02:30
22283,318.18,2025-08-21,02:45
22284,328.17,2025-08-21,03:00
22285,330.0,2025-08-21,03:15
22286,332.72,2025-08-21,03:30
22287,342.36,2025-08-21,03:45
22288,349.47,2025-08-21,04:00
22289,350.0,2025-08-21,04:15
22290,350.0,2025-08-21,04:30
22291,350.0,2025-08-21,04:45
22292,360.0,2025-08-21,05:00
22293,380.0,2025-08-21,05:15
22294,380.0,2025-08-21,05:30
22295,380.0,2025-08-21,05:45
22296,380.0,2025-08-21,06:00
22297,380.0,2025-08-21,06:15
22298,380.0,2025-08-21,06:30
22299,380.0,2025-08-21,06:45
22300,390.0,2025-08-21,07:00
22301,380.0,2025-08-21,07:15
22302,390.0,2025-08-21,07:30
22303,380.0,2025-08-21,07:45
22304,400.0,2025-08-21,08:00
22305,349.56,2025-08-21,08:15
22306,310.0,2025-08-21,08:30
22307,249.36,2025-08-21,08:45
22308,40.0,2025-08-21,09:00
22309,40.0,2025-08-21,09:15
22310,40.0,2025-08-21,09:30
22311,40.0,2025-08-21,09:45
22312,148.56,2025-08-21,10:00
22313,168.71,2025-08-21,10:15
22314,169.36,2025-08-21,10:30
22315,167.36,2025-08-21,10:45
22316,143.49,2025-08-21,11:00
22317,138.67,2025-08-21,11:15
22318,40.0,2025-08-21,11:30
22319,40.0,2025-08-21,11:45
22320,141.52,2025-08-21,12:00
22321,139.38,2025-08-21,12:15
22322,40.0,2025-08-21,12:30
22323,40.0,2025-08-21,12:45
22324,40.0,2025-08-21,13:00
22325,40.0,2025-08-21,13:15
22326,40.0,2025-08-21,13:30
22327,146.6,2025-08-21,13:45
22328,144.6,2025-08-21,14:00
22329,115.99,2025-08-21,14:15
22330,118.81,2025-08-21,14:30
22331,121.14,2025-08-21,14:45
22332,117.61,2025-08-21,15:00
22333,120.47,2025-08-21,15:15
22334,142.29,2025-08-21,15:30
22335,157.25,2025-08-21,15:45
22336,155.59,2025-08-21,16:00
22337,178.4,2025-08-21,16:15
22338,189.59,2025-08-21,16:30
22339,186.9,2025-08-21,16:45
22340,188.53,2025-08-21,17:00
22341,188.67,2025-08-21,17:15
22342,191.25,2025-08-21,17:30
22343,204.57,2025-08-21,17:45
22344,243.98,2025-08-21,18:00
22345,249.05,2025-08-21,18:15
22346,242.09,2025-08-21,18:30
22347,266.81,2025-08-21,18:45
22348,288.36,2025-08-21,19:00
22349,287.48,2025-08-21,19:15
22350,364.7,2025-08-21,19:30
22351,374.61,2025-08-21,19:45
22352,392.98,2025-08-21,20:00
22353,396.6,2025-08-21,20:15
22354,395.68,2025-08-21,20:30
22355,395.86,2025-08-21,20:45
22356,394.84,2025-08-21,21:00
22357,394.89,2025-08-21,21:15
22358,390.62,2025-08-21,21:30
22359,383.05,2025-08-21,21:45
22360,392.69,2025-08-21,22:00
22361,443.18,2025-08-21,22:15
22362,383.05,2025-08-21,22:30
22363,362.79,2025-08-21,22:45
22364,361.66,2025-08-21,23:00
22365,364.27,2025-08-21,23:15
22366,351.65,2025-08-21,23:30
22367,342.42,2025-08-21,23:45
22368,343.14,2025-08-21,24:00
22369,382.55,2025-08-22,00:15
22370,361.82,2025-08-22,00:30
22371,366.92,2025-08-22,00:45
22372,340.71,2025-08-22,01:00
22373,348.6,2025-08-22,01:15
22374,321.2,2025-08-22,01:30
22375,340.7,2025-08-22,01:45
22376,317.91,2025-08-22,02:00
22377,318.18,2025-08-22,02:15
22378,329.59,2025-08-22,02:30
22379,348.2,2025-08-22,02:45
22380,367.57,2025-08-22,03:00
22381,330.55,2025-08-22,03:15
22382,330.54,2025-08-22,03:30
22383,341.04,2025-08-22,03:45
22384,321.69,2025-08-22,04:00
22385,338.91,2025-08-22,04:15
22386,372.77,2025-08-22,04:30
22387,369.35,2025-08-22,04:45
22388,368.62,2025-08-22,05:00
22389,388.0,2025-08-22,05:15
22390,388.13,2025-08-22,05:30
22391,427.72,2025-08-22,05:45
22392,400.92,2025-08-22,06:00
22393,388.78,2025-08-22,06:15
22394,387.18,2025-08-22,06:30
22395,371.8,2025-08-22,06:45
22396,379.43,2025-08-22,07:00
22397,370.16,2025-08-22,07:15
22398,370.2,2025-08-22,07:30
22399,363.14,2025-08-22,07:45
22400,363.17,2025-08-22,08:00
22401,310.85,2025-08-22,08:15
22402,311.37,2025-08-22,08:30
22403,212.85,2025-08-22,08:45
22404,286.15,2025-08-22,09:00
22405,246.12,2025-08-22,09:15
22406,226.85,2025-08-22,09:30
22407,232.8,2025-08-22,09:45
22408,248.81,2025-08-22,10:00
22409,250.47,2025-08-22,10:15
22410,240.29,2025-08-22,10:30
22411,231.22,2025-08-22,10:45
22412,235.24,2025-08-22,11:00
22413,242.14,2025-08-22,11:15
22414,246.45,2025-08-22,11:30
22415,244.84,2025-08-22,11:45
22416,199.44,2025-08-22,12:00
22417,205.55,2025-08-22,12:15
22418,175.54,2025-08-22,12:30
22419,178.9,2025-08-22,12:45
22420,179.73,2025-08-22,13:00
22421,182.15,2025-08-22,13:15
22422,176.57,2025-08-22,13:30
22423,185.97,2025-08-22,13:45
22424,180.73,2025-08-22,14:00
22425,189.95,2025-08-22,14:15
22426,185.43,2025-08-22,14:30
22427,188.55,2025-08-22,14:45
22428,175.32,2025-08-22,15:00
22429,178.32,2025-08-22,15:15
22430,180.3,2025-08-22,15:30
22431,159.96,2025-08-22,15:45
22432,160.05,2025-08-22,16:00
22433,197.25,2025-08-22,16:15
22434,188.14,2025-08-22,16:30
22435,196.61,2025-08-22,16:45
22436,193.71,2025-08-22,17:00
22437,237.05,2025-08-22,17:15
22438,248.84,2025-08-22,17:30
22439,223.15,2025-08-22,17:45
22440,216.88,2025-08-22,18:00
22441,228.48,2025-08-22,18:15
22442,275.31,2025-08-22,18:30
22443,305.7,2025-08-22,18:45
22444,321.35,2025-08-22,19:00
22445,321.44,2025-08-22,19:15
22446,316.68,2025-08-22,19:30
22447,314.22,2025-08-22,19:45
22448,304.34,2025-08-22,20:00
22449,297.5,2025-08-22,20:15
22450,259.34,2025-08-22,20:30
22451,245.54,2025-08-22,20:45
22452,249.17,2025-08-22,21:00
22453,248.05,2025-08-22,21:15
22454,236.42,2025-08-22,21:30
22455,203.49,2025-08-22,21:45
22456,40.0,2025-08-22,22:00
22457,211.79,2025-08-22,22:15
22458,212.17,2025-08-22,22:30
22459,217.44,2025-08-22,22:45
22460,203.61,2025-08-22,23:00
22461,205.24,2025-08-22,23:15
22462,197.46,2025-08-22,23:30
22463,196.84,2025-08-22,23:45
22464,268.59,2025-08-22,24:00
22465,40.0,2025-08-23,00:15
22466,40.0,2025-08-23,00:30
22467,40.0,2025-08-23,00:45
22468,40.0,2025-08-23,01:00
22469,40.0,2025-08-23,01:15
22470,40.0,2025-08-23,01:30
22471,40.0,2025-08-23,01:45
22472,40.0,2025-08-23,02:00
22473,40.0,2025-08-23,02:15
22474,40.0,2025-08-23,02:30
22475,239.75,2025-08-23,02:45
22476,259.32,2025-08-23,03:00
22477,258.75,2025-08-23,03:15
22478,268.35,2025-08-23,03:30
22479,277.83,2025-08-23,03:45
22480,286.83,2025-08-23,04:00
22481,286.31,2025-08-23,04:15
22482,276.01,2025-08-23,04:30
22483,285.42,2025-08-23,04:45
22484,286.08,2025-08-23,05:00
22485,286.03,2025-08-23,05:15
22486,267.25,2025-08-23,05:30
22487,266.48,2025-08-23,05:45
22488,253.89,2025-08-23,06:00
22489,256.52,2025-08-23,06:15
22490,266.43,2025-08-23,06:30
22491,272.61,2025-08-23,06:45
22492,257.16,2025-08-23,07:00
22493,257.2,2025-08-23,07:15
22494,264.98,2025-08-23,07:30
22495,286.7,2025-08-23,07:45
22496,254.45,2025-08-23,08:00
22497,40.0,2025-08-23,08:15
22498,40.0,2025-08-23,08:30
22499,40.0,2025-08-23,08:45
22500,40.0,2025-08-23,09:00
22501,40.0,2025-08-23,09:15
22502,174.38,2025-08-23,09:30
22503,187.51,2025-08-23,09:45
22504,188.43,2025-08-23,10:00
22505,40.0,2025-08-23,10:15
22506,40.0,2025-08-23,10:30
22507,40.0,2025-08-23,10:45
22508,40.0,2025-08-23,11:00
22509,150.19,2025-08-23,11:15
22510,151.47,2025-08-23,11:30
22511,150.73,2025-08-23,11:45
22512,40.0,2025-08-23,12:00
22513,40.0,2025-08-23,12:15
22514,40.0,2025-08-23,12:30
22515,40.0,2025-08-23,12:45
22516,40.0,2025-08-23,13:00
22517,40.0,2025-08-23,13:15
22518,163.0,2025-08-23,13:30
22519,164.38,2025-08-23,13:45
22520,169.36,2025-08-23,14:00
22521,151.42,2025-08-23,14:15
22522,103.91,2025-08-23,14:30
22523,162.32,2025-08-23,14:45
22524,177.05,2025-08-23,15:00
22525,180.78,2025-08-23,15:15
22526,182.73,2025-08-23,15:30
22527,179.22,2025-08-23,15:45
22528,158.32,2025-08-23,16:00
22529,135.52,2025-08-23,16:15
22530,173.91,2025-08-23,16:30
22531,197.63,2025-08-23,16:45
22532,180.38,2025-08-23,17:00
22533,268.15,2025-08-23,17:15
22534,230.55,2025-08-23,17:30
22535,191.75,2025-08-23,17:45
22536,191.42,2025-08-23,18:00
22537,261.64,2025-08-23,18:15
22538,264.48,2025-08-23,18:30
22539,291.69,2025-08-23,18:45
22540,285.72,2025-08-23,19:00
22541,283.26,2025-08-23,19:15
22542,292.17,2025-08-23,19:30
22543,365.21,2025-08-23,19:45
22544,383.72,2025-08-23,20:00
22545,383.91,2025-08-23,20:15
22546,384.74,2025-08-23,20:30
22547,385.27,2025-08-23,20:45
22548,385.3,2025-08-23,21:00
22549,365.66,2025-08-23,21:15
22550,365.35,2025-08-23,21:30
22551,345.8,2025-08-23,21:45
22552,345.59,2025-08-23,22:00
22553,363.57,2025-08-23,22:15
22554,364.92,2025-08-23,22:30
22555,345.16,2025-08-23,22:45
22556,335.21,2025-08-23,23:00
22557,334.09,2025-08-23,23:15
22558,343.59,2025-08-23,23:30
22559,362.65,2025-08-23,23:45
22560,381.06,2025-08-23,24:00
22561,430.57,2025-08-24,00:15
22562,421.1,2025-08-24,00:30
22563,401.73,2025-08-24,00:45
22564,382.37,2025-08-24,01:00
22565,362.88,2025-08-24,01:15
22566,350.97,2025-08-24,01:30
22567,335.68,2025-08-24,01:45
22568,357.79,2025-08-24,02:00
22569,351.93,2025-08-24,02:15
22570,317.81,2025-08-24,02:30
22571,255.89,2025-08-24,02:45
22572,280.45,2025-08-24,03:00
22573,273.19,2025-08-24,03:15
22574,279.57,2025-08-24,03:30
22575,244.14,2025-08-24,03:45
22576,244.13,2025-08-24,04:00
22577,220.57,2025-08-24,04:15
22578,218.94,2025-08-24,04:30
22579,198.08,2025-08-24,04:45
22580,205.93,2025-08-24,05:00
22581,296.18,2025-08-24,05:15
22582,305.94,2025-08-24,05:30
22583,325.34,2025-08-24,05:45
22584,324.77,2025-08-24,06:00
22585,314.52,2025-08-24,06:15
22586,314.17,2025-08-24,06:30
22587,313.95,2025-08-24,06:45
22588,295.15,2025-08-24,07:00
22589,295.26,2025-08-24,07:15
22590,295.96,2025-08-24,07:30
22591,287.18,2025-08-24,07:45
22592,287.62,2025-08-24,08:00
22593,139.21,2025-08-24,08:15
22594,153.96,2025-08-24,08:30
22595,113.63,2025-08-24,08:45
22596,40.0,2025-08-24,09:00
22597,93.39,2025-08-24,09:15
22598,106.99,2025-08-24,09:30
22599,140.86,2025-08-24,09:45
22600,121.03,2025-08-24,10:00
22601,115.06,2025-08-24,10:15
22602,98.62,2025-08-24,10:30
22603,93.83,2025-08-24,10:45
22604,40.0,2025-08-24,11:00
22605,40.0,2025-08-24,11:15
22606,40.0,2025-08-24,11:30
22607,40.0,2025-08-24,11:45
22608,40.0,2025-08-24,12:00
22609,40.0,2025-08-24,12:15
22610,40.0,2025-08-24,12:30
22611,40.0,2025-08-24,12:45
22612,40.0,2025-08-24,13:00
22613,40.0,2025-08-24,13:15
22614,40.0,2025-08-24,13:30
22615,40.0,2025-08-24,13:45
22616,40.0,2025-08-24,14:00
22617,40.0,2025-08-24,14:15
22618,98.6,2025-08-24,14:30
22619,100.14,2025-08-24,14:45
22620,103.48,2025-08-24,15:00
22621,40.0,2025-08-24,15:15
22622,162.76,2025-08-24,15:30
22623,166.73,2025-08-24,15:45
22624,158.83,2025-08-24,16:00
22625,152.71,2025-08-24,16:15
22626,158.81,2025-08-24,16:30
22627,179.57,2025-08-24,16:45
22628,178.77,2025-08-24,17:00
22629,199.53,2025-08-24,17:15
22630,197.93,2025-08-24,17:30
22631,217.76,2025-08-24,17:45
22632,203.49,2025-08-24,18:00
22633,198.32,2025-08-24,18:15
22634,199.74,2025-08-24,18:30
22635,264.05,2025-08-24,18:45
22636,298.49,2025-08-24,19:00
22637,281.01,2025-08-24,19:15
22638,278.45,2025-08-24,19:30
22639,265.55,2025-08-24,19:45
22640,233.16,2025-08-24,20:00
22641,245.09,2025-08-24,20:15
22642,242.53,2025-08-24,20:30
22643,255.3,2025-08-24,20:45
22644,227.48,2025-08-24,21:00
22645,292.98,2025-08-24,21:15
22646,241.62,2025-08-24,21:30
22647,234.08,2025-08-24,21:45
22648,257.0,2025-08-24,22:00
22649,228.0,2025-08-24,22:15
22650,264.42,2025-08-24,22:30
22651,208.25,2025-08-24,22:45
22652,239.02,2025-08-24,23:00
22653,222.24,2025-08-24,23:15
22654,205.67,2025-08-24,23:30
22655,198.15,2025-08-24,23:45
22656,197.05,2025-08-24,24:00
22657,40.0,2025-08-25,00:15
22658,230.53,2025-08-25,00:30
22659,231.92,2025-08-25,00:45
22660,222.06,2025-08-25,01:00
22661,214.68,2025-08-25,01:15
22662,200.38,2025-08-25,01:30
22663,40.0,2025-08-25,01:45
22664,185.0,2025-08-25,02:00
22665,184.62,2025-08-25,02:15
22666,206.2,2025-08-25,02:30
22667,204.29,2025-08-25,02:45
22668,40.0,2025-08-25,03:00
22669,40.0,2025-08-25,03:15
22670,40.0,2025-08-25,03:30
22671,40.0,2025-08-25,03:45
22672,40.0,2025-08-25,04:00
22673,166.22,2025-08-25,04:15
22674,40.0,2025-08-25,04:30
22675,184.38,2025-08-25,04:45
22676,182.27,2025-08-25,05:00
22677,191.46,2025-08-25,05:15
22678,199.81,2025-08-25,05:30
22679,200.16,2025-08-25,05:45
22680,188.67,2025-08-25,06:00
22681,243.43,2025-08-25,06:15
22682,202.13,2025-08-25,06:30
22683,206.83,2025-08-25,06:45
22684,218.75,2025-08-25,07:00
22685,228.24,2025-08-25,07:15
22686,209.72,2025-08-25,07:30
22687,206.17,2025-08-25,07:45
22688,188.65,2025-08-25,08:00
22689,187.56,2025-08-25,08:15
22690,129.63,2025-08-25,08:30
22691,177.1,2025-08-25,08:45
22692,183.41,2025-08-25,09:00
22693,106.56,2025-08-25,09:15
22694,152.29,2025-08-25,09:30
22695,147.56,2025-08-25,09:45
22696,40.0,2025-08-25,10:00
22697,152.17,2025-08-25,10:15
22698,104.92,2025-08-25,10:30
22699,40.0,2025-08-25,10:45
22700,114.43,2025-08-25,11:00
22701,114.67,2025-08-25,11:15
22702,137.64,2025-08-25,11:30
22703,40.0,2025-08-25,11:45
22704,40.0,2025-08-25,12:00
22705,40.0,2025-08-25,12:15
22706,40.0,2025-08-25,12:30
22707,112.72,2025-08-25,12:45
22708,103.38,2025-08-25,13:00
22709,161.69,2025-08-25,13:15
22710,102.94,2025-08-25,13:30
22711,40.0,2025-08-25,13:45
22712,40.0,2025-08-25,14:00
22713,40.0,2025-08-25,14:15
22714,103.8,2025-08-25,14:30
22715,109.3,2025-08-25,14:45
22716,125.06,2025-08-25,15:00
22717,106.8,2025-08-25,15:15
22718,111.17,2025-08-25,15:30
22719,108.65,2025-08-25,15:45
22720,137.65,2025-08-25,16:00
22721,40.0,2025-08-25,16:15
22722,40.0,2025-08-25,16:30
22723,170.59,2025-08-25,16:45
22724,169.5,2025-08-25,17:00
22725,234.02,2025-08-25,17:15
22726,227.51,2025-08-25,17:30
22727,236.31,2025-08-25,17:45
22728,230.46,2025-08-25,18:00
22729,189.87,2025-08-25,18:15
22730,205.65,2025-08-25,18:30
22731,252.32,2025-08-25,18:45
22732,241.1,2025-08-25,19:00
22733,235.8,2025-08-25,19:15
22734,199.21,2025-08-25,19:30
22735,224.31,2025-08-25,19:45
22736,227.01,2025-08-25,20:00
22737,137.42,2025-08-25,20:15
22738,170.16,2025-08-25,20:30
22739,127.6,2025-08-25,20:45
22740,289.87,2025-08-25,21:00
22741,337.68,2025-08-25,21:15
22742,318.61,2025-08-25,21:30
22743,299.15,2025-08-25,21:45
22744,289.45,2025-08-25,22:00
22745,40.0,2025-08-25,22:15
22746,40.0,2025-08-25,22:30
22747,40.0,2025-08-25,22:45
22748,40.0,2025-08-25,23:00
22749,40.0,2025-08-25,23:15
22750,40.0,2025-08-25,23:30
22751,259.26,2025-08-25,23:45
22752,40.0,2025-08-25,24:00
22753,239.81,2025-08-26,00:15
22754,259.45,2025-08-26,00:30
22755,278.64,2025-08-26,00:45
22756,278.18,2025-08-26,01:00
22757,278.13,2025-08-26,01:15
22758,259.02,2025-08-26,01:30
22759,258.8,2025-08-26,01:45
22760,258.39,2025-08-26,02:00
22761,267.79,2025-08-26,02:15
22762,258.65,2025-08-26,02:30
22763,278.18,2025-08-26,02:45
22764,288.24,2025-08-26,03:00
22765,287.63,2025-08-26,03:15
22766,287.86,2025-08-26,03:30
22767,287.5,2025-08-26,03:45
22768,278.43,2025-08-26,04:00
22769,259.16,2025-08-26,04:15
22770,259.02,2025-08-26,04:30
22771,288.02,2025-08-26,04:45
22772,259.48,2025-08-26,05:00
22773,278.49,2025-08-26,05:15
22774,259.44,2025-08-26,05:30
22775,268.69,2025-08-26,05:45
22776,239.99,2025-08-26,06:00
22777,240.09,2025-08-26,06:15
22778,40.0,2025-08-26,06:30
22779,40.0,2025-08-26,06:45
22780,40.0,2025-08-26,07:00
22781,40.0,2025-08-26,07:15
22782,40.0,2025-08-26,07:30
22783,40.0,2025-08-26,07:45
22784,40.0,2025-08-26,08:00
22785,40.0,2025-08-26,08:15
22786,40.0,2025-08-26,08:30
22787,250.56,2025-08-26,08:45
22788,40.0,2025-08-26,09:00
22789,40.0,2025-08-26,09:15
22790,40.0,2025-08-26,09:30
22791,40.0,2025-08-26,09:45
22792,40.0,2025-08-26,10:00
22793,40.0,2025-08-26,10:15
22794,40.0,2025-08-26,10:30
22795,40.0,2025-08-26,10:45
22796,40.0,2025-08-26,11:00
22797,40.0,2025-08-26,11:15
22798,40.0,2025-08-26,11:30
22799,40.0,2025-08-26,11:45
22800,40.0,2025-08-26,12:00
22801,40.0,2025-08-26,12:15
22802,40.0,2025-08-26,12:30
22803,40.0,2025-08-26,12:45
22804,40.0,2025-08-26,13:00
22805,40.0,2025-08-26,13:15
22806,40.0,2025-08-26,13:30
22807,40.0,2025-08-26,13:45
22808,40.0,2025-08-26,14:00
22809,40.0,2025-08-26,14:15
22810,40.0,2025-08-26,14:30
22811,40.0,2025-08-26,14:45
22812,40.0,2025-08-26,15:00
22813,40.0,2025-08-26,15:15
22814,40.0,2025-08-26,15:30
22815,40.0,2025-08-26,15:45
22816,40.0,2025-08-26,16:00
22817,40.0,2025-08-26,16:15
22818,40.0,2025-08-26,16:30
22819,276.34,2025-08-26,16:45
22820,334.59,2025-08-26,17:00
22821,281.31,2025-08-26,17:15
22822,169.24,2025-08-26,17:30
22823,157.38,2025-08-26,17:45
22824,173.66,2025-08-26,18:00
22825,181.23,2025-08-26,18:15
22826,212.74,2025-08-26,18:30
22827,317.35,2025-08-26,18:45
22828,311.91,2025-08-26,19:00
22829,302.74,2025-08-26,19:15
22830,289.42,2025-08-26,19:30
22831,259.96,2025-08-26,19:45
22832,261.78,2025-08-26,20:00
22833,259.74,2025-08-26,20:15
22834,240.42,2025-08-26,20:30
22835,240.7,2025-08-26,20:45
22836,97.36,2025-08-26,21:00
22837,97.17,2025-08-26,21:15
22838,97.08,2025-08-26,21:30
22839,96.93,2025-08-26,21:45
22840,40.0,2025-08-26,22:00
22841,40.0,2025-08-26,22:15
22842,96.48,2025-08-26,22:30
22843,189.6,2025-08-26,22:45
22844,95.9,2025-08-26,23:00
22845,40.0,2025-08-26,23:15
22846,100.0,2025-08-26,23:30
22847,100.0,2025-08-26,23:45
22848,200.0,2025-08-26,24:00
22849,270.0,2025-08-27,00:15
22850,100.0,2025-08-27,00:30
22851,100.0,2025-08-27,00:45
22852,100.0,2025-08-27,01:00
22853,40.0,2025-08-27,01:15
22854,100.0,2025-08-27,01:30
22855,100.0,2025-08-27,01:45
22856,40.0,2025-08-27,02:00
22857,40.0,2025-08-27,02:15
22858,40.0,2025-08-27,02:30
22859,40.0,2025-08-27,02:45
22860,40.0,2025-08-27,03:00
22861,40.0,2025-08-27,03:15
22862,40.0,2025-08-27,03:30
22863,40.0,2025-08-27,03:45
22864,40.0,2025-08-27,04:00
22865,40.0,2025-08-27,04:15
22866,40.0,2025-08-27,04:30
22867,40.0,2025-08-27,04:45
22868,40.0,2025-08-27,05:00
22869,40.0,2025-08-27,05:15
22870,40.0,2025-08-27,05:30
22871,40.0,2025-08-27,05:45
22872,40.0,2025-08-27,06:00
22873,40.0,2025-08-27,06:15
22874,40.0,2025-08-27,06:30
22875,40.0,2025-08-27,06:45
22876,40.0,2025-08-27,07:00
22877,40.0,2025-08-27,07:15
22878,40.0,2025-08-27,07:30
22879,40.0,2025-08-27,07:45
22880,40.0,2025-08-27,08:00
22881,40.0,2025-08-27,08:15
22882,40.0,2025-08-27,08:30
22883,40.0,2025-08-27,08:45
22884,40.0,2025-08-27,09:00
22885,40.0,2025-08-27,09:15
22886,40.0,2025-08-27,09:30
22887,40.0,2025-08-27,09:45
22888,223.63,2025-08-27,10:00
22889,210.4,2025-08-27,10:15
22890,40.0,2025-08-27,10:30
22891,40.0,2025-08-27,10:45
22892,40.0,2025-08-27,11:00
22893,40.0,2025-08-27,11:15
22894,40.0,2025-08-27,11:30
22895,40.0,2025-08-27,11:45
22896,40.0,2025-08-27,12:00
22897,40.0,2025-08-27,12:15
22898,40.0,2025-08-27,12:30
22899,40.0,2025-08-27,12:45
22900,195.87,2025-08-27,13:00
22901,40.0,2025-08-27,13:15
22902,40.0,2025-08-27,13:30
22903,40.0,2025-08-27,13:45
22904,40.0,2025-08-27,14:00
22905,243.23,2025-08-27,14:15
22906,40.0,2025-08-27,14:30
22907,40.0,2025-08-27,14:45
22908,40.0,2025-08-27,15:00
22909,167.64,2025-08-27,15:15
22910,40.0,2025-08-27,15:30
22911,40.0,2025-08-27,15:45
22912,40.0,2025-08-27,16:00
22913,40.0,2025-08-27,16:15
22914,191.09,2025-08-27,16:30
22915,167.28,2025-08-27,16:45
22916,211.5,2025-08-27,17:00
22917,256.82,2025-08-27,17:15
22918,274.99,2025-08-27,17:30
22919,309.23,2025-08-27,17:45
22920,326.45,2025-08-27,18:00
22921,294.48,2025-08-27,18:15
22922,312.09,2025-08-27,18:30
22923,322.12,2025-08-27,18:45
22924,326.19,2025-08-27,19:00
22925,291.37,2025-08-27,19:15
22926,244.39,2025-08-27,19:30
22927,315.67,2025-08-27,19:45
22928,318.74,2025-08-27,20:00
22929,317.93,2025-08-27,20:15
22930,314.81,2025-08-27,20:30
22931,276.12,2025-08-27,20:45
22932,273.96,2025-08-27,21:00
22933,266.35,2025-08-27,21:15
22934,340.08,2025-08-27,21:30
22935,279.55,2025-08-27,21:45
22936,327.91,2025-08-27,22:00
22937,345.76,2025-08-27,22:15
22938,287.92,2025-08-27,22:30
22939,287.08,2025-08-27,22:45
22940,283.8,2025-08-27,23:00
22941,40.0,2025-08-27,23:15
22942,40.0,2025-08-27,23:30
22943,40.0,2025-08-27,23:45
22944,309.28,2025-08-27,24:00
