,price_real_clear,info_date,info_hour
0,600.0,2024-08-31,24:00
1,500.0,2024-09-01,00:15
2,500.0,2024-09-01,00:30
3,600.0,2024-09-01,00:45
4,550.0,2024-09-01,01:00
5,600.0,2024-09-01,01:15
6,600.0,2024-09-01,01:30
7,600.0,2024-09-01,01:45
8,600.0,2024-09-01,02:00
9,600.0,2024-09-01,02:15
10,600.0,2024-09-01,02:30
11,600.0,2024-09-01,02:45
12,600.0,2024-09-01,03:00
13,600.0,2024-09-01,03:15
14,600.0,2024-09-01,03:30
15,600.0,2024-09-01,03:45
16,600.0,2024-09-01,04:00
17,600.0,2024-09-01,04:15
18,600.0,2024-09-01,04:30
19,600.0,2024-09-01,04:45
20,600.0,2024-09-01,05:00
21,600.0,2024-09-01,05:15
22,600.0,2024-09-01,05:30
23,600.0,2024-09-01,05:45
24,600.0,2024-09-01,06:00
25,600.0,2024-09-01,06:15
26,600.0,2024-09-01,06:30
27,600.0,2024-09-01,06:45
28,600.0,2024-09-01,07:00
29,400.0,2024-09-01,07:15
30,380.0,2024-09-01,07:30
31,420.0,2024-09-01,07:45
32,400.0,2024-09-01,08:00
33,550.0,2024-09-01,08:15
34,430.0,2024-09-01,08:30
35,40.0,2024-09-01,08:45
36,40.0,2024-09-01,09:00
37,40.0,2024-09-01,09:15
38,40.0,2024-09-01,09:30
39,550.0,2024-09-01,09:45
40,600.0,2024-09-01,10:00
41,40.0,2024-09-01,10:15
42,40.0,2024-09-01,10:30
43,335.95,2024-09-01,10:45
44,547.62,2024-09-01,11:00
45,40.0,2024-09-01,11:15
46,202.84,2024-09-01,11:30
47,210.93,2024-09-01,11:45
48,176.74,2024-09-01,12:00
49,40.0,2024-09-01,12:15
50,40.0,2024-09-01,12:30
51,40.0,2024-09-01,12:45
52,40.0,2024-09-01,13:00
53,40.0,2024-09-01,13:15
54,40.0,2024-09-01,13:30
55,40.0,2024-09-01,13:45
56,40.0,2024-09-01,14:00
57,40.0,2024-09-01,14:15
58,40.0,2024-09-01,14:30
59,40.0,2024-09-01,14:45
60,40.0,2024-09-01,15:00
61,40.0,2024-09-01,15:15
62,40.0,2024-09-01,15:30
63,40.0,2024-09-01,15:45
64,40.0,2024-09-01,16:00
65,40.0,2024-09-01,16:15
66,40.0,2024-09-01,16:30
67,258.38,2024-09-01,16:45
68,271.89,2024-09-01,17:00
69,40.0,2024-09-01,17:15
70,40.0,2024-09-01,17:30
71,40.0,2024-09-01,17:45
72,40.0,2024-09-01,18:00
73,298.89,2024-09-01,18:15
74,318.97,2024-09-01,18:30
75,265.26,2024-09-01,18:45
76,329.95,2024-09-01,19:00
77,366.46,2024-09-01,19:15
78,320.0,2024-09-01,19:30
79,40.0,2024-09-01,19:45
80,40.0,2024-09-01,20:00
81,40.0,2024-09-01,20:15
82,40.0,2024-09-01,20:30
83,40.0,2024-09-01,20:45
84,40.0,2024-09-01,21:00
85,40.0,2024-09-01,21:15
86,40.0,2024-09-01,21:30
87,40.0,2024-09-01,21:45
88,40.0,2024-09-01,22:00
89,40.0,2024-09-01,22:15
90,40.0,2024-09-01,22:30
91,40.0,2024-09-01,22:45
92,40.0,2024-09-01,23:00
93,320.0,2024-09-01,23:15
94,450.0,2024-09-01,23:30
95,420.0,2024-09-01,23:45
96,450.0,2024-09-01,24:00
97,330.0,2024-09-02,00:15
98,330.0,2024-09-02,00:30
99,390.0,2024-09-02,00:45
100,390.0,2024-09-02,01:00
101,390.0,2024-09-02,01:15
102,430.0,2024-09-02,01:30
103,430.0,2024-09-02,01:45
104,390.0,2024-09-02,02:00
105,430.0,2024-09-02,02:15
106,430.0,2024-09-02,02:30
107,500.0,2024-09-02,02:45
108,600.0,2024-09-02,03:00
109,550.0,2024-09-02,03:15
110,500.0,2024-09-02,03:30
111,480.0,2024-09-02,03:45
112,370.0,2024-09-02,04:00
113,360.0,2024-09-02,04:15
114,360.0,2024-09-02,04:30
115,360.0,2024-09-02,04:45
116,360.0,2024-09-02,05:00
117,330.0,2024-09-02,05:15
118,400.0,2024-09-02,05:30
119,390.0,2024-09-02,05:45
120,330.0,2024-09-02,06:00
121,320.0,2024-09-02,06:15
122,380.0,2024-09-02,06:30
123,400.0,2024-09-02,06:45
124,370.0,2024-09-02,07:00
125,270.0,2024-09-02,07:15
126,40.0,2024-09-02,07:30
127,40.0,2024-09-02,07:45
128,40.0,2024-09-02,08:00
129,40.0,2024-09-02,08:15
130,40.0,2024-09-02,08:30
131,40.0,2024-09-02,08:45
132,40.0,2024-09-02,09:00
133,40.0,2024-09-02,09:15
134,40.0,2024-09-02,09:30
135,40.0,2024-09-02,09:45
136,40.0,2024-09-02,10:00
137,40.0,2024-09-02,10:15
138,40.0,2024-09-02,10:30
139,40.0,2024-09-02,10:45
140,40.0,2024-09-02,11:00
141,40.0,2024-09-02,11:15
142,40.0,2024-09-02,11:30
143,40.0,2024-09-02,11:45
144,40.0,2024-09-02,12:00
145,40.0,2024-09-02,12:15
146,40.0,2024-09-02,12:30
147,40.0,2024-09-02,12:45
148,40.0,2024-09-02,13:00
149,40.0,2024-09-02,13:15
150,40.0,2024-09-02,13:30
151,40.0,2024-09-02,13:45
152,40.0,2024-09-02,14:00
153,40.0,2024-09-02,14:15
154,40.0,2024-09-02,14:30
155,40.0,2024-09-02,14:45
156,40.0,2024-09-02,15:00
157,40.0,2024-09-02,15:15
158,40.0,2024-09-02,15:30
159,40.0,2024-09-02,15:45
160,40.0,2024-09-02,16:00
161,40.0,2024-09-02,16:15
162,40.0,2024-09-02,16:30
163,40.0,2024-09-02,16:45
164,173.05,2024-09-02,17:00
165,295.84,2024-09-02,17:15
166,304.39,2024-09-02,17:30
167,389.43,2024-09-02,17:45
168,401.71,2024-09-02,18:00
169,40.0,2024-09-02,18:15
170,40.0,2024-09-02,18:30
171,404.31,2024-09-02,18:45
172,40.0,2024-09-02,19:00
173,268.15,2024-09-02,19:15
174,40.0,2024-09-02,19:30
175,290.2,2024-09-02,19:45
176,40.0,2024-09-02,20:00
177,40.0,2024-09-02,20:15
178,241.58,2024-09-02,20:30
179,40.0,2024-09-02,20:45
180,40.0,2024-09-02,21:00
181,40.0,2024-09-02,21:15
182,40.0,2024-09-02,21:30
183,40.0,2024-09-02,21:45
184,40.0,2024-09-02,22:00
185,40.0,2024-09-02,22:15
186,40.0,2024-09-02,22:30
187,40.0,2024-09-02,22:45
188,40.0,2024-09-02,23:00
189,40.0,2024-09-02,23:15
190,40.0,2024-09-02,23:30
191,40.0,2024-09-02,23:45
192,40.0,2024-09-02,24:00
193,40.0,2024-09-03,00:15
194,40.0,2024-09-03,00:30
195,40.0,2024-09-03,00:45
196,40.0,2024-09-03,01:00
197,40.0,2024-09-03,01:15
198,40.0,2024-09-03,01:30
199,40.0,2024-09-03,01:45
200,171.39,2024-09-03,02:00
201,40.0,2024-09-03,02:15
202,40.0,2024-09-03,02:30
203,40.0,2024-09-03,02:45
204,40.0,2024-09-03,03:00
205,40.0,2024-09-03,03:15
206,40.0,2024-09-03,03:30
207,253.98,2024-09-03,03:45
208,40.0,2024-09-03,04:00
209,40.0,2024-09-03,04:15
210,249.04,2024-09-03,04:30
211,252.66,2024-09-03,04:45
212,228.15,2024-09-03,05:00
213,235.65,2024-09-03,05:15
214,229.18,2024-09-03,05:30
215,235.66,2024-09-03,05:45
216,207.64,2024-09-03,06:00
217,40.0,2024-09-03,06:15
218,40.0,2024-09-03,06:30
219,40.0,2024-09-03,06:45
220,433.83,2024-09-03,07:00
221,408.62,2024-09-03,07:15
222,338.31,2024-09-03,07:30
223,293.51,2024-09-03,07:45
224,334.8,2024-09-03,08:00
225,40.0,2024-09-03,08:15
226,40.0,2024-09-03,08:30
227,40.0,2024-09-03,08:45
228,40.0,2024-09-03,09:00
229,40.0,2024-09-03,09:15
230,40.0,2024-09-03,09:30
231,40.0,2024-09-03,09:45
232,40.0,2024-09-03,10:00
233,40.0,2024-09-03,10:15
234,40.0,2024-09-03,10:30
235,40.0,2024-09-03,10:45
236,40.0,2024-09-03,11:00
237,40.0,2024-09-03,11:15
238,40.0,2024-09-03,11:30
239,40.0,2024-09-03,11:45
240,40.0,2024-09-03,12:00
241,40.0,2024-09-03,12:15
242,40.0,2024-09-03,12:30
243,40.0,2024-09-03,12:45
244,40.0,2024-09-03,13:00
245,40.0,2024-09-03,13:15
246,40.0,2024-09-03,13:30
247,40.0,2024-09-03,13:45
248,40.0,2024-09-03,14:00
249,40.0,2024-09-03,14:15
250,40.0,2024-09-03,14:30
251,40.0,2024-09-03,14:45
252,40.0,2024-09-03,15:00
253,40.0,2024-09-03,15:15
254,40.0,2024-09-03,15:30
255,40.0,2024-09-03,15:45
256,40.0,2024-09-03,16:00
257,40.0,2024-09-03,16:15
258,40.0,2024-09-03,16:30
259,40.0,2024-09-03,16:45
260,40.0,2024-09-03,17:00
261,40.0,2024-09-03,17:15
262,40.0,2024-09-03,17:30
263,40.0,2024-09-03,17:45
264,40.0,2024-09-03,18:00
265,40.0,2024-09-03,18:15
266,40.0,2024-09-03,18:30
267,40.0,2024-09-03,18:45
268,40.0,2024-09-03,19:00
269,40.0,2024-09-03,19:15
270,40.0,2024-09-03,19:30
271,40.0,2024-09-03,19:45
272,40.0,2024-09-03,20:00
273,40.0,2024-09-03,20:15
274,40.0,2024-09-03,20:30
275,40.0,2024-09-03,20:45
276,40.0,2024-09-03,21:00
277,40.0,2024-09-03,21:15
278,40.0,2024-09-03,21:30
279,40.0,2024-09-03,21:45
280,40.0,2024-09-03,22:00
281,40.0,2024-09-03,22:15
282,40.0,2024-09-03,22:30
283,40.0,2024-09-03,22:45
284,40.0,2024-09-03,23:00
285,320.0,2024-09-03,23:15
286,370.0,2024-09-03,23:30
287,40.0,2024-09-03,23:45
288,40.0,2024-09-03,24:00
289,40.0,2024-09-04,00:15
290,40.0,2024-09-04,00:30
291,40.0,2024-09-04,00:45
292,40.0,2024-09-04,01:00
293,40.0,2024-09-04,01:15
294,40.0,2024-09-04,01:30
295,40.0,2024-09-04,01:45
296,40.0,2024-09-04,02:00
297,40.0,2024-09-04,02:15
298,40.0,2024-09-04,02:30
299,40.0,2024-09-04,02:45
300,40.0,2024-09-04,03:00
301,40.0,2024-09-04,03:15
302,40.0,2024-09-04,03:30
303,40.0,2024-09-04,03:45
304,40.0,2024-09-04,04:00
305,40.0,2024-09-04,04:15
306,40.0,2024-09-04,04:30
307,40.0,2024-09-04,04:45
308,40.0,2024-09-04,05:00
309,40.0,2024-09-04,05:15
310,40.0,2024-09-04,05:30
311,40.0,2024-09-04,05:45
312,40.0,2024-09-04,06:00
313,40.0,2024-09-04,06:15
314,40.0,2024-09-04,06:30
315,40.0,2024-09-04,06:45
316,40.0,2024-09-04,07:00
317,40.0,2024-09-04,07:15
318,40.0,2024-09-04,07:30
319,40.0,2024-09-04,07:45
320,40.0,2024-09-04,08:00
321,40.0,2024-09-04,08:15
322,40.0,2024-09-04,08:30
323,40.0,2024-09-04,08:45
324,40.0,2024-09-04,09:00
325,40.0,2024-09-04,09:15
326,40.0,2024-09-04,09:30
327,40.0,2024-09-04,09:45
328,40.0,2024-09-04,10:00
329,40.0,2024-09-04,10:15
330,40.0,2024-09-04,10:30
331,40.0,2024-09-04,10:45
332,40.0,2024-09-04,11:00
333,40.0,2024-09-04,11:15
334,171.32,2024-09-04,11:30
335,40.0,2024-09-04,11:45
336,40.0,2024-09-04,12:00
337,40.0,2024-09-04,12:15
338,40.0,2024-09-04,12:30
339,40.0,2024-09-04,12:45
340,40.0,2024-09-04,13:00
341,40.0,2024-09-04,13:15
342,40.0,2024-09-04,13:30
343,40.0,2024-09-04,13:45
344,40.0,2024-09-04,14:00
345,40.0,2024-09-04,14:15
346,40.0,2024-09-04,14:30
347,40.0,2024-09-04,14:45
348,40.0,2024-09-04,15:00
349,40.0,2024-09-04,15:15
350,40.0,2024-09-04,15:30
351,40.0,2024-09-04,15:45
352,40.0,2024-09-04,16:00
353,40.0,2024-09-04,16:15
354,40.0,2024-09-04,16:30
355,40.0,2024-09-04,16:45
356,40.0,2024-09-04,17:00
357,40.0,2024-09-04,17:15
358,40.0,2024-09-04,17:30
359,40.0,2024-09-04,17:45
360,274.03,2024-09-04,18:00
361,40.0,2024-09-04,18:15
362,320.0,2024-09-04,18:30
363,380.0,2024-09-04,18:45
364,40.0,2024-09-04,19:00
365,328.39,2024-09-04,19:15
366,380.0,2024-09-04,19:30
367,400.0,2024-09-04,19:45
368,374.55,2024-09-04,20:00
369,430.0,2024-09-04,20:15
370,400.0,2024-09-04,20:30
371,380.0,2024-09-04,20:45
372,40.0,2024-09-04,21:00
373,40.0,2024-09-04,21:15
374,320.0,2024-09-04,21:30
375,430.0,2024-09-04,21:45
376,420.0,2024-09-04,22:00
377,370.0,2024-09-04,22:15
378,40.0,2024-09-04,22:30
379,40.0,2024-09-04,22:45
380,40.0,2024-09-04,23:00
381,40.0,2024-09-04,23:15
382,40.0,2024-09-04,23:30
383,290.0,2024-09-04,23:45
384,320.0,2024-09-04,24:00
385,340.0,2024-09-05,00:15
386,40.0,2024-09-05,00:30
387,40.0,2024-09-05,00:45
388,40.0,2024-09-05,01:00
389,320.0,2024-09-05,01:15
390,380.0,2024-09-05,01:30
391,290.0,2024-09-05,01:45
392,290.0,2024-09-05,02:00
393,290.0,2024-09-05,02:15
394,390.0,2024-09-05,02:30
395,400.0,2024-09-05,02:45
396,400.0,2024-09-05,03:00
397,400.0,2024-09-05,03:15
398,400.0,2024-09-05,03:30
399,400.0,2024-09-05,03:45
400,390.0,2024-09-05,04:00
401,370.0,2024-09-05,04:15
402,340.0,2024-09-05,04:30
403,290.0,2024-09-05,04:45
404,370.0,2024-09-05,05:00
405,390.0,2024-09-05,05:15
406,450.0,2024-09-05,05:30
407,600.0,2024-09-05,05:45
408,580.0,2024-09-05,06:00
409,600.0,2024-09-05,06:15
410,510.0,2024-09-05,06:30
411,600.0,2024-09-05,06:45
412,600.0,2024-09-05,07:00
413,550.0,2024-09-05,07:15
414,600.0,2024-09-05,07:30
415,600.0,2024-09-05,07:45
416,600.0,2024-09-05,08:00
417,600.0,2024-09-05,08:15
418,610.0,2024-09-05,08:30
419,600.0,2024-09-05,08:45
420,540.0,2024-09-05,09:00
421,580.0,2024-09-05,09:15
422,400.0,2024-09-05,09:30
423,400.0,2024-09-05,09:45
424,510.0,2024-09-05,10:00
425,500.0,2024-09-05,10:15
426,40.0,2024-09-05,10:30
427,40.0,2024-09-05,10:45
428,40.0,2024-09-05,11:00
429,40.0,2024-09-05,11:15
430,40.0,2024-09-05,11:30
431,40.0,2024-09-05,11:45
432,380.0,2024-09-05,12:00
433,40.0,2024-09-05,12:15
434,40.0,2024-09-05,12:30
435,40.0,2024-09-05,12:45
436,40.0,2024-09-05,13:00
437,40.0,2024-09-05,13:15
438,40.0,2024-09-05,13:30
439,40.0,2024-09-05,13:45
440,40.0,2024-09-05,14:00
441,40.0,2024-09-05,14:15
442,40.0,2024-09-05,14:30
443,40.0,2024-09-05,14:45
444,40.0,2024-09-05,15:00
445,400.0,2024-09-05,15:15
446,390.0,2024-09-05,15:30
447,320.0,2024-09-05,15:45
448,320.0,2024-09-05,16:00
449,40.0,2024-09-05,16:15
450,390.0,2024-09-05,16:30
451,400.0,2024-09-05,16:45
452,400.0,2024-09-05,17:00
453,500.0,2024-09-05,17:15
454,520.0,2024-09-05,17:30
455,600.0,2024-09-05,17:45
456,450.0,2024-09-05,18:00
457,500.0,2024-09-05,18:15
458,550.0,2024-09-05,18:30
459,550.0,2024-09-05,18:45
460,600.0,2024-09-05,19:00
461,600.0,2024-09-05,19:15
462,600.0,2024-09-05,19:30
463,600.0,2024-09-05,19:45
464,600.0,2024-09-05,20:00
465,600.0,2024-09-05,20:15
466,600.0,2024-09-05,20:30
467,600.0,2024-09-05,20:45
468,600.0,2024-09-05,21:00
469,550.0,2024-09-05,21:15
470,600.0,2024-09-05,21:30
471,600.0,2024-09-05,21:45
472,600.0,2024-09-05,22:00
473,600.0,2024-09-05,22:15
474,600.0,2024-09-05,22:30
475,500.0,2024-09-05,22:45
476,40.0,2024-09-05,23:00
477,400.0,2024-09-05,23:15
478,290.0,2024-09-05,23:30
479,410.0,2024-09-05,23:45
480,450.0,2024-09-05,24:00
481,600.0,2024-09-06,00:15
482,500.0,2024-09-06,00:30
483,440.0,2024-09-06,00:45
484,400.0,2024-09-06,01:00
485,400.0,2024-09-06,01:15
486,400.0,2024-09-06,01:30
487,410.0,2024-09-06,01:45
488,380.0,2024-09-06,02:00
489,380.0,2024-09-06,02:15
490,360.41,2024-09-06,02:30
491,369.9,2024-09-06,02:45
492,379.4,2024-09-06,03:00
493,379.76,2024-09-06,03:15
494,379.71,2024-09-06,03:30
495,379.92,2024-09-06,03:45
496,370.26,2024-09-06,04:00
497,370.28,2024-09-06,04:15
498,370.34,2024-09-06,04:30
499,370.06,2024-09-06,04:45
500,370.14,2024-09-06,05:00
501,370.3,2024-09-06,05:15
502,370.35,2024-09-06,05:30
503,370.5,2024-09-06,05:45
504,40.0,2024-09-06,06:00
505,370.32,2024-09-06,06:15
506,370.38,2024-09-06,06:30
507,370.96,2024-09-06,06:45
508,407.65,2024-09-06,07:00
509,417.88,2024-09-06,07:15
510,450.0,2024-09-06,07:30
511,40.0,2024-09-06,07:45
512,40.0,2024-09-06,08:00
513,420.0,2024-09-06,08:15
514,400.0,2024-09-06,08:30
515,40.0,2024-09-06,08:45
516,40.0,2024-09-06,09:00
517,324.55,2024-09-06,09:15
518,305.15,2024-09-06,09:30
519,394.23,2024-09-06,09:45
520,269.07,2024-09-06,10:00
521,370.58,2024-09-06,10:15
522,280.54,2024-09-06,10:30
523,233.78,2024-09-06,10:45
524,236.92,2024-09-06,11:00
525,324.24,2024-09-06,11:15
526,316.53,2024-09-06,11:30
527,304.19,2024-09-06,11:45
528,280.21,2024-09-06,12:00
529,290.68,2024-09-06,12:15
530,239.19,2024-09-06,12:30
531,214.06,2024-09-06,12:45
532,174.46,2024-09-06,13:00
533,204.9,2024-09-06,13:15
534,175.89,2024-09-06,13:30
535,177.3,2024-09-06,13:45
536,40.0,2024-09-06,14:00
537,196.91,2024-09-06,14:15
538,155.93,2024-09-06,14:30
539,164.92,2024-09-06,14:45
540,40.0,2024-09-06,15:00
541,217.18,2024-09-06,15:15
542,236.7,2024-09-06,15:30
543,305.75,2024-09-06,15:45
544,320.76,2024-09-06,16:00
545,40.0,2024-09-06,16:15
546,40.0,2024-09-06,16:30
547,291.01,2024-09-06,16:45
548,257.0,2024-09-06,17:00
549,40.0,2024-09-06,17:15
550,40.0,2024-09-06,17:30
551,40.0,2024-09-06,17:45
552,40.0,2024-09-06,18:00
553,350.0,2024-09-06,18:15
554,500.0,2024-09-06,18:30
555,450.0,2024-09-06,18:45
556,600.0,2024-09-06,19:00
557,550.0,2024-09-06,19:15
558,550.0,2024-09-06,19:30
559,600.0,2024-09-06,19:45
560,600.0,2024-09-06,20:00
561,550.0,2024-09-06,20:15
562,450.0,2024-09-06,20:30
563,410.0,2024-09-06,20:45
564,400.0,2024-09-06,21:00
565,40.0,2024-09-06,21:15
566,270.0,2024-09-06,21:30
567,350.0,2024-09-06,21:45
568,40.0,2024-09-06,22:00
569,40.0,2024-09-06,22:15
570,234.23,2024-09-06,22:30
571,307.89,2024-09-06,22:45
572,288.98,2024-09-06,23:00
573,307.19,2024-09-06,23:15
574,291.57,2024-09-06,23:30
575,341.63,2024-09-06,23:45
576,199.0,2024-09-06,24:00
577,221.27,2024-09-07,00:15
578,384.07,2024-09-07,00:30
579,387.85,2024-09-07,00:45
580,353.3,2024-09-07,01:00
581,409.43,2024-09-07,01:15
582,405.94,2024-09-07,01:30
583,382.84,2024-09-07,01:45
584,382.11,2024-09-07,02:00
585,369.43,2024-09-07,02:15
586,331.29,2024-09-07,02:30
587,306.53,2024-09-07,02:45
588,299.31,2024-09-07,03:00
589,292.25,2024-09-07,03:15
590,293.28,2024-09-07,03:30
591,361.59,2024-09-07,03:45
592,326.69,2024-09-07,04:00
593,297.57,2024-09-07,04:15
594,435.37,2024-09-07,04:30
595,437.67,2024-09-07,04:45
596,437.24,2024-09-07,05:00
597,403.13,2024-09-07,05:15
598,441.03,2024-09-07,05:30
599,344.95,2024-09-07,05:45
600,316.65,2024-09-07,06:00
601,366.81,2024-09-07,06:15
602,363.75,2024-09-07,06:30
603,397.43,2024-09-07,06:45
604,398.19,2024-09-07,07:00
605,260.56,2024-09-07,07:15
606,251.21,2024-09-07,07:30
607,227.61,2024-09-07,07:45
608,222.32,2024-09-07,08:00
609,180.96,2024-09-07,08:15
610,40.0,2024-09-07,08:30
611,199.92,2024-09-07,08:45
612,304.98,2024-09-07,09:00
613,40.0,2024-09-07,09:15
614,40.0,2024-09-07,09:30
615,40.0,2024-09-07,09:45
616,40.0,2024-09-07,10:00
617,195.34,2024-09-07,10:15
618,40.0,2024-09-07,10:30
619,40.0,2024-09-07,10:45
620,40.0,2024-09-07,11:00
621,40.0,2024-09-07,11:15
622,40.0,2024-09-07,11:30
623,40.0,2024-09-07,11:45
624,40.0,2024-09-07,12:00
625,40.0,2024-09-07,12:15
626,40.0,2024-09-07,12:30
627,40.0,2024-09-07,12:45
628,40.0,2024-09-07,13:00
629,40.0,2024-09-07,13:15
630,40.0,2024-09-07,13:30
631,40.0,2024-09-07,13:45
632,40.0,2024-09-07,14:00
633,40.0,2024-09-07,14:15
634,40.0,2024-09-07,14:30
635,40.0,2024-09-07,14:45
636,40.0,2024-09-07,15:00
637,40.0,2024-09-07,15:15
638,40.0,2024-09-07,15:30
639,40.0,2024-09-07,15:45
640,40.0,2024-09-07,16:00
641,40.0,2024-09-07,16:15
642,338.79,2024-09-07,16:30
643,357.94,2024-09-07,16:45
644,355.94,2024-09-07,17:00
645,40.0,2024-09-07,17:15
646,40.0,2024-09-07,17:30
647,40.0,2024-09-07,17:45
648,40.0,2024-09-07,18:00
649,40.0,2024-09-07,18:15
650,250.03,2024-09-07,18:30
651,301.46,2024-09-07,18:45
652,40.0,2024-09-07,19:00
653,40.0,2024-09-07,19:15
654,40.0,2024-09-07,19:30
655,243.99,2024-09-07,19:45
656,40.0,2024-09-07,20:00
657,40.0,2024-09-07,20:15
658,213.17,2024-09-07,20:30
659,40.0,2024-09-07,20:45
660,40.0,2024-09-07,21:00
661,40.0,2024-09-07,21:15
662,40.0,2024-09-07,21:30
663,40.0,2024-09-07,21:45
664,40.0,2024-09-07,22:00
665,40.0,2024-09-07,22:15
666,40.0,2024-09-07,22:30
667,40.0,2024-09-07,22:45
668,40.0,2024-09-07,23:00
669,40.0,2024-09-07,23:15
670,40.0,2024-09-07,23:30
671,40.0,2024-09-07,23:45
672,40.0,2024-09-07,24:00
673,237.05,2024-09-08,00:15
674,237.01,2024-09-08,00:30
675,231.18,2024-09-08,00:45
676,40.0,2024-09-08,01:00
677,248.1,2024-09-08,01:15
678,242.12,2024-09-08,01:30
679,246.94,2024-09-08,01:45
680,251.6,2024-09-08,02:00
681,249.21,2024-09-08,02:15
682,277.35,2024-09-08,02:30
683,268.77,2024-09-08,02:45
684,276.24,2024-09-08,03:00
685,315.69,2024-09-08,03:15
686,258.38,2024-09-08,03:30
687,273.8,2024-09-08,03:45
688,40.0,2024-09-08,04:00
689,40.0,2024-09-08,04:15
690,40.0,2024-09-08,04:30
691,233.98,2024-09-08,04:45
692,234.0,2024-09-08,05:00
693,40.0,2024-09-08,05:15
694,318.62,2024-09-08,05:30
695,443.86,2024-09-08,05:45
696,414.14,2024-09-08,06:00
697,318.63,2024-09-08,06:15
698,338.8,2024-09-08,06:30
699,420.93,2024-09-08,06:45
700,376.36,2024-09-08,07:00
701,250.08,2024-09-08,07:15
702,40.0,2024-09-08,07:30
703,40.0,2024-09-08,07:45
704,40.0,2024-09-08,08:00
705,40.0,2024-09-08,08:15
706,40.0,2024-09-08,08:30
707,40.0,2024-09-08,08:45
708,40.0,2024-09-08,09:00
709,40.0,2024-09-08,09:15
710,40.0,2024-09-08,09:30
711,40.0,2024-09-08,09:45
712,40.0,2024-09-08,10:00
713,40.0,2024-09-08,10:15
714,40.0,2024-09-08,10:30
715,40.0,2024-09-08,10:45
716,40.0,2024-09-08,11:00
717,40.0,2024-09-08,11:15
718,40.0,2024-09-08,11:30
719,40.0,2024-09-08,11:45
720,40.0,2024-09-08,12:00
721,40.0,2024-09-08,12:15
722,40.0,2024-09-08,12:30
723,40.0,2024-09-08,12:45
724,40.0,2024-09-08,13:00
725,40.0,2024-09-08,13:15
726,40.0,2024-09-08,13:30
727,40.0,2024-09-08,13:45
728,40.0,2024-09-08,14:00
729,40.0,2024-09-08,14:15
730,40.0,2024-09-08,14:30
731,40.0,2024-09-08,14:45
732,40.0,2024-09-08,15:00
733,40.0,2024-09-08,15:15
734,40.0,2024-09-08,15:30
735,40.0,2024-09-08,15:45
736,40.0,2024-09-08,16:00
737,40.0,2024-09-08,16:15
738,40.0,2024-09-08,16:30
739,40.0,2024-09-08,16:45
740,199.63,2024-09-08,17:00
741,40.0,2024-09-08,17:15
742,320.0,2024-09-08,17:30
743,40.0,2024-09-08,17:45
744,40.0,2024-09-08,18:00
745,40.0,2024-09-08,18:15
746,520.0,2024-09-08,18:30
747,600.0,2024-09-08,18:45
748,600.0,2024-09-08,19:00
749,40.0,2024-09-08,19:15
750,40.0,2024-09-08,19:30
751,450.0,2024-09-08,19:45
752,390.0,2024-09-08,20:00
753,40.0,2024-09-08,20:15
754,40.0,2024-09-08,20:30
755,350.0,2024-09-08,20:45
756,40.0,2024-09-08,21:00
757,350.0,2024-09-08,21:15
758,500.0,2024-09-08,21:30
759,450.0,2024-09-08,21:45
760,500.0,2024-09-08,22:00
761,600.0,2024-09-08,22:15
762,600.0,2024-09-08,22:30
763,500.0,2024-09-08,22:45
764,580.0,2024-09-08,23:00
765,630.0,2024-09-08,23:15
766,620.0,2024-09-08,23:30
767,600.0,2024-09-08,23:45
768,620.0,2024-09-08,24:00
769,620.0,2024-09-09,00:15
770,600.0,2024-09-09,00:30
771,600.0,2024-09-09,00:45
772,500.0,2024-09-09,01:00
773,370.0,2024-09-09,01:15
774,400.0,2024-09-09,01:30
775,410.0,2024-09-09,01:45
776,400.0,2024-09-09,02:00
777,600.0,2024-09-09,02:15
778,600.0,2024-09-09,02:30
779,600.0,2024-09-09,02:45
780,600.0,2024-09-09,03:00
781,600.0,2024-09-09,03:15
782,563.1,2024-09-09,03:30
783,488.39,2024-09-09,03:45
784,488.08,2024-09-09,04:00
785,469.5,2024-09-09,04:15
786,422.66,2024-09-09,04:30
787,413.27,2024-09-09,04:45
788,404.27,2024-09-09,05:00
789,404.45,2024-09-09,05:15
790,404.36,2024-09-09,05:30
791,376.27,2024-09-09,05:45
792,347.67,2024-09-09,06:00
793,357.26,2024-09-09,06:15
794,366.66,2024-09-09,06:30
795,356.98,2024-09-09,06:45
796,338.24,2024-09-09,07:00
797,225.56,2024-09-09,07:15
798,337.62,2024-09-09,07:30
799,347.79,2024-09-09,07:45
800,338.88,2024-09-09,08:00
801,40.0,2024-09-09,08:15
802,40.0,2024-09-09,08:30
803,40.0,2024-09-09,08:45
804,40.0,2024-09-09,09:00
805,352.35,2024-09-09,09:15
806,407.14,2024-09-09,09:30
807,247.12,2024-09-09,09:45
808,40.0,2024-09-09,10:00
809,40.0,2024-09-09,10:15
810,40.0,2024-09-09,10:30
811,40.0,2024-09-09,10:45
812,40.0,2024-09-09,11:00
813,202.84,2024-09-09,11:15
814,40.0,2024-09-09,11:30
815,40.0,2024-09-09,11:45
816,40.0,2024-09-09,12:00
817,40.0,2024-09-09,12:15
818,40.0,2024-09-09,12:30
819,40.0,2024-09-09,12:45
820,40.0,2024-09-09,13:00
821,40.0,2024-09-09,13:15
822,40.0,2024-09-09,13:30
823,40.0,2024-09-09,13:45
824,40.0,2024-09-09,14:00
825,40.0,2024-09-09,14:15
826,40.0,2024-09-09,14:30
827,305.85,2024-09-09,14:45
828,296.95,2024-09-09,15:00
829,40.0,2024-09-09,15:15
830,40.0,2024-09-09,15:30
831,155.17,2024-09-09,15:45
832,186.01,2024-09-09,16:00
833,191.44,2024-09-09,16:15
834,257.23,2024-09-09,16:30
835,313.97,2024-09-09,16:45
836,302.07,2024-09-09,17:00
837,40.0,2024-09-09,17:15
838,275.84,2024-09-09,17:30
839,368.52,2024-09-09,17:45
840,578.28,2024-09-09,18:00
841,578.46,2024-09-09,18:15
842,573.73,2024-09-09,18:30
843,547.64,2024-09-09,18:45
844,632.37,2024-09-09,19:00
845,598.88,2024-09-09,19:15
846,597.71,2024-09-09,19:30
847,569.23,2024-09-09,19:45
848,418.99,2024-09-09,20:00
849,567.03,2024-09-09,20:15
850,587.29,2024-09-09,20:30
851,566.86,2024-09-09,20:45
852,514.28,2024-09-09,21:00
853,349.21,2024-09-09,21:15
854,386.81,2024-09-09,21:30
855,565.98,2024-09-09,21:45
856,575.66,2024-09-09,22:00
857,565.86,2024-09-09,22:15
858,565.88,2024-09-09,22:30
859,471.72,2024-09-09,22:45
860,414.42,2024-09-09,23:00
861,565.59,2024-09-09,23:15
862,414.33,2024-09-09,23:30
863,356.79,2024-09-09,23:45
864,516.06,2024-09-09,24:00
865,40.0,2024-09-10,00:15
866,40.0,2024-09-10,00:30
867,40.0,2024-09-10,00:45
868,40.0,2024-09-10,01:00
869,369.57,2024-09-10,01:15
870,362.38,2024-09-10,01:30
871,350.56,2024-09-10,01:45
872,267.95,2024-09-10,02:00
873,354.73,2024-09-10,02:15
874,307.81,2024-09-10,02:30
875,285.68,2024-09-10,02:45
876,333.05,2024-09-10,03:00
877,320.72,2024-09-10,03:15
878,317.78,2024-09-10,03:30
879,442.29,2024-09-10,03:45
880,362.49,2024-09-10,04:00
881,223.58,2024-09-10,04:15
882,239.76,2024-09-10,04:30
883,278.4,2024-09-10,04:45
884,243.72,2024-09-10,05:00
885,291.39,2024-09-10,05:15
886,325.96,2024-09-10,05:30
887,330.16,2024-09-10,05:45
888,318.82,2024-09-10,06:00
889,334.76,2024-09-10,06:15
890,339.34,2024-09-10,06:30
891,347.27,2024-09-10,06:45
892,351.61,2024-09-10,07:00
893,260.99,2024-09-10,07:15
894,223.65,2024-09-10,07:30
895,248.99,2024-09-10,07:45
896,221.43,2024-09-10,08:00
897,203.28,2024-09-10,08:15
898,40.0,2024-09-10,08:30
899,290.35,2024-09-10,08:45
900,263.27,2024-09-10,09:00
901,340.61,2024-09-10,09:15
902,404.2,2024-09-10,09:30
903,288.24,2024-09-10,09:45
904,237.55,2024-09-10,10:00
905,293.89,2024-09-10,10:15
906,307.35,2024-09-10,10:30
907,309.31,2024-09-10,10:45
908,326.16,2024-09-10,11:00
909,329.12,2024-09-10,11:15
910,195.43,2024-09-10,11:30
911,307.42,2024-09-10,11:45
912,40.0,2024-09-10,12:00
913,40.0,2024-09-10,12:15
914,40.0,2024-09-10,12:30
915,40.0,2024-09-10,12:45
916,188.34,2024-09-10,13:00
917,40.0,2024-09-10,13:15
918,40.0,2024-09-10,13:30
919,40.0,2024-09-10,13:45
920,40.0,2024-09-10,14:00
921,40.0,2024-09-10,14:15
922,40.0,2024-09-10,14:30
923,172.92,2024-09-10,14:45
924,204.47,2024-09-10,15:00
925,327.41,2024-09-10,15:15
926,287.05,2024-09-10,15:30
927,383.53,2024-09-10,15:45
928,382.71,2024-09-10,16:00
929,409.28,2024-09-10,16:15
930,404.29,2024-09-10,16:30
931,407.24,2024-09-10,16:45
932,449.94,2024-09-10,17:00
933,444.12,2024-09-10,17:15
934,422.15,2024-09-10,17:30
935,415.06,2024-09-10,17:45
936,362.82,2024-09-10,18:00
937,40.0,2024-09-10,18:15
938,357.23,2024-09-10,18:30
939,390.86,2024-09-10,18:45
940,381.3,2024-09-10,19:00
941,353.42,2024-09-10,19:15
942,309.03,2024-09-10,19:30
943,301.75,2024-09-10,19:45
944,367.57,2024-09-10,20:00
945,40.0,2024-09-10,20:15
946,40.0,2024-09-10,20:30
947,240.64,2024-09-10,20:45
948,218.95,2024-09-10,21:00
949,168.14,2024-09-10,21:15
950,40.0,2024-09-10,21:30
951,167.53,2024-09-10,21:45
952,40.0,2024-09-10,22:00
953,40.0,2024-09-10,22:15
954,317.59,2024-09-10,22:30
955,354.34,2024-09-10,22:45
956,346.86,2024-09-10,23:00
957,248.36,2024-09-10,23:15
958,210.75,2024-09-10,23:30
959,190.31,2024-09-10,23:45
960,40.0,2024-09-10,24:00
961,426.14,2024-09-11,00:15
962,418.15,2024-09-11,00:30
963,372.72,2024-09-11,00:45
964,361.56,2024-09-11,01:00
965,382.6,2024-09-11,01:15
966,377.52,2024-09-11,01:30
967,359.69,2024-09-11,01:45
968,358.66,2024-09-11,02:00
969,383.92,2024-09-11,02:15
970,379.32,2024-09-11,02:30
971,375.61,2024-09-11,02:45
972,376.42,2024-09-11,03:00
973,375.46,2024-09-11,03:15
974,384.17,2024-09-11,03:30
975,386.67,2024-09-11,03:45
976,380.65,2024-09-11,04:00
977,422.45,2024-09-11,04:15
978,418.18,2024-09-11,04:30
979,403.26,2024-09-11,04:45
980,404.49,2024-09-11,05:00
981,401.47,2024-09-11,05:15
982,405.1,2024-09-11,05:30
983,407.28,2024-09-11,05:45
984,427.95,2024-09-11,06:00
985,443.56,2024-09-11,06:15
986,448.56,2024-09-11,06:30
987,446.5,2024-09-11,06:45
988,455.46,2024-09-11,07:00
989,442.5,2024-09-11,07:15
990,441.23,2024-09-11,07:30
991,442.74,2024-09-11,07:45
992,341.75,2024-09-11,08:00
993,274.55,2024-09-11,08:15
994,40.0,2024-09-11,08:30
995,287.17,2024-09-11,08:45
996,354.75,2024-09-11,09:00
997,370.26,2024-09-11,09:15
998,405.09,2024-09-11,09:30
999,403.96,2024-09-11,09:45
1000,40.0,2024-09-11,10:00
1001,40.0,2024-09-11,10:15
1002,40.0,2024-09-11,10:30
1003,181.85,2024-09-11,10:45
1004,40.0,2024-09-11,11:00
1005,292.83,2024-09-11,11:15
1006,40.0,2024-09-11,11:30
1007,40.0,2024-09-11,11:45
1008,40.0,2024-09-11,12:00
1009,40.0,2024-09-11,12:15
1010,40.0,2024-09-11,12:30
1011,40.0,2024-09-11,12:45
1012,40.0,2024-09-11,13:00
1013,40.0,2024-09-11,13:15
1014,40.0,2024-09-11,13:30
1015,40.0,2024-09-11,13:45
1016,40.0,2024-09-11,14:00
1017,40.0,2024-09-11,14:15
1018,40.0,2024-09-11,14:30
1019,40.0,2024-09-11,14:45
1020,40.0,2024-09-11,15:00
1021,40.0,2024-09-11,15:15
1022,40.0,2024-09-11,15:30
1023,199.54,2024-09-11,15:45
1024,290.3,2024-09-11,16:00
1025,40.0,2024-09-11,16:15
1026,40.0,2024-09-11,16:30
1027,40.0,2024-09-11,16:45
1028,387.59,2024-09-11,17:00
1029,40.0,2024-09-11,17:15
1030,336.26,2024-09-11,17:30
1031,349.02,2024-09-11,17:45
1032,40.0,2024-09-11,18:00
1033,40.0,2024-09-11,18:15
1034,40.0,2024-09-11,18:30
1035,40.0,2024-09-11,18:45
1036,337.78,2024-09-11,19:00
1037,301.87,2024-09-11,19:15
1038,40.0,2024-09-11,19:30
1039,40.0,2024-09-11,19:45
1040,40.0,2024-09-11,20:00
1041,40.0,2024-09-11,20:15
1042,328.74,2024-09-11,20:30
1043,338.09,2024-09-11,20:45
1044,40.0,2024-09-11,21:00
1045,40.0,2024-09-11,21:15
1046,40.0,2024-09-11,21:30
1047,40.0,2024-09-11,21:45
1048,40.0,2024-09-11,22:00
1049,310.01,2024-09-11,22:15
1050,49.28,2024-09-11,22:30
1051,40.0,2024-09-11,22:45
1052,40.0,2024-09-11,23:00
1053,40.0,2024-09-11,23:15
1054,319.4,2024-09-11,23:30
1055,40.0,2024-09-11,23:45
1056,40.0,2024-09-11,24:00
1057,338.95,2024-09-12,00:15
1058,376.75,2024-09-12,00:30
1059,395.29,2024-09-12,00:45
1060,357.7,2024-09-12,01:00
1061,301.83,2024-09-12,01:15
1062,339.0,2024-09-12,01:30
1063,95.97,2024-09-12,01:45
1064,49.32,2024-09-12,02:00
1065,301.14,2024-09-12,02:15
1066,329.05,2024-09-12,02:30
1067,357.09,2024-09-12,02:45
1068,291.77,2024-09-12,03:00
1069,291.85,2024-09-12,03:15
1070,311.76,2024-09-12,03:30
1071,373.92,2024-09-12,03:45
1072,373.87,2024-09-12,04:00
1073,338.72,2024-09-12,04:15
1074,321.73,2024-09-12,04:30
1075,312.59,2024-09-12,04:45
1076,268.55,2024-09-12,05:00
1077,301.46,2024-09-12,05:15
1078,321.12,2024-09-12,05:30
1079,531.24,2024-09-12,05:45
1080,443.21,2024-09-12,06:00
1081,371.94,2024-09-12,06:15
1082,443.02,2024-09-12,06:30
1083,356.09,2024-09-12,06:45
1084,533.47,2024-09-12,07:00
1085,275.23,2024-09-12,07:15
1086,266.24,2024-09-12,07:30
1087,48.67,2024-09-12,07:45
1088,248.38,2024-09-12,08:00
1089,283.31,2024-09-12,08:15
1090,337.95,2024-09-12,08:30
1091,286.06,2024-09-12,08:45
1092,242.96,2024-09-12,09:00
1093,40.0,2024-09-12,09:15
1094,296.78,2024-09-12,09:30
1095,40.0,2024-09-12,09:45
1096,40.0,2024-09-12,10:00
1097,40.0,2024-09-12,10:15
1098,40.0,2024-09-12,10:30
1099,40.0,2024-09-12,10:45
1100,40.0,2024-09-12,11:00
1101,40.0,2024-09-12,11:15
1102,40.0,2024-09-12,11:30
1103,40.0,2024-09-12,11:45
1104,40.0,2024-09-12,12:00
1105,40.0,2024-09-12,12:15
1106,40.0,2024-09-12,12:30
1107,40.0,2024-09-12,12:45
1108,40.0,2024-09-12,13:00
1109,40.0,2024-09-12,13:15
1110,40.0,2024-09-12,13:30
1111,40.0,2024-09-12,13:45
1112,40.0,2024-09-12,14:00
1113,40.0,2024-09-12,14:15
1114,40.0,2024-09-12,14:30
1115,40.0,2024-09-12,14:45
1116,40.0,2024-09-12,15:00
1117,40.0,2024-09-12,15:15
1118,40.0,2024-09-12,15:30
1119,40.0,2024-09-12,15:45
1120,40.0,2024-09-12,16:00
1121,40.0,2024-09-12,16:15
1122,40.0,2024-09-12,16:30
1123,40.0,2024-09-12,16:45
1124,40.0,2024-09-12,17:00
1125,40.0,2024-09-12,17:15
1126,40.0,2024-09-12,17:30
1127,40.0,2024-09-12,17:45
1128,40.0,2024-09-12,18:00
1129,40.0,2024-09-12,18:15
1130,40.0,2024-09-12,18:30
1131,40.0,2024-09-12,18:45
1132,396.78,2024-09-12,19:00
1133,470.71,2024-09-12,19:15
1134,491.93,2024-09-12,19:30
1135,375.62,2024-09-12,19:45
1136,40.0,2024-09-12,20:00
1137,40.0,2024-09-12,20:15
1138,328.47,2024-09-12,20:30
1139,374.33,2024-09-12,20:45
1140,336.7,2024-09-12,21:00
1141,40.0,2024-09-12,21:15
1142,297.91,2024-09-12,21:30
1143,40.0,2024-09-12,21:45
1144,334.04,2024-09-12,22:00
1145,315.49,2024-09-12,22:15
1146,259.64,2024-09-12,22:30
1147,40.0,2024-09-12,22:45
1148,40.0,2024-09-12,23:00
1149,548.78,2024-09-12,23:15
1150,558.86,2024-09-12,23:30
1151,336.09,2024-09-12,23:45
1152,326.57,2024-09-12,24:00
1153,298.95,2024-09-13,00:15
1154,40.0,2024-09-13,00:30
1155,40.0,2024-09-13,00:45
1156,50.0,2024-09-13,01:00
1157,40.0,2024-09-13,01:15
1158,280.0,2024-09-13,01:30
1159,40.0,2024-09-13,01:45
1160,40.0,2024-09-13,02:00
1161,40.0,2024-09-13,02:15
1162,40.0,2024-09-13,02:30
1163,40.0,2024-09-13,02:45
1164,40.0,2024-09-13,03:00
1165,40.0,2024-09-13,03:15
1166,40.0,2024-09-13,03:30
1167,40.0,2024-09-13,03:45
1168,40.0,2024-09-13,04:00
1169,40.0,2024-09-13,04:15
1170,40.0,2024-09-13,04:30
1171,40.0,2024-09-13,04:45
1172,40.0,2024-09-13,05:00
1173,40.0,2024-09-13,05:15
1174,40.0,2024-09-13,05:30
1175,40.0,2024-09-13,05:45
1176,40.0,2024-09-13,06:00
1177,40.0,2024-09-13,06:15
1178,40.0,2024-09-13,06:30
1179,40.0,2024-09-13,06:45
1180,40.0,2024-09-13,07:00
1181,40.0,2024-09-13,07:15
1182,40.0,2024-09-13,07:30
1183,40.0,2024-09-13,07:45
1184,40.0,2024-09-13,08:00
1185,298.99,2024-09-13,08:15
1186,40.0,2024-09-13,08:30
1187,40.0,2024-09-13,08:45
1188,40.0,2024-09-13,09:00
1189,206.44,2024-09-13,09:15
1190,205.94,2024-09-13,09:30
1191,40.0,2024-09-13,09:45
1192,178.96,2024-09-13,10:00
1193,160.52,2024-09-13,10:15
1194,40.0,2024-09-13,10:30
1195,40.0,2024-09-13,10:45
1196,148.65,2024-09-13,11:00
1197,317.87,2024-09-13,11:15
1198,221.36,2024-09-13,11:30
1199,221.78,2024-09-13,11:45
1200,220.38,2024-09-13,12:00
1201,40.0,2024-09-13,12:15
1202,152.93,2024-09-13,12:30
1203,40.0,2024-09-13,12:45
1204,145.42,2024-09-13,13:00
1205,40.0,2024-09-13,13:15
1206,40.0,2024-09-13,13:30
1207,40.0,2024-09-13,13:45
1208,40.0,2024-09-13,14:00
1209,160.86,2024-09-13,14:15
1210,40.0,2024-09-13,14:30
1211,40.0,2024-09-13,14:45
1212,40.0,2024-09-13,15:00
1213,40.0,2024-09-13,15:15
1214,40.0,2024-09-13,15:30
1215,40.0,2024-09-13,15:45
1216,151.86,2024-09-13,16:00
1217,40.0,2024-09-13,16:15
1218,40.0,2024-09-13,16:30
1219,40.0,2024-09-13,16:45
1220,332.84,2024-09-13,17:00
1221,459.25,2024-09-13,17:15
1222,454.77,2024-09-13,17:30
1223,448.92,2024-09-13,17:45
1224,338.19,2024-09-13,18:00
1225,433.03,2024-09-13,18:15
1226,431.17,2024-09-13,18:30
1227,427.49,2024-09-13,18:45
1228,409.58,2024-09-13,19:00
1229,405.71,2024-09-13,19:15
1230,408.7,2024-09-13,19:30
1231,371.45,2024-09-13,19:45
1232,359.43,2024-09-13,20:00
1233,352.7,2024-09-13,20:15
1234,357.18,2024-09-13,20:30
1235,336.94,2024-09-13,20:45
1236,323.32,2024-09-13,21:00
1237,40.0,2024-09-13,21:15
1238,40.0,2024-09-13,21:30
1239,78.6,2024-09-13,21:45
1240,40.0,2024-09-13,22:00
1241,40.0,2024-09-13,22:15
1242,40.0,2024-09-13,22:30
1243,40.0,2024-09-13,22:45
1244,40.0,2024-09-13,23:00
1245,331.56,2024-09-13,23:15
1246,328.26,2024-09-13,23:30
1247,216.49,2024-09-13,23:45
1248,40.0,2024-09-13,24:00
1249,399.58,2024-09-14,00:15
1250,400.78,2024-09-14,00:30
1251,396.48,2024-09-14,00:45
1252,376.99,2024-09-14,01:00
1253,351.5,2024-09-14,01:15
1254,353.71,2024-09-14,01:30
1255,357.86,2024-09-14,01:45
1256,419.37,2024-09-14,02:00
1257,431.44,2024-09-14,02:15
1258,384.46,2024-09-14,02:30
1259,382.55,2024-09-14,02:45
1260,367.43,2024-09-14,03:00
1261,360.24,2024-09-14,03:15
1262,361.7,2024-09-14,03:30
1263,377.01,2024-09-14,03:45
1264,389.37,2024-09-14,04:00
1265,416.68,2024-09-14,04:15
1266,411.49,2024-09-14,04:30
1267,404.03,2024-09-14,04:45
1268,405.44,2024-09-14,05:00
1269,405.81,2024-09-14,05:15
1270,418.65,2024-09-14,05:30
1271,421.28,2024-09-14,05:45
1272,423.82,2024-09-14,06:00
1273,432.83,2024-09-14,06:15
1274,446.71,2024-09-14,06:30
1275,461.07,2024-09-14,06:45
1276,456.22,2024-09-14,07:00
1277,425.49,2024-09-14,07:15
1278,411.08,2024-09-14,07:30
1279,392.14,2024-09-14,07:45
1280,358.95,2024-09-14,08:00
1281,197.75,2024-09-14,08:15
1282,292.49,2024-09-14,08:30
1283,386.73,2024-09-14,08:45
1284,389.74,2024-09-14,09:00
1285,421.87,2024-09-14,09:15
1286,393.63,2024-09-14,09:30
1287,251.38,2024-09-14,09:45
1288,236.93,2024-09-14,10:00
1289,40.0,2024-09-14,10:15
1290,40.0,2024-09-14,10:30
1291,213.26,2024-09-14,10:45
1292,40.0,2024-09-14,11:00
1293,423.74,2024-09-14,11:15
1294,472.02,2024-09-14,11:30
1295,461.99,2024-09-14,11:45
1296,215.18,2024-09-14,12:00
1297,40.0,2024-09-14,12:15
1298,222.75,2024-09-14,12:30
1299,40.0,2024-09-14,12:45
1300,40.0,2024-09-14,13:00
1301,40.0,2024-09-14,13:15
1302,40.0,2024-09-14,13:30
1303,40.0,2024-09-14,13:45
1304,40.0,2024-09-14,14:00
1305,40.0,2024-09-14,14:15
1306,40.0,2024-09-14,14:30
1307,261.31,2024-09-14,14:45
1308,386.15,2024-09-14,15:00
1309,378.79,2024-09-14,15:15
1310,375.82,2024-09-14,15:30
1311,379.39,2024-09-14,15:45
1312,365.75,2024-09-14,16:00
1313,403.79,2024-09-14,16:15
1314,407.18,2024-09-14,16:30
1315,409.09,2024-09-14,16:45
1316,420.59,2024-09-14,17:00
1317,414.73,2024-09-14,17:15
1318,419.28,2024-09-14,17:30
1319,420.43,2024-09-14,17:45
1320,390.13,2024-09-14,18:00
1321,334.98,2024-09-14,18:15
1322,333.93,2024-09-14,18:30
1323,257.09,2024-09-14,18:45
1324,380.18,2024-09-14,19:00
1325,426.17,2024-09-14,19:15
1326,491.19,2024-09-14,19:30
1327,491.63,2024-09-14,19:45
1328,488.91,2024-09-14,20:00
1329,40.0,2024-09-14,20:15
1330,40.0,2024-09-14,20:30
1331,343.01,2024-09-14,20:45
1332,350.0,2024-09-14,21:00
1333,40.0,2024-09-14,21:15
1334,310.0,2024-09-14,21:30
1335,360.0,2024-09-14,21:45
1336,359.27,2024-09-14,22:00
1337,350.0,2024-09-14,22:15
1338,40.0,2024-09-14,22:30
1339,380.0,2024-09-14,22:45
1340,400.0,2024-09-14,23:00
1341,585.24,2024-09-14,23:15
1342,600.0,2024-09-14,23:30
1343,600.0,2024-09-14,23:45
1344,600.0,2024-09-14,24:00
1345,600.0,2024-09-15,00:15
1346,600.0,2024-09-15,00:30
1347,600.0,2024-09-15,00:45
1348,600.0,2024-09-15,01:00
1349,557.64,2024-09-15,01:15
1350,557.42,2024-09-15,01:30
1351,557.8,2024-09-15,01:45
1352,557.59,2024-09-15,02:00
1353,557.03,2024-09-15,02:15
1354,556.93,2024-09-15,02:30
1355,556.29,2024-09-15,02:45
1356,556.42,2024-09-15,03:00
1357,555.77,2024-09-15,03:15
1358,555.88,2024-09-15,03:30
1359,556.28,2024-09-15,03:45
1360,557.03,2024-09-15,04:00
1361,381.23,2024-09-15,04:15
1362,556.84,2024-09-15,04:30
1363,557.79,2024-09-15,04:45
1364,584.0,2024-09-15,05:00
1365,564.83,2024-09-15,05:15
1366,565.27,2024-09-15,05:30
1367,565.77,2024-09-15,05:45
1368,565.57,2024-09-15,06:00
1369,566.19,2024-09-15,06:15
1370,567.24,2024-09-15,06:30
1371,600.0,2024-09-15,06:45
1372,372.03,2024-09-15,07:00
1373,40.0,2024-09-15,07:15
1374,221.13,2024-09-15,07:30
1375,40.0,2024-09-15,07:45
1376,500.0,2024-09-15,08:00
1377,40.0,2024-09-15,08:15
1378,290.0,2024-09-15,08:30
1379,345.53,2024-09-15,08:45
1380,40.0,2024-09-15,09:00
1381,219.38,2024-09-15,09:15
1382,368.64,2024-09-15,09:30
1383,363.74,2024-09-15,09:45
1384,393.46,2024-09-15,10:00
1385,336.27,2024-09-15,10:15
1386,359.21,2024-09-15,10:30
1387,40.0,2024-09-15,10:45
1388,40.0,2024-09-15,11:00
1389,40.0,2024-09-15,11:15
1390,40.0,2024-09-15,11:30
1391,40.0,2024-09-15,11:45
1392,40.0,2024-09-15,12:00
1393,40.0,2024-09-15,12:15
1394,40.0,2024-09-15,12:30
1395,40.0,2024-09-15,12:45
1396,40.0,2024-09-15,13:00
1397,40.0,2024-09-15,13:15
1398,40.0,2024-09-15,13:30
1399,40.0,2024-09-15,13:45
1400,40.0,2024-09-15,14:00
1401,40.0,2024-09-15,14:15
1402,40.0,2024-09-15,14:30
1403,40.0,2024-09-15,14:45
1404,161.03,2024-09-15,15:00
1405,40.0,2024-09-15,15:15
1406,40.0,2024-09-15,15:30
1407,419.99,2024-09-15,15:45
1408,311.11,2024-09-15,16:00
1409,301.58,2024-09-15,16:15
1410,419.15,2024-09-15,16:30
1411,40.0,2024-09-15,16:45
1412,466.49,2024-09-15,17:00
1413,453.46,2024-09-15,17:15
1414,446.4,2024-09-15,17:30
1415,510.51,2024-09-15,17:45
1416,500.0,2024-09-15,18:00
1417,450.66,2024-09-15,18:15
1418,620.0,2024-09-15,18:30
1419,600.0,2024-09-15,18:45
1420,600.0,2024-09-15,19:00
1421,600.0,2024-09-15,19:15
1422,600.0,2024-09-15,19:30
1423,600.0,2024-09-15,19:45
1424,600.0,2024-09-15,20:00
1425,500.0,2024-09-15,20:15
1426,600.0,2024-09-15,20:30
1427,350.0,2024-09-15,20:45
1428,300.0,2024-09-15,21:00
1429,300.0,2024-09-15,21:15
1430,360.0,2024-09-15,21:30
1431,370.0,2024-09-15,21:45
1432,400.0,2024-09-15,22:00
1433,400.0,2024-09-15,22:15
1434,350.0,2024-09-15,22:30
1435,450.0,2024-09-15,22:45
1436,350.0,2024-09-15,23:00
1437,600.0,2024-09-15,23:15
1438,600.0,2024-09-15,23:30
1439,600.0,2024-09-15,23:45
1440,400.0,2024-09-15,24:00
1441,600.0,2024-09-16,00:15
1442,600.0,2024-09-16,00:30
1443,650.0,2024-09-16,00:45
1444,650.0,2024-09-16,01:00
1445,650.0,2024-09-16,01:15
1446,650.0,2024-09-16,01:30
1447,646.92,2024-09-16,01:45
1448,632.09,2024-09-16,02:00
1449,400.69,2024-09-16,02:15
1450,406.64,2024-09-16,02:30
1451,394.11,2024-09-16,02:45
1452,396.21,2024-09-16,03:00
1453,522.19,2024-09-16,03:15
1454,401.5,2024-09-16,03:30
1455,400.84,2024-09-16,03:45
1456,398.09,2024-09-16,04:00
1457,377.72,2024-09-16,04:15
1458,386.65,2024-09-16,04:30
1459,392.52,2024-09-16,04:45
1460,390.87,2024-09-16,05:00
1461,390.39,2024-09-16,05:15
1462,392.87,2024-09-16,05:30
1463,402.84,2024-09-16,05:45
1464,399.61,2024-09-16,06:00
1465,527.77,2024-09-16,06:15
1466,390.31,2024-09-16,06:30
1467,392.84,2024-09-16,06:45
1468,395.23,2024-09-16,07:00
1469,215.22,2024-09-16,07:15
1470,40.0,2024-09-16,07:30
1471,40.0,2024-09-16,07:45
1472,40.0,2024-09-16,08:00
1473,240.28,2024-09-16,08:15
1474,309.56,2024-09-16,08:30
1475,40.0,2024-09-16,08:45
1476,40.0,2024-09-16,09:00
1477,393.85,2024-09-16,09:15
1478,376.05,2024-09-16,09:30
1479,391.48,2024-09-16,09:45
1480,377.28,2024-09-16,10:00
1481,386.11,2024-09-16,10:15
1482,313.77,2024-09-16,10:30
1483,314.84,2024-09-16,10:45
1484,289.38,2024-09-16,11:00
1485,292.07,2024-09-16,11:15
1486,293.98,2024-09-16,11:30
1487,318.38,2024-09-16,11:45
1488,315.04,2024-09-16,12:00
1489,329.17,2024-09-16,12:15
1490,317.54,2024-09-16,12:30
1491,291.59,2024-09-16,12:45
1492,40.0,2024-09-16,13:00
1493,40.0,2024-09-16,13:15
1494,40.0,2024-09-16,13:30
1495,197.68,2024-09-16,13:45
1496,279.09,2024-09-16,14:00
1497,40.0,2024-09-16,14:15
1498,40.0,2024-09-16,14:30
1499,40.0,2024-09-16,14:45
1500,40.0,2024-09-16,15:00
1501,40.0,2024-09-16,15:15
1502,40.0,2024-09-16,15:30
1503,391.2,2024-09-16,15:45
1504,586.05,2024-09-16,16:00
1505,40.0,2024-09-16,16:15
1506,40.0,2024-09-16,16:30
1507,40.0,2024-09-16,16:45
1508,40.0,2024-09-16,17:00
1509,350.0,2024-09-16,17:15
1510,340.0,2024-09-16,17:30
1511,330.0,2024-09-16,17:45
1512,330.0,2024-09-16,18:00
1513,350.0,2024-09-16,18:15
1514,584.27,2024-09-16,18:30
1515,40.0,2024-09-16,18:45
1516,40.0,2024-09-16,19:00
1517,40.0,2024-09-16,19:15
1518,40.0,2024-09-16,19:30
1519,40.0,2024-09-16,19:45
1520,40.0,2024-09-16,20:00
1521,40.0,2024-09-16,20:15
1522,40.0,2024-09-16,20:30
1523,40.0,2024-09-16,20:45
1524,40.0,2024-09-16,21:00
1525,40.0,2024-09-16,21:15
1526,310.86,2024-09-16,21:30
1527,348.05,2024-09-16,21:45
1528,397.37,2024-09-16,22:00
1529,40.0,2024-09-16,22:15
1530,338.89,2024-09-16,22:30
1531,40.0,2024-09-16,22:45
1532,320.0,2024-09-16,23:00
1533,605.09,2024-09-16,23:15
1534,633.47,2024-09-16,23:30
1535,607.25,2024-09-16,23:45
1536,587.35,2024-09-16,24:00
1537,600.0,2024-09-17,00:15
1538,500.0,2024-09-17,00:30
1539,585.04,2024-09-17,00:45
1540,574.8,2024-09-17,01:00
1541,600.0,2024-09-17,01:15
1542,575.16,2024-09-17,01:30
1543,576.15,2024-09-17,01:45
1544,370.0,2024-09-17,02:00
1545,370.0,2024-09-17,02:15
1546,500.0,2024-09-17,02:30
1547,550.0,2024-09-17,02:45
1548,600.0,2024-09-17,03:00
1549,410.0,2024-09-17,03:15
1550,500.0,2024-09-17,03:30
1551,500.0,2024-09-17,03:45
1552,500.0,2024-09-17,04:00
1553,500.0,2024-09-17,04:15
1554,500.0,2024-09-17,04:30
1555,450.0,2024-09-17,04:45
1556,550.0,2024-09-17,05:00
1557,500.0,2024-09-17,05:15
1558,450.0,2024-09-17,05:30
1559,500.0,2024-09-17,05:45
1560,500.0,2024-09-17,06:00
1561,500.0,2024-09-17,06:15
1562,390.0,2024-09-17,06:30
1563,420.0,2024-09-17,06:45
1564,370.0,2024-09-17,07:00
1565,270.0,2024-09-17,07:15
1566,40.0,2024-09-17,07:30
1567,40.0,2024-09-17,07:45
1568,310.0,2024-09-17,08:00
1569,630.0,2024-09-17,08:15
1570,620.0,2024-09-17,08:30
1571,330.0,2024-09-17,08:45
1572,40.0,2024-09-17,09:00
1573,40.0,2024-09-17,09:15
1574,40.0,2024-09-17,09:30
1575,40.0,2024-09-17,09:45
1576,40.0,2024-09-17,10:00
1577,40.0,2024-09-17,10:15
1578,40.0,2024-09-17,10:30
1579,40.0,2024-09-17,10:45
1580,199.96,2024-09-17,11:00
1581,237.56,2024-09-17,11:15
1582,256.89,2024-09-17,11:30
1583,280.07,2024-09-17,11:45
1584,280.31,2024-09-17,12:00
1585,303.99,2024-09-17,12:15
1586,295.74,2024-09-17,12:30
1587,297.44,2024-09-17,12:45
1588,276.85,2024-09-17,13:00
1589,273.26,2024-09-17,13:15
1590,270.21,2024-09-17,13:30
1591,297.94,2024-09-17,13:45
1592,338.85,2024-09-17,14:00
1593,327.04,2024-09-17,14:15
1594,318.34,2024-09-17,14:30
1595,334.42,2024-09-17,14:45
1596,324.04,2024-09-17,15:00
1597,339.05,2024-09-17,15:15
1598,333.38,2024-09-17,15:30
1599,309.57,2024-09-17,15:45
1600,300.2,2024-09-17,16:00
1601,302.62,2024-09-17,16:15
1602,304.11,2024-09-17,16:30
1603,316.91,2024-09-17,16:45
1604,321.12,2024-09-17,17:00
1605,345.68,2024-09-17,17:15
1606,347.6,2024-09-17,17:30
1607,336.07,2024-09-17,17:45
1608,300.36,2024-09-17,18:00
1609,257.73,2024-09-17,18:15
1610,40.0,2024-09-17,18:30
1611,40.0,2024-09-17,18:45
1612,40.0,2024-09-17,19:00
1613,40.0,2024-09-17,19:15
1614,167.31,2024-09-17,19:30
1615,163.21,2024-09-17,19:45
1616,166.71,2024-09-17,20:00
1617,40.0,2024-09-17,20:15
1618,40.0,2024-09-17,20:30
1619,40.0,2024-09-17,20:45
1620,40.0,2024-09-17,21:00
1621,40.0,2024-09-17,21:15
1622,40.0,2024-09-17,21:30
1623,40.0,2024-09-17,21:45
1624,40.0,2024-09-17,22:00
1625,40.0,2024-09-17,22:15
1626,40.0,2024-09-17,22:30
1627,40.0,2024-09-17,22:45
1628,40.0,2024-09-17,23:00
1629,40.0,2024-09-17,23:15
1630,40.0,2024-09-17,23:30
1631,40.0,2024-09-17,23:45
1632,40.0,2024-09-17,24:00
1633,40.0,2024-09-18,00:15
1634,40.0,2024-09-18,00:30
1635,40.0,2024-09-18,00:45
1636,40.0,2024-09-18,01:00
1637,208.91,2024-09-18,01:15
1638,181.16,2024-09-18,01:30
1639,40.0,2024-09-18,01:45
1640,40.0,2024-09-18,02:00
1641,40.0,2024-09-18,02:15
1642,40.0,2024-09-18,02:30
1643,165.35,2024-09-18,02:45
1644,40.0,2024-09-18,03:00
1645,166.4,2024-09-18,03:15
1646,40.0,2024-09-18,03:30
1647,40.0,2024-09-18,03:45
1648,40.0,2024-09-18,04:00
1649,40.0,2024-09-18,04:15
1650,40.0,2024-09-18,04:30
1651,162.86,2024-09-18,04:45
1652,40.0,2024-09-18,05:00
1653,40.0,2024-09-18,05:15
1654,177.9,2024-09-18,05:30
1655,40.0,2024-09-18,05:45
1656,40.0,2024-09-18,06:00
1657,40.0,2024-09-18,06:15
1658,40.0,2024-09-18,06:30
1659,40.0,2024-09-18,06:45
1660,198.48,2024-09-18,07:00
1661,40.0,2024-09-18,07:15
1662,40.0,2024-09-18,07:30
1663,40.0,2024-09-18,07:45
1664,40.0,2024-09-18,08:00
1665,40.0,2024-09-18,08:15
1666,40.0,2024-09-18,08:30
1667,40.0,2024-09-18,08:45
1668,40.0,2024-09-18,09:00
1669,40.0,2024-09-18,09:15
1670,123.31,2024-09-18,09:30
1671,167.03,2024-09-18,09:45
1672,40.0,2024-09-18,10:00
1673,323.23,2024-09-18,10:15
1674,306.87,2024-09-18,10:30
1675,262.22,2024-09-18,10:45
1676,118.44,2024-09-18,11:00
1677,40.0,2024-09-18,11:15
1678,40.0,2024-09-18,11:30
1679,171.81,2024-09-18,11:45
1680,289.15,2024-09-18,12:00
1681,272.74,2024-09-18,12:15
1682,243.93,2024-09-18,12:30
1683,40.0,2024-09-18,12:45
1684,40.0,2024-09-18,13:00
1685,40.0,2024-09-18,13:15
1686,167.4,2024-09-18,13:30
1687,182.55,2024-09-18,13:45
1688,40.0,2024-09-18,14:00
1689,40.0,2024-09-18,14:15
1690,40.0,2024-09-18,14:30
1691,260.17,2024-09-18,14:45
1692,255.28,2024-09-18,15:00
1693,308.28,2024-09-18,15:15
1694,292.08,2024-09-18,15:30
1695,278.05,2024-09-18,15:45
1696,283.22,2024-09-18,16:00
1697,258.76,2024-09-18,16:15
1698,273.36,2024-09-18,16:30
1699,315.27,2024-09-18,16:45
1700,297.4,2024-09-18,17:00
1701,332.58,2024-09-18,17:15
1702,280.37,2024-09-18,17:30
1703,500.0,2024-09-18,17:45
1704,530.0,2024-09-18,18:00
1705,600.0,2024-09-18,18:15
1706,600.0,2024-09-18,18:30
1707,630.0,2024-09-18,18:45
1708,600.0,2024-09-18,19:00
1709,450.0,2024-09-18,19:15
1710,450.0,2024-09-18,19:30
1711,600.0,2024-09-18,19:45
1712,500.0,2024-09-18,20:00
1713,480.0,2024-09-18,20:15
1714,500.0,2024-09-18,20:30
1715,450.0,2024-09-18,20:45
1716,390.0,2024-09-18,21:00
1717,491.69,2024-09-18,21:15
1718,360.0,2024-09-18,21:30
1719,360.0,2024-09-18,21:45
1720,330.0,2024-09-18,22:00
1721,330.0,2024-09-18,22:15
1722,40.0,2024-09-18,22:30
1723,40.0,2024-09-18,22:45
1724,40.0,2024-09-18,23:00
1725,390.0,2024-09-18,23:15
1726,380.0,2024-09-18,23:30
1727,290.0,2024-09-18,23:45
1728,40.0,2024-09-18,24:00
1729,40.0,2024-09-19,00:15
1730,40.0,2024-09-19,00:30
1731,40.0,2024-09-19,00:45
1732,40.0,2024-09-19,01:00
1733,40.0,2024-09-19,01:15
1734,40.0,2024-09-19,01:30
1735,176.94,2024-09-19,01:45
1736,40.0,2024-09-19,02:00
1737,40.0,2024-09-19,02:15
1738,212.01,2024-09-19,02:30
1739,208.86,2024-09-19,02:45
1740,246.43,2024-09-19,03:00
1741,241.25,2024-09-19,03:15
1742,237.1,2024-09-19,03:30
1743,201.03,2024-09-19,03:45
1744,176.32,2024-09-19,04:00
1745,40.0,2024-09-19,04:15
1746,330.0,2024-09-19,04:30
1747,40.0,2024-09-19,04:45
1748,350.0,2024-09-19,05:00
1749,470.0,2024-09-19,05:15
1750,492.32,2024-09-19,05:30
1751,539.17,2024-09-19,05:45
1752,530.28,2024-09-19,06:00
1753,420.0,2024-09-19,06:15
1754,397.67,2024-09-19,06:30
1755,430.0,2024-09-19,06:45
1756,454.14,2024-09-19,07:00
1757,398.05,2024-09-19,07:15
1758,416.6,2024-09-19,07:30
1759,433.82,2024-09-19,07:45
1760,416.67,2024-09-19,08:00
1761,509.46,2024-09-19,08:15
1762,568.3,2024-09-19,08:30
1763,557.58,2024-09-19,08:45
1764,380.0,2024-09-19,09:00
1765,390.0,2024-09-19,09:15
1766,471.99,2024-09-19,09:30
1767,471.37,2024-09-19,09:45
1768,555.67,2024-09-19,10:00
1769,415.36,2024-09-19,10:15
1770,40.0,2024-09-19,10:30
1771,40.0,2024-09-19,10:45
1772,40.0,2024-09-19,11:00
1773,40.0,2024-09-19,11:15
1774,300.0,2024-09-19,11:30
1775,142.15,2024-09-19,11:45
1776,40.0,2024-09-19,12:00
1777,175.83,2024-09-19,12:15
1778,237.72,2024-09-19,12:30
1779,207.44,2024-09-19,12:45
1780,143.73,2024-09-19,13:00
1781,40.0,2024-09-19,13:15
1782,40.0,2024-09-19,13:30
1783,40.0,2024-09-19,13:45
1784,170.0,2024-09-19,14:00
1785,155.78,2024-09-19,14:15
1786,208.82,2024-09-19,14:30
1787,217.59,2024-09-19,14:45
1788,40.0,2024-09-19,15:00
1789,208.74,2024-09-19,15:15
1790,221.97,2024-09-19,15:30
1791,232.86,2024-09-19,15:45
1792,214.73,2024-09-19,16:00
1793,225.96,2024-09-19,16:15
1794,234.55,2024-09-19,16:30
1795,248.77,2024-09-19,16:45
1796,307.91,2024-09-19,17:00
1797,282.81,2024-09-19,17:15
1798,277.05,2024-09-19,17:30
1799,254.89,2024-09-19,17:45
1800,282.33,2024-09-19,18:00
1801,208.54,2024-09-19,18:15
1802,167.38,2024-09-19,18:30
1803,189.47,2024-09-19,18:45
1804,320.0,2024-09-19,19:00
1805,40.0,2024-09-19,19:15
1806,300.0,2024-09-19,19:30
1807,320.0,2024-09-19,19:45
1808,40.0,2024-09-19,20:00
1809,40.0,2024-09-19,20:15
1810,40.0,2024-09-19,20:30
1811,40.0,2024-09-19,20:45
1812,40.0,2024-09-19,21:00
1813,40.0,2024-09-19,21:15
1814,40.0,2024-09-19,21:30
1815,40.0,2024-09-19,21:45
1816,40.0,2024-09-19,22:00
1817,40.0,2024-09-19,22:15
1818,40.0,2024-09-19,22:30
1819,40.0,2024-09-19,22:45
1820,40.0,2024-09-19,23:00
1821,40.0,2024-09-19,23:15
1822,40.0,2024-09-19,23:30
1823,40.0,2024-09-19,23:45
1824,40.0,2024-09-19,24:00
1825,40.0,2024-09-20,00:15
1826,40.0,2024-09-20,00:30
1827,299.76,2024-09-20,00:45
1828,49.3,2024-09-20,01:00
1829,77.2,2024-09-20,01:15
1830,142.36,2024-09-20,01:30
1831,40.0,2024-09-20,01:45
1832,40.0,2024-09-20,02:00
1833,40.0,2024-09-20,02:15
1834,40.0,2024-09-20,02:30
1835,40.0,2024-09-20,02:45
1836,40.0,2024-09-20,03:00
1837,40.0,2024-09-20,03:15
1838,40.0,2024-09-20,03:30
1839,40.0,2024-09-20,03:45
1840,40.0,2024-09-20,04:00
1841,40.0,2024-09-20,04:15
1842,40.0,2024-09-20,04:30
1843,40.0,2024-09-20,04:45
1844,40.0,2024-09-20,05:00
1845,49.28,2024-09-20,05:15
1846,40.0,2024-09-20,05:30
1847,40.0,2024-09-20,05:45
1848,40.0,2024-09-20,06:00
1849,40.0,2024-09-20,06:15
1850,40.0,2024-09-20,06:30
1851,40.0,2024-09-20,06:45
1852,40.0,2024-09-20,07:00
1853,40.0,2024-09-20,07:15
1854,40.0,2024-09-20,07:30
1855,40.0,2024-09-20,07:45
1856,40.0,2024-09-20,08:00
1857,40.0,2024-09-20,08:15
1858,40.0,2024-09-20,08:30
1859,40.0,2024-09-20,08:45
1860,40.0,2024-09-20,09:00
1861,40.0,2024-09-20,09:15
1862,40.0,2024-09-20,09:30
1863,40.0,2024-09-20,09:45
1864,40.0,2024-09-20,10:00
1865,306.7,2024-09-20,10:15
1866,275.52,2024-09-20,10:30
1867,178.56,2024-09-20,10:45
1868,174.44,2024-09-20,11:00
1869,40.0,2024-09-20,11:15
1870,40.0,2024-09-20,11:30
1871,235.0,2024-09-20,11:45
1872,278.0,2024-09-20,12:00
1873,271.6,2024-09-20,12:15
1874,219.01,2024-09-20,12:30
1875,214.25,2024-09-20,12:45
1876,203.73,2024-09-20,13:00
1877,40.0,2024-09-20,13:15
1878,183.58,2024-09-20,13:30
1879,161.85,2024-09-20,13:45
1880,189.42,2024-09-20,14:00
1881,179.14,2024-09-20,14:15
1882,171.99,2024-09-20,14:30
1883,40.0,2024-09-20,14:45
1884,40.0,2024-09-20,15:00
1885,297.87,2024-09-20,15:15
1886,288.11,2024-09-20,15:30
1887,323.81,2024-09-20,15:45
1888,293.89,2024-09-20,16:00
1889,297.93,2024-09-20,16:15
1890,207.02,2024-09-20,16:30
1891,206.75,2024-09-20,16:45
1892,219.02,2024-09-20,17:00
1893,289.32,2024-09-20,17:15
1894,213.39,2024-09-20,17:30
1895,307.89,2024-09-20,17:45
1896,388.28,2024-09-20,18:00
1897,303.05,2024-09-20,18:15
1898,403.17,2024-09-20,18:30
1899,40.0,2024-09-20,18:45
1900,40.0,2024-09-20,19:00
1901,40.0,2024-09-20,19:15
1902,40.0,2024-09-20,19:30
1903,40.0,2024-09-20,19:45
1904,40.0,2024-09-20,20:00
1905,40.0,2024-09-20,20:15
1906,40.0,2024-09-20,20:30
1907,40.0,2024-09-20,20:45
1908,40.0,2024-09-20,21:00
1909,40.0,2024-09-20,21:15
1910,40.0,2024-09-20,21:30
1911,40.0,2024-09-20,21:45
1912,40.0,2024-09-20,22:00
1913,40.0,2024-09-20,22:15
1914,40.0,2024-09-20,22:30
1915,40.0,2024-09-20,22:45
1916,40.0,2024-09-20,23:00
1917,40.0,2024-09-20,23:15
1918,40.0,2024-09-20,23:30
1919,40.0,2024-09-20,23:45
1920,40.0,2024-09-20,24:00
1921,40.0,2024-09-21,00:15
1922,40.0,2024-09-21,00:30
1923,232.69,2024-09-21,00:45
1924,229.36,2024-09-21,01:00
1925,263.3,2024-09-21,01:15
1926,215.35,2024-09-21,01:30
1927,233.18,2024-09-21,01:45
1928,216.52,2024-09-21,02:00
1929,224.95,2024-09-21,02:15
1930,219.33,2024-09-21,02:30
1931,219.26,2024-09-21,02:45
1932,230.39,2024-09-21,03:00
1933,229.53,2024-09-21,03:15
1934,371.57,2024-09-21,03:30
1935,370.0,2024-09-21,03:45
1936,370.35,2024-09-21,04:00
1937,379.85,2024-09-21,04:15
1938,379.17,2024-09-21,04:30
1939,370.7,2024-09-21,04:45
1940,373.53,2024-09-21,05:00
1941,296.75,2024-09-21,05:15
1942,349.07,2024-09-21,05:30
1943,240.15,2024-09-21,05:45
1944,240.03,2024-09-21,06:00
1945,242.37,2024-09-21,06:15
1946,238.91,2024-09-21,06:30
1947,249.46,2024-09-21,06:45
1948,335.43,2024-09-21,07:00
1949,133.69,2024-09-21,07:15
1950,40.0,2024-09-21,07:30
1951,40.0,2024-09-21,07:45
1952,40.0,2024-09-21,08:00
1953,40.0,2024-09-21,08:15
1954,40.0,2024-09-21,08:30
1955,40.0,2024-09-21,08:45
1956,40.0,2024-09-21,09:00
1957,290.81,2024-09-21,09:15
1958,292.62,2024-09-21,09:30
1959,283.11,2024-09-21,09:45
1960,257.91,2024-09-21,10:00
1961,370.39,2024-09-21,10:15
1962,378.72,2024-09-21,10:30
1963,374.24,2024-09-21,10:45
1964,352.84,2024-09-21,11:00
1965,375.45,2024-09-21,11:15
1966,374.01,2024-09-21,11:30
1967,365.25,2024-09-21,11:45
1968,369.7,2024-09-21,12:00
1969,376.08,2024-09-21,12:15
1970,367.3,2024-09-21,12:30
1971,335.68,2024-09-21,12:45
1972,321.24,2024-09-21,13:00
1973,279.69,2024-09-21,13:15
1974,287.6,2024-09-21,13:30
1975,332.04,2024-09-21,13:45
1976,340.13,2024-09-21,14:00
1977,303.61,2024-09-21,14:15
1978,286.91,2024-09-21,14:30
1979,299.73,2024-09-21,14:45
1980,278.99,2024-09-21,15:00
1981,366.69,2024-09-21,15:15
1982,367.37,2024-09-21,15:30
1983,339.09,2024-09-21,15:45
1984,237.64,2024-09-21,16:00
1985,40.0,2024-09-21,16:15
1986,298.76,2024-09-21,16:30
1987,319.48,2024-09-21,16:45
1988,330.27,2024-09-21,17:00
1989,212.64,2024-09-21,17:15
1990,280.14,2024-09-21,17:30
1991,251.47,2024-09-21,17:45
1992,237.95,2024-09-21,18:00
1993,40.0,2024-09-21,18:15
1994,40.0,2024-09-21,18:30
1995,40.0,2024-09-21,18:45
1996,40.0,2024-09-21,19:00
1997,40.0,2024-09-21,19:15
1998,40.0,2024-09-21,19:30
1999,40.0,2024-09-21,19:45
2000,77.44,2024-09-21,20:00
2001,40.0,2024-09-21,20:15
2002,40.0,2024-09-21,20:30
2003,40.0,2024-09-21,20:45
2004,40.0,2024-09-21,21:00
2005,328.85,2024-09-21,21:15
2006,40.0,2024-09-21,21:30
2007,40.0,2024-09-21,21:45
2008,40.0,2024-09-21,22:00
2009,328.23,2024-09-21,22:15
2010,281.25,2024-09-21,22:30
2011,299.3,2024-09-21,22:45
2012,40.0,2024-09-21,23:00
2013,434.72,2024-09-21,23:15
2014,451.99,2024-09-21,23:30
2015,435.57,2024-09-21,23:45
2016,444.12,2024-09-21,24:00
2017,40.0,2024-09-22,00:15
2018,40.0,2024-09-22,00:30
2019,40.0,2024-09-22,00:45
2020,370.0,2024-09-22,01:00
2021,400.0,2024-09-22,01:15
2022,450.0,2024-09-22,01:30
2023,410.0,2024-09-22,01:45
2024,400.0,2024-09-22,02:00
2025,410.0,2024-09-22,02:15
2026,400.0,2024-09-22,02:30
2027,450.0,2024-09-22,02:45
2028,450.0,2024-09-22,03:00
2029,500.0,2024-09-22,03:15
2030,590.0,2024-09-22,03:30
2031,500.0,2024-09-22,03:45
2032,500.0,2024-09-22,04:00
2033,550.0,2024-09-22,04:15
2034,580.0,2024-09-22,04:30
2035,590.0,2024-09-22,04:45
2036,600.0,2024-09-22,05:00
2037,600.0,2024-09-22,05:15
2038,600.0,2024-09-22,05:30
2039,600.0,2024-09-22,05:45
2040,600.0,2024-09-22,06:00
2041,600.0,2024-09-22,06:15
2042,600.0,2024-09-22,06:30
2043,600.0,2024-09-22,06:45
2044,600.0,2024-09-22,07:00
2045,600.0,2024-09-22,07:15
2046,600.0,2024-09-22,07:30
2047,570.0,2024-09-22,07:45
2048,480.0,2024-09-22,08:00
2049,600.0,2024-09-22,08:15
2050,450.0,2024-09-22,08:30
2051,40.0,2024-09-22,08:45
2052,40.0,2024-09-22,09:00
2053,40.0,2024-09-22,09:15
2054,40.0,2024-09-22,09:30
2055,40.0,2024-09-22,09:45
2056,40.0,2024-09-22,10:00
2057,157.08,2024-09-22,10:15
2058,40.0,2024-09-22,10:30
2059,40.0,2024-09-22,10:45
2060,40.0,2024-09-22,11:00
2061,40.0,2024-09-22,11:15
2062,40.0,2024-09-22,11:30
2063,40.0,2024-09-22,11:45
2064,40.0,2024-09-22,12:00
2065,287.24,2024-09-22,12:15
2066,278.28,2024-09-22,12:30
2067,271.18,2024-09-22,12:45
2068,236.12,2024-09-22,13:00
2069,144.96,2024-09-22,13:15
2070,198.94,2024-09-22,13:30
2071,208.26,2024-09-22,13:45
2072,226.01,2024-09-22,14:00
2073,201.6,2024-09-22,14:15
2074,40.0,2024-09-22,14:30
2075,171.09,2024-09-22,14:45
2076,162.02,2024-09-22,15:00
2077,258.37,2024-09-22,15:15
2078,249.54,2024-09-22,15:30
2079,228.0,2024-09-22,15:45
2080,238.69,2024-09-22,16:00
2081,275.5,2024-09-22,16:15
2082,283.05,2024-09-22,16:30
2083,250.42,2024-09-22,16:45
2084,219.69,2024-09-22,17:00
2085,40.0,2024-09-22,17:15
2086,40.0,2024-09-22,17:30
2087,447.17,2024-09-22,17:45
2088,461.38,2024-09-22,18:00
2089,600.0,2024-09-22,18:15
2090,600.0,2024-09-22,18:30
2091,600.0,2024-09-22,18:45
2092,620.0,2024-09-22,19:00
2093,600.0,2024-09-22,19:15
2094,600.0,2024-09-22,19:30
2095,610.0,2024-09-22,19:45
2096,600.0,2024-09-22,20:00
2097,600.0,2024-09-22,20:15
2098,600.0,2024-09-22,20:30
2099,600.0,2024-09-22,20:45
2100,500.0,2024-09-22,21:00
2101,490.0,2024-09-22,21:15
2102,500.0,2024-09-22,21:30
2103,500.0,2024-09-22,21:45
2104,490.0,2024-09-22,22:00
2105,475.49,2024-09-22,22:15
2106,490.0,2024-09-22,22:30
2107,500.0,2024-09-22,22:45
2108,500.0,2024-09-22,23:00
2109,584.96,2024-09-22,23:15
2110,582.82,2024-09-22,23:30
2111,579.31,2024-09-22,23:45
2112,543.31,2024-09-22,24:00
2113,588.36,2024-09-23,00:15
2114,588.52,2024-09-23,00:30
2115,588.73,2024-09-23,00:45
2116,588.61,2024-09-23,01:00
2117,587.88,2024-09-23,01:15
2118,599.48,2024-09-23,01:30
2119,620.0,2024-09-23,01:45
2120,600.0,2024-09-23,02:00
2121,582.75,2024-09-23,02:15
2122,601.48,2024-09-23,02:30
2123,611.36,2024-09-23,02:45
2124,611.44,2024-09-23,03:00
2125,601.67,2024-09-23,03:15
2126,592.23,2024-09-23,03:30
2127,581.43,2024-09-23,03:45
2128,581.84,2024-09-23,04:00
2129,583.12,2024-09-23,04:15
2130,583.34,2024-09-23,04:30
2131,583.16,2024-09-23,04:45
2132,587.7,2024-09-23,05:00
2133,587.71,2024-09-23,05:15
2134,621.07,2024-09-23,05:30
2135,630.44,2024-09-23,05:45
2136,621.08,2024-09-23,06:00
2137,621.3,2024-09-23,06:15
2138,630.47,2024-09-23,06:30
2139,582.71,2024-09-23,06:45
2140,583.4,2024-09-23,07:00
2141,588.95,2024-09-23,07:15
2142,590.2,2024-09-23,07:30
2143,588.38,2024-09-23,07:45
2144,583.93,2024-09-23,08:00
2145,585.88,2024-09-23,08:15
2146,584.28,2024-09-23,08:30
2147,370.0,2024-09-23,08:45
2148,40.0,2024-09-23,09:00
2149,289.0,2024-09-23,09:15
2150,286.14,2024-09-23,09:30
2151,251.01,2024-09-23,09:45
2152,40.0,2024-09-23,10:00
2153,283.26,2024-09-23,10:15
2154,294.88,2024-09-23,10:30
2155,286.13,2024-09-23,10:45
2156,193.78,2024-09-23,11:00
2157,249.83,2024-09-23,11:15
2158,282.49,2024-09-23,11:30
2159,312.47,2024-09-23,11:45
2160,311.15,2024-09-23,12:00
2161,323.06,2024-09-23,12:15
2162,335.2,2024-09-23,12:30
2163,322.55,2024-09-23,12:45
2164,282.5,2024-09-23,13:00
2165,257.85,2024-09-23,13:15
2166,40.0,2024-09-23,13:30
2167,40.0,2024-09-23,13:45
2168,40.0,2024-09-23,14:00
2169,298.04,2024-09-23,14:15
2170,291.75,2024-09-23,14:30
2171,40.0,2024-09-23,14:45
2172,183.32,2024-09-23,15:00
2173,342.96,2024-09-23,15:15
2174,343.79,2024-09-23,15:30
2175,365.73,2024-09-23,15:45
2176,335.4,2024-09-23,16:00
2177,331.56,2024-09-23,16:15
2178,302.97,2024-09-23,16:30
2179,298.92,2024-09-23,16:45
2180,278.68,2024-09-23,17:00
2181,274.86,2024-09-23,17:15
2182,248.86,2024-09-23,17:30
2183,261.59,2024-09-23,17:45
2184,244.62,2024-09-23,18:00
2185,342.13,2024-09-23,18:15
2186,300.0,2024-09-23,18:30
2187,330.0,2024-09-23,18:45
2188,370.0,2024-09-23,19:00
2189,370.0,2024-09-23,19:15
2190,40.0,2024-09-23,19:30
2191,40.0,2024-09-23,19:45
2192,209.67,2024-09-23,20:00
2193,258.19,2024-09-23,20:15
2194,206.91,2024-09-23,20:30
2195,370.0,2024-09-23,20:45
2196,400.0,2024-09-23,21:00
2197,300.0,2024-09-23,21:15
2198,40.0,2024-09-23,21:30
2199,40.0,2024-09-23,21:45
2200,40.0,2024-09-23,22:00
2201,40.0,2024-09-23,22:15
2202,40.0,2024-09-23,22:30
2203,40.0,2024-09-23,22:45
2204,40.0,2024-09-23,23:00
2205,350.0,2024-09-23,23:15
2206,415.18,2024-09-23,23:30
2207,372.44,2024-09-23,23:45
2208,440.0,2024-09-23,24:00
2209,582.42,2024-09-24,00:15
2210,516.68,2024-09-24,00:30
2211,434.22,2024-09-24,00:45
2212,405.96,2024-09-24,01:00
2213,424.34,2024-09-24,01:15
2214,433.64,2024-09-24,01:30
2215,391.86,2024-09-24,01:45
2216,382.28,2024-09-24,02:00
2217,489.35,2024-09-24,02:15
2218,563.86,2024-09-24,02:30
2219,517.98,2024-09-24,02:45
2220,489.9,2024-09-24,03:00
2221,573.91,2024-09-24,03:15
2222,564.64,2024-09-24,03:30
2223,550.0,2024-09-24,03:45
2224,530.0,2024-09-24,04:00
2225,580.0,2024-09-24,04:15
2226,600.0,2024-09-24,04:30
2227,600.0,2024-09-24,04:45
2228,565.56,2024-09-24,05:00
2229,584.56,2024-09-24,05:15
2230,586.0,2024-09-24,05:30
2231,586.08,2024-09-24,05:45
2232,589.91,2024-09-24,06:00
2233,589.94,2024-09-24,06:15
2234,585.36,2024-09-24,06:30
2235,585.56,2024-09-24,06:45
2236,586.0,2024-09-24,07:00
2237,427.09,2024-09-24,07:15
2238,435.79,2024-09-24,07:30
2239,440.0,2024-09-24,07:45
2240,390.0,2024-09-24,08:00
2241,445.58,2024-09-24,08:15
2242,407.51,2024-09-24,08:30
2243,40.0,2024-09-24,08:45
2244,40.0,2024-09-24,09:00
2245,237.58,2024-09-24,09:15
2246,234.27,2024-09-24,09:30
2247,158.98,2024-09-24,09:45
2248,138.6,2024-09-24,10:00
2249,40.0,2024-09-24,10:15
2250,40.0,2024-09-24,10:30
2251,40.0,2024-09-24,10:45
2252,40.0,2024-09-24,11:00
2253,40.0,2024-09-24,11:15
2254,40.0,2024-09-24,11:30
2255,40.0,2024-09-24,11:45
2256,40.0,2024-09-24,12:00
2257,167.84,2024-09-24,12:15
2258,237.83,2024-09-24,12:30
2259,201.25,2024-09-24,12:45
2260,182.8,2024-09-24,13:00
2261,40.0,2024-09-24,13:15
2262,40.0,2024-09-24,13:30
2263,169.2,2024-09-24,13:45
2264,170.28,2024-09-24,14:00
2265,182.82,2024-09-24,14:15
2266,175.23,2024-09-24,14:30
2267,194.85,2024-09-24,14:45
2268,166.31,2024-09-24,15:00
2269,152.76,2024-09-24,15:15
2270,158.42,2024-09-24,15:30
2271,159.48,2024-09-24,15:45
2272,165.16,2024-09-24,16:00
2273,184.33,2024-09-24,16:15
2274,167.98,2024-09-24,16:30
2275,195.7,2024-09-24,16:45
2276,282.16,2024-09-24,17:00
2277,301.74,2024-09-24,17:15
2278,299.47,2024-09-24,17:30
2279,600.0,2024-09-24,17:45
2280,600.0,2024-09-24,18:00
2281,610.0,2024-09-24,18:15
2282,640.0,2024-09-24,18:30
2283,640.0,2024-09-24,18:45
2284,600.0,2024-09-24,19:00
2285,580.0,2024-09-24,19:15
2286,550.0,2024-09-24,19:30
2287,600.0,2024-09-24,19:45
2288,600.0,2024-09-24,20:00
2289,600.0,2024-09-24,20:15
2290,600.0,2024-09-24,20:30
2291,540.0,2024-09-24,20:45
2292,600.0,2024-09-24,21:00
2293,550.0,2024-09-24,21:15
2294,550.0,2024-09-24,21:30
2295,530.0,2024-09-24,21:45
2296,400.0,2024-09-24,22:00
2297,550.0,2024-09-24,22:15
2298,580.0,2024-09-24,22:30
2299,600.0,2024-09-24,22:45
2300,550.0,2024-09-24,23:00
2301,630.0,2024-09-24,23:15
2302,630.0,2024-09-24,23:30
2303,610.0,2024-09-24,23:45
2304,600.0,2024-09-24,24:00
2305,520.0,2024-09-25,00:15
2306,580.0,2024-09-25,00:30
2307,600.0,2024-09-25,00:45
2308,600.0,2024-09-25,01:00
2309,600.0,2024-09-25,01:15
2310,600.0,2024-09-25,01:30
2311,600.0,2024-09-25,01:45
2312,600.0,2024-09-25,02:00
2313,600.0,2024-09-25,02:15
2314,600.0,2024-09-25,02:30
2315,600.0,2024-09-25,02:45
2316,600.0,2024-09-25,03:00
2317,550.0,2024-09-25,03:15
2318,600.0,2024-09-25,03:30
2319,550.0,2024-09-25,03:45
2320,450.0,2024-09-25,04:00
2321,450.0,2024-09-25,04:15
2322,440.0,2024-09-25,04:30
2323,430.0,2024-09-25,04:45
2324,440.0,2024-09-25,05:00
2325,410.0,2024-09-25,05:15
2326,410.0,2024-09-25,05:30
2327,420.0,2024-09-25,05:45
2328,400.0,2024-09-25,06:00
2329,430.0,2024-09-25,06:15
2330,460.0,2024-09-25,06:30
2331,500.0,2024-09-25,06:45
2332,600.0,2024-09-25,07:00
2333,600.0,2024-09-25,07:15
2334,600.0,2024-09-25,07:30
2335,580.0,2024-09-25,07:45
2336,550.0,2024-09-25,08:00
2337,600.0,2024-09-25,08:15
2338,500.0,2024-09-25,08:30
2339,50.0,2024-09-25,08:45
2340,40.0,2024-09-25,09:00
2341,308.61,2024-09-25,09:15
2342,308.83,2024-09-25,09:30
2343,154.13,2024-09-25,09:45
2344,40.0,2024-09-25,10:00
2345,185.13,2024-09-25,10:15
2346,126.74,2024-09-25,10:30
2347,138.0,2024-09-25,10:45
2348,149.34,2024-09-25,11:00
2349,206.56,2024-09-25,11:15
2350,203.45,2024-09-25,11:30
2351,201.48,2024-09-25,11:45
2352,177.58,2024-09-25,12:00
2353,244.58,2024-09-25,12:15
2354,275.51,2024-09-25,12:30
2355,265.98,2024-09-25,12:45
2356,142.71,2024-09-25,13:00
2357,222.48,2024-09-25,13:15
2358,230.79,2024-09-25,13:30
2359,229.17,2024-09-25,13:45
2360,250.69,2024-09-25,14:00
2361,269.44,2024-09-25,14:15
2362,243.76,2024-09-25,14:30
2363,260.45,2024-09-25,14:45
2364,128.75,2024-09-25,15:00
2365,253.92,2024-09-25,15:15
2366,223.39,2024-09-25,15:30
2367,170.9,2024-09-25,15:45
2368,162.17,2024-09-25,16:00
2369,301.73,2024-09-25,16:15
2370,254.69,2024-09-25,16:30
2371,225.91,2024-09-25,16:45
2372,216.44,2024-09-25,17:00
2373,167.01,2024-09-25,17:15
2374,550.0,2024-09-25,17:30
2375,244.45,2024-09-25,17:45
2376,453.37,2024-09-25,18:00
2377,600.0,2024-09-25,18:15
2378,600.0,2024-09-25,18:30
2379,600.0,2024-09-25,18:45
2380,620.0,2024-09-25,19:00
2381,600.0,2024-09-25,19:15
2382,460.0,2024-09-25,19:30
2383,600.0,2024-09-25,19:45
2384,600.0,2024-09-25,20:00
2385,580.0,2024-09-25,20:15
2386,450.0,2024-09-25,20:30
2387,450.0,2024-09-25,20:45
2388,370.0,2024-09-25,21:00
2389,620.0,2024-09-25,21:15
2390,450.0,2024-09-25,21:30
2391,530.0,2024-09-25,21:45
2392,380.0,2024-09-25,22:00
2393,420.0,2024-09-25,22:15
2394,380.0,2024-09-25,22:30
2395,420.0,2024-09-25,22:45
2396,430.0,2024-09-25,23:00
2397,430.0,2024-09-25,23:15
2398,420.0,2024-09-25,23:30
2399,400.0,2024-09-25,23:45
2400,400.0,2024-09-25,24:00
2401,400.0,2024-09-26,00:15
2402,360.0,2024-09-26,00:30
2403,360.0,2024-09-26,00:45
2404,370.0,2024-09-26,01:00
2405,330.0,2024-09-26,01:15
2406,350.0,2024-09-26,01:30
2407,370.0,2024-09-26,01:45
2408,400.0,2024-09-26,02:00
2409,400.0,2024-09-26,02:15
2410,440.0,2024-09-26,02:30
2411,420.0,2024-09-26,02:45
2412,500.0,2024-09-26,03:00
2413,530.0,2024-09-26,03:15
2414,600.0,2024-09-26,03:30
2415,500.0,2024-09-26,03:45
2416,600.0,2024-09-26,04:00
2417,600.0,2024-09-26,04:15
2418,600.0,2024-09-26,04:30
2419,550.0,2024-09-26,04:45
2420,570.0,2024-09-26,05:00
2421,600.0,2024-09-26,05:15
2422,600.0,2024-09-26,05:30
2423,550.0,2024-09-26,05:45
2424,460.0,2024-09-26,06:00
2425,450.0,2024-09-26,06:15
2426,470.0,2024-09-26,06:30
2427,600.0,2024-09-26,06:45
2428,600.0,2024-09-26,07:00
2429,40.0,2024-09-26,07:15
2430,40.0,2024-09-26,07:30
2431,40.0,2024-09-26,07:45
2432,40.0,2024-09-26,08:00
2433,40.0,2024-09-26,08:15
2434,40.0,2024-09-26,08:30
2435,40.0,2024-09-26,08:45
2436,40.0,2024-09-26,09:00
2437,314.6,2024-09-26,09:15
2438,289.94,2024-09-26,09:30
2439,245.23,2024-09-26,09:45
2440,40.0,2024-09-26,10:00
2441,40.0,2024-09-26,10:15
2442,188.12,2024-09-26,10:30
2443,155.13,2024-09-26,10:45
2444,40.0,2024-09-26,11:00
2445,269.28,2024-09-26,11:15
2446,288.29,2024-09-26,11:30
2447,312.77,2024-09-26,11:45
2448,318.2,2024-09-26,12:00
2449,335.66,2024-09-26,12:15
2450,337.6,2024-09-26,12:30
2451,320.56,2024-09-26,12:45
2452,308.86,2024-09-26,13:00
2453,263.53,2024-09-26,13:15
2454,308.9,2024-09-26,13:30
2455,309.94,2024-09-26,13:45
2456,320.09,2024-09-26,14:00
2457,252.14,2024-09-26,14:15
2458,241.22,2024-09-26,14:30
2459,230.92,2024-09-26,14:45
2460,227.22,2024-09-26,15:00
2461,280.47,2024-09-26,15:15
2462,317.58,2024-09-26,15:30
2463,308.51,2024-09-26,15:45
2464,309.28,2024-09-26,16:00
2465,313.02,2024-09-26,16:15
2466,308.16,2024-09-26,16:30
2467,297.96,2024-09-26,16:45
2468,298.15,2024-09-26,17:00
2469,282.46,2024-09-26,17:15
2470,238.14,2024-09-26,17:30
2471,600.0,2024-09-26,17:45
2472,600.0,2024-09-26,18:00
2473,40.0,2024-09-26,18:15
2474,600.0,2024-09-26,18:30
2475,600.0,2024-09-26,18:45
2476,550.0,2024-09-26,19:00
2477,40.0,2024-09-26,19:15
2478,40.0,2024-09-26,19:30
2479,420.0,2024-09-26,19:45
2480,400.0,2024-09-26,20:00
2481,370.0,2024-09-26,20:15
2482,360.0,2024-09-26,20:30
2483,350.0,2024-09-26,20:45
2484,310.0,2024-09-26,21:00
2485,40.0,2024-09-26,21:15
2486,40.0,2024-09-26,21:30
2487,40.0,2024-09-26,21:45
2488,40.0,2024-09-26,22:00
2489,389.06,2024-09-26,22:15
2490,333.73,2024-09-26,22:30
2491,333.62,2024-09-26,22:45
2492,334.01,2024-09-26,23:00
2493,389.96,2024-09-26,23:15
2494,371.76,2024-09-26,23:30
2495,381.12,2024-09-26,23:45
2496,409.17,2024-09-26,24:00
2497,389.95,2024-09-27,00:15
2498,352.97,2024-09-27,00:30
2499,344.17,2024-09-27,00:45
2500,325.55,2024-09-27,01:00
2501,40.0,2024-09-27,01:15
2502,420.0,2024-09-27,01:30
2503,600.0,2024-09-27,01:45
2504,590.0,2024-09-27,02:00
2505,420.0,2024-09-27,02:15
2506,460.0,2024-09-27,02:30
2507,420.0,2024-09-27,02:45
2508,320.0,2024-09-27,03:00
2509,40.0,2024-09-27,03:15
2510,40.0,2024-09-27,03:30
2511,40.0,2024-09-27,03:45
2512,430.0,2024-09-27,04:00
2513,40.0,2024-09-27,04:15
2514,400.0,2024-09-27,04:30
2515,360.0,2024-09-27,04:45
2516,370.0,2024-09-27,05:00
2517,400.0,2024-09-27,05:15
2518,400.0,2024-09-27,05:30
2519,400.0,2024-09-27,05:45
2520,370.0,2024-09-27,06:00
2521,350.0,2024-09-27,06:15
2522,400.0,2024-09-27,06:30
2523,350.0,2024-09-27,06:45
2524,360.0,2024-09-27,07:00
2525,40.0,2024-09-27,07:15
2526,40.0,2024-09-27,07:30
2527,40.0,2024-09-27,07:45
2528,40.0,2024-09-27,08:00
2529,40.0,2024-09-27,08:15
2530,40.0,2024-09-27,08:30
2531,40.0,2024-09-27,08:45
2532,40.0,2024-09-27,09:00
2533,40.0,2024-09-27,09:15
2534,40.0,2024-09-27,09:30
2535,40.0,2024-09-27,09:45
2536,40.0,2024-09-27,10:00
2537,40.0,2024-09-27,10:15
2538,40.0,2024-09-27,10:30
2539,40.0,2024-09-27,10:45
2540,40.0,2024-09-27,11:00
2541,40.0,2024-09-27,11:15
2542,44.45,2024-09-27,11:30
2543,40.0,2024-09-27,11:45
2544,40.0,2024-09-27,12:00
2545,179.85,2024-09-27,12:15
2546,45.51,2024-09-27,12:30
2547,40.0,2024-09-27,12:45
2548,40.0,2024-09-27,13:00
2549,40.0,2024-09-27,13:15
2550,40.0,2024-09-27,13:30
2551,40.0,2024-09-27,13:45
2552,40.0,2024-09-27,14:00
2553,40.0,2024-09-27,14:15
2554,40.0,2024-09-27,14:30
2555,40.0,2024-09-27,14:45
2556,40.0,2024-09-27,15:00
2557,186.22,2024-09-27,15:15
2558,314.9,2024-09-27,15:30
2559,303.35,2024-09-27,15:45
2560,258.7,2024-09-27,16:00
2561,320.17,2024-09-27,16:15
2562,192.34,2024-09-27,16:30
2563,161.44,2024-09-27,16:45
2564,40.0,2024-09-27,17:00
2565,217.67,2024-09-27,17:15
2566,207.05,2024-09-27,17:30
2567,164.74,2024-09-27,17:45
2568,40.0,2024-09-27,18:00
2569,40.0,2024-09-27,18:15
2570,40.0,2024-09-27,18:30
2571,207.68,2024-09-27,18:45
2572,384.93,2024-09-27,19:00
2573,300.01,2024-09-27,19:15
2574,397.7,2024-09-27,19:30
2575,380.26,2024-09-27,19:45
2576,422.53,2024-09-27,20:00
2577,310.85,2024-09-27,20:15
2578,261.5,2024-09-27,20:30
2579,278.45,2024-09-27,20:45
2580,247.68,2024-09-27,21:00
2581,216.3,2024-09-27,21:15
2582,40.0,2024-09-27,21:30
2583,40.0,2024-09-27,21:45
2584,204.8,2024-09-27,22:00
2585,40.0,2024-09-27,22:15
2586,40.0,2024-09-27,22:30
2587,40.0,2024-09-27,22:45
2588,40.0,2024-09-27,23:00
2589,216.67,2024-09-27,23:15
2590,40.0,2024-09-27,23:30
2591,40.0,2024-09-27,23:45
2592,242.38,2024-09-27,24:00
2593,40.0,2024-09-28,00:15
2594,45.71,2024-09-28,00:30
2595,40.0,2024-09-28,00:45
2596,40.0,2024-09-28,01:00
2597,40.0,2024-09-28,01:15
2598,40.0,2024-09-28,01:30
2599,174.21,2024-09-28,01:45
2600,40.0,2024-09-28,02:00
2601,45.95,2024-09-28,02:15
2602,45.63,2024-09-28,02:30
2603,233.39,2024-09-28,02:45
2604,222.91,2024-09-28,03:00
2605,216.74,2024-09-28,03:15
2606,238.25,2024-09-28,03:30
2607,240.65,2024-09-28,03:45
2608,252.2,2024-09-28,04:00
2609,257.2,2024-09-28,04:15
2610,283.44,2024-09-28,04:30
2611,285.12,2024-09-28,04:45
2612,284.39,2024-09-28,05:00
2613,261.66,2024-09-28,05:15
2614,262.17,2024-09-28,05:30
2615,264.39,2024-09-28,05:45
2616,277.46,2024-09-28,06:00
2617,340.85,2024-09-28,06:15
2618,316.52,2024-09-28,06:30
2619,280.64,2024-09-28,06:45
2620,40.0,2024-09-28,07:00
2621,370.3,2024-09-28,07:15
2622,346.3,2024-09-28,07:30
2623,251.12,2024-09-28,07:45
2624,44.69,2024-09-28,08:00
2625,160.33,2024-09-28,08:15
2626,164.02,2024-09-28,08:30
2627,241.62,2024-09-28,08:45
2628,194.93,2024-09-28,09:00
2629,249.92,2024-09-28,09:15
2630,261.53,2024-09-28,09:30
2631,283.21,2024-09-28,09:45
2632,293.68,2024-09-28,10:00
2633,333.42,2024-09-28,10:15
2634,314.53,2024-09-28,10:30
2635,292.25,2024-09-28,10:45
2636,262.09,2024-09-28,11:00
2637,293.59,2024-09-28,11:15
2638,307.1,2024-09-28,11:30
2639,319.87,2024-09-28,11:45
2640,314.88,2024-09-28,12:00
2641,286.55,2024-09-28,12:15
2642,333.83,2024-09-28,12:30
2643,286.92,2024-09-28,12:45
2644,40.0,2024-09-28,13:00
2645,40.0,2024-09-28,13:15
2646,40.0,2024-09-28,13:30
2647,40.0,2024-09-28,13:45
2648,207.05,2024-09-28,14:00
2649,44.76,2024-09-28,14:15
2650,153.17,2024-09-28,14:30
2651,175.93,2024-09-28,14:45
2652,40.0,2024-09-28,15:00
2653,347.76,2024-09-28,15:15
2654,316.15,2024-09-28,15:30
2655,307.15,2024-09-28,15:45
2656,315.5,2024-09-28,16:00
2657,367.03,2024-09-28,16:15
2658,361.12,2024-09-28,16:30
2659,369.44,2024-09-28,16:45
2660,341.51,2024-09-28,17:00
2661,320.81,2024-09-28,17:15
2662,273.43,2024-09-28,17:30
2663,271.22,2024-09-28,17:45
2664,269.38,2024-09-28,18:00
2665,45.21,2024-09-28,18:15
2666,40.0,2024-09-28,18:30
2667,40.0,2024-09-28,18:45
2668,40.0,2024-09-28,19:00
2669,40.0,2024-09-28,19:15
2670,40.0,2024-09-28,19:30
2671,40.0,2024-09-28,19:45
2672,40.0,2024-09-28,20:00
2673,40.0,2024-09-28,20:15
2674,40.0,2024-09-28,20:30
2675,40.0,2024-09-28,20:45
2676,40.0,2024-09-28,21:00
2677,40.0,2024-09-28,21:15
2678,40.0,2024-09-28,21:30
2679,40.0,2024-09-28,21:45
2680,40.0,2024-09-28,22:00
2681,40.0,2024-09-28,22:15
2682,40.0,2024-09-28,22:30
2683,40.0,2024-09-28,22:45
2684,40.0,2024-09-28,23:00
2685,40.0,2024-09-28,23:15
2686,40.0,2024-09-28,23:30
2687,40.0,2024-09-28,23:45
2688,40.0,2024-09-28,24:00
2689,40.0,2024-09-29,00:15
2690,40.0,2024-09-29,00:30
2691,40.0,2024-09-29,00:45
2692,40.0,2024-09-29,01:00
2693,40.0,2024-09-29,01:15
2694,40.0,2024-09-29,01:30
2695,40.0,2024-09-29,01:45
2696,40.0,2024-09-29,02:00
2697,40.0,2024-09-29,02:15
2698,40.0,2024-09-29,02:30
2699,40.0,2024-09-29,02:45
2700,40.0,2024-09-29,03:00
2701,40.0,2024-09-29,03:15
2702,40.0,2024-09-29,03:30
2703,40.0,2024-09-29,03:45
2704,40.0,2024-09-29,04:00
2705,40.0,2024-09-29,04:15
2706,40.0,2024-09-29,04:30
2707,40.0,2024-09-29,04:45
2708,40.0,2024-09-29,05:00
2709,40.0,2024-09-29,05:15
2710,40.0,2024-09-29,05:30
2711,40.0,2024-09-29,05:45
2712,40.0,2024-09-29,06:00
2713,40.0,2024-09-29,06:15
2714,40.0,2024-09-29,06:30
2715,40.0,2024-09-29,06:45
2716,40.0,2024-09-29,07:00
2717,40.0,2024-09-29,07:15
2718,40.0,2024-09-29,07:30
2719,40.0,2024-09-29,07:45
2720,40.0,2024-09-29,08:00
2721,40.0,2024-09-29,08:15
2722,40.0,2024-09-29,08:30
2723,40.0,2024-09-29,08:45
2724,40.0,2024-09-29,09:00
2725,40.0,2024-09-29,09:15
2726,162.43,2024-09-29,09:30
2727,204.76,2024-09-29,09:45
2728,261.63,2024-09-29,10:00
2729,327.61,2024-09-29,10:15
2730,293.83,2024-09-29,10:30
2731,266.7,2024-09-29,10:45
2732,201.04,2024-09-29,11:00
2733,186.86,2024-09-29,11:15
2734,198.68,2024-09-29,11:30
2735,209.78,2024-09-29,11:45
2736,178.79,2024-09-29,12:00
2737,171.82,2024-09-29,12:15
2738,179.86,2024-09-29,12:30
2739,40.0,2024-09-29,12:45
2740,196.59,2024-09-29,13:00
2741,40.0,2024-09-29,13:15
2742,40.0,2024-09-29,13:30
2743,40.0,2024-09-29,13:45
2744,181.34,2024-09-29,14:00
2745,270.75,2024-09-29,14:15
2746,206.25,2024-09-29,14:30
2747,198.11,2024-09-29,14:45
2748,40.0,2024-09-29,15:00
2749,196.35,2024-09-29,15:15
2750,187.14,2024-09-29,15:30
2751,206.75,2024-09-29,15:45
2752,348.38,2024-09-29,16:00
2753,281.91,2024-09-29,16:15
2754,271.8,2024-09-29,16:30
2755,213.58,2024-09-29,16:45
2756,40.0,2024-09-29,17:00
2757,395.09,2024-09-29,17:15
2758,411.81,2024-09-29,17:30
2759,40.0,2024-09-29,17:45
2760,40.0,2024-09-29,18:00
2761,40.0,2024-09-29,18:15
2762,40.0,2024-09-29,18:30
2763,301.25,2024-09-29,18:45
2764,46.34,2024-09-29,19:00
2765,40.0,2024-09-29,19:15
2766,40.0,2024-09-29,19:30
2767,46.16,2024-09-29,19:45
2768,212.21,2024-09-29,20:00
2769,107.03,2024-09-29,20:15
2770,40.0,2024-09-29,20:30
2771,45.81,2024-09-29,20:45
2772,40.0,2024-09-29,21:00
2773,40.0,2024-09-29,21:15
2774,40.0,2024-09-29,21:30
2775,40.0,2024-09-29,21:45
2776,40.0,2024-09-29,22:00
2777,40.0,2024-09-29,22:15
2778,40.0,2024-09-29,22:30
2779,40.0,2024-09-29,22:45
2780,40.0,2024-09-29,23:00
2781,40.0,2024-09-29,23:15
2782,40.0,2024-09-29,23:30
2783,40.0,2024-09-29,23:45
2784,320.0,2024-09-29,24:00
2785,150.0,2024-09-30,00:15
2786,40.0,2024-09-30,00:30
2787,200.0,2024-09-30,00:45
2788,150.0,2024-09-30,01:00
2789,200.0,2024-09-30,01:15
2790,320.0,2024-09-30,01:30
2791,40.0,2024-09-30,01:45
2792,360.0,2024-09-30,02:00
2793,390.0,2024-09-30,02:15
2794,390.0,2024-09-30,02:30
2795,450.0,2024-09-30,02:45
2796,520.0,2024-09-30,03:00
2797,580.0,2024-09-30,03:15
2798,600.0,2024-09-30,03:30
2799,600.0,2024-09-30,03:45
2800,600.0,2024-09-30,04:00
2801,600.0,2024-09-30,04:15
2802,600.0,2024-09-30,04:30
2803,610.0,2024-09-30,04:45
2804,600.0,2024-09-30,05:00
2805,600.0,2024-09-30,05:15
2806,620.0,2024-09-30,05:30
2807,600.0,2024-09-30,05:45
2808,600.0,2024-09-30,06:00
2809,600.0,2024-09-30,06:15
2810,600.0,2024-09-30,06:30
2811,600.0,2024-09-30,06:45
2812,600.0,2024-09-30,07:00
2813,500.0,2024-09-30,07:15
2814,440.0,2024-09-30,07:30
2815,440.0,2024-09-30,07:45
2816,420.0,2024-09-30,08:00
2817,600.0,2024-09-30,08:15
2818,580.0,2024-09-30,08:30
2819,370.0,2024-09-30,08:45
2820,40.0,2024-09-30,09:00
2821,320.0,2024-09-30,09:15
2822,40.0,2024-09-30,09:30
2823,40.0,2024-09-30,09:45
2824,40.0,2024-09-30,10:00
2825,231.68,2024-09-30,10:15
2826,273.02,2024-09-30,10:30
2827,238.53,2024-09-30,10:45
2828,40.0,2024-09-30,11:00
2829,40.0,2024-09-30,11:15
2830,204.35,2024-09-30,11:30
2831,257.0,2024-09-30,11:45
2832,205.24,2024-09-30,12:00
2833,40.0,2024-09-30,12:15
2834,40.0,2024-09-30,12:30
2835,40.0,2024-09-30,12:45
2836,40.0,2024-09-30,13:00
2837,40.0,2024-09-30,13:15
2838,40.0,2024-09-30,13:30
2839,40.0,2024-09-30,13:45
2840,40.0,2024-09-30,14:00
2841,40.0,2024-09-30,14:15
2842,40.0,2024-09-30,14:30
2843,40.0,2024-09-30,14:45
2844,40.0,2024-09-30,15:00
2845,282.19,2024-09-30,15:15
2846,263.42,2024-09-30,15:30
2847,227.64,2024-09-30,15:45
2848,256.9,2024-09-30,16:00
2849,182.19,2024-09-30,16:15
2850,240.1,2024-09-30,16:30
2851,295.56,2024-09-30,16:45
2852,314.44,2024-09-30,17:00
2853,279.35,2024-09-30,17:15
2854,244.94,2024-09-30,17:30
2855,226.01,2024-09-30,17:45
2856,600.0,2024-09-30,18:00
2857,40.0,2024-09-30,18:15
2858,40.0,2024-09-30,18:30
2859,480.0,2024-09-30,18:45
2860,600.0,2024-09-30,19:00
2861,420.0,2024-09-30,19:15
2862,40.0,2024-09-30,19:30
2863,360.0,2024-09-30,19:45
2864,420.0,2024-09-30,20:00
2865,530.0,2024-09-30,20:15
2866,440.0,2024-09-30,20:30
2867,550.0,2024-09-30,20:45
2868,570.0,2024-09-30,21:00
2869,600.0,2024-09-30,21:15
2870,600.0,2024-09-30,21:30
2871,600.0,2024-09-30,21:45
2872,600.0,2024-09-30,22:00
2873,600.0,2024-09-30,22:15
2874,600.0,2024-09-30,22:30
2875,600.0,2024-09-30,22:45
2876,600.0,2024-09-30,23:00
2877,650.0,2024-09-30,23:15
2878,620.0,2024-09-30,23:30
2879,630.0,2024-09-30,23:45
2880,650.0,2024-09-30,24:00
2881,520.0,2024-10-01,00:15
2882,600.0,2024-10-01,00:30
2883,600.0,2024-10-01,00:45
2884,600.0,2024-10-01,01:00
2885,600.0,2024-10-01,01:15
2886,600.0,2024-10-01,01:30
2887,600.0,2024-10-01,01:45
2888,600.0,2024-10-01,02:00
2889,600.0,2024-10-01,02:15
2890,600.0,2024-10-01,02:30
2891,600.0,2024-10-01,02:45
2892,600.0,2024-10-01,03:00
2893,600.0,2024-10-01,03:15
2894,600.0,2024-10-01,03:30
2895,600.0,2024-10-01,03:45
2896,600.0,2024-10-01,04:00
2897,550.0,2024-10-01,04:15
2898,600.0,2024-10-01,04:30
2899,600.0,2024-10-01,04:45
2900,600.0,2024-10-01,05:00
2901,600.0,2024-10-01,05:15
2902,600.0,2024-10-01,05:30
2903,600.0,2024-10-01,05:45
2904,600.0,2024-10-01,06:00
2905,600.0,2024-10-01,06:15
2906,600.0,2024-10-01,06:30
2907,600.0,2024-10-01,06:45
2908,620.0,2024-10-01,07:00
2909,600.0,2024-10-01,07:15
2910,600.0,2024-10-01,07:30
2911,600.0,2024-10-01,07:45
2912,600.0,2024-10-01,08:00
2913,400.0,2024-10-01,08:15
2914,40.0,2024-10-01,08:30
2915,40.0,2024-10-01,08:45
2916,40.0,2024-10-01,09:00
2917,350.0,2024-10-01,09:15
2918,40.0,2024-10-01,09:30
2919,40.0,2024-10-01,09:45
2920,40.0,2024-10-01,10:00
2921,256.28,2024-10-01,10:15
2922,255.06,2024-10-01,10:30
2923,245.84,2024-10-01,10:45
2924,267.63,2024-10-01,11:00
2925,276.57,2024-10-01,11:15
2926,294.13,2024-10-01,11:30
2927,224.11,2024-10-01,11:45
2928,40.0,2024-10-01,12:00
2929,40.0,2024-10-01,12:15
2930,40.0,2024-10-01,12:30
2931,40.0,2024-10-01,12:45
2932,40.0,2024-10-01,13:00
2933,40.0,2024-10-01,13:15
2934,40.0,2024-10-01,13:30
2935,40.0,2024-10-01,13:45
2936,40.0,2024-10-01,14:00
2937,223.28,2024-10-01,14:15
2938,40.0,2024-10-01,14:30
2939,187.99,2024-10-01,14:45
2940,181.44,2024-10-01,15:00
2941,251.68,2024-10-01,15:15
2942,258.39,2024-10-01,15:30
2943,261.57,2024-10-01,15:45
2944,253.97,2024-10-01,16:00
2945,285.92,2024-10-01,16:15
2946,301.59,2024-10-01,16:30
2947,314.08,2024-10-01,16:45
2948,336.11,2024-10-01,17:00
2949,333.9,2024-10-01,17:15
2950,334.89,2024-10-01,17:30
2951,363.06,2024-10-01,17:45
2952,371.95,2024-10-01,18:00
2953,388.38,2024-10-01,18:15
2954,449.48,2024-10-01,18:30
2955,453.66,2024-10-01,18:45
2956,448.76,2024-10-01,19:00
2957,600.0,2024-10-01,19:15
2958,600.0,2024-10-01,19:30
2959,520.0,2024-10-01,19:45
2960,600.0,2024-10-01,20:00
2961,600.0,2024-10-01,20:15
2962,570.0,2024-10-01,20:30
2963,550.0,2024-10-01,20:45
2964,600.0,2024-10-01,21:00
2965,420.0,2024-10-01,21:15
2966,430.0,2024-10-01,21:30
2967,450.0,2024-10-01,21:45
2968,440.0,2024-10-01,22:00
2969,520.0,2024-10-01,22:15
2970,570.0,2024-10-01,22:30
2971,600.0,2024-10-01,22:45
2972,600.0,2024-10-01,23:00
2973,600.0,2024-10-01,23:15
2974,500.0,2024-10-01,23:30
2975,450.0,2024-10-01,23:45
2976,440.0,2024-10-01,24:00
2977,560.0,2024-10-02,00:15
2978,580.0,2024-10-02,00:30
2979,600.0,2024-10-02,00:45
2980,600.0,2024-10-02,01:00
2981,480.0,2024-10-02,01:15
2982,340.0,2024-10-02,01:30
2983,430.0,2024-10-02,01:45
2984,370.0,2024-10-02,02:00
2985,318.72,2024-10-02,02:15
2986,283.73,2024-10-02,02:30
2987,225.41,2024-10-02,02:45
2988,254.18,2024-10-02,03:00
2989,279.94,2024-10-02,03:15
2990,277.1,2024-10-02,03:30
2991,255.07,2024-10-02,03:45
2992,40.0,2024-10-02,04:00
2993,270.75,2024-10-02,04:15
2994,278.77,2024-10-02,04:30
2995,275.58,2024-10-02,04:45
2996,261.22,2024-10-02,05:00
2997,267.32,2024-10-02,05:15
2998,257.9,2024-10-02,05:30
2999,325.66,2024-10-02,05:45
3000,301.54,2024-10-02,06:00
3001,210.89,2024-10-02,06:15
3002,360.0,2024-10-02,06:30
3003,400.0,2024-10-02,06:45
3004,464.54,2024-10-02,07:00
3005,320.0,2024-10-02,07:15
3006,290.0,2024-10-02,07:30
3007,40.0,2024-10-02,07:45
3008,40.0,2024-10-02,08:00
3009,40.0,2024-10-02,08:15
3010,40.0,2024-10-02,08:30
3011,40.0,2024-10-02,08:45
3012,40.0,2024-10-02,09:00
3013,258.56,2024-10-02,09:15
3014,260.71,2024-10-02,09:30
3015,240.08,2024-10-02,09:45
3016,40.0,2024-10-02,10:00
3017,249.98,2024-10-02,10:15
3018,264.43,2024-10-02,10:30
3019,304.17,2024-10-02,10:45
3020,325.12,2024-10-02,11:00
3021,216.63,2024-10-02,11:15
3022,40.0,2024-10-02,11:30
3023,279.22,2024-10-02,11:45
3024,266.57,2024-10-02,12:00
3025,322.17,2024-10-02,12:15
3026,309.4,2024-10-02,12:30
3027,295.33,2024-10-02,12:45
3028,306.53,2024-10-02,13:00
3029,231.36,2024-10-02,13:15
3030,225.66,2024-10-02,13:30
3031,223.14,2024-10-02,13:45
3032,296.65,2024-10-02,14:00
3033,280.99,2024-10-02,14:15
3034,268.58,2024-10-02,14:30
3035,276.8,2024-10-02,14:45
3036,287.72,2024-10-02,15:00
3037,276.27,2024-10-02,15:15
3038,278.04,2024-10-02,15:30
3039,295.31,2024-10-02,15:45
3040,279.86,2024-10-02,16:00
3041,285.55,2024-10-02,16:15
3042,280.51,2024-10-02,16:30
3043,263.65,2024-10-02,16:45
3044,240.3,2024-10-02,17:00
3045,285.36,2024-10-02,17:15
3046,269.03,2024-10-02,17:30
3047,266.34,2024-10-02,17:45
3048,297.41,2024-10-02,18:00
3049,272.17,2024-10-02,18:15
3050,297.65,2024-10-02,18:30
3051,324.47,2024-10-02,18:45
3052,650.0,2024-10-02,19:00
3053,528.45,2024-10-02,19:15
3054,435.15,2024-10-02,19:30
3055,337.65,2024-10-02,19:45
3056,331.39,2024-10-02,20:00
3057,309.86,2024-10-02,20:15
3058,259.81,2024-10-02,20:30
3059,40.0,2024-10-02,20:45
3060,40.0,2024-10-02,21:00
3061,40.0,2024-10-02,21:15
3062,40.0,2024-10-02,21:30
3063,40.0,2024-10-02,21:45
3064,40.0,2024-10-02,22:00
3065,320.0,2024-10-02,22:15
3066,40.0,2024-10-02,22:30
3067,150.0,2024-10-02,22:45
3068,40.0,2024-10-02,23:00
3069,320.0,2024-10-02,23:15
3070,40.0,2024-10-02,23:30
3071,380.0,2024-10-02,23:45
3072,292.9,2024-10-02,24:00
3073,329.26,2024-10-03,00:15
3074,320.26,2024-10-03,00:30
3075,76.06,2024-10-03,00:45
3076,40.0,2024-10-03,01:00
3077,40.0,2024-10-03,01:15
3078,40.0,2024-10-03,01:30
3079,49.06,2024-10-03,01:45
3080,40.0,2024-10-03,02:00
3081,40.0,2024-10-03,02:15
3082,40.0,2024-10-03,02:30
3083,40.0,2024-10-03,02:45
3084,40.0,2024-10-03,03:00
3085,40.0,2024-10-03,03:15
3086,40.0,2024-10-03,03:30
3087,40.0,2024-10-03,03:45
3088,40.0,2024-10-03,04:00
3089,40.0,2024-10-03,04:15
3090,40.0,2024-10-03,04:30
3091,40.0,2024-10-03,04:45
3092,40.0,2024-10-03,05:00
3093,40.0,2024-10-03,05:15
3094,40.0,2024-10-03,05:30
3095,40.0,2024-10-03,05:45
3096,40.0,2024-10-03,06:00
3097,40.0,2024-10-03,06:15
3098,40.0,2024-10-03,06:30
3099,40.0,2024-10-03,06:45
3100,40.0,2024-10-03,07:00
3101,40.0,2024-10-03,07:15
3102,40.0,2024-10-03,07:30
3103,40.0,2024-10-03,07:45
3104,40.0,2024-10-03,08:00
3105,40.0,2024-10-03,08:15
3106,40.0,2024-10-03,08:30
3107,40.0,2024-10-03,08:45
3108,40.0,2024-10-03,09:00
3109,40.0,2024-10-03,09:15
3110,40.0,2024-10-03,09:30
3111,40.0,2024-10-03,09:45
3112,40.0,2024-10-03,10:00
3113,307.44,2024-10-03,10:15
3114,311.08,2024-10-03,10:30
3115,308.85,2024-10-03,10:45
3116,298.78,2024-10-03,11:00
3117,40.0,2024-10-03,11:15
3118,40.0,2024-10-03,11:30
3119,43.93,2024-10-03,11:45
3120,40.0,2024-10-03,12:00
3121,40.0,2024-10-03,12:15
3122,40.0,2024-10-03,12:30
3123,40.0,2024-10-03,12:45
3124,40.0,2024-10-03,13:00
3125,40.0,2024-10-03,13:15
3126,40.0,2024-10-03,13:30
3127,40.0,2024-10-03,13:45
3128,40.0,2024-10-03,14:00
3129,40.0,2024-10-03,14:15
3130,40.0,2024-10-03,14:30
3131,40.0,2024-10-03,14:45
3132,40.0,2024-10-03,15:00
3133,133.08,2024-10-03,15:15
3134,83.96,2024-10-03,15:30
3135,40.0,2024-10-03,15:45
3136,40.0,2024-10-03,16:00
3137,321.58,2024-10-03,16:15
3138,324.26,2024-10-03,16:30
3139,305.19,2024-10-03,16:45
3140,194.54,2024-10-03,17:00
3141,40.0,2024-10-03,17:15
3142,40.0,2024-10-03,17:30
3143,40.0,2024-10-03,17:45
3144,40.0,2024-10-03,18:00
3145,40.0,2024-10-03,18:15
3146,40.0,2024-10-03,18:30
3147,40.0,2024-10-03,18:45
3148,350.0,2024-10-03,19:00
3149,40.0,2024-10-03,19:15
3150,40.0,2024-10-03,19:30
3151,40.0,2024-10-03,19:45
3152,40.0,2024-10-03,20:00
3153,40.0,2024-10-03,20:15
3154,40.0,2024-10-03,20:30
3155,40.0,2024-10-03,20:45
3156,320.0,2024-10-03,21:00
3157,40.0,2024-10-03,21:15
3158,320.0,2024-10-03,21:30
3159,320.0,2024-10-03,21:45
3160,40.0,2024-10-03,22:00
3161,380.0,2024-10-03,22:15
3162,350.0,2024-10-03,22:30
3163,350.0,2024-10-03,22:45
3164,380.0,2024-10-03,23:00
3165,550.0,2024-10-03,23:15
3166,500.0,2024-10-03,23:30
3167,430.0,2024-10-03,23:45
3168,430.0,2024-10-03,24:00
3169,430.0,2024-10-04,00:15
3170,450.0,2024-10-04,00:30
3171,450.0,2024-10-04,00:45
3172,500.0,2024-10-04,01:00
3173,450.0,2024-10-04,01:15
3174,550.0,2024-10-04,01:30
3175,600.0,2024-10-04,01:45
3176,600.0,2024-10-04,02:00
3177,600.0,2024-10-04,02:15
3178,600.0,2024-10-04,02:30
3179,600.0,2024-10-04,02:45
3180,600.0,2024-10-04,03:00
3181,600.0,2024-10-04,03:15
3182,600.0,2024-10-04,03:30
3183,600.0,2024-10-04,03:45
3184,600.0,2024-10-04,04:00
3185,600.0,2024-10-04,04:15
3186,600.0,2024-10-04,04:30
3187,600.0,2024-10-04,04:45
3188,600.0,2024-10-04,05:00
3189,600.0,2024-10-04,05:15
3190,600.0,2024-10-04,05:30
3191,600.0,2024-10-04,05:45
3192,600.0,2024-10-04,06:00
3193,600.0,2024-10-04,06:15
3194,610.0,2024-10-04,06:30
3195,610.0,2024-10-04,06:45
3196,600.0,2024-10-04,07:00
3197,610.0,2024-10-04,07:15
3198,600.0,2024-10-04,07:30
3199,600.0,2024-10-04,07:45
3200,450.0,2024-10-04,08:00
3201,350.0,2024-10-04,08:15
3202,40.0,2024-10-04,08:30
3203,310.0,2024-10-04,08:45
3204,40.0,2024-10-04,09:00
3205,40.0,2024-10-04,09:15
3206,40.0,2024-10-04,09:30
3207,40.0,2024-10-04,09:45
3208,40.0,2024-10-04,10:00
3209,40.0,2024-10-04,10:15
3210,40.0,2024-10-04,10:30
3211,40.0,2024-10-04,10:45
3212,40.0,2024-10-04,11:00
3213,40.0,2024-10-04,11:15
3214,40.0,2024-10-04,11:30
3215,40.0,2024-10-04,11:45
3216,40.0,2024-10-04,12:00
3217,40.0,2024-10-04,12:15
3218,40.0,2024-10-04,12:30
3219,40.0,2024-10-04,12:45
3220,40.0,2024-10-04,13:00
3221,40.0,2024-10-04,13:15
3222,40.0,2024-10-04,13:30
3223,40.0,2024-10-04,13:45
3224,40.0,2024-10-04,14:00
3225,40.0,2024-10-04,14:15
3226,40.0,2024-10-04,14:30
3227,40.0,2024-10-04,14:45
3228,40.0,2024-10-04,15:00
3229,40.0,2024-10-04,15:15
3230,40.0,2024-10-04,15:30
3231,40.0,2024-10-04,15:45
3232,40.0,2024-10-04,16:00
3233,209.58,2024-10-04,16:15
3234,255.96,2024-10-04,16:30
3235,261.84,2024-10-04,16:45
3236,290.58,2024-10-04,17:00
3237,40.0,2024-10-04,17:15
3238,40.0,2024-10-04,17:30
3239,379.09,2024-10-04,17:45
3240,40.0,2024-10-04,18:00
3241,387.07,2024-10-04,18:15
3242,399.02,2024-10-04,18:30
3243,438.28,2024-10-04,18:45
3244,270.86,2024-10-04,19:00
3245,420.31,2024-10-04,19:15
3246,388.82,2024-10-04,19:30
3247,395.72,2024-10-04,19:45
3248,378.62,2024-10-04,20:00
3249,398.35,2024-10-04,20:15
3250,380.13,2024-10-04,20:30
3251,263.23,2024-10-04,20:45
3252,314.7,2024-10-04,21:00
3253,221.71,2024-10-04,21:15
3254,275.76,2024-10-04,21:30
3255,211.91,2024-10-04,21:45
3256,40.0,2024-10-04,22:00
3257,40.0,2024-10-04,22:15
3258,40.0,2024-10-04,22:30
3259,40.0,2024-10-04,22:45
3260,40.0,2024-10-04,23:00
3261,40.0,2024-10-04,23:15
3262,40.0,2024-10-04,23:30
3263,40.0,2024-10-04,23:45
3264,320.0,2024-10-04,24:00
3265,320.0,2024-10-05,00:15
3266,340.0,2024-10-05,00:30
3267,350.0,2024-10-05,00:45
3268,350.0,2024-10-05,01:00
3269,340.0,2024-10-05,01:15
3270,340.0,2024-10-05,01:30
3271,340.0,2024-10-05,01:45
3272,40.0,2024-10-05,02:00
3273,40.0,2024-10-05,02:15
3274,350.0,2024-10-05,02:30
3275,350.0,2024-10-05,02:45
3276,320.0,2024-10-05,03:00
3277,350.0,2024-10-05,03:15
3278,380.0,2024-10-05,03:30
3279,450.0,2024-10-05,03:45
3280,350.0,2024-10-05,04:00
3281,380.0,2024-10-05,04:15
3282,380.0,2024-10-05,04:30
3283,430.0,2024-10-05,04:45
3284,380.0,2024-10-05,05:00
3285,350.0,2024-10-05,05:15
3286,350.0,2024-10-05,05:30
3287,350.0,2024-10-05,05:45
3288,350.0,2024-10-05,06:00
3289,380.0,2024-10-05,06:15
3290,450.0,2024-10-05,06:30
3291,500.0,2024-10-05,06:45
3292,500.0,2024-10-05,07:00
3293,450.0,2024-10-05,07:15
3294,450.0,2024-10-05,07:30
3295,430.0,2024-10-05,07:45
3296,320.0,2024-10-05,08:00
3297,360.0,2024-10-05,08:15
3298,40.0,2024-10-05,08:30
3299,40.0,2024-10-05,08:45
3300,40.0,2024-10-05,09:00
3301,388.63,2024-10-05,09:15
3302,302.88,2024-10-05,09:30
3303,294.27,2024-10-05,09:45
3304,295.99,2024-10-05,10:00
3305,40.0,2024-10-05,10:15
3306,40.0,2024-10-05,10:30
3307,293.28,2024-10-05,10:45
3308,457.69,2024-10-05,11:00
3309,270.72,2024-10-05,11:15
3310,279.52,2024-10-05,11:30
3311,283.43,2024-10-05,11:45
3312,266.87,2024-10-05,12:00
3313,40.0,2024-10-05,12:15
3314,40.0,2024-10-05,12:30
3315,40.0,2024-10-05,12:45
3316,40.0,2024-10-05,13:00
3317,275.55,2024-10-05,13:15
3318,264.27,2024-10-05,13:30
3319,40.0,2024-10-05,13:45
3320,40.0,2024-10-05,14:00
3321,254.87,2024-10-05,14:15
3322,40.0,2024-10-05,14:30
3323,40.0,2024-10-05,14:45
3324,310.39,2024-10-05,15:00
3325,306.23,2024-10-05,15:15
3326,333.24,2024-10-05,15:30
3327,324.46,2024-10-05,15:45
3328,374.74,2024-10-05,16:00
3329,293.52,2024-10-05,16:15
3330,40.0,2024-10-05,16:30
3331,40.0,2024-10-05,16:45
3332,40.0,2024-10-05,17:00
3333,400.64,2024-10-05,17:15
3334,600.0,2024-10-05,17:30
3335,600.0,2024-10-05,17:45
3336,450.13,2024-10-05,18:00
3337,461.93,2024-10-05,18:15
3338,460.76,2024-10-05,18:30
3339,445.74,2024-10-05,18:45
3340,600.0,2024-10-05,19:00
3341,500.0,2024-10-05,19:15
3342,550.0,2024-10-05,19:30
3343,600.0,2024-10-05,19:45
3344,600.0,2024-10-05,20:00
3345,409.74,2024-10-05,20:15
3346,420.0,2024-10-05,20:30
3347,40.0,2024-10-05,20:45
3348,380.0,2024-10-05,21:00
3349,224.6,2024-10-05,21:15
3350,487.51,2024-10-05,21:30
3351,383.48,2024-10-05,21:45
3352,370.17,2024-10-05,22:00
3353,220.29,2024-10-05,22:15
3354,235.96,2024-10-05,22:30
3355,347.05,2024-10-05,22:45
3356,418.76,2024-10-05,23:00
3357,340.19,2024-10-05,23:15
3358,329.38,2024-10-05,23:30
3359,455.74,2024-10-05,23:45
3360,382.82,2024-10-05,24:00
3361,429.55,2024-10-06,00:15
3362,339.87,2024-10-06,00:30
3363,234.82,2024-10-06,00:45
3364,218.4,2024-10-06,01:00
3365,229.99,2024-10-06,01:15
3366,229.74,2024-10-06,01:30
3367,235.81,2024-10-06,01:45
3368,297.99,2024-10-06,02:00
3369,265.79,2024-10-06,02:15
3370,208.57,2024-10-06,02:30
3371,209.71,2024-10-06,02:45
3372,198.25,2024-10-06,03:00
3373,210.39,2024-10-06,03:15
3374,244.21,2024-10-06,03:30
3375,210.37,2024-10-06,03:45
3376,211.29,2024-10-06,04:00
3377,40.0,2024-10-06,04:15
3378,40.0,2024-10-06,04:30
3379,203.53,2024-10-06,04:45
3380,211.66,2024-10-06,05:00
3381,209.69,2024-10-06,05:15
3382,228.6,2024-10-06,05:30
3383,224.19,2024-10-06,05:45
3384,246.71,2024-10-06,06:00
3385,391.38,2024-10-06,06:15
3386,390.2,2024-10-06,06:30
3387,434.51,2024-10-06,06:45
3388,438.61,2024-10-06,07:00
3389,47.1,2024-10-06,07:15
3390,40.0,2024-10-06,07:30
3391,40.0,2024-10-06,07:45
3392,40.0,2024-10-06,08:00
3393,40.0,2024-10-06,08:15
3394,40.0,2024-10-06,08:30
3395,40.0,2024-10-06,08:45
3396,40.0,2024-10-06,09:00
3397,315.44,2024-10-06,09:15
3398,359.78,2024-10-06,09:30
3399,366.76,2024-10-06,09:45
3400,360.16,2024-10-06,10:00
3401,231.25,2024-10-06,10:15
3402,288.35,2024-10-06,10:30
3403,286.73,2024-10-06,10:45
3404,258.8,2024-10-06,11:00
3405,302.78,2024-10-06,11:15
3406,332.57,2024-10-06,11:30
3407,346.29,2024-10-06,11:45
3408,360.75,2024-10-06,12:00
3409,358.94,2024-10-06,12:15
3410,40.0,2024-10-06,12:30
3411,40.0,2024-10-06,12:45
3412,310.38,2024-10-06,13:00
3413,187.6,2024-10-06,13:15
3414,319.74,2024-10-06,13:30
3415,323.01,2024-10-06,13:45
3416,327.17,2024-10-06,14:00
3417,317.45,2024-10-06,14:15
3418,236.05,2024-10-06,14:30
3419,280.38,2024-10-06,14:45
3420,278.14,2024-10-06,15:00
3421,225.69,2024-10-06,15:15
3422,348.92,2024-10-06,15:30
3423,344.67,2024-10-06,15:45
3424,344.99,2024-10-06,16:00
3425,344.26,2024-10-06,16:15
3426,348.12,2024-10-06,16:30
3427,340.78,2024-10-06,16:45
3428,40.0,2024-10-06,17:00
3429,548.29,2024-10-06,17:15
3430,559.8,2024-10-06,17:30
3431,491.12,2024-10-06,17:45
3432,487.63,2024-10-06,18:00
3433,524.73,2024-10-06,18:15
3434,516.92,2024-10-06,18:30
3435,527.48,2024-10-06,18:45
3436,486.83,2024-10-06,19:00
3437,539.24,2024-10-06,19:15
3438,448.14,2024-10-06,19:30
3439,437.15,2024-10-06,19:45
3440,433.28,2024-10-06,20:00
3441,416.65,2024-10-06,20:15
3442,416.73,2024-10-06,20:30
3443,415.11,2024-10-06,20:45
3444,419.38,2024-10-06,21:00
3445,460.14,2024-10-06,21:15
3446,437.98,2024-10-06,21:30
3447,435.35,2024-10-06,21:45
3448,420.64,2024-10-06,22:00
3449,428.13,2024-10-06,22:15
3450,438.84,2024-10-06,22:30
3451,411.8,2024-10-06,22:45
3452,399.48,2024-10-06,23:00
3453,460.92,2024-10-06,23:15
3454,459.08,2024-10-06,23:30
3455,457.5,2024-10-06,23:45
3456,457.79,2024-10-06,24:00
3457,526.75,2024-10-07,00:15
3458,533.28,2024-10-07,00:30
3459,530.77,2024-10-07,00:45
3460,399.5,2024-10-07,01:00
3461,407.25,2024-10-07,01:15
3462,390.8,2024-10-07,01:30
3463,394.83,2024-10-07,01:45
3464,401.04,2024-10-07,02:00
3465,359.13,2024-10-07,02:15
3466,371.1,2024-10-07,02:30
3467,422.79,2024-10-07,02:45
3468,375.98,2024-10-07,03:00
3469,375.65,2024-10-07,03:15
3470,382.49,2024-10-07,03:30
3471,378.75,2024-10-07,03:45
3472,368.95,2024-10-07,04:00
3473,373.19,2024-10-07,04:15
3474,372.95,2024-10-07,04:30
3475,352.15,2024-10-07,04:45
3476,354.56,2024-10-07,05:00
3477,379.47,2024-10-07,05:15
3478,379.33,2024-10-07,05:30
3479,414.07,2024-10-07,05:45
3480,392.93,2024-10-07,06:00
3481,378.58,2024-10-07,06:15
3482,327.94,2024-10-07,06:30
3483,338.76,2024-10-07,06:45
3484,345.68,2024-10-07,07:00
3485,40.0,2024-10-07,07:15
3486,186.55,2024-10-07,07:30
3487,252.56,2024-10-07,07:45
3488,284.57,2024-10-07,08:00
3489,40.0,2024-10-07,08:15
3490,40.0,2024-10-07,08:30
3491,40.0,2024-10-07,08:45
3492,40.0,2024-10-07,09:00
3493,40.0,2024-10-07,09:15
3494,40.0,2024-10-07,09:30
3495,40.0,2024-10-07,09:45
3496,40.0,2024-10-07,10:00
3497,197.59,2024-10-07,10:15
3498,115.52,2024-10-07,10:30
3499,40.0,2024-10-07,10:45
3500,40.0,2024-10-07,11:00
3501,282.39,2024-10-07,11:15
3502,294.98,2024-10-07,11:30
3503,307.53,2024-10-07,11:45
3504,259.03,2024-10-07,12:00
3505,40.0,2024-10-07,12:15
3506,40.0,2024-10-07,12:30
3507,144.17,2024-10-07,12:45
3508,143.22,2024-10-07,13:00
3509,140.61,2024-10-07,13:15
3510,235.41,2024-10-07,13:30
3511,40.0,2024-10-07,13:45
3512,40.0,2024-10-07,14:00
3513,40.0,2024-10-07,14:15
3514,40.0,2024-10-07,14:30
3515,40.0,2024-10-07,14:45
3516,40.0,2024-10-07,15:00
3517,163.79,2024-10-07,15:15
3518,329.21,2024-10-07,15:30
3519,279.53,2024-10-07,15:45
3520,314.88,2024-10-07,16:00
3521,40.0,2024-10-07,16:15
3522,40.0,2024-10-07,16:30
3523,40.0,2024-10-07,16:45
3524,254.29,2024-10-07,17:00
3525,40.0,2024-10-07,17:15
3526,411.95,2024-10-07,17:30
3527,450.0,2024-10-07,17:45
3528,400.0,2024-10-07,18:00
3529,462.39,2024-10-07,18:15
3530,380.06,2024-10-07,18:30
3531,500.0,2024-10-07,18:45
3532,40.0,2024-10-07,19:00
3533,40.0,2024-10-07,19:15
3534,40.0,2024-10-07,19:30
3535,40.0,2024-10-07,19:45
3536,40.0,2024-10-07,20:00
3537,40.0,2024-10-07,20:15
3538,224.73,2024-10-07,20:30
3539,40.0,2024-10-07,20:45
3540,40.0,2024-10-07,21:00
3541,285.21,2024-10-07,21:15
3542,368.91,2024-10-07,21:30
3543,290.9,2024-10-07,21:45
3544,365.27,2024-10-07,22:00
3545,303.73,2024-10-07,22:15
3546,417.95,2024-10-07,22:30
3547,350.0,2024-10-07,22:45
3548,350.0,2024-10-07,23:00
3549,500.0,2024-10-07,23:15
3550,580.0,2024-10-07,23:30
3551,550.0,2024-10-07,23:45
3552,600.0,2024-10-07,24:00
3553,420.0,2024-10-08,00:15
3554,350.0,2024-10-08,00:30
3555,460.0,2024-10-08,00:45
3556,430.0,2024-10-08,01:00
3557,450.0,2024-10-08,01:15
3558,420.0,2024-10-08,01:30
3559,430.0,2024-10-08,01:45
3560,420.0,2024-10-08,02:00
3561,480.0,2024-10-08,02:15
3562,460.0,2024-10-08,02:30
3563,480.0,2024-10-08,02:45
3564,550.0,2024-10-08,03:00
3565,600.0,2024-10-08,03:15
3566,600.0,2024-10-08,03:30
3567,600.0,2024-10-08,03:45
3568,460.0,2024-10-08,04:00
3569,550.0,2024-10-08,04:15
3570,500.0,2024-10-08,04:30
3571,600.0,2024-10-08,04:45
3572,550.0,2024-10-08,05:00
3573,600.0,2024-10-08,05:15
3574,600.0,2024-10-08,05:30
3575,600.0,2024-10-08,05:45
3576,600.0,2024-10-08,06:00
3577,550.0,2024-10-08,06:15
3578,600.0,2024-10-08,06:30
3579,600.0,2024-10-08,06:45
3580,600.0,2024-10-08,07:00
3581,420.0,2024-10-08,07:15
3582,420.0,2024-10-08,07:30
3583,420.0,2024-10-08,07:45
3584,310.0,2024-10-08,08:00
3585,40.0,2024-10-08,08:15
3586,310.0,2024-10-08,08:30
3587,40.0,2024-10-08,08:45
3588,296.22,2024-10-08,09:00
3589,320.99,2024-10-08,09:15
3590,40.0,2024-10-08,09:30
3591,40.0,2024-10-08,09:45
3592,40.0,2024-10-08,10:00
3593,40.0,2024-10-08,10:15
3594,40.0,2024-10-08,10:30
3595,40.0,2024-10-08,10:45
3596,40.0,2024-10-08,11:00
3597,40.0,2024-10-08,11:15
3598,188.58,2024-10-08,11:30
3599,40.0,2024-10-08,11:45
3600,40.0,2024-10-08,12:00
3601,40.0,2024-10-08,12:15
3602,303.22,2024-10-08,12:30
3603,186.92,2024-10-08,12:45
3604,40.0,2024-10-08,13:00
3605,40.0,2024-10-08,13:15
3606,40.0,2024-10-08,13:30
3607,40.0,2024-10-08,13:45
3608,201.96,2024-10-08,14:00
3609,376.22,2024-10-08,14:15
3610,387.91,2024-10-08,14:30
3611,407.36,2024-10-08,14:45
3612,421.25,2024-10-08,15:00
3613,40.0,2024-10-08,15:15
3614,40.0,2024-10-08,15:30
3615,40.0,2024-10-08,15:45
3616,40.0,2024-10-08,16:00
3617,40.0,2024-10-08,16:15
3618,40.0,2024-10-08,16:30
3619,40.0,2024-10-08,16:45
3620,40.0,2024-10-08,17:00
3621,40.0,2024-10-08,17:15
3622,40.0,2024-10-08,17:30
3623,40.0,2024-10-08,17:45
3624,40.0,2024-10-08,18:00
3625,311.71,2024-10-08,18:15
3626,421.42,2024-10-08,18:30
3627,448.34,2024-10-08,18:45
3628,252.83,2024-10-08,19:00
3629,46.63,2024-10-08,19:15
3630,221.65,2024-10-08,19:30
3631,40.0,2024-10-08,19:45
3632,40.0,2024-10-08,20:00
3633,40.0,2024-10-08,20:15
3634,40.0,2024-10-08,20:30
3635,40.0,2024-10-08,20:45
3636,40.0,2024-10-08,21:00
3637,40.0,2024-10-08,21:15
3638,40.0,2024-10-08,21:30
3639,323.15,2024-10-08,21:45
3640,298.5,2024-10-08,22:00
3641,40.0,2024-10-08,22:15
3642,40.0,2024-10-08,22:30
3643,40.0,2024-10-08,22:45
3644,40.0,2024-10-08,23:00
3645,40.0,2024-10-08,23:15
3646,40.0,2024-10-08,23:30
3647,40.0,2024-10-08,23:45
3648,40.0,2024-10-08,24:00
3649,279.6,2024-10-09,00:15
3650,311.88,2024-10-09,00:30
3651,241.83,2024-10-09,00:45
3652,400.0,2024-10-09,01:00
3653,330.0,2024-10-09,01:15
3654,40.0,2024-10-09,01:30
3655,40.0,2024-10-09,01:45
3656,40.0,2024-10-09,02:00
3657,400.0,2024-10-09,02:15
3658,400.0,2024-10-09,02:30
3659,370.0,2024-10-09,02:45
3660,450.0,2024-10-09,03:00
3661,40.0,2024-10-09,03:15
3662,40.0,2024-10-09,03:30
3663,390.0,2024-10-09,03:45
3664,380.0,2024-10-09,04:00
3665,420.0,2024-10-09,04:15
3666,450.0,2024-10-09,04:30
3667,450.0,2024-10-09,04:45
3668,420.0,2024-10-09,05:00
3669,450.0,2024-10-09,05:15
3670,500.0,2024-10-09,05:30
3671,500.0,2024-10-09,05:45
3672,500.0,2024-10-09,06:00
3673,450.0,2024-10-09,06:15
3674,480.0,2024-10-09,06:30
3675,500.0,2024-10-09,06:45
3676,550.0,2024-10-09,07:00
3677,600.0,2024-10-09,07:15
3678,600.0,2024-10-09,07:30
3679,600.0,2024-10-09,07:45
3680,500.0,2024-10-09,08:00
3681,360.0,2024-10-09,08:15
3682,40.0,2024-10-09,08:30
3683,40.0,2024-10-09,08:45
3684,40.0,2024-10-09,09:00
3685,40.0,2024-10-09,09:15
3686,40.0,2024-10-09,09:30
3687,40.0,2024-10-09,09:45
3688,40.0,2024-10-09,10:00
3689,40.0,2024-10-09,10:15
3690,40.0,2024-10-09,10:30
3691,40.0,2024-10-09,10:45
3692,40.0,2024-10-09,11:00
3693,40.0,2024-10-09,11:15
3694,202.12,2024-10-09,11:30
3695,138.68,2024-10-09,11:45
3696,40.0,2024-10-09,12:00
3697,40.0,2024-10-09,12:15
3698,40.0,2024-10-09,12:30
3699,40.0,2024-10-09,12:45
3700,40.0,2024-10-09,13:00
3701,40.0,2024-10-09,13:15
3702,40.0,2024-10-09,13:30
3703,180.32,2024-10-09,13:45
3704,183.59,2024-10-09,14:00
3705,204.35,2024-10-09,14:15
3706,327.86,2024-10-09,14:30
3707,329.42,2024-10-09,14:45
3708,40.0,2024-10-09,15:00
3709,40.0,2024-10-09,15:15
3710,40.0,2024-10-09,15:30
3711,40.0,2024-10-09,15:45
3712,40.0,2024-10-09,16:00
3713,176.92,2024-10-09,16:15
3714,293.95,2024-10-09,16:30
3715,313.01,2024-10-09,16:45
3716,298.02,2024-10-09,17:00
3717,40.0,2024-10-09,17:15
3718,430.26,2024-10-09,17:30
3719,620.0,2024-10-09,17:45
3720,650.0,2024-10-09,18:00
3721,550.0,2024-10-09,18:15
3722,600.0,2024-10-09,18:30
3723,390.0,2024-10-09,18:45
3724,580.0,2024-10-09,19:00
3725,390.0,2024-10-09,19:15
3726,600.0,2024-10-09,19:30
3727,600.0,2024-10-09,19:45
3728,600.0,2024-10-09,20:00
3729,600.0,2024-10-09,20:15
3730,600.0,2024-10-09,20:30
3731,610.0,2024-10-09,20:45
3732,600.0,2024-10-09,21:00
3733,600.0,2024-10-09,21:15
3734,600.0,2024-10-09,21:30
3735,610.0,2024-10-09,21:45
3736,600.0,2024-10-09,22:00
3737,600.0,2024-10-09,22:15
3738,570.0,2024-10-09,22:30
3739,600.0,2024-10-09,22:45
3740,600.0,2024-10-09,23:00
3741,650.0,2024-10-09,23:15
3742,650.0,2024-10-09,23:30
3743,650.0,2024-10-09,23:45
3744,650.0,2024-10-09,24:00
3745,600.0,2024-10-10,00:15
3746,600.0,2024-10-10,00:30
3747,570.0,2024-10-10,00:45
3748,40.0,2024-10-10,01:00
3749,360.0,2024-10-10,01:15
3750,40.0,2024-10-10,01:30
3751,380.0,2024-10-10,01:45
3752,490.0,2024-10-10,02:00
3753,600.0,2024-10-10,02:15
3754,580.0,2024-10-10,02:30
3755,580.0,2024-10-10,02:45
3756,600.0,2024-10-10,03:00
3757,600.0,2024-10-10,03:15
3758,600.0,2024-10-10,03:30
3759,600.0,2024-10-10,03:45
3760,600.0,2024-10-10,04:00
3761,600.0,2024-10-10,04:15
3762,600.0,2024-10-10,04:30
3763,600.0,2024-10-10,04:45
3764,600.0,2024-10-10,05:00
3765,600.0,2024-10-10,05:15
3766,600.0,2024-10-10,05:30
3767,620.0,2024-10-10,05:45
3768,630.0,2024-10-10,06:00
3769,630.0,2024-10-10,06:15
3770,650.0,2024-10-10,06:30
3771,620.0,2024-10-10,06:45
3772,640.0,2024-10-10,07:00
3773,640.0,2024-10-10,07:15
3774,640.0,2024-10-10,07:30
3775,620.0,2024-10-10,07:45
3776,600.0,2024-10-10,08:00
3777,570.0,2024-10-10,08:15
3778,40.0,2024-10-10,08:30
3779,40.0,2024-10-10,08:45
3780,40.0,2024-10-10,09:00
3781,600.0,2024-10-10,09:15
3782,450.0,2024-10-10,09:30
3783,40.0,2024-10-10,09:45
3784,315.61,2024-10-10,10:00
3785,397.91,2024-10-10,10:15
3786,40.0,2024-10-10,10:30
3787,40.0,2024-10-10,10:45
3788,40.0,2024-10-10,11:00
3789,40.0,2024-10-10,11:15
3790,40.0,2024-10-10,11:30
3791,40.0,2024-10-10,11:45
3792,40.0,2024-10-10,12:00
3793,40.0,2024-10-10,12:15
3794,40.0,2024-10-10,12:30
3795,40.0,2024-10-10,12:45
3796,40.0,2024-10-10,13:00
3797,40.0,2024-10-10,13:15
3798,40.0,2024-10-10,13:30
3799,40.0,2024-10-10,13:45
3800,40.0,2024-10-10,14:00
3801,40.0,2024-10-10,14:15
3802,40.0,2024-10-10,14:30
3803,40.0,2024-10-10,14:45
3804,40.0,2024-10-10,15:00
3805,40.0,2024-10-10,15:15
3806,40.0,2024-10-10,15:30
3807,40.0,2024-10-10,15:45
3808,40.0,2024-10-10,16:00
3809,184.71,2024-10-10,16:15
3810,162.51,2024-10-10,16:30
3811,40.0,2024-10-10,16:45
3812,600.0,2024-10-10,17:00
3813,40.0,2024-10-10,17:15
3814,40.0,2024-10-10,17:30
3815,360.0,2024-10-10,17:45
3816,390.0,2024-10-10,18:00
3817,600.0,2024-10-10,18:15
3818,600.0,2024-10-10,18:30
3819,600.0,2024-10-10,18:45
3820,600.0,2024-10-10,19:00
3821,600.0,2024-10-10,19:15
3822,550.0,2024-10-10,19:30
3823,550.0,2024-10-10,19:45
3824,490.0,2024-10-10,20:00
3825,490.0,2024-10-10,20:15
3826,460.0,2024-10-10,20:30
3827,450.0,2024-10-10,20:45
3828,510.0,2024-10-10,21:00
3829,600.0,2024-10-10,21:15
3830,580.0,2024-10-10,21:30
3831,600.0,2024-10-10,21:45
3832,600.0,2024-10-10,22:00
3833,600.0,2024-10-10,22:15
3834,600.0,2024-10-10,22:30
3835,600.0,2024-10-10,22:45
3836,600.0,2024-10-10,23:00
3837,620.0,2024-10-10,23:15
3838,610.0,2024-10-10,23:30
3839,600.0,2024-10-10,23:45
3840,600.0,2024-10-10,24:00
3841,600.0,2024-10-11,00:15
3842,600.0,2024-10-11,00:30
3843,600.0,2024-10-11,00:45
3844,600.0,2024-10-11,01:00
3845,600.0,2024-10-11,01:15
3846,600.0,2024-10-11,01:30
3847,600.0,2024-10-11,01:45
3848,600.0,2024-10-11,02:00
3849,600.0,2024-10-11,02:15
3850,600.0,2024-10-11,02:30
3851,600.0,2024-10-11,02:45
3852,600.0,2024-10-11,03:00
3853,600.0,2024-10-11,03:15
3854,600.0,2024-10-11,03:30
3855,600.0,2024-10-11,03:45
3856,600.0,2024-10-11,04:00
3857,600.0,2024-10-11,04:15
3858,600.0,2024-10-11,04:30
3859,600.0,2024-10-11,04:45
3860,600.0,2024-10-11,05:00
3861,600.0,2024-10-11,05:15
3862,600.0,2024-10-11,05:30
3863,600.0,2024-10-11,05:45
3864,600.0,2024-10-11,06:00
3865,600.0,2024-10-11,06:15
3866,600.0,2024-10-11,06:30
3867,610.0,2024-10-11,06:45
3868,610.0,2024-10-11,07:00
3869,610.0,2024-10-11,07:15
3870,620.0,2024-10-11,07:30
3871,600.0,2024-10-11,07:45
3872,600.0,2024-10-11,08:00
3873,600.0,2024-10-11,08:15
3874,550.0,2024-10-11,08:30
3875,370.0,2024-10-11,08:45
3876,380.0,2024-10-11,09:00
3877,420.0,2024-10-11,09:15
3878,360.0,2024-10-11,09:30
3879,40.0,2024-10-11,09:45
3880,40.0,2024-10-11,10:00
3881,40.0,2024-10-11,10:15
3882,40.0,2024-10-11,10:30
3883,40.0,2024-10-11,10:45
3884,40.0,2024-10-11,11:00
3885,223.22,2024-10-11,11:15
3886,302.78,2024-10-11,11:30
3887,40.0,2024-10-11,11:45
3888,40.0,2024-10-11,12:00
3889,256.23,2024-10-11,12:15
3890,278.96,2024-10-11,12:30
3891,277.56,2024-10-11,12:45
3892,276.08,2024-10-11,13:00
3893,40.0,2024-10-11,13:15
3894,40.0,2024-10-11,13:30
3895,40.0,2024-10-11,13:45
3896,40.0,2024-10-11,14:00
3897,186.93,2024-10-11,14:15
3898,259.37,2024-10-11,14:30
3899,273.83,2024-10-11,14:45
3900,409.05,2024-10-11,15:00
3901,263.29,2024-10-11,15:15
3902,262.73,2024-10-11,15:30
3903,273.2,2024-10-11,15:45
3904,269.88,2024-10-11,16:00
3905,40.0,2024-10-11,16:15
3906,450.0,2024-10-11,16:30
3907,410.0,2024-10-11,16:45
3908,40.0,2024-10-11,17:00
3909,40.0,2024-10-11,17:15
3910,40.0,2024-10-11,17:30
3911,380.0,2024-10-11,17:45
3912,430.0,2024-10-11,18:00
3913,430.0,2024-10-11,18:15
3914,450.0,2024-10-11,18:30
3915,600.0,2024-10-11,18:45
3916,500.0,2024-10-11,19:00
3917,450.0,2024-10-11,19:15
3918,450.0,2024-10-11,19:30
3919,500.0,2024-10-11,19:45
3920,460.0,2024-10-11,20:00
3921,450.0,2024-10-11,20:15
3922,580.0,2024-10-11,20:30
3923,520.0,2024-10-11,20:45
3924,500.0,2024-10-11,21:00
3925,520.0,2024-10-11,21:15
3926,500.0,2024-10-11,21:30
3927,420.0,2024-10-11,21:45
3928,400.0,2024-10-11,22:00
3929,400.0,2024-10-11,22:15
3930,420.0,2024-10-11,22:30
3931,400.0,2024-10-11,22:45
3932,450.0,2024-10-11,23:00
3933,600.0,2024-10-11,23:15
3934,600.0,2024-10-11,23:30
3935,600.0,2024-10-11,23:45
3936,600.0,2024-10-11,24:00
3937,600.0,2024-10-12,00:15
3938,600.0,2024-10-12,00:30
3939,600.0,2024-10-12,00:45
3940,600.0,2024-10-12,01:00
3941,600.0,2024-10-12,01:15
3942,600.0,2024-10-12,01:30
3943,600.0,2024-10-12,01:45
3944,600.0,2024-10-12,02:00
3945,600.0,2024-10-12,02:15
3946,600.0,2024-10-12,02:30
3947,600.0,2024-10-12,02:45
3948,600.0,2024-10-12,03:00
3949,600.0,2024-10-12,03:15
3950,600.0,2024-10-12,03:30
3951,600.0,2024-10-12,03:45
3952,600.0,2024-10-12,04:00
3953,600.0,2024-10-12,04:15
3954,600.0,2024-10-12,04:30
3955,600.0,2024-10-12,04:45
3956,600.0,2024-10-12,05:00
3957,600.0,2024-10-12,05:15
3958,600.0,2024-10-12,05:30
3959,600.0,2024-10-12,05:45
3960,600.0,2024-10-12,06:00
3961,600.0,2024-10-12,06:15
3962,600.0,2024-10-12,06:30
3963,600.0,2024-10-12,06:45
3964,600.0,2024-10-12,07:00
3965,600.0,2024-10-12,07:15
3966,600.0,2024-10-12,07:30
3967,580.0,2024-10-12,07:45
3968,550.0,2024-10-12,08:00
3969,450.0,2024-10-12,08:15
3970,380.0,2024-10-12,08:30
3971,40.0,2024-10-12,08:45
3972,40.0,2024-10-12,09:00
3973,40.0,2024-10-12,09:15
3974,40.0,2024-10-12,09:30
3975,40.0,2024-10-12,09:45
3976,40.0,2024-10-12,10:00
3977,40.0,2024-10-12,10:15
3978,40.0,2024-10-12,10:30
3979,40.0,2024-10-12,10:45
3980,40.0,2024-10-12,11:00
3981,40.0,2024-10-12,11:15
3982,40.0,2024-10-12,11:30
3983,40.0,2024-10-12,11:45
3984,40.0,2024-10-12,12:00
3985,40.0,2024-10-12,12:15
3986,40.0,2024-10-12,12:30
3987,40.0,2024-10-12,12:45
3988,40.0,2024-10-12,13:00
3989,40.0,2024-10-12,13:15
3990,40.0,2024-10-12,13:30
3991,40.0,2024-10-12,13:45
3992,40.0,2024-10-12,14:00
3993,40.0,2024-10-12,14:15
3994,40.0,2024-10-12,14:30
3995,40.0,2024-10-12,14:45
3996,40.0,2024-10-12,15:00
3997,40.0,2024-10-12,15:15
3998,182.89,2024-10-12,15:30
3999,299.32,2024-10-12,15:45
4000,284.41,2024-10-12,16:00
4001,303.01,2024-10-12,16:15
4002,299.58,2024-10-12,16:30
4003,287.03,2024-10-12,16:45
4004,267.45,2024-10-12,17:00
4005,245.29,2024-10-12,17:15
4006,410.0,2024-10-12,17:30
4007,392.27,2024-10-12,17:45
4008,383.28,2024-10-12,18:00
4009,483.94,2024-10-12,18:15
4010,530.82,2024-10-12,18:30
4011,600.0,2024-10-12,18:45
4012,600.0,2024-10-12,19:00
4013,600.0,2024-10-12,19:15
4014,600.0,2024-10-12,19:30
4015,600.0,2024-10-12,19:45
4016,600.0,2024-10-12,20:00
4017,600.0,2024-10-12,20:15
4018,600.0,2024-10-12,20:30
4019,600.0,2024-10-12,20:45
4020,600.0,2024-10-12,21:00
4021,600.0,2024-10-12,21:15
4022,610.0,2024-10-12,21:30
4023,600.0,2024-10-12,21:45
4024,600.0,2024-10-12,22:00
4025,600.0,2024-10-12,22:15
4026,600.0,2024-10-12,22:30
4027,600.0,2024-10-12,22:45
4028,600.0,2024-10-12,23:00
4029,610.0,2024-10-12,23:15
4030,610.0,2024-10-12,23:30
4031,620.0,2024-10-12,23:45
4032,610.0,2024-10-12,24:00
4033,600.0,2024-10-13,00:15
4034,610.0,2024-10-13,00:30
4035,600.0,2024-10-13,00:45
4036,600.0,2024-10-13,01:00
4037,600.0,2024-10-13,01:15
4038,600.0,2024-10-13,01:30
4039,600.0,2024-10-13,01:45
4040,600.0,2024-10-13,02:00
4041,600.0,2024-10-13,02:15
4042,600.0,2024-10-13,02:30
4043,600.0,2024-10-13,02:45
4044,600.0,2024-10-13,03:00
4045,600.0,2024-10-13,03:15
4046,600.0,2024-10-13,03:30
4047,600.0,2024-10-13,03:45
4048,600.0,2024-10-13,04:00
4049,600.0,2024-10-13,04:15
4050,600.0,2024-10-13,04:30
4051,600.0,2024-10-13,04:45
4052,600.0,2024-10-13,05:00
4053,600.0,2024-10-13,05:15
4054,600.0,2024-10-13,05:30
4055,600.0,2024-10-13,05:45
4056,600.0,2024-10-13,06:00
4057,600.0,2024-10-13,06:15
4058,600.0,2024-10-13,06:30
4059,600.0,2024-10-13,06:45
4060,600.0,2024-10-13,07:00
4061,600.0,2024-10-13,07:15
4062,580.0,2024-10-13,07:30
4063,500.0,2024-10-13,07:45
4064,400.0,2024-10-13,08:00
4065,370.0,2024-10-13,08:15
4066,320.0,2024-10-13,08:30
4067,40.0,2024-10-13,08:45
4068,40.0,2024-10-13,09:00
4069,40.0,2024-10-13,09:15
4070,40.0,2024-10-13,09:30
4071,40.0,2024-10-13,09:45
4072,40.0,2024-10-13,10:00
4073,40.0,2024-10-13,10:15
4074,40.0,2024-10-13,10:30
4075,40.0,2024-10-13,10:45
4076,40.0,2024-10-13,11:00
4077,40.0,2024-10-13,11:15
4078,40.0,2024-10-13,11:30
4079,40.0,2024-10-13,11:45
4080,40.0,2024-10-13,12:00
4081,40.0,2024-10-13,12:15
4082,40.0,2024-10-13,12:30
4083,40.0,2024-10-13,12:45
4084,40.0,2024-10-13,13:00
4085,40.0,2024-10-13,13:15
4086,40.0,2024-10-13,13:30
4087,40.0,2024-10-13,13:45
4088,40.0,2024-10-13,14:00
4089,40.0,2024-10-13,14:15
4090,40.0,2024-10-13,14:30
4091,40.0,2024-10-13,14:45
4092,40.0,2024-10-13,15:00
4093,40.0,2024-10-13,15:15
4094,40.0,2024-10-13,15:30
4095,40.0,2024-10-13,15:45
4096,40.0,2024-10-13,16:00
4097,40.0,2024-10-13,16:15
4098,40.0,2024-10-13,16:30
4099,40.0,2024-10-13,16:45
4100,40.0,2024-10-13,17:00
4101,40.0,2024-10-13,17:15
4102,320.0,2024-10-13,17:30
4103,450.0,2024-10-13,17:45
4104,550.0,2024-10-13,18:00
4105,83.82,2024-10-13,18:15
4106,436.52,2024-10-13,18:30
4107,466.53,2024-10-13,18:45
4108,450.0,2024-10-13,19:00
4109,447.49,2024-10-13,19:15
4110,429.9,2024-10-13,19:30
4111,467.01,2024-10-13,19:45
4112,380.0,2024-10-13,20:00
4113,420.0,2024-10-13,20:15
4114,530.0,2024-10-13,20:30
4115,510.0,2024-10-13,20:45
4116,560.0,2024-10-13,21:00
4117,580.0,2024-10-13,21:15
4118,520.0,2024-10-13,21:30
4119,500.0,2024-10-13,21:45
4120,557.07,2024-10-13,22:00
4121,450.0,2024-10-13,22:15
4122,451.29,2024-10-13,22:30
4123,480.07,2024-10-13,22:45
4124,420.0,2024-10-13,23:00
4125,580.0,2024-10-13,23:15
4126,580.0,2024-10-13,23:30
4127,460.0,2024-10-13,23:45
4128,430.0,2024-10-13,24:00
4129,450.0,2024-10-14,00:15
4130,370.0,2024-10-14,00:30
4131,40.0,2024-10-14,00:45
4132,40.0,2024-10-14,01:00
4133,420.0,2024-10-14,01:15
4134,400.0,2024-10-14,01:30
4135,370.0,2024-10-14,01:45
4136,360.0,2024-10-14,02:00
4137,350.0,2024-10-14,02:15
4138,350.0,2024-10-14,02:30
4139,40.0,2024-10-14,02:45
4140,40.0,2024-10-14,03:00
4141,270.0,2024-10-14,03:15
4142,270.0,2024-10-14,03:30
4143,350.0,2024-10-14,03:45
4144,350.0,2024-10-14,04:00
4145,320.0,2024-10-14,04:15
4146,320.0,2024-10-14,04:30
4147,320.0,2024-10-14,04:45
4148,80.0,2024-10-14,05:00
4149,350.0,2024-10-14,05:15
4150,350.0,2024-10-14,05:30
4151,360.0,2024-10-14,05:45
4152,370.0,2024-10-14,06:00
4153,245.16,2024-10-14,06:15
4154,278.3,2024-10-14,06:30
4155,297.58,2024-10-14,06:45
4156,347.65,2024-10-14,07:00
4157,240.18,2024-10-14,07:15
4158,40.0,2024-10-14,07:30
4159,40.0,2024-10-14,07:45
4160,40.0,2024-10-14,08:00
4161,40.0,2024-10-14,08:15
4162,40.0,2024-10-14,08:30
4163,88.53,2024-10-14,08:45
4164,93.94,2024-10-14,09:00
4165,88.56,2024-10-14,09:15
4166,90.39,2024-10-14,09:30
4167,94.94,2024-10-14,09:45
4168,94.78,2024-10-14,10:00
4169,91.72,2024-10-14,10:15
4170,88.57,2024-10-14,10:30
4171,91.42,2024-10-14,10:45
4172,92.36,2024-10-14,11:00
4173,40.0,2024-10-14,11:15
4174,40.0,2024-10-14,11:30
4175,40.0,2024-10-14,11:45
4176,40.0,2024-10-14,12:00
4177,40.0,2024-10-14,12:15
4178,40.0,2024-10-14,12:30
4179,40.0,2024-10-14,12:45
4180,40.0,2024-10-14,13:00
4181,40.0,2024-10-14,13:15
4182,40.0,2024-10-14,13:30
4183,40.0,2024-10-14,13:45
4184,40.0,2024-10-14,14:00
4185,81.12,2024-10-14,14:15
4186,82.01,2024-10-14,14:30
4187,79.91,2024-10-14,14:45
4188,76.95,2024-10-14,15:00
4189,75.22,2024-10-14,15:15
4190,75.05,2024-10-14,15:30
4191,40.0,2024-10-14,15:45
4192,40.0,2024-10-14,16:00
4193,80.62,2024-10-14,16:15
4194,83.12,2024-10-14,16:30
4195,82.87,2024-10-14,16:45
4196,83.0,2024-10-14,17:00
4197,40.0,2024-10-14,17:15
4198,40.0,2024-10-14,17:30
4199,253.13,2024-10-14,17:45
4200,266.91,2024-10-14,18:00
4201,40.0,2024-10-14,18:15
4202,98.78,2024-10-14,18:30
4203,529.16,2024-10-14,18:45
4204,244.25,2024-10-14,19:00
4205,254.3,2024-10-14,19:15
4206,40.0,2024-10-14,19:30
4207,337.83,2024-10-14,19:45
4208,106.26,2024-10-14,20:00
4209,333.94,2024-10-14,20:15
4210,320.94,2024-10-14,20:30
4211,318.17,2024-10-14,20:45
4212,306.55,2024-10-14,21:00
4213,306.8,2024-10-14,21:15
4214,98.65,2024-10-14,21:30
4215,480.1,2024-10-14,21:45
4216,520.0,2024-10-14,22:00
4217,40.0,2024-10-14,22:15
4218,99.97,2024-10-14,22:30
4219,102.29,2024-10-14,22:45
4220,92.43,2024-10-14,23:00
4221,326.73,2024-10-14,23:15
4222,328.44,2024-10-14,23:30
4223,304.6,2024-10-14,23:45
4224,303.14,2024-10-14,24:00
4225,40.0,2024-10-15,00:15
4226,360.0,2024-10-15,00:30
4227,350.0,2024-10-15,00:45
4228,270.0,2024-10-15,01:00
4229,40.0,2024-10-15,01:15
4230,320.0,2024-10-15,01:30
4231,233.49,2024-10-15,01:45
4232,40.0,2024-10-15,02:00
4233,40.0,2024-10-15,02:15
4234,270.0,2024-10-15,02:30
4235,233.0,2024-10-15,02:45
4236,40.0,2024-10-15,03:00
4237,247.72,2024-10-15,03:15
4238,248.5,2024-10-15,03:30
4239,40.0,2024-10-15,03:45
4240,40.0,2024-10-15,04:00
4241,40.0,2024-10-15,04:15
4242,40.0,2024-10-15,04:30
4243,40.0,2024-10-15,04:45
4244,40.0,2024-10-15,05:00
4245,40.0,2024-10-15,05:15
4246,40.0,2024-10-15,05:30
4247,245.93,2024-10-15,05:45
4248,84.23,2024-10-15,06:00
4249,269.96,2024-10-15,06:15
4250,278.09,2024-10-15,06:30
4251,278.51,2024-10-15,06:45
4252,278.93,2024-10-15,07:00
4253,40.0,2024-10-15,07:15
4254,40.0,2024-10-15,07:30
4255,40.0,2024-10-15,07:45
4256,40.0,2024-10-15,08:00
4257,78.71,2024-10-15,08:15
4258,40.0,2024-10-15,08:30
4259,40.0,2024-10-15,08:45
4260,83.21,2024-10-15,09:00
4261,80.07,2024-10-15,09:15
4262,80.15,2024-10-15,09:30
4263,84.95,2024-10-15,09:45
4264,84.01,2024-10-15,10:00
4265,40.0,2024-10-15,10:15
4266,40.0,2024-10-15,10:30
4267,40.0,2024-10-15,10:45
4268,40.0,2024-10-15,11:00
4269,79.68,2024-10-15,11:15
4270,78.43,2024-10-15,11:30
4271,78.2,2024-10-15,11:45
4272,40.0,2024-10-15,12:00
4273,40.0,2024-10-15,12:15
4274,40.0,2024-10-15,12:30
4275,40.0,2024-10-15,12:45
4276,40.0,2024-10-15,13:00
4277,40.0,2024-10-15,13:15
4278,40.0,2024-10-15,13:30
4279,40.0,2024-10-15,13:45
4280,40.0,2024-10-15,14:00
4281,40.0,2024-10-15,14:15
4282,40.0,2024-10-15,14:30
4283,40.0,2024-10-15,14:45
4284,40.0,2024-10-15,15:00
4285,40.0,2024-10-15,15:15
4286,40.0,2024-10-15,15:30
4287,40.0,2024-10-15,15:45
4288,40.0,2024-10-15,16:00
4289,40.0,2024-10-15,16:15
4290,40.0,2024-10-15,16:30
4291,40.0,2024-10-15,16:45
4292,40.0,2024-10-15,17:00
4293,40.0,2024-10-15,17:15
4294,40.0,2024-10-15,17:30
4295,380.0,2024-10-15,17:45
4296,380.0,2024-10-15,18:00
4297,360.0,2024-10-15,18:15
4298,400.0,2024-10-15,18:30
4299,500.0,2024-10-15,18:45
4300,500.0,2024-10-15,19:00
4301,550.0,2024-10-15,19:15
4302,480.0,2024-10-15,19:30
4303,480.0,2024-10-15,19:45
4304,450.0,2024-10-15,20:00
4305,430.0,2024-10-15,20:15
4306,450.0,2024-10-15,20:30
4307,550.0,2024-10-15,20:45
4308,530.69,2024-10-15,21:00
4309,548.87,2024-10-15,21:15
4310,600.0,2024-10-15,21:30
4311,600.0,2024-10-15,21:45
4312,547.0,2024-10-15,22:00
4313,547.15,2024-10-15,22:15
4314,546.4,2024-10-15,22:30
4315,527.85,2024-10-15,22:45
4316,472.75,2024-10-15,23:00
4317,527.52,2024-10-15,23:15
4318,527.66,2024-10-15,23:30
4319,500.26,2024-10-15,23:45
4320,480.0,2024-10-15,24:00
4321,547.34,2024-10-16,00:15
4322,600.0,2024-10-16,00:30
4323,580.0,2024-10-16,00:45
4324,560.0,2024-10-16,01:00
4325,500.0,2024-10-16,01:15
4326,500.0,2024-10-16,01:30
4327,500.0,2024-10-16,01:45
4328,480.0,2024-10-16,02:00
4329,550.0,2024-10-16,02:15
4330,560.0,2024-10-16,02:30
4331,550.0,2024-10-16,02:45
4332,550.0,2024-10-16,03:00
4333,550.0,2024-10-16,03:15
4334,550.0,2024-10-16,03:30
4335,500.0,2024-10-16,03:45
4336,450.0,2024-10-16,04:00
4337,500.0,2024-10-16,04:15
4338,450.0,2024-10-16,04:30
4339,450.0,2024-10-16,04:45
4340,420.0,2024-10-16,05:00
4341,380.0,2024-10-16,05:15
4342,370.0,2024-10-16,05:30
4343,360.0,2024-10-16,05:45
4344,360.0,2024-10-16,06:00
4345,400.0,2024-10-16,06:15
4346,420.0,2024-10-16,06:30
4347,420.0,2024-10-16,06:45
4348,420.0,2024-10-16,07:00
4349,350.0,2024-10-16,07:15
4350,350.0,2024-10-16,07:30
4351,300.0,2024-10-16,07:45
4352,40.0,2024-10-16,08:00
4353,40.0,2024-10-16,08:15
4354,40.0,2024-10-16,08:30
4355,40.0,2024-10-16,08:45
4356,40.0,2024-10-16,09:00
4357,40.0,2024-10-16,09:15
4358,40.0,2024-10-16,09:30
4359,40.0,2024-10-16,09:45
4360,40.0,2024-10-16,10:00
4361,40.0,2024-10-16,10:15
4362,40.0,2024-10-16,10:30
4363,40.0,2024-10-16,10:45
4364,40.0,2024-10-16,11:00
4365,127.25,2024-10-16,11:15
4366,190.17,2024-10-16,11:30
4367,227.11,2024-10-16,11:45
4368,230.84,2024-10-16,12:00
4369,221.84,2024-10-16,12:15
4370,206.79,2024-10-16,12:30
4371,135.41,2024-10-16,12:45
4372,134.84,2024-10-16,13:00
4373,40.0,2024-10-16,13:15
4374,141.06,2024-10-16,13:30
4375,163.13,2024-10-16,13:45
4376,230.05,2024-10-16,14:00
4377,258.49,2024-10-16,14:15
4378,296.47,2024-10-16,14:30
4379,304.09,2024-10-16,14:45
4380,307.79,2024-10-16,15:00
4381,280.62,2024-10-16,15:15
4382,284.34,2024-10-16,15:30
4383,295.64,2024-10-16,15:45
4384,286.6,2024-10-16,16:00
4385,290.67,2024-10-16,16:15
4386,265.02,2024-10-16,16:30
4387,330.2,2024-10-16,16:45
4388,355.97,2024-10-16,17:00
4389,355.18,2024-10-16,17:15
4390,358.93,2024-10-16,17:30
4391,373.66,2024-10-16,17:45
4392,370.77,2024-10-16,18:00
4393,340.14,2024-10-16,18:15
4394,313.57,2024-10-16,18:30
4395,431.41,2024-10-16,18:45
4396,204.07,2024-10-16,19:00
4397,236.15,2024-10-16,19:15
4398,176.24,2024-10-16,19:30
4399,40.0,2024-10-16,19:45
4400,40.0,2024-10-16,20:00
4401,87.87,2024-10-16,20:15
4402,89.8,2024-10-16,20:30
4403,88.85,2024-10-16,20:45
4404,88.35,2024-10-16,21:00
4405,91.54,2024-10-16,21:15
4406,94.31,2024-10-16,21:30
4407,82.86,2024-10-16,21:45
4408,40.0,2024-10-16,22:00
4409,40.0,2024-10-16,22:15
4410,40.0,2024-10-16,22:30
4411,40.0,2024-10-16,22:45
4412,40.0,2024-10-16,23:00
4413,171.25,2024-10-16,23:15
4414,198.88,2024-10-16,23:30
4415,40.0,2024-10-16,23:45
4416,40.0,2024-10-16,24:00
4417,40.0,2024-10-17,00:15
4418,40.0,2024-10-17,00:30
4419,252.57,2024-10-17,00:45
4420,236.99,2024-10-17,01:00
4421,279.86,2024-10-17,01:15
4422,220.91,2024-10-17,01:30
4423,222.21,2024-10-17,01:45
4424,205.7,2024-10-17,02:00
4425,252.61,2024-10-17,02:15
4426,256.19,2024-10-17,02:30
4427,194.77,2024-10-17,02:45
4428,183.73,2024-10-17,03:00
4429,193.57,2024-10-17,03:15
4430,192.83,2024-10-17,03:30
4431,186.78,2024-10-17,03:45
4432,203.63,2024-10-17,04:00
4433,185.11,2024-10-17,04:15
4434,40.0,2024-10-17,04:30
4435,70.75,2024-10-17,04:45
4436,40.0,2024-10-17,05:00
4437,361.73,2024-10-17,05:15
4438,373.91,2024-10-17,05:30
4439,374.25,2024-10-17,05:45
4440,369.72,2024-10-17,06:00
4441,354.5,2024-10-17,06:15
4442,352.93,2024-10-17,06:30
4443,349.27,2024-10-17,06:45
4444,356.99,2024-10-17,07:00
4445,326.79,2024-10-17,07:15
4446,317.15,2024-10-17,07:30
4447,303.27,2024-10-17,07:45
4448,262.77,2024-10-17,08:00
4449,40.0,2024-10-17,08:15
4450,40.0,2024-10-17,08:30
4451,40.0,2024-10-17,08:45
4452,78.57,2024-10-17,09:00
4453,79.93,2024-10-17,09:15
4454,184.41,2024-10-17,09:30
4455,85.29,2024-10-17,09:45
4456,86.43,2024-10-17,10:00
4457,90.7,2024-10-17,10:15
4458,88.03,2024-10-17,10:30
4459,40.0,2024-10-17,10:45
4460,85.64,2024-10-17,11:00
4461,84.11,2024-10-17,11:15
4462,85.02,2024-10-17,11:30
4463,86.81,2024-10-17,11:45
4464,87.48,2024-10-17,12:00
4465,87.83,2024-10-17,12:15
4466,196.43,2024-10-17,12:30
4467,88.19,2024-10-17,12:45
4468,80.03,2024-10-17,13:00
4469,76.87,2024-10-17,13:15
4470,74.13,2024-10-17,13:30
4471,40.0,2024-10-17,13:45
4472,40.0,2024-10-17,14:00
4473,40.0,2024-10-17,14:15
4474,78.07,2024-10-17,14:30
4475,81.61,2024-10-17,14:45
4476,80.47,2024-10-17,15:00
4477,189.67,2024-10-17,15:15
4478,315.93,2024-10-17,15:30
4479,185.95,2024-10-17,15:45
4480,175.36,2024-10-17,16:00
4481,86.06,2024-10-17,16:15
4482,86.19,2024-10-17,16:30
4483,87.06,2024-10-17,16:45
4484,84.78,2024-10-17,17:00
4485,40.0,2024-10-17,17:15
4486,40.0,2024-10-17,17:30
4487,192.93,2024-10-17,17:45
4488,189.14,2024-10-17,18:00
4489,198.28,2024-10-17,18:15
4490,232.44,2024-10-17,18:30
4491,40.0,2024-10-17,18:45
4492,40.0,2024-10-17,19:00
4493,84.09,2024-10-17,19:15
4494,82.87,2024-10-17,19:30
4495,81.55,2024-10-17,19:45
4496,81.6,2024-10-17,20:00
4497,79.42,2024-10-17,20:15
4498,79.68,2024-10-17,20:30
4499,80.42,2024-10-17,20:45
4500,80.92,2024-10-17,21:00
4501,85.66,2024-10-17,21:15
4502,89.48,2024-10-17,21:30
4503,91.53,2024-10-17,21:45
4504,89.66,2024-10-17,22:00
4505,85.19,2024-10-17,22:15
4506,82.32,2024-10-17,22:30
4507,83.8,2024-10-17,22:45
4508,82.54,2024-10-17,23:00
4509,82.59,2024-10-17,23:15
4510,84.05,2024-10-17,23:30
4511,40.0,2024-10-17,23:45
4512,40.0,2024-10-17,24:00
4513,150.0,2024-10-18,00:15
4514,150.0,2024-10-18,00:30
4515,150.0,2024-10-18,00:45
4516,150.0,2024-10-18,01:00
4517,150.0,2024-10-18,01:15
4518,150.0,2024-10-18,01:30
4519,150.0,2024-10-18,01:45
4520,150.0,2024-10-18,02:00
4521,150.0,2024-10-18,02:15
4522,150.0,2024-10-18,02:30
4523,150.0,2024-10-18,02:45
4524,150.0,2024-10-18,03:00
4525,150.0,2024-10-18,03:15
4526,150.0,2024-10-18,03:30
4527,150.0,2024-10-18,03:45
4528,150.0,2024-10-18,04:00
4529,150.0,2024-10-18,04:15
4530,150.0,2024-10-18,04:30
4531,150.0,2024-10-18,04:45
4532,150.0,2024-10-18,05:00
4533,150.0,2024-10-18,05:15
4534,150.0,2024-10-18,05:30
4535,150.0,2024-10-18,05:45
4536,245.91,2024-10-18,06:00
4537,150.0,2024-10-18,06:15
4538,150.0,2024-10-18,06:30
4539,150.0,2024-10-18,06:45
4540,150.0,2024-10-18,07:00
4541,150.0,2024-10-18,07:15
4542,150.0,2024-10-18,07:30
4543,150.0,2024-10-18,07:45
4544,150.0,2024-10-18,08:00
4545,150.0,2024-10-18,08:15
4546,149.99,2024-10-18,08:30
4547,149.99,2024-10-18,08:45
4548,149.99,2024-10-18,09:00
4549,149.99,2024-10-18,09:15
4550,214.27,2024-10-18,09:30
4551,211.66,2024-10-18,09:45
4552,275.12,2024-10-18,10:00
4553,245.07,2024-10-18,10:15
4554,226.26,2024-10-18,10:30
4555,149.99,2024-10-18,10:45
4556,149.98,2024-10-18,11:00
4557,230.84,2024-10-18,11:15
4558,232.82,2024-10-18,11:30
4559,241.56,2024-10-18,11:45
4560,242.9,2024-10-18,12:00
4561,231.44,2024-10-18,12:15
4562,216.84,2024-10-18,12:30
4563,242.42,2024-10-18,12:45
4564,217.41,2024-10-18,13:00
4565,218.2,2024-10-18,13:15
4566,217.59,2024-10-18,13:30
4567,218.4,2024-10-18,13:45
4568,234.92,2024-10-18,14:00
4569,231.48,2024-10-18,14:15
4570,244.86,2024-10-18,14:30
4571,231.5,2024-10-18,14:45
4572,274.1,2024-10-18,15:00
4573,352.91,2024-10-18,15:15
4574,351.41,2024-10-18,15:30
4575,332.8,2024-10-18,15:45
4576,333.8,2024-10-18,16:00
4577,251.47,2024-10-18,16:15
4578,264.53,2024-10-18,16:30
4579,298.91,2024-10-18,16:45
4580,229.32,2024-10-18,17:00
4581,232.96,2024-10-18,17:15
4582,211.46,2024-10-18,17:30
4583,245.61,2024-10-18,17:45
4584,426.24,2024-10-18,18:00
4585,328.18,2024-10-18,18:15
4586,547.55,2024-10-18,18:30
4587,549.38,2024-10-18,18:45
4588,541.47,2024-10-18,19:00
4589,521.14,2024-10-18,19:15
4590,496.03,2024-10-18,19:30
4591,408.51,2024-10-18,19:45
4592,381.15,2024-10-18,20:00
4593,150.0,2024-10-18,20:15
4594,150.0,2024-10-18,20:30
4595,150.0,2024-10-18,20:45
4596,150.0,2024-10-18,21:00
4597,150.0,2024-10-18,21:15
4598,150.0,2024-10-18,21:30
4599,150.0,2024-10-18,21:45
4600,150.0,2024-10-18,22:00
4601,150.0,2024-10-18,22:15
4602,150.0,2024-10-18,22:30
4603,150.0,2024-10-18,22:45
4604,150.0,2024-10-18,23:00
4605,150.0,2024-10-18,23:15
4606,150.0,2024-10-18,23:30
4607,150.0,2024-10-18,23:45
4608,150.0,2024-10-18,24:00
4609,40.0,2024-10-19,00:15
4610,40.0,2024-10-19,00:30
4611,40.0,2024-10-19,00:45
4612,40.0,2024-10-19,01:00
4613,40.0,2024-10-19,01:15
4614,40.0,2024-10-19,01:30
4615,40.0,2024-10-19,01:45
4616,40.0,2024-10-19,02:00
4617,40.0,2024-10-19,02:15
4618,40.0,2024-10-19,02:30
4619,40.0,2024-10-19,02:45
4620,40.0,2024-10-19,03:00
4621,40.0,2024-10-19,03:15
4622,40.0,2024-10-19,03:30
4623,40.0,2024-10-19,03:45
4624,40.0,2024-10-19,04:00
4625,40.0,2024-10-19,04:15
4626,40.0,2024-10-19,04:30
4627,40.0,2024-10-19,04:45
4628,40.0,2024-10-19,05:00
4629,40.0,2024-10-19,05:15
4630,40.0,2024-10-19,05:30
4631,200.0,2024-10-19,05:45
4632,40.0,2024-10-19,06:00
4633,40.0,2024-10-19,06:15
4634,40.0,2024-10-19,06:30
4635,40.0,2024-10-19,06:45
4636,40.0,2024-10-19,07:00
4637,40.0,2024-10-19,07:15
4638,40.0,2024-10-19,07:30
4639,40.0,2024-10-19,07:45
4640,40.0,2024-10-19,08:00
4641,149.99,2024-10-19,08:15
4642,319.98,2024-10-19,08:30
4643,40.0,2024-10-19,08:45
4644,136.82,2024-10-19,09:00
4645,40.0,2024-10-19,09:15
4646,137.8,2024-10-19,09:30
4647,335.9,2024-10-19,09:45
4648,290.91,2024-10-19,10:00
4649,411.78,2024-10-19,10:15
4650,49.03,2024-10-19,10:30
4651,40.0,2024-10-19,10:45
4652,40.0,2024-10-19,11:00
4653,40.0,2024-10-19,11:15
4654,321.33,2024-10-19,11:30
4655,40.0,2024-10-19,11:45
4656,40.0,2024-10-19,12:00
4657,40.0,2024-10-19,12:15
4658,40.0,2024-10-19,12:30
4659,40.0,2024-10-19,12:45
4660,40.0,2024-10-19,13:00
4661,40.0,2024-10-19,13:15
4662,40.0,2024-10-19,13:30
4663,40.0,2024-10-19,13:45
4664,131.83,2024-10-19,14:00
4665,173.14,2024-10-19,14:15
4666,40.0,2024-10-19,14:30
4667,40.0,2024-10-19,14:45
4668,40.0,2024-10-19,15:00
4669,283.15,2024-10-19,15:15
4670,391.89,2024-10-19,15:30
4671,323.04,2024-10-19,15:45
4672,357.43,2024-10-19,16:00
4673,142.13,2024-10-19,16:15
4674,40.0,2024-10-19,16:30
4675,125.29,2024-10-19,16:45
4676,345.1,2024-10-19,17:00
4677,344.63,2024-10-19,17:15
4678,353.86,2024-10-19,17:30
4679,418.26,2024-10-19,17:45
4680,343.65,2024-10-19,18:00
4681,325.43,2024-10-19,18:15
4682,372.1,2024-10-19,18:30
4683,372.38,2024-10-19,18:45
4684,419.45,2024-10-19,19:00
4685,475.78,2024-10-19,19:15
4686,466.61,2024-10-19,19:30
4687,429.91,2024-10-19,19:45
4688,467.17,2024-10-19,20:00
4689,560.68,2024-10-19,20:15
4690,561.03,2024-10-19,20:30
4691,560.9,2024-10-19,20:45
4692,542.04,2024-10-19,21:00
4693,560.43,2024-10-19,21:15
4694,467.33,2024-10-19,21:30
4695,49.24,2024-10-19,21:45
4696,40.0,2024-10-19,22:00
4697,40.0,2024-10-19,22:15
4698,40.0,2024-10-19,22:30
4699,40.0,2024-10-19,22:45
4700,40.0,2024-10-19,23:00
4701,40.0,2024-10-19,23:15
4702,40.0,2024-10-19,23:30
4703,40.0,2024-10-19,23:45
4704,40.0,2024-10-19,24:00
4705,40.0,2024-10-20,00:15
4706,40.0,2024-10-20,00:30
4707,40.0,2024-10-20,00:45
4708,40.0,2024-10-20,01:00
4709,40.0,2024-10-20,01:15
4710,40.0,2024-10-20,01:30
4711,40.0,2024-10-20,01:45
4712,40.0,2024-10-20,02:00
4713,40.0,2024-10-20,02:15
4714,40.0,2024-10-20,02:30
4715,40.0,2024-10-20,02:45
4716,40.0,2024-10-20,03:00
4717,40.0,2024-10-20,03:15
4718,40.0,2024-10-20,03:30
4719,40.0,2024-10-20,03:45
4720,40.0,2024-10-20,04:00
4721,320.0,2024-10-20,04:15
4722,150.0,2024-10-20,04:30
4723,40.0,2024-10-20,04:45
4724,40.0,2024-10-20,05:00
4725,150.0,2024-10-20,05:15
4726,50.0,2024-10-20,05:30
4727,150.0,2024-10-20,05:45
4728,50.0,2024-10-20,06:00
4729,150.0,2024-10-20,06:15
4730,150.0,2024-10-20,06:30
4731,320.0,2024-10-20,06:45
4732,310.0,2024-10-20,07:00
4733,360.0,2024-10-20,07:15
4734,320.0,2024-10-20,07:30
4735,40.0,2024-10-20,07:45
4736,40.0,2024-10-20,08:00
4737,359.98,2024-10-20,08:15
4738,149.99,2024-10-20,08:30
4739,40.0,2024-10-20,08:45
4740,309.96,2024-10-20,09:00
4741,40.0,2024-10-20,09:15
4742,40.0,2024-10-20,09:30
4743,40.0,2024-10-20,09:45
4744,40.0,2024-10-20,10:00
4745,40.0,2024-10-20,10:15
4746,40.0,2024-10-20,10:30
4747,40.0,2024-10-20,10:45
4748,40.0,2024-10-20,11:00
4749,40.0,2024-10-20,11:15
4750,40.0,2024-10-20,11:30
4751,40.0,2024-10-20,11:45
4752,40.0,2024-10-20,12:00
4753,40.0,2024-10-20,12:15
4754,40.0,2024-10-20,12:30
4755,40.0,2024-10-20,12:45
4756,40.0,2024-10-20,13:00
4757,40.0,2024-10-20,13:15
4758,40.0,2024-10-20,13:30
4759,40.0,2024-10-20,13:45
4760,40.0,2024-10-20,14:00
4761,40.0,2024-10-20,14:15
4762,40.0,2024-10-20,14:30
4763,40.0,2024-10-20,14:45
4764,40.0,2024-10-20,15:00
4765,40.0,2024-10-20,15:15
4766,40.0,2024-10-20,15:30
4767,43.77,2024-10-20,15:45
4768,40.0,2024-10-20,16:00
4769,260.45,2024-10-20,16:15
4770,399.93,2024-10-20,16:30
4771,549.92,2024-10-20,16:45
4772,599.94,2024-10-20,17:00
4773,449.97,2024-10-20,17:15
4774,589.97,2024-10-20,17:30
4775,599.98,2024-10-20,17:45
4776,599.99,2024-10-20,18:00
4777,600.0,2024-10-20,18:15
4778,600.0,2024-10-20,18:30
4779,600.0,2024-10-20,18:45
4780,580.0,2024-10-20,19:00
4781,390.0,2024-10-20,19:15
4782,270.0,2024-10-20,19:30
4783,350.0,2024-10-20,19:45
4784,380.0,2024-10-20,20:00
4785,420.0,2024-10-20,20:15
4786,400.0,2024-10-20,20:30
4787,360.0,2024-10-20,20:45
4788,320.0,2024-10-20,21:00
4789,330.0,2024-10-20,21:15
4790,40.0,2024-10-20,21:30
4791,40.0,2024-10-20,21:45
4792,40.0,2024-10-20,22:00
4793,40.0,2024-10-20,22:15
4794,40.0,2024-10-20,22:30
4795,40.0,2024-10-20,22:45
4796,40.0,2024-10-20,23:00
4797,40.0,2024-10-20,23:15
4798,40.0,2024-10-20,23:30
4799,40.0,2024-10-20,23:45
4800,40.0,2024-10-20,24:00
4801,40.0,2024-10-21,00:15
4802,40.0,2024-10-21,00:30
4803,40.0,2024-10-21,00:45
4804,40.0,2024-10-21,01:00
4805,40.0,2024-10-21,01:15
4806,40.0,2024-10-21,01:30
4807,40.0,2024-10-21,01:45
4808,40.0,2024-10-21,02:00
4809,40.0,2024-10-21,02:15
4810,40.0,2024-10-21,02:30
4811,40.0,2024-10-21,02:45
4812,40.0,2024-10-21,03:00
4813,40.0,2024-10-21,03:15
4814,40.0,2024-10-21,03:30
4815,310.0,2024-10-21,03:45
4816,40.0,2024-10-21,04:00
4817,40.0,2024-10-21,04:15
4818,40.0,2024-10-21,04:30
4819,320.0,2024-10-21,04:45
4820,350.0,2024-10-21,05:00
4821,370.0,2024-10-21,05:15
4822,450.0,2024-10-21,05:30
4823,600.0,2024-10-21,05:45
4824,550.0,2024-10-21,06:00
4825,40.0,2024-10-21,06:15
4826,150.0,2024-10-21,06:30
4827,150.0,2024-10-21,06:45
4828,270.0,2024-10-21,07:00
4829,340.0,2024-10-21,07:15
4830,360.0,2024-10-21,07:30
4831,559.99,2024-10-21,07:45
4832,599.98,2024-10-21,08:00
4833,359.98,2024-10-21,08:15
4834,379.98,2024-10-21,08:30
4835,449.97,2024-10-21,08:45
4836,40.0,2024-10-21,09:00
4837,449.97,2024-10-21,09:15
4838,389.97,2024-10-21,09:30
4839,389.97,2024-10-21,09:45
4840,136.96,2024-10-21,10:00
4841,40.0,2024-10-21,10:15
4842,40.0,2024-10-21,10:30
4843,40.0,2024-10-21,10:45
4844,40.0,2024-10-21,11:00
4845,104.36,2024-10-21,11:15
4846,40.0,2024-10-21,11:30
4847,40.0,2024-10-21,11:45
4848,40.0,2024-10-21,12:00
4849,40.0,2024-10-21,12:15
4850,40.0,2024-10-21,12:30
4851,40.0,2024-10-21,12:45
4852,40.0,2024-10-21,13:00
4853,40.0,2024-10-21,13:15
4854,40.0,2024-10-21,13:30
4855,40.0,2024-10-21,13:45
4856,40.0,2024-10-21,14:00
4857,40.0,2024-10-21,14:15
4858,40.0,2024-10-21,14:30
4859,40.0,2024-10-21,14:45
4860,40.0,2024-10-21,15:00
4861,164.04,2024-10-21,15:15
4862,157.07,2024-10-21,15:30
4863,156.49,2024-10-21,15:45
4864,40.0,2024-10-21,16:00
4865,40.0,2024-10-21,16:15
4866,40.0,2024-10-21,16:30
4867,40.0,2024-10-21,16:45
4868,40.0,2024-10-21,17:00
4869,40.0,2024-10-21,17:15
4870,40.0,2024-10-21,17:30
4871,40.0,2024-10-21,17:45
4872,40.0,2024-10-21,18:00
4873,40.0,2024-10-21,18:15
4874,40.0,2024-10-21,18:30
4875,40.0,2024-10-21,18:45
4876,312.34,2024-10-21,19:00
4877,292.93,2024-10-21,19:15
4878,320.0,2024-10-21,19:30
4879,330.0,2024-10-21,19:45
4880,370.0,2024-10-21,20:00
4881,380.0,2024-10-21,20:15
4882,450.0,2024-10-21,20:30
4883,450.0,2024-10-21,20:45
4884,580.0,2024-10-21,21:00
4885,600.0,2024-10-21,21:15
4886,600.0,2024-10-21,21:30
4887,600.0,2024-10-21,21:45
4888,600.0,2024-10-21,22:00
4889,600.0,2024-10-21,22:15
4890,600.0,2024-10-21,22:30
4891,600.0,2024-10-21,22:45
4892,600.0,2024-10-21,23:00
4893,600.0,2024-10-21,23:15
4894,600.0,2024-10-21,23:30
4895,600.0,2024-10-21,23:45
4896,600.0,2024-10-21,24:00
4897,600.0,2024-10-22,00:15
4898,600.0,2024-10-22,00:30
4899,600.0,2024-10-22,00:45
4900,600.0,2024-10-22,01:00
4901,600.0,2024-10-22,01:15
4902,600.0,2024-10-22,01:30
4903,600.0,2024-10-22,01:45
4904,600.0,2024-10-22,02:00
4905,600.0,2024-10-22,02:15
4906,600.0,2024-10-22,02:30
4907,600.0,2024-10-22,02:45
4908,600.0,2024-10-22,03:00
4909,600.0,2024-10-22,03:15
4910,600.0,2024-10-22,03:30
4911,600.0,2024-10-22,03:45
4912,600.0,2024-10-22,04:00
4913,600.0,2024-10-22,04:15
4914,600.0,2024-10-22,04:30
4915,600.0,2024-10-22,04:45
4916,600.0,2024-10-22,05:00
4917,600.0,2024-10-22,05:15
4918,600.0,2024-10-22,05:30
4919,600.0,2024-10-22,05:45
4920,600.0,2024-10-22,06:00
4921,600.0,2024-10-22,06:15
4922,600.0,2024-10-22,06:30
4923,600.0,2024-10-22,06:45
4924,600.0,2024-10-22,07:00
4925,600.0,2024-10-22,07:15
4926,599.99,2024-10-22,07:30
4927,599.98,2024-10-22,07:45
4928,599.97,2024-10-22,08:00
4929,599.95,2024-10-22,08:15
4930,449.95,2024-10-22,08:30
4931,349.95,2024-10-22,08:45
4932,299.94,2024-10-22,09:00
4933,40.0,2024-10-22,09:15
4934,40.0,2024-10-22,09:30
4935,40.0,2024-10-22,09:45
4936,40.0,2024-10-22,10:00
4937,40.0,2024-10-22,10:15
4938,40.0,2024-10-22,10:30
4939,40.0,2024-10-22,10:45
4940,40.0,2024-10-22,11:00
4941,40.0,2024-10-22,11:15
4942,40.0,2024-10-22,11:30
4943,40.0,2024-10-22,11:45
4944,40.0,2024-10-22,12:00
4945,40.0,2024-10-22,12:15
4946,40.0,2024-10-22,12:30
4947,40.0,2024-10-22,12:45
4948,40.0,2024-10-22,13:00
4949,40.0,2024-10-22,13:15
4950,40.0,2024-10-22,13:30
4951,40.0,2024-10-22,13:45
4952,40.0,2024-10-22,14:00
4953,40.0,2024-10-22,14:15
4954,40.0,2024-10-22,14:30
4955,40.0,2024-10-22,14:45
4956,40.0,2024-10-22,15:00
4957,40.0,2024-10-22,15:15
4958,40.0,2024-10-22,15:30
4959,40.0,2024-10-22,15:45
4960,40.0,2024-10-22,16:00
4961,40.0,2024-10-22,16:15
4962,40.0,2024-10-22,16:30
4963,40.0,2024-10-22,16:45
4964,172.28,2024-10-22,17:00
4965,40.0,2024-10-22,17:15
4966,430.0,2024-10-22,17:30
4967,347.91,2024-10-22,17:45
4968,497.43,2024-10-22,18:00
4969,509.75,2024-10-22,18:15
4970,400.0,2024-10-22,18:30
4971,370.0,2024-10-22,18:45
4972,300.0,2024-10-22,19:00
4973,350.0,2024-10-22,19:15
4974,50.0,2024-10-22,19:30
4975,40.0,2024-10-22,19:45
4976,340.0,2024-10-22,20:00
4977,350.0,2024-10-22,20:15
4978,360.0,2024-10-22,20:30
4979,360.0,2024-10-22,20:45
4980,360.0,2024-10-22,21:00
4981,380.0,2024-10-22,21:15
4982,360.0,2024-10-22,21:30
4983,320.0,2024-10-22,21:45
4984,40.0,2024-10-22,22:00
4985,40.0,2024-10-22,22:15
4986,40.0,2024-10-22,22:30
4987,40.0,2024-10-22,22:45
4988,40.0,2024-10-22,23:00
4989,370.0,2024-10-22,23:15
4990,350.0,2024-10-22,23:30
4991,40.0,2024-10-22,23:45
4992,40.0,2024-10-22,24:00
4993,360.0,2024-10-23,00:15
4994,360.0,2024-10-23,00:30
4995,360.0,2024-10-23,00:45
4996,320.0,2024-10-23,01:00
4997,40.0,2024-10-23,01:15
4998,320.0,2024-10-23,01:30
4999,40.0,2024-10-23,01:45
5000,40.0,2024-10-23,02:00
5001,340.0,2024-10-23,02:15
5002,350.0,2024-10-23,02:30
5003,320.0,2024-10-23,02:45
5004,340.0,2024-10-23,03:00
5005,340.0,2024-10-23,03:15
5006,350.0,2024-10-23,03:30
5007,350.0,2024-10-23,03:45
5008,360.0,2024-10-23,04:00
5009,360.0,2024-10-23,04:15
5010,360.0,2024-10-23,04:30
5011,400.0,2024-10-23,04:45
5012,450.0,2024-10-23,05:00
5013,400.0,2024-10-23,05:15
5014,400.0,2024-10-23,05:30
5015,400.0,2024-10-23,05:45
5016,430.0,2024-10-23,06:00
5017,450.0,2024-10-23,06:15
5018,580.0,2024-10-23,06:30
5019,600.0,2024-10-23,06:45
5020,600.0,2024-10-23,07:00
5021,600.0,2024-10-23,07:15
5022,599.99,2024-10-23,07:30
5023,599.99,2024-10-23,07:45
5024,599.97,2024-10-23,08:00
5025,529.96,2024-10-23,08:15
5026,399.95,2024-10-23,08:30
5027,349.95,2024-10-23,08:45
5028,349.93,2024-10-23,09:00
5029,40.0,2024-10-23,09:15
5030,40.0,2024-10-23,09:30
5031,40.0,2024-10-23,09:45
5032,40.0,2024-10-23,10:00
5033,40.0,2024-10-23,10:15
5034,40.0,2024-10-23,10:30
5035,40.0,2024-10-23,10:45
5036,40.0,2024-10-23,11:00
5037,40.0,2024-10-23,11:15
5038,40.0,2024-10-23,11:30
5039,40.0,2024-10-23,11:45
5040,40.0,2024-10-23,12:00
5041,40.0,2024-10-23,12:15
5042,40.0,2024-10-23,12:30
5043,40.0,2024-10-23,12:45
5044,40.0,2024-10-23,13:00
5045,40.0,2024-10-23,13:15
5046,40.0,2024-10-23,13:30
5047,40.0,2024-10-23,13:45
5048,40.0,2024-10-23,14:00
5049,40.0,2024-10-23,14:15
5050,40.0,2024-10-23,14:30
5051,40.0,2024-10-23,14:45
5052,40.0,2024-10-23,15:00
5053,40.0,2024-10-23,15:15
5054,40.0,2024-10-23,15:30
5055,40.0,2024-10-23,15:45
5056,40.0,2024-10-23,16:00
5057,40.0,2024-10-23,16:15
5058,40.0,2024-10-23,16:30
5059,40.0,2024-10-23,16:45
5060,319.98,2024-10-23,17:00
5061,359.99,2024-10-23,17:15
5062,449.99,2024-10-23,17:30
5063,579.99,2024-10-23,17:45
5064,599.99,2024-10-23,18:00
5065,600.0,2024-10-23,18:15
5066,600.0,2024-10-23,18:30
5067,600.0,2024-10-23,18:45
5068,600.0,2024-10-23,19:00
5069,600.0,2024-10-23,19:15
5070,600.0,2024-10-23,19:30
5071,580.0,2024-10-23,19:45
5072,500.0,2024-10-23,20:00
5073,520.0,2024-10-23,20:15
5074,540.99,2024-10-23,20:30
5075,541.1,2024-10-23,20:45
5076,493.04,2024-10-23,21:00
5077,511.53,2024-10-23,21:15
5078,511.49,2024-10-23,21:30
5079,370.0,2024-10-23,21:45
5080,398.46,2024-10-23,22:00
5081,370.0,2024-10-23,22:15
5082,360.0,2024-10-23,22:30
5083,360.0,2024-10-23,22:45
5084,330.0,2024-10-23,23:00
5085,400.0,2024-10-23,23:15
5086,400.0,2024-10-23,23:30
5087,320.0,2024-10-23,23:45
5088,80.0,2024-10-23,24:00
5089,360.0,2024-10-24,00:15
5090,370.0,2024-10-24,00:30
5091,360.0,2024-10-24,00:45
5092,340.0,2024-10-24,01:00
5093,320.0,2024-10-24,01:15
5094,320.0,2024-10-24,01:30
5095,340.0,2024-10-24,01:45
5096,320.0,2024-10-24,02:00
5097,40.0,2024-10-24,02:15
5098,150.0,2024-10-24,02:30
5099,320.0,2024-10-24,02:45
5100,340.0,2024-10-24,03:00
5101,360.0,2024-10-24,03:15
5102,360.0,2024-10-24,03:30
5103,360.0,2024-10-24,03:45
5104,350.0,2024-10-24,04:00
5105,330.0,2024-10-24,04:15
5106,320.0,2024-10-24,04:30
5107,320.0,2024-10-24,04:45
5108,320.0,2024-10-24,05:00
5109,340.0,2024-10-24,05:15
5110,360.0,2024-10-24,05:30
5111,360.0,2024-10-24,05:45
5112,360.0,2024-10-24,06:00
5113,360.0,2024-10-24,06:15
5114,360.0,2024-10-24,06:30
5115,400.0,2024-10-24,06:45
5116,360.0,2024-10-24,07:00
5117,340.0,2024-10-24,07:15
5118,340.0,2024-10-24,07:30
5119,359.99,2024-10-24,07:45
5120,40.0,2024-10-24,08:00
5121,49.1,2024-10-24,08:15
5122,140.45,2024-10-24,08:30
5123,40.0,2024-10-24,08:45
5124,40.0,2024-10-24,09:00
5125,40.0,2024-10-24,09:15
5126,40.0,2024-10-24,09:30
5127,40.0,2024-10-24,09:45
5128,40.0,2024-10-24,10:00
5129,40.0,2024-10-24,10:15
5130,40.0,2024-10-24,10:30
5131,40.0,2024-10-24,10:45
5132,40.0,2024-10-24,11:00
5133,40.0,2024-10-24,11:15
5134,40.0,2024-10-24,11:30
5135,40.0,2024-10-24,11:45
5136,40.0,2024-10-24,12:00
5137,40.0,2024-10-24,12:15
5138,40.0,2024-10-24,12:30
5139,40.0,2024-10-24,12:45
5140,40.0,2024-10-24,13:00
5141,40.0,2024-10-24,13:15
5142,40.0,2024-10-24,13:30
5143,44.18,2024-10-24,13:45
5144,40.0,2024-10-24,14:00
5145,40.0,2024-10-24,14:15
5146,40.0,2024-10-24,14:30
5147,40.0,2024-10-24,14:45
5148,40.0,2024-10-24,15:00
5149,40.0,2024-10-24,15:15
5150,40.0,2024-10-24,15:30
5151,40.0,2024-10-24,15:45
5152,40.0,2024-10-24,16:00
5153,40.0,2024-10-24,16:15
5154,40.0,2024-10-24,16:30
5155,40.0,2024-10-24,16:45
5156,40.0,2024-10-24,17:00
5157,301.28,2024-10-24,17:15
5158,40.0,2024-10-24,17:30
5159,349.99,2024-10-24,17:45
5160,40.0,2024-10-24,18:00
5161,40.0,2024-10-24,18:15
5162,40.0,2024-10-24,18:30
5163,40.0,2024-10-24,18:45
5164,40.0,2024-10-24,19:00
5165,40.0,2024-10-24,19:15
5166,40.0,2024-10-24,19:30
5167,40.0,2024-10-24,19:45
5168,40.0,2024-10-24,20:00
5169,40.0,2024-10-24,20:15
5170,40.0,2024-10-24,20:30
5171,40.0,2024-10-24,20:45
5172,40.0,2024-10-24,21:00
5173,150.0,2024-10-24,21:15
5174,40.0,2024-10-24,21:30
5175,40.0,2024-10-24,21:45
5176,40.0,2024-10-24,22:00
5177,40.0,2024-10-24,22:15
5178,40.0,2024-10-24,22:30
5179,40.0,2024-10-24,22:45
5180,40.0,2024-10-24,23:00
5181,40.0,2024-10-24,23:15
5182,44.46,2024-10-24,23:30
5183,40.0,2024-10-24,23:45
5184,40.0,2024-10-24,24:00
5185,350.0,2024-10-25,00:15
5186,350.0,2024-10-25,00:30
5187,150.0,2024-10-25,00:45
5188,150.0,2024-10-25,01:00
5189,150.0,2024-10-25,01:15
5190,160.0,2024-10-25,01:30
5191,160.0,2024-10-25,01:45
5192,160.0,2024-10-25,02:00
5193,160.0,2024-10-25,02:15
5194,160.0,2024-10-25,02:30
5195,160.0,2024-10-25,02:45
5196,160.0,2024-10-25,03:00
5197,160.0,2024-10-25,03:15
5198,160.0,2024-10-25,03:30
5199,160.0,2024-10-25,03:45
5200,320.0,2024-10-25,04:00
5201,360.0,2024-10-25,04:15
5202,350.0,2024-10-25,04:30
5203,350.0,2024-10-25,04:45
5204,320.0,2024-10-25,05:00
5205,320.0,2024-10-25,05:15
5206,160.0,2024-10-25,05:30
5207,330.0,2024-10-25,05:45
5208,350.0,2024-10-25,06:00
5209,360.0,2024-10-25,06:15
5210,370.0,2024-10-25,06:30
5211,370.0,2024-10-25,06:45
5212,420.0,2024-10-25,07:00
5213,350.0,2024-10-25,07:15
5214,350.0,2024-10-25,07:30
5215,359.99,2024-10-25,07:45
5216,319.99,2024-10-25,08:00
5217,349.99,2024-10-25,08:15
5218,319.98,2024-10-25,08:30
5219,159.99,2024-10-25,08:45
5220,159.99,2024-10-25,09:00
5221,159.99,2024-10-25,09:15
5222,159.99,2024-10-25,09:30
5223,319.96,2024-10-25,09:45
5224,349.93,2024-10-25,10:00
5225,159.98,2024-10-25,10:15
5226,159.97,2024-10-25,10:30
5227,159.97,2024-10-25,10:45
5228,158.97,2024-10-25,11:00
5229,149.98,2024-10-25,11:15
5230,154.43,2024-10-25,11:30
5231,154.36,2024-10-25,11:45
5232,154.57,2024-10-25,12:00
5233,287.54,2024-10-25,12:15
5234,254.46,2024-10-25,12:30
5235,249.11,2024-10-25,12:45
5236,154.45,2024-10-25,13:00
5237,149.98,2024-10-25,13:15
5238,154.13,2024-10-25,13:30
5239,154.04,2024-10-25,13:45
5240,154.22,2024-10-25,14:00
5241,264.76,2024-10-25,14:15
5242,289.84,2024-10-25,14:30
5243,271.04,2024-10-25,14:45
5244,292.74,2024-10-25,15:00
5245,386.94,2024-10-25,15:15
5246,381.93,2024-10-25,15:30
5247,299.43,2024-10-25,15:45
5248,282.82,2024-10-25,16:00
5249,261.02,2024-10-25,16:15
5250,154.26,2024-10-25,16:30
5251,155.88,2024-10-25,16:45
5252,160.0,2024-10-25,17:00
5253,150.0,2024-10-25,17:15
5254,160.0,2024-10-25,17:30
5255,330.0,2024-10-25,17:45
5256,360.0,2024-10-25,18:00
5257,350.0,2024-10-25,18:15
5258,360.0,2024-10-25,18:30
5259,370.0,2024-10-25,18:45
5260,360.0,2024-10-25,19:00
5261,360.0,2024-10-25,19:15
5262,400.0,2024-10-25,19:30
5263,450.0,2024-10-25,19:45
5264,450.0,2024-10-25,20:00
5265,450.0,2024-10-25,20:15
5266,500.0,2024-10-25,20:30
5267,600.0,2024-10-25,20:45
5268,450.0,2024-10-25,21:00
5269,450.0,2024-10-25,21:15
5270,530.0,2024-10-25,21:30
5271,500.0,2024-10-25,21:45
5272,450.0,2024-10-25,22:00
5273,320.0,2024-10-25,22:15
5274,350.0,2024-10-25,22:30
5275,360.0,2024-10-25,22:45
5276,370.0,2024-10-25,23:00
5277,600.0,2024-10-25,23:15
5278,600.0,2024-10-25,23:30
5279,600.0,2024-10-25,23:45
5280,580.0,2024-10-25,24:00
5281,600.0,2024-10-26,00:15
5282,600.0,2024-10-26,00:30
5283,600.0,2024-10-26,00:45
5284,600.0,2024-10-26,01:00
5285,600.0,2024-10-26,01:15
5286,600.0,2024-10-26,01:30
5287,600.0,2024-10-26,01:45
5288,600.0,2024-10-26,02:00
5289,600.0,2024-10-26,02:15
5290,600.0,2024-10-26,02:30
5291,600.0,2024-10-26,02:45
5292,600.0,2024-10-26,03:00
5293,600.0,2024-10-26,03:15
5294,600.0,2024-10-26,03:30
5295,600.0,2024-10-26,03:45
5296,600.0,2024-10-26,04:00
5297,600.0,2024-10-26,04:15
5298,600.0,2024-10-26,04:30
5299,600.0,2024-10-26,04:45
5300,600.0,2024-10-26,05:00
5301,610.0,2024-10-26,05:15
5302,600.0,2024-10-26,05:30
5303,620.0,2024-10-26,05:45
5304,620.0,2024-10-26,06:00
5305,620.0,2024-10-26,06:15
5306,620.0,2024-10-26,06:30
5307,620.0,2024-10-26,06:45
5308,620.0,2024-10-26,07:00
5309,600.0,2024-10-26,07:15
5310,599.99,2024-10-26,07:30
5311,599.99,2024-10-26,07:45
5312,599.98,2024-10-26,08:00
5313,599.98,2024-10-26,08:15
5314,599.97,2024-10-26,08:30
5315,599.96,2024-10-26,08:45
5316,484.34,2024-10-26,09:00
5317,476.0,2024-10-26,09:15
5318,469.34,2024-10-26,09:30
5319,443.75,2024-10-26,09:45
5320,442.0,2024-10-26,10:00
5321,419.5,2024-10-26,10:15
5322,421.24,2024-10-26,10:30
5323,428.32,2024-10-26,10:45
5324,405.67,2024-10-26,11:00
5325,399.15,2024-10-26,11:15
5326,418.32,2024-10-26,11:30
5327,421.7,2024-10-26,11:45
5328,433.33,2024-10-26,12:00
5329,419.25,2024-10-26,12:15
5330,447.22,2024-10-26,12:30
5331,443.95,2024-10-26,12:45
5332,422.92,2024-10-26,13:00
5333,402.66,2024-10-26,13:15
5334,391.83,2024-10-26,13:30
5335,423.02,2024-10-26,13:45
5336,312.79,2024-10-26,14:00
5337,301.7,2024-10-26,14:15
5338,334.98,2024-10-26,14:30
5339,416.54,2024-10-26,14:45
5340,442.84,2024-10-26,15:00
5341,447.43,2024-10-26,15:15
5342,443.06,2024-10-26,15:30
5343,443.58,2024-10-26,15:45
5344,423.54,2024-10-26,16:00
5345,419.96,2024-10-26,16:15
5346,452.94,2024-10-26,16:30
5347,475.19,2024-10-26,16:45
5348,437.67,2024-10-26,17:00
5349,504.54,2024-10-26,17:15
5350,505.88,2024-10-26,17:30
5351,527.78,2024-10-26,17:45
5352,496.39,2024-10-26,18:00
5353,498.89,2024-10-26,18:15
5354,517.29,2024-10-26,18:30
5355,557.6,2024-10-26,18:45
5356,559.03,2024-10-26,19:00
5357,509.36,2024-10-26,19:15
5358,508.29,2024-10-26,19:30
5359,527.03,2024-10-26,19:45
5360,506.75,2024-10-26,20:00
5361,516.27,2024-10-26,20:15
5362,527.06,2024-10-26,20:30
5363,518.97,2024-10-26,20:45
5364,539.27,2024-10-26,21:00
5365,503.21,2024-10-26,21:15
5366,497.9,2024-10-26,21:30
5367,472.11,2024-10-26,21:45
5368,467.73,2024-10-26,22:00
5369,523.21,2024-10-26,22:15
5370,519.11,2024-10-26,22:30
5371,514.78,2024-10-26,22:45
5372,508.65,2024-10-26,23:00
5373,469.53,2024-10-26,23:15
5374,528.19,2024-10-26,23:30
5375,527.5,2024-10-26,23:45
5376,510.85,2024-10-26,24:00
5377,527.28,2024-10-27,00:15
5378,515.24,2024-10-27,00:30
5379,524.14,2024-10-27,00:45
5380,460.71,2024-10-27,01:00
5381,463.85,2024-10-27,01:15
5382,477.37,2024-10-27,01:30
5383,478.38,2024-10-27,01:45
5384,477.51,2024-10-27,02:00
5385,521.64,2024-10-27,02:15
5386,490.78,2024-10-27,02:30
5387,483.67,2024-10-27,02:45
5388,479.88,2024-10-27,03:00
5389,475.23,2024-10-27,03:15
5390,535.63,2024-10-27,03:30
5391,535.46,2024-10-27,03:45
5392,464.74,2024-10-27,04:00
5393,472.71,2024-10-27,04:15
5394,497.48,2024-10-27,04:30
5395,498.64,2024-10-27,04:45
5396,497.01,2024-10-27,05:00
5397,499.52,2024-10-27,05:15
5398,503.13,2024-10-27,05:30
5399,501.57,2024-10-27,05:45
5400,555.27,2024-10-27,06:00
5401,524.16,2024-10-27,06:15
5402,507.81,2024-10-27,06:30
5403,511.7,2024-10-27,06:45
5404,514.48,2024-10-27,07:00
5405,483.37,2024-10-27,07:15
5406,533.72,2024-10-27,07:30
5407,487.09,2024-10-27,07:45
5408,484.78,2024-10-27,08:00
5409,485.85,2024-10-27,08:15
5410,478.95,2024-10-27,08:30
5411,486.5,2024-10-27,08:45
5412,488.06,2024-10-27,09:00
5413,416.66,2024-10-27,09:15
5414,279.53,2024-10-27,09:30
5415,40.0,2024-10-27,09:45
5416,190.44,2024-10-27,10:00
5417,40.0,2024-10-27,10:15
5418,40.0,2024-10-27,10:30
5419,40.0,2024-10-27,10:45
5420,40.0,2024-10-27,11:00
5421,40.0,2024-10-27,11:15
5422,40.0,2024-10-27,11:30
5423,40.0,2024-10-27,11:45
5424,40.0,2024-10-27,12:00
5425,40.0,2024-10-27,12:15
5426,40.0,2024-10-27,12:30
5427,40.0,2024-10-27,12:45
5428,40.0,2024-10-27,13:00
5429,40.0,2024-10-27,13:15
5430,40.0,2024-10-27,13:30
5431,40.0,2024-10-27,13:45
5432,40.0,2024-10-27,14:00
5433,40.0,2024-10-27,14:15
5434,40.0,2024-10-27,14:30
5435,40.0,2024-10-27,14:45
5436,40.0,2024-10-27,15:00
5437,40.0,2024-10-27,15:15
5438,40.0,2024-10-27,15:30
5439,40.0,2024-10-27,15:45
5440,40.0,2024-10-27,16:00
5441,224.92,2024-10-27,16:15
5442,256.57,2024-10-27,16:30
5443,381.69,2024-10-27,16:45
5444,446.16,2024-10-27,17:00
5445,513.25,2024-10-27,17:15
5446,511.95,2024-10-27,17:30
5447,509.64,2024-10-27,17:45
5448,513.99,2024-10-27,18:00
5449,548.38,2024-10-27,18:15
5450,543.59,2024-10-27,18:30
5451,524.07,2024-10-27,18:45
5452,516.33,2024-10-27,19:00
5453,527.74,2024-10-27,19:15
5454,537.65,2024-10-27,19:30
5455,537.34,2024-10-27,19:45
5456,516.32,2024-10-27,20:00
5457,527.11,2024-10-27,20:15
5458,532.28,2024-10-27,20:30
5459,515.72,2024-10-27,20:45
5460,564.1,2024-10-27,21:00
5461,564.22,2024-10-27,21:15
5462,564.3,2024-10-27,21:30
5463,562.52,2024-10-27,21:45
5464,563.13,2024-10-27,22:00
5465,563.18,2024-10-27,22:15
5466,578.6,2024-10-27,22:30
5467,600.0,2024-10-27,22:45
5468,600.0,2024-10-27,23:00
5469,610.0,2024-10-27,23:15
5470,600.0,2024-10-27,23:30
5471,600.0,2024-10-27,23:45
5472,600.0,2024-10-27,24:00
5473,568.54,2024-10-28,00:15
5474,600.0,2024-10-28,00:30
5475,568.24,2024-10-28,00:45
5476,600.0,2024-10-28,01:00
5477,564.86,2024-10-28,01:15
5478,580.0,2024-10-28,01:30
5479,600.0,2024-10-28,01:45
5480,600.0,2024-10-28,02:00
5481,600.0,2024-10-28,02:15
5482,600.0,2024-10-28,02:30
5483,577.39,2024-10-28,02:45
5484,574.7,2024-10-28,03:00
5485,577.17,2024-10-28,03:15
5486,600.0,2024-10-28,03:30
5487,545.31,2024-10-28,03:45
5488,580.0,2024-10-28,04:00
5489,580.0,2024-10-28,04:15
5490,600.0,2024-10-28,04:30
5491,580.0,2024-10-28,04:45
5492,546.23,2024-10-28,05:00
5493,542.92,2024-10-28,05:15
5494,545.94,2024-10-28,05:30
5495,580.0,2024-10-28,05:45
5496,580.0,2024-10-28,06:00
5497,580.0,2024-10-28,06:15
5498,566.38,2024-10-28,06:30
5499,567.11,2024-10-28,06:45
5500,568.34,2024-10-28,07:00
5501,567.45,2024-10-28,07:15
5502,558.06,2024-10-28,07:30
5503,548.68,2024-10-28,07:45
5504,599.98,2024-10-28,08:00
5505,599.96,2024-10-28,08:15
5506,478.38,2024-10-28,08:30
5507,482.67,2024-10-28,08:45
5508,359.81,2024-10-28,09:00
5509,314.37,2024-10-28,09:15
5510,40.0,2024-10-28,09:30
5511,40.0,2024-10-28,09:45
5512,192.17,2024-10-28,10:00
5513,40.0,2024-10-28,10:15
5514,40.0,2024-10-28,10:30
5515,40.0,2024-10-28,10:45
5516,40.0,2024-10-28,11:00
5517,40.0,2024-10-28,11:15
5518,40.0,2024-10-28,11:30
5519,40.0,2024-10-28,11:45
5520,40.0,2024-10-28,12:00
5521,40.0,2024-10-28,12:15
5522,40.0,2024-10-28,12:30
5523,40.0,2024-10-28,12:45
5524,40.0,2024-10-28,13:00
5525,40.0,2024-10-28,13:15
5526,40.0,2024-10-28,13:30
5527,40.0,2024-10-28,13:45
5528,40.0,2024-10-28,14:00
5529,40.0,2024-10-28,14:15
5530,40.0,2024-10-28,14:30
5531,40.0,2024-10-28,14:45
5532,40.0,2024-10-28,15:00
5533,40.0,2024-10-28,15:15
5534,40.0,2024-10-28,15:30
5535,40.0,2024-10-28,15:45
5536,40.0,2024-10-28,16:00
5537,230.76,2024-10-28,16:15
5538,267.12,2024-10-28,16:30
5539,417.8,2024-10-28,16:45
5540,472.0,2024-10-28,17:00
5541,510.04,2024-10-28,17:15
5542,513.8,2024-10-28,17:30
5543,531.56,2024-10-28,17:45
5544,531.73,2024-10-28,18:00
5545,544.99,2024-10-28,18:15
5546,543.37,2024-10-28,18:30
5547,536.21,2024-10-28,18:45
5548,488.43,2024-10-28,19:00
5549,502.39,2024-10-28,19:15
5550,496.01,2024-10-28,19:30
5551,494.24,2024-10-28,19:45
5552,493.87,2024-10-28,20:00
5553,514.63,2024-10-28,20:15
5554,523.82,2024-10-28,20:30
5555,522.48,2024-10-28,20:45
5556,521.35,2024-10-28,21:00
5557,523.64,2024-10-28,21:15
5558,525.12,2024-10-28,21:30
5559,522.91,2024-10-28,21:45
5560,521.4,2024-10-28,22:00
5561,474.62,2024-10-28,22:15
5562,398.08,2024-10-28,22:30
5563,407.42,2024-10-28,22:45
5564,371.17,2024-10-28,23:00
5565,477.16,2024-10-28,23:15
5566,453.71,2024-10-28,23:30
5567,418.94,2024-10-28,23:45
5568,406.62,2024-10-28,24:00
5569,555.13,2024-10-29,00:15
5570,561.45,2024-10-29,00:30
5571,556.97,2024-10-29,00:45
5572,557.69,2024-10-29,01:00
5573,555.79,2024-10-29,01:15
5574,486.77,2024-10-29,01:30
5575,509.38,2024-10-29,01:45
5576,511.58,2024-10-29,02:00
5577,510.65,2024-10-29,02:15
5578,509.48,2024-10-29,02:30
5579,507.64,2024-10-29,02:45
5580,556.48,2024-10-29,03:00
5581,556.08,2024-10-29,03:15
5582,518.52,2024-10-29,03:30
5583,507.55,2024-10-29,03:45
5584,505.96,2024-10-29,04:00
5585,532.56,2024-10-29,04:15
5586,522.51,2024-10-29,04:30
5587,515.78,2024-10-29,04:45
5588,502.81,2024-10-29,05:00
5589,510.61,2024-10-29,05:15
5590,507.42,2024-10-29,05:30
5591,515.82,2024-10-29,05:45
5592,505.9,2024-10-29,06:00
5593,518.71,2024-10-29,06:15
5594,514.74,2024-10-29,06:30
5595,516.27,2024-10-29,06:45
5596,484.86,2024-10-29,07:00
5597,527.23,2024-10-29,07:15
5598,520.43,2024-10-29,07:30
5599,459.72,2024-10-29,07:45
5600,456.75,2024-10-29,08:00
5601,457.81,2024-10-29,08:15
5602,440.92,2024-10-29,08:30
5603,318.12,2024-10-29,08:45
5604,40.0,2024-10-29,09:00
5605,40.0,2024-10-29,09:15
5606,40.0,2024-10-29,09:30
5607,40.0,2024-10-29,09:45
5608,40.0,2024-10-29,10:00
5609,40.0,2024-10-29,10:15
5610,40.0,2024-10-29,10:30
5611,40.0,2024-10-29,10:45
5612,40.0,2024-10-29,11:00
5613,40.0,2024-10-29,11:15
5614,40.0,2024-10-29,11:30
5615,40.0,2024-10-29,11:45
5616,40.0,2024-10-29,12:00
5617,40.0,2024-10-29,12:15
5618,40.0,2024-10-29,12:30
5619,40.0,2024-10-29,12:45
5620,40.0,2024-10-29,13:00
5621,40.0,2024-10-29,13:15
5622,40.0,2024-10-29,13:30
5623,40.0,2024-10-29,13:45
5624,40.0,2024-10-29,14:00
5625,40.0,2024-10-29,14:15
5626,40.0,2024-10-29,14:30
5627,191.92,2024-10-29,14:45
5628,40.0,2024-10-29,15:00
5629,192.97,2024-10-29,15:15
5630,193.3,2024-10-29,15:30
5631,365.5,2024-10-29,15:45
5632,439.51,2024-10-29,16:00
5633,461.83,2024-10-29,16:15
5634,470.34,2024-10-29,16:30
5635,488.91,2024-10-29,16:45
5636,496.27,2024-10-29,17:00
5637,490.92,2024-10-29,17:15
5638,503.69,2024-10-29,17:30
5639,500.13,2024-10-29,17:45
5640,492.07,2024-10-29,18:00
5641,516.56,2024-10-29,18:15
5642,528.44,2024-10-29,18:30
5643,533.2,2024-10-29,18:45
5644,509.02,2024-10-29,19:00
5645,503.14,2024-10-29,19:15
5646,537.72,2024-10-29,19:30
5647,477.95,2024-10-29,19:45
5648,536.12,2024-10-29,20:00
5649,550.46,2024-10-29,20:15
5650,549.85,2024-10-29,20:30
5651,540.44,2024-10-29,20:45
5652,543.48,2024-10-29,21:00
5653,548.51,2024-10-29,21:15
5654,564.36,2024-10-29,21:30
5655,564.9,2024-10-29,21:45
5656,557.32,2024-10-29,22:00
5657,596.16,2024-10-29,22:15
5658,575.88,2024-10-29,22:30
5659,576.63,2024-10-29,22:45
5660,576.95,2024-10-29,23:00
5661,597.79,2024-10-29,23:15
5662,598.21,2024-10-29,23:30
5663,598.56,2024-10-29,23:45
5664,598.73,2024-10-29,24:00
5665,583.94,2024-10-30,00:15
5666,579.22,2024-10-30,00:30
5667,564.46,2024-10-30,00:45
5668,575.71,2024-10-30,01:00
5669,600.18,2024-10-30,01:15
5670,599.46,2024-10-30,01:30
5671,611.19,2024-10-30,01:45
5672,589.7,2024-10-30,02:00
5673,604.54,2024-10-30,02:15
5674,607.12,2024-10-30,02:30
5675,599.6,2024-10-30,02:45
5676,599.58,2024-10-30,03:00
5677,599.61,2024-10-30,03:15
5678,609.64,2024-10-30,03:30
5679,599.65,2024-10-30,03:45
5680,599.64,2024-10-30,04:00
5681,599.62,2024-10-30,04:15
5682,599.62,2024-10-30,04:30
5683,599.61,2024-10-30,04:45
5684,599.63,2024-10-30,05:00
5685,599.62,2024-10-30,05:15
5686,599.63,2024-10-30,05:30
5687,599.64,2024-10-30,05:45
5688,599.67,2024-10-30,06:00
5689,599.67,2024-10-30,06:15
5690,599.68,2024-10-30,06:30
5691,619.97,2024-10-30,06:45
5692,619.92,2024-10-30,07:00
5693,599.66,2024-10-30,07:15
5694,599.65,2024-10-30,07:30
5695,599.89,2024-10-30,07:45
5696,599.88,2024-10-30,08:00
5697,599.6,2024-10-30,08:15
5698,553.33,2024-10-30,08:30
5699,543.81,2024-10-30,08:45
5700,398.52,2024-10-30,09:00
5701,301.49,2024-10-30,09:15
5702,40.0,2024-10-30,09:30
5703,40.0,2024-10-30,09:45
5704,40.0,2024-10-30,10:00
5705,40.0,2024-10-30,10:15
5706,40.0,2024-10-30,10:30
5707,110.29,2024-10-30,10:45
5708,40.0,2024-10-30,11:00
5709,174.21,2024-10-30,11:15
5710,147.37,2024-10-30,11:30
5711,40.0,2024-10-30,11:45
5712,40.0,2024-10-30,12:00
5713,40.0,2024-10-30,12:15
5714,40.0,2024-10-30,12:30
5715,40.0,2024-10-30,12:45
5716,40.0,2024-10-30,13:00
5717,40.0,2024-10-30,13:15
5718,40.0,2024-10-30,13:30
5719,40.0,2024-10-30,13:45
5720,40.0,2024-10-30,14:00
5721,40.0,2024-10-30,14:15
5722,40.0,2024-10-30,14:30
5723,40.0,2024-10-30,14:45
5724,40.0,2024-10-30,15:00
5725,219.63,2024-10-30,15:15
5726,370.58,2024-10-30,15:30
5727,445.27,2024-10-30,15:45
5728,445.77,2024-10-30,16:00
5729,466.25,2024-10-30,16:15
5730,469.07,2024-10-30,16:30
5731,495.46,2024-10-30,16:45
5732,531.14,2024-10-30,17:00
5733,499.6,2024-10-30,17:15
5734,551.8,2024-10-30,17:30
5735,576.31,2024-10-30,17:45
5736,600.0,2024-10-30,18:00
5737,620.0,2024-10-30,18:15
5738,620.0,2024-10-30,18:30
5739,620.0,2024-10-30,18:45
5740,600.0,2024-10-30,19:00
5741,600.0,2024-10-30,19:15
5742,600.0,2024-10-30,19:30
5743,600.0,2024-10-30,19:45
5744,600.0,2024-10-30,20:00
5745,600.0,2024-10-30,20:15
5746,600.0,2024-10-30,20:30
5747,600.0,2024-10-30,20:45
5748,600.0,2024-10-30,21:00
5749,600.0,2024-10-30,21:15
5750,600.0,2024-10-30,21:30
5751,600.0,2024-10-30,21:45
5752,600.0,2024-10-30,22:00
5753,600.0,2024-10-30,22:15
5754,600.0,2024-10-30,22:30
5755,600.0,2024-10-30,22:45
5756,500.0,2024-10-30,23:00
5757,600.0,2024-10-30,23:15
5758,600.0,2024-10-30,23:30
5759,450.0,2024-10-30,23:45
5760,350.0,2024-10-30,24:00
5761,518.78,2024-10-31,00:15
5762,465.92,2024-10-31,00:30
5763,444.82,2024-10-31,00:45
5764,404.8,2024-10-31,01:00
5765,467.58,2024-10-31,01:15
5766,434.82,2024-10-31,01:30
5767,407.17,2024-10-31,01:45
5768,446.28,2024-10-31,02:00
5769,400.9,2024-10-31,02:15
5770,387.02,2024-10-31,02:30
5771,379.89,2024-10-31,02:45
5772,416.5,2024-10-31,03:00
5773,330.89,2024-10-31,03:15
5774,450.0,2024-10-31,03:30
5775,480.0,2024-10-31,03:45
5776,480.0,2024-10-31,04:00
5777,395.38,2024-10-31,04:15
5778,430.0,2024-10-31,04:30
5779,450.0,2024-10-31,04:45
5780,410.0,2024-10-31,05:00
5781,380.0,2024-10-31,05:15
5782,400.01,2024-10-31,05:30
5783,454.77,2024-10-31,05:45
5784,446.25,2024-10-31,06:00
5785,483.93,2024-10-31,06:15
5786,465.93,2024-10-31,06:30
5787,540.14,2024-10-31,06:45
5788,600.0,2024-10-31,07:00
5789,500.0,2024-10-31,07:15
5790,519.13,2024-10-31,07:30
5791,531.32,2024-10-31,07:45
5792,479.99,2024-10-31,08:00
5793,449.98,2024-10-31,08:15
5794,409.98,2024-10-31,08:30
5795,339.98,2024-10-31,08:45
5796,40.0,2024-10-31,09:00
5797,40.0,2024-10-31,09:15
5798,149.99,2024-10-31,09:30
5799,40.0,2024-10-31,09:45
5800,40.0,2024-10-31,10:00
5801,236.51,2024-10-31,10:15
5802,246.4,2024-10-31,10:30
5803,40.0,2024-10-31,10:45
5804,197.02,2024-10-31,11:00
5805,246.07,2024-10-31,11:15
5806,316.09,2024-10-31,11:30
5807,288.59,2024-10-31,11:45
5808,239.42,2024-10-31,12:00
5809,203.81,2024-10-31,12:15
5810,195.55,2024-10-31,12:30
5811,40.0,2024-10-31,12:45
5812,40.0,2024-10-31,13:00
5813,176.06,2024-10-31,13:15
5814,40.0,2024-10-31,13:30
5815,40.0,2024-10-31,13:45
5816,40.0,2024-10-31,14:00
5817,40.0,2024-10-31,14:15
5818,250.4,2024-10-31,14:30
5819,211.85,2024-10-31,14:45
5820,247.17,2024-10-31,15:00
5821,319.54,2024-10-31,15:15
5822,461.15,2024-10-31,15:30
5823,499.03,2024-10-31,15:45
5824,522.26,2024-10-31,16:00
5825,431.45,2024-10-31,16:15
5826,269.58,2024-10-31,16:30
5827,419.8,2024-10-31,16:45
5828,504.49,2024-10-31,17:00
5829,560.69,2024-10-31,17:15
5830,563.57,2024-10-31,17:30
5831,562.56,2024-10-31,17:45
5832,561.69,2024-10-31,18:00
5833,575.03,2024-10-31,18:15
5834,531.51,2024-10-31,18:30
5835,528.75,2024-10-31,18:45
5836,524.69,2024-10-31,19:00
5837,600.0,2024-10-31,19:15
5838,600.0,2024-10-31,19:30
5839,580.0,2024-10-31,19:45
5840,550.0,2024-10-31,20:00
5841,600.0,2024-10-31,20:15
5842,600.0,2024-10-31,20:30
5843,600.0,2024-10-31,20:45
5844,600.0,2024-10-31,21:00
5845,600.0,2024-10-31,21:15
5846,600.0,2024-10-31,21:30
5847,600.0,2024-10-31,21:45
5848,600.0,2024-10-31,22:00
5849,600.0,2024-10-31,22:15
5850,600.0,2024-10-31,22:30
5851,600.0,2024-10-31,22:45
5852,580.0,2024-10-31,23:00
5853,600.0,2024-10-31,23:15
5854,600.0,2024-10-31,23:30
5855,600.0,2024-10-31,23:45
5856,600.0,2024-10-31,24:00
5857,590.0,2024-11-01,00:15
5858,600.0,2024-11-01,00:30
5859,600.0,2024-11-01,00:45
5860,600.0,2024-11-01,01:00
5861,566.32,2024-11-01,01:15
5862,566.24,2024-11-01,01:30
5863,580.0,2024-11-01,01:45
5864,580.0,2024-11-01,02:00
5865,590.0,2024-11-01,02:15
5866,590.0,2024-11-01,02:30
5867,600.0,2024-11-01,02:45
5868,600.0,2024-11-01,03:00
5869,600.0,2024-11-01,03:15
5870,600.0,2024-11-01,03:30
5871,600.0,2024-11-01,03:45
5872,600.0,2024-11-01,04:00
5873,600.0,2024-11-01,04:15
5874,600.0,2024-11-01,04:30
5875,600.0,2024-11-01,04:45
5876,600.0,2024-11-01,05:00
5877,600.0,2024-11-01,05:15
5878,600.0,2024-11-01,05:30
5879,600.0,2024-11-01,05:45
5880,600.0,2024-11-01,06:00
5881,600.0,2024-11-01,06:15
5882,600.0,2024-11-01,06:30
5883,600.0,2024-11-01,06:45
5884,600.0,2024-11-01,07:00
5885,600.0,2024-11-01,07:15
5886,600.0,2024-11-01,07:30
5887,599.99,2024-11-01,07:45
5888,599.97,2024-11-01,08:00
5889,599.96,2024-11-01,08:15
5890,589.95,2024-11-01,08:30
5891,559.72,2024-11-01,08:45
5892,359.95,2024-11-01,09:00
5893,349.95,2024-11-01,09:15
5894,40.0,2024-11-01,09:30
5895,40.0,2024-11-01,09:45
5896,40.0,2024-11-01,10:00
5897,40.0,2024-11-01,10:15
5898,40.0,2024-11-01,10:30
5899,40.0,2024-11-01,10:45
5900,40.0,2024-11-01,11:00
5901,40.0,2024-11-01,11:15
5902,40.0,2024-11-01,11:30
5903,40.0,2024-11-01,11:45
5904,40.0,2024-11-01,12:00
5905,40.0,2024-11-01,12:15
5906,40.0,2024-11-01,12:30
5907,40.0,2024-11-01,12:45
5908,40.0,2024-11-01,13:00
5909,40.0,2024-11-01,13:15
5910,40.0,2024-11-01,13:30
5911,40.0,2024-11-01,13:45
5912,40.0,2024-11-01,14:00
5913,40.0,2024-11-01,14:15
5914,40.0,2024-11-01,14:30
5915,40.0,2024-11-01,14:45
5916,40.0,2024-11-01,15:00
5917,40.0,2024-11-01,15:15
5918,40.0,2024-11-01,15:30
5919,313.89,2024-11-01,15:45
5920,393.97,2024-11-01,16:00
5921,40.0,2024-11-01,16:15
5922,318.14,2024-11-01,16:30
5923,454.24,2024-11-01,16:45
5924,455.93,2024-11-01,17:00
5925,573.5,2024-11-01,17:15
5926,572.87,2024-11-01,17:30
5927,556.59,2024-11-01,17:45
5928,529.33,2024-11-01,18:00
5929,452.14,2024-11-01,18:15
5930,450.75,2024-11-01,18:30
5931,449.8,2024-11-01,18:45
5932,448.22,2024-11-01,19:00
5933,404.39,2024-11-01,19:15
5934,341.65,2024-11-01,19:30
5935,340.0,2024-11-01,19:45
5936,350.0,2024-11-01,20:00
5937,350.0,2024-11-01,20:15
5938,430.0,2024-11-01,20:30
5939,400.0,2024-11-01,20:45
5940,400.0,2024-11-01,21:00
5941,450.0,2024-11-01,21:15
5942,430.0,2024-11-01,21:30
5943,450.0,2024-11-01,21:45
5944,480.0,2024-11-01,22:00
5945,490.0,2024-11-01,22:15
5946,500.0,2024-11-01,22:30
5947,500.0,2024-11-01,22:45
5948,500.0,2024-11-01,23:00
5949,590.0,2024-11-01,23:15
5950,600.0,2024-11-01,23:30
5951,600.0,2024-11-01,23:45
5952,600.0,2024-11-01,24:00
5953,600.0,2024-11-02,00:15
5954,600.0,2024-11-02,00:30
5955,600.0,2024-11-02,00:45
5956,600.0,2024-11-02,01:00
5957,600.0,2024-11-02,01:15
5958,600.0,2024-11-02,01:30
5959,600.0,2024-11-02,01:45
5960,600.0,2024-11-02,02:00
5961,600.0,2024-11-02,02:15
5962,600.0,2024-11-02,02:30
5963,600.0,2024-11-02,02:45
5964,600.0,2024-11-02,03:00
5965,590.0,2024-11-02,03:15
5966,590.0,2024-11-02,03:30
5967,590.0,2024-11-02,03:45
5968,580.0,2024-11-02,04:00
5969,570.0,2024-11-02,04:15
5970,570.0,2024-11-02,04:30
5971,580.0,2024-11-02,04:45
5972,580.0,2024-11-02,05:00
5973,580.0,2024-11-02,05:15
5974,570.0,2024-11-02,05:30
5975,570.0,2024-11-02,05:45
5976,570.0,2024-11-02,06:00
5977,570.0,2024-11-02,06:15
5978,570.0,2024-11-02,06:30
5979,570.0,2024-11-02,06:45
5980,570.0,2024-11-02,07:00
5981,450.0,2024-11-02,07:15
5982,480.0,2024-11-02,07:30
5983,499.99,2024-11-02,07:45
5984,449.98,2024-11-02,08:00
5985,449.97,2024-11-02,08:15
5986,369.97,2024-11-02,08:30
5987,399.95,2024-11-02,08:45
5988,339.95,2024-11-02,09:00
5989,40.0,2024-11-02,09:15
5990,40.0,2024-11-02,09:30
5991,40.0,2024-11-02,09:45
5992,40.0,2024-11-02,10:00
5993,40.0,2024-11-02,10:15
5994,40.0,2024-11-02,10:30
5995,40.0,2024-11-02,10:45
5996,40.0,2024-11-02,11:00
5997,40.0,2024-11-02,11:15
5998,40.0,2024-11-02,11:30
5999,40.0,2024-11-02,11:45
6000,40.0,2024-11-02,12:00
6001,40.0,2024-11-02,12:15
6002,40.0,2024-11-02,12:30
6003,40.0,2024-11-02,12:45
6004,40.0,2024-11-02,13:00
6005,40.0,2024-11-02,13:15
6006,40.0,2024-11-02,13:30
6007,40.0,2024-11-02,13:45
6008,40.0,2024-11-02,14:00
6009,40.0,2024-11-02,14:15
6010,40.0,2024-11-02,14:30
6011,40.0,2024-11-02,14:45
6012,40.0,2024-11-02,15:00
6013,40.0,2024-11-02,15:15
6014,40.0,2024-11-02,15:30
6015,40.0,2024-11-02,15:45
6016,40.0,2024-11-02,16:00
6017,40.0,2024-11-02,16:15
6018,40.0,2024-11-02,16:30
6019,306.02,2024-11-02,16:45
6020,344.62,2024-11-02,17:00
6021,427.85,2024-11-02,17:15
6022,541.06,2024-11-02,17:30
6023,529.98,2024-11-02,17:45
6024,519.94,2024-11-02,18:00
6025,329.42,2024-11-02,18:15
6026,40.0,2024-11-02,18:30
6027,40.0,2024-11-02,18:45
6028,280.13,2024-11-02,19:00
6029,40.0,2024-11-02,19:15
6030,40.0,2024-11-02,19:30
6031,40.0,2024-11-02,19:45
6032,40.0,2024-11-02,20:00
6033,40.0,2024-11-02,20:15
6034,40.0,2024-11-02,20:30
6035,40.0,2024-11-02,20:45
6036,40.0,2024-11-02,21:00
6037,40.0,2024-11-02,21:15
6038,40.0,2024-11-02,21:30
6039,40.0,2024-11-02,21:45
6040,40.0,2024-11-02,22:00
6041,40.0,2024-11-02,22:15
6042,40.0,2024-11-02,22:30
6043,40.0,2024-11-02,22:45
6044,40.0,2024-11-02,23:00
6045,300.0,2024-11-02,23:15
6046,350.0,2024-11-02,23:30
6047,360.0,2024-11-02,23:45
6048,370.0,2024-11-02,24:00
6049,150.0,2024-11-03,00:15
6050,320.0,2024-11-03,00:30
6051,320.0,2024-11-03,00:45
6052,300.0,2024-11-03,01:00
6053,150.0,2024-11-03,01:15
6054,350.0,2024-11-03,01:30
6055,350.0,2024-11-03,01:45
6056,340.0,2024-11-03,02:00
6057,350.0,2024-11-03,02:15
6058,350.0,2024-11-03,02:30
6059,350.0,2024-11-03,02:45
6060,350.0,2024-11-03,03:00
6061,320.0,2024-11-03,03:15
6062,320.0,2024-11-03,03:30
6063,320.0,2024-11-03,03:45
6064,320.0,2024-11-03,04:00
6065,320.0,2024-11-03,04:15
6066,320.0,2024-11-03,04:30
6067,340.0,2024-11-03,04:45
6068,350.0,2024-11-03,05:00
6069,350.0,2024-11-03,05:15
6070,350.0,2024-11-03,05:30
6071,350.0,2024-11-03,05:45
6072,340.0,2024-11-03,06:00
6073,340.0,2024-11-03,06:15
6074,350.0,2024-11-03,06:30
6075,350.0,2024-11-03,06:45
6076,350.0,2024-11-03,07:00
6077,350.0,2024-11-03,07:15
6078,380.0,2024-11-03,07:30
6079,379.99,2024-11-03,07:45
6080,399.98,2024-11-03,08:00
6081,399.97,2024-11-03,08:15
6082,399.97,2024-11-03,08:30
6083,349.96,2024-11-03,08:45
6084,40.0,2024-11-03,09:00
6085,40.0,2024-11-03,09:15
6086,40.0,2024-11-03,09:30
6087,40.0,2024-11-03,09:45
6088,40.0,2024-11-03,10:00
6089,40.0,2024-11-03,10:15
6090,40.0,2024-11-03,10:30
6091,40.0,2024-11-03,10:45
6092,40.0,2024-11-03,11:00
6093,40.0,2024-11-03,11:15
6094,40.0,2024-11-03,11:30
6095,40.0,2024-11-03,11:45
6096,40.0,2024-11-03,12:00
6097,40.0,2024-11-03,12:15
6098,40.0,2024-11-03,12:30
6099,40.0,2024-11-03,12:45
6100,40.0,2024-11-03,13:00
6101,40.0,2024-11-03,13:15
6102,40.0,2024-11-03,13:30
6103,40.0,2024-11-03,13:45
6104,40.0,2024-11-03,14:00
6105,40.0,2024-11-03,14:15
6106,40.0,2024-11-03,14:30
6107,40.0,2024-11-03,14:45
6108,40.0,2024-11-03,15:00
6109,40.0,2024-11-03,15:15
6110,40.0,2024-11-03,15:30
6111,40.0,2024-11-03,15:45
6112,40.0,2024-11-03,16:00
6113,40.0,2024-11-03,16:15
6114,40.0,2024-11-03,16:30
6115,40.0,2024-11-03,16:45
6116,276.94,2024-11-03,17:00
6117,570.76,2024-11-03,17:15
6118,581.09,2024-11-03,17:30
6119,550.13,2024-11-03,17:45
6120,550.18,2024-11-03,18:00
6121,538.39,2024-11-03,18:15
6122,540.36,2024-11-03,18:30
6123,561.4,2024-11-03,18:45
6124,541.72,2024-11-03,19:00
6125,546.52,2024-11-03,19:15
6126,543.86,2024-11-03,19:30
6127,528.78,2024-11-03,19:45
6128,547.58,2024-11-03,20:00
6129,553.15,2024-11-03,20:15
6130,600.0,2024-11-03,20:30
6131,600.0,2024-11-03,20:45
6132,600.0,2024-11-03,21:00
6133,567.56,2024-11-03,21:15
6134,564.43,2024-11-03,21:30
6135,553.52,2024-11-03,21:45
6136,554.37,2024-11-03,22:00
6137,565.21,2024-11-03,22:15
6138,557.57,2024-11-03,22:30
6139,558.51,2024-11-03,22:45
6140,568.99,2024-11-03,23:00
6141,571.54,2024-11-03,23:15
6142,571.6,2024-11-03,23:30
6143,562.07,2024-11-03,23:45
6144,560.9,2024-11-03,24:00
6145,583.97,2024-11-04,00:15
6146,590.0,2024-11-04,00:30
6147,580.0,2024-11-04,00:45
6148,550.0,2024-11-04,01:00
6149,500.0,2024-11-04,01:15
6150,500.0,2024-11-04,01:30
6151,500.0,2024-11-04,01:45
6152,490.0,2024-11-04,02:00
6153,500.0,2024-11-04,02:15
6154,500.0,2024-11-04,02:30
6155,526.83,2024-11-04,02:45
6156,454.75,2024-11-04,03:00
6157,461.34,2024-11-04,03:15
6158,449.07,2024-11-04,03:30
6159,481.99,2024-11-04,03:45
6160,492.93,2024-11-04,04:00
6161,600.0,2024-11-04,04:15
6162,590.0,2024-11-04,04:30
6163,600.0,2024-11-04,04:45
6164,590.0,2024-11-04,05:00
6165,590.0,2024-11-04,05:15
6166,590.0,2024-11-04,05:30
6167,590.0,2024-11-04,05:45
6168,590.0,2024-11-04,06:00
6169,466.76,2024-11-04,06:15
6170,466.81,2024-11-04,06:30
6171,527.83,2024-11-04,06:45
6172,557.19,2024-11-04,07:00
6173,550.0,2024-11-04,07:15
6174,590.0,2024-11-04,07:30
6175,589.99,2024-11-04,07:45
6176,589.98,2024-11-04,08:00
6177,589.97,2024-11-04,08:15
6178,479.96,2024-11-04,08:30
6179,399.95,2024-11-04,08:45
6180,319.95,2024-11-04,09:00
6181,40.0,2024-11-04,09:15
6182,40.0,2024-11-04,09:30
6183,40.0,2024-11-04,09:45
6184,40.0,2024-11-04,10:00
6185,40.0,2024-11-04,10:15
6186,40.0,2024-11-04,10:30
6187,40.0,2024-11-04,10:45
6188,40.0,2024-11-04,11:00
6189,40.0,2024-11-04,11:15
6190,40.0,2024-11-04,11:30
6191,40.0,2024-11-04,11:45
6192,40.0,2024-11-04,12:00
6193,40.0,2024-11-04,12:15
6194,40.0,2024-11-04,12:30
6195,40.0,2024-11-04,12:45
6196,40.0,2024-11-04,13:00
6197,40.0,2024-11-04,13:15
6198,40.0,2024-11-04,13:30
6199,40.0,2024-11-04,13:45
6200,40.0,2024-11-04,14:00
6201,40.0,2024-11-04,14:15
6202,40.0,2024-11-04,14:30
6203,40.0,2024-11-04,14:45
6204,40.0,2024-11-04,15:00
6205,40.0,2024-11-04,15:15
6206,40.0,2024-11-04,15:30
6207,40.0,2024-11-04,15:45
6208,40.0,2024-11-04,16:00
6209,40.0,2024-11-04,16:15
6210,40.0,2024-11-04,16:30
6211,263.35,2024-11-04,16:45
6212,330.96,2024-11-04,17:00
6213,538.27,2024-11-04,17:15
6214,535.18,2024-11-04,17:30
6215,568.94,2024-11-04,17:45
6216,570.47,2024-11-04,18:00
6217,548.37,2024-11-04,18:15
6218,554.62,2024-11-04,18:30
6219,556.86,2024-11-04,18:45
6220,559.14,2024-11-04,19:00
6221,540.26,2024-11-04,19:15
6222,532.98,2024-11-04,19:30
6223,565.11,2024-11-04,19:45
6224,522.44,2024-11-04,20:00
6225,520.04,2024-11-04,20:15
6226,559.51,2024-11-04,20:30
6227,516.24,2024-11-04,20:45
6228,515.61,2024-11-04,21:00
6229,513.97,2024-11-04,21:15
6230,518.12,2024-11-04,21:30
6231,525.13,2024-11-04,21:45
6232,530.77,2024-11-04,22:00
6233,540.37,2024-11-04,22:15
6234,540.49,2024-11-04,22:30
6235,537.77,2024-11-04,22:45
6236,515.11,2024-11-04,23:00
6237,526.63,2024-11-04,23:15
6238,521.34,2024-11-04,23:30
6239,600.0,2024-11-04,23:45
6240,600.0,2024-11-04,24:00
6241,450.0,2024-11-05,00:15
6242,450.0,2024-11-05,00:30
6243,400.0,2024-11-05,00:45
6244,360.0,2024-11-05,01:00
6245,350.0,2024-11-05,01:15
6246,340.0,2024-11-05,01:30
6247,350.0,2024-11-05,01:45
6248,320.0,2024-11-05,02:00
6249,40.0,2024-11-05,02:15
6250,320.0,2024-11-05,02:30
6251,300.0,2024-11-05,02:45
6252,320.0,2024-11-05,03:00
6253,320.0,2024-11-05,03:15
6254,320.0,2024-11-05,03:30
6255,320.0,2024-11-05,03:45
6256,320.0,2024-11-05,04:00
6257,340.0,2024-11-05,04:15
6258,330.0,2024-11-05,04:30
6259,320.0,2024-11-05,04:45
6260,340.0,2024-11-05,05:00
6261,350.0,2024-11-05,05:15
6262,350.0,2024-11-05,05:30
6263,360.0,2024-11-05,05:45
6264,370.0,2024-11-05,06:00
6265,400.0,2024-11-05,06:15
6266,400.0,2024-11-05,06:30
6267,430.0,2024-11-05,06:45
6268,500.0,2024-11-05,07:00
6269,500.0,2024-11-05,07:15
6270,580.0,2024-11-05,07:30
6271,554.46,2024-11-05,07:45
6272,560.62,2024-11-05,08:00
6273,535.3,2024-11-05,08:15
6274,504.29,2024-11-05,08:30
6275,482.08,2024-11-05,08:45
6276,470.48,2024-11-05,09:00
6277,332.59,2024-11-05,09:15
6278,248.52,2024-11-05,09:30
6279,40.0,2024-11-05,09:45
6280,40.0,2024-11-05,10:00
6281,40.0,2024-11-05,10:15
6282,40.0,2024-11-05,10:30
6283,40.0,2024-11-05,10:45
6284,40.0,2024-11-05,11:00
6285,40.0,2024-11-05,11:15
6286,40.0,2024-11-05,11:30
6287,40.0,2024-11-05,11:45
6288,40.0,2024-11-05,12:00
6289,40.0,2024-11-05,12:15
6290,40.0,2024-11-05,12:30
6291,40.0,2024-11-05,12:45
6292,40.0,2024-11-05,13:00
6293,40.0,2024-11-05,13:15
6294,40.0,2024-11-05,13:30
6295,40.0,2024-11-05,13:45
6296,40.0,2024-11-05,14:00
6297,40.0,2024-11-05,14:15
6298,40.0,2024-11-05,14:30
6299,40.0,2024-11-05,14:45
6300,40.0,2024-11-05,15:00
6301,40.0,2024-11-05,15:15
6302,40.0,2024-11-05,15:30
6303,40.0,2024-11-05,15:45
6304,40.0,2024-11-05,16:00
6305,40.0,2024-11-05,16:15
6306,290.3,2024-11-05,16:30
6307,339.65,2024-11-05,16:45
6308,489.71,2024-11-05,17:00
6309,534.35,2024-11-05,17:15
6310,556.99,2024-11-05,17:30
6311,535.19,2024-11-05,17:45
6312,500.52,2024-11-05,18:00
6313,517.42,2024-11-05,18:15
6314,526.96,2024-11-05,18:30
6315,540.25,2024-11-05,18:45
6316,518.93,2024-11-05,19:00
6317,562.08,2024-11-05,19:15
6318,557.02,2024-11-05,19:30
6319,552.68,2024-11-05,19:45
6320,523.58,2024-11-05,20:00
6321,516.67,2024-11-05,20:15
6322,524.9,2024-11-05,20:30
6323,526.88,2024-11-05,20:45
6324,496.99,2024-11-05,21:00
6325,525.11,2024-11-05,21:15
6326,503.99,2024-11-05,21:30
6327,504.55,2024-11-05,21:45
6328,511.19,2024-11-05,22:00
6329,515.12,2024-11-05,22:15
6330,535.52,2024-11-05,22:30
6331,521.06,2024-11-05,22:45
6332,513.36,2024-11-05,23:00
6333,525.16,2024-11-05,23:15
6334,525.35,2024-11-05,23:30
6335,515.04,2024-11-05,23:45
6336,509.87,2024-11-05,24:00
6337,408.85,2024-11-06,00:15
6338,427.12,2024-11-06,00:30
6339,325.57,2024-11-06,00:45
6340,364.22,2024-11-06,01:00
6341,368.13,2024-11-06,01:15
6342,332.65,2024-11-06,01:30
6343,313.44,2024-11-06,01:45
6344,313.27,2024-11-06,02:00
6345,306.79,2024-11-06,02:15
6346,305.24,2024-11-06,02:30
6347,283.35,2024-11-06,02:45
6348,279.71,2024-11-06,03:00
6349,281.88,2024-11-06,03:15
6350,263.68,2024-11-06,03:30
6351,267.24,2024-11-06,03:45
6352,40.0,2024-11-06,04:00
6353,264.24,2024-11-06,04:15
6354,40.0,2024-11-06,04:30
6355,264.32,2024-11-06,04:45
6356,40.0,2024-11-06,05:00
6357,490.0,2024-11-06,05:15
6358,480.0,2024-11-06,05:30
6359,450.0,2024-11-06,05:45
6360,450.0,2024-11-06,06:00
6361,450.0,2024-11-06,06:15
6362,450.0,2024-11-06,06:30
6363,480.0,2024-11-06,06:45
6364,450.0,2024-11-06,07:00
6365,490.0,2024-11-06,07:15
6366,490.0,2024-11-06,07:30
6367,450.0,2024-11-06,07:45
6368,489.99,2024-11-06,08:00
6369,499.98,2024-11-06,08:15
6370,429.97,2024-11-06,08:30
6371,349.96,2024-11-06,08:45
6372,40.0,2024-11-06,09:00
6373,40.0,2024-11-06,09:15
6374,40.0,2024-11-06,09:30
6375,40.0,2024-11-06,09:45
6376,40.0,2024-11-06,10:00
6377,40.0,2024-11-06,10:15
6378,40.0,2024-11-06,10:30
6379,40.0,2024-11-06,10:45
6380,40.0,2024-11-06,11:00
6381,40.0,2024-11-06,11:15
6382,40.0,2024-11-06,11:30
6383,44.53,2024-11-06,11:45
6384,40.0,2024-11-06,12:00
6385,40.0,2024-11-06,12:15
6386,40.0,2024-11-06,12:30
6387,40.0,2024-11-06,12:45
6388,40.0,2024-11-06,13:00
6389,40.0,2024-11-06,13:15
6390,40.0,2024-11-06,13:30
6391,40.0,2024-11-06,13:45
6392,40.0,2024-11-06,14:00
6393,40.0,2024-11-06,14:15
6394,40.0,2024-11-06,14:30
6395,40.0,2024-11-06,14:45
6396,40.0,2024-11-06,15:00
6397,40.0,2024-11-06,15:15
6398,40.0,2024-11-06,15:30
6399,40.0,2024-11-06,15:45
6400,40.0,2024-11-06,16:00
6401,40.0,2024-11-06,16:15
6402,40.0,2024-11-06,16:30
6403,239.9,2024-11-06,16:45
6404,284.55,2024-11-06,17:00
6405,361.06,2024-11-06,17:15
6406,496.83,2024-11-06,17:30
6407,460.64,2024-11-06,17:45
6408,438.4,2024-11-06,18:00
6409,435.84,2024-11-06,18:15
6410,469.07,2024-11-06,18:30
6411,400.0,2024-11-06,18:45
6412,390.0,2024-11-06,19:00
6413,322.42,2024-11-06,19:15
6414,310.99,2024-11-06,19:30
6415,306.94,2024-11-06,19:45
6416,287.97,2024-11-06,20:00
6417,275.84,2024-11-06,20:15
6418,262.8,2024-11-06,20:30
6419,253.1,2024-11-06,20:45
6420,240.7,2024-11-06,21:00
6421,241.11,2024-11-06,21:15
6422,347.78,2024-11-06,21:30
6423,230.48,2024-11-06,21:45
6424,247.52,2024-11-06,22:00
6425,265.89,2024-11-06,22:15
6426,251.5,2024-11-06,22:30
6427,40.0,2024-11-06,22:45
6428,40.0,2024-11-06,23:00
6429,250.38,2024-11-06,23:15
6430,253.26,2024-11-06,23:30
6431,276.56,2024-11-06,23:45
6432,292.21,2024-11-06,24:00
6433,315.9,2024-11-07,00:15
6434,260.23,2024-11-07,00:30
6435,40.0,2024-11-07,00:45
6436,231.6,2024-11-07,01:00
6437,40.0,2024-11-07,01:15
6438,200.0,2024-11-07,01:30
6439,297.45,2024-11-07,01:45
6440,260.05,2024-11-07,02:00
6441,280.11,2024-11-07,02:15
6442,200.0,2024-11-07,02:30
6443,40.0,2024-11-07,02:45
6444,40.0,2024-11-07,03:00
6445,40.0,2024-11-07,03:15
6446,40.0,2024-11-07,03:30
6447,40.0,2024-11-07,03:45
6448,40.0,2024-11-07,04:00
6449,40.0,2024-11-07,04:15
6450,40.0,2024-11-07,04:30
6451,40.0,2024-11-07,04:45
6452,40.0,2024-11-07,05:00
6453,320.0,2024-11-07,05:15
6454,340.0,2024-11-07,05:30
6455,350.0,2024-11-07,05:45
6456,340.0,2024-11-07,06:00
6457,350.0,2024-11-07,06:15
6458,360.0,2024-11-07,06:30
6459,380.0,2024-11-07,06:45
6460,350.0,2024-11-07,07:00
6461,400.0,2024-11-07,07:15
6462,420.0,2024-11-07,07:30
6463,399.99,2024-11-07,07:45
6464,399.99,2024-11-07,08:00
6465,419.98,2024-11-07,08:15
6466,359.97,2024-11-07,08:30
6467,349.97,2024-11-07,08:45
6468,40.0,2024-11-07,09:00
6469,40.0,2024-11-07,09:15
6470,343.82,2024-11-07,09:30
6471,368.5,2024-11-07,09:45
6472,371.47,2024-11-07,10:00
6473,388.15,2024-11-07,10:15
6474,376.77,2024-11-07,10:30
6475,253.17,2024-11-07,10:45
6476,40.0,2024-11-07,11:00
6477,319.97,2024-11-07,11:15
6478,270.09,2024-11-07,11:30
6479,40.0,2024-11-07,11:45
6480,40.0,2024-11-07,12:00
6481,230.75,2024-11-07,12:15
6482,40.0,2024-11-07,12:30
6483,40.0,2024-11-07,12:45
6484,246.02,2024-11-07,13:00
6485,308.9,2024-11-07,13:15
6486,288.46,2024-11-07,13:30
6487,267.21,2024-11-07,13:45
6488,40.0,2024-11-07,14:00
6489,414.82,2024-11-07,14:15
6490,425.39,2024-11-07,14:30
6491,412.44,2024-11-07,14:45
6492,415.52,2024-11-07,15:00
6493,433.3,2024-11-07,15:15
6494,443.05,2024-11-07,15:30
6495,441.22,2024-11-07,15:45
6496,440.23,2024-11-07,16:00
6497,431.73,2024-11-07,16:15
6498,439.16,2024-11-07,16:30
6499,450.48,2024-11-07,16:45
6500,451.09,2024-11-07,17:00
6501,498.34,2024-11-07,17:15
6502,489.48,2024-11-07,17:30
6503,488.15,2024-11-07,17:45
6504,488.16,2024-11-07,18:00
6505,502.11,2024-11-07,18:15
6506,500.9,2024-11-07,18:30
6507,497.04,2024-11-07,18:45
6508,503.06,2024-11-07,19:00
6509,502.91,2024-11-07,19:15
6510,486.82,2024-11-07,19:30
6511,470.04,2024-11-07,19:45
6512,454.68,2024-11-07,20:00
6513,419.53,2024-11-07,20:15
6514,444.66,2024-11-07,20:30
6515,429.4,2024-11-07,20:45
6516,342.42,2024-11-07,21:00
6517,328.01,2024-11-07,21:15
6518,306.61,2024-11-07,21:30
6519,252.28,2024-11-07,21:45
6520,252.23,2024-11-07,22:00
6521,262.21,2024-11-07,22:15
6522,247.51,2024-11-07,22:30
6523,40.0,2024-11-07,22:45
6524,40.0,2024-11-07,23:00
6525,444.59,2024-11-07,23:15
6526,430.27,2024-11-07,23:30
6527,402.07,2024-11-07,23:45
6528,404.9,2024-11-07,24:00
6529,483.09,2024-11-08,00:15
6530,492.9,2024-11-08,00:30
6531,504.22,2024-11-08,00:45
6532,500.47,2024-11-08,01:00
6533,453.55,2024-11-08,01:15
6534,370.21,2024-11-08,01:30
6535,394.91,2024-11-08,01:45
6536,282.53,2024-11-08,02:00
6537,330.86,2024-11-08,02:15
6538,328.96,2024-11-08,02:30
6539,402.04,2024-11-08,02:45
6540,345.61,2024-11-08,03:00
6541,347.6,2024-11-08,03:15
6542,335.95,2024-11-08,03:30
6543,305.36,2024-11-08,03:45
6544,314.76,2024-11-08,04:00
6545,338.98,2024-11-08,04:15
6546,360.21,2024-11-08,04:30
6547,329.17,2024-11-08,04:45
6548,411.98,2024-11-08,05:00
6549,392.18,2024-11-08,05:15
6550,396.09,2024-11-08,05:30
6551,404.87,2024-11-08,05:45
6552,373.3,2024-11-08,06:00
6553,481.43,2024-11-08,06:15
6554,499.5,2024-11-08,06:30
6555,497.85,2024-11-08,06:45
6556,502.71,2024-11-08,07:00
6557,496.23,2024-11-08,07:15
6558,496.84,2024-11-08,07:30
6559,493.22,2024-11-08,07:45
6560,490.33,2024-11-08,08:00
6561,496.41,2024-11-08,08:15
6562,491.32,2024-11-08,08:30
6563,484.74,2024-11-08,08:45
6564,466.99,2024-11-08,09:00
6565,237.11,2024-11-08,09:15
6566,125.32,2024-11-08,09:30
6567,125.79,2024-11-08,09:45
6568,127.42,2024-11-08,10:00
6569,308.85,2024-11-08,10:15
6570,246.56,2024-11-08,10:30
6571,129.12,2024-11-08,10:45
6572,128.44,2024-11-08,11:00
6573,233.08,2024-11-08,11:15
6574,128.21,2024-11-08,11:30
6575,128.89,2024-11-08,11:45
6576,128.97,2024-11-08,12:00
6577,129.44,2024-11-08,12:15
6578,131.62,2024-11-08,12:30
6579,130.77,2024-11-08,12:45
6580,122.36,2024-11-08,13:00
6581,133.21,2024-11-08,13:15
6582,131.82,2024-11-08,13:30
6583,128.19,2024-11-08,13:45
6584,127.9,2024-11-08,14:00
6585,126.4,2024-11-08,14:15
6586,127.86,2024-11-08,14:30
6587,124.88,2024-11-08,14:45
6588,124.3,2024-11-08,15:00
6589,125.67,2024-11-08,15:15
6590,125.54,2024-11-08,15:30
6591,272.93,2024-11-08,15:45
6592,416.43,2024-11-08,16:00
6593,238.47,2024-11-08,16:15
6594,303.9,2024-11-08,16:30
6595,360.62,2024-11-08,16:45
6596,435.56,2024-11-08,17:00
6597,478.96,2024-11-08,17:15
6598,478.49,2024-11-08,17:30
6599,481.31,2024-11-08,17:45
6600,473.41,2024-11-08,18:00
6601,455.33,2024-11-08,18:15
6602,484.42,2024-11-08,18:30
6603,495.56,2024-11-08,18:45
6604,491.69,2024-11-08,19:00
6605,484.71,2024-11-08,19:15
6606,448.86,2024-11-08,19:30
6607,394.9,2024-11-08,19:45
6608,378.23,2024-11-08,20:00
6609,308.49,2024-11-08,20:15
6610,339.95,2024-11-08,20:30
6611,480.72,2024-11-08,20:45
6612,470.79,2024-11-08,21:00
6613,474.4,2024-11-08,21:15
6614,476.82,2024-11-08,21:30
6615,384.29,2024-11-08,21:45
6616,319.42,2024-11-08,22:00
6617,492.62,2024-11-08,22:15
6618,480.43,2024-11-08,22:30
6619,273.97,2024-11-08,22:45
6620,270.17,2024-11-08,23:00
6621,300.06,2024-11-08,23:15
6622,289.69,2024-11-08,23:30
6623,288.98,2024-11-08,23:45
6624,327.18,2024-11-08,24:00
6625,356.06,2024-11-09,00:15
6626,385.99,2024-11-09,00:30
6627,310.97,2024-11-09,00:45
6628,310.57,2024-11-09,01:00
6629,384.77,2024-11-09,01:15
6630,274.62,2024-11-09,01:30
6631,272.43,2024-11-09,01:45
6632,277.87,2024-11-09,02:00
6633,298.2,2024-11-09,02:15
6634,334.41,2024-11-09,02:30
6635,402.77,2024-11-09,02:45
6636,421.05,2024-11-09,03:00
6637,372.39,2024-11-09,03:15
6638,399.44,2024-11-09,03:30
6639,332.42,2024-11-09,03:45
6640,456.01,2024-11-09,04:00
6641,295.15,2024-11-09,04:15
6642,348.76,2024-11-09,04:30
6643,327.45,2024-11-09,04:45
6644,297.52,2024-11-09,05:00
6645,356.56,2024-11-09,05:15
6646,399.1,2024-11-09,05:30
6647,413.47,2024-11-09,05:45
6648,411.81,2024-11-09,06:00
6649,413.08,2024-11-09,06:15
6650,428.11,2024-11-09,06:30
6651,447.18,2024-11-09,06:45
6652,446.78,2024-11-09,07:00
6653,448.35,2024-11-09,07:15
6654,454.26,2024-11-09,07:30
6655,450.91,2024-11-09,07:45
6656,432.82,2024-11-09,08:00
6657,399.65,2024-11-09,08:15
6658,387.49,2024-11-09,08:30
6659,394.77,2024-11-09,08:45
6660,382.97,2024-11-09,09:00
6661,293.56,2024-11-09,09:15
6662,332.38,2024-11-09,09:30
6663,244.87,2024-11-09,09:45
6664,239.25,2024-11-09,10:00
6665,416.53,2024-11-09,10:15
6666,410.95,2024-11-09,10:30
6667,385.11,2024-11-09,10:45
6668,376.2,2024-11-09,11:00
6669,356.35,2024-11-09,11:15
6670,361.21,2024-11-09,11:30
6671,356.53,2024-11-09,11:45
6672,365.76,2024-11-09,12:00
6673,365.2,2024-11-09,12:15
6674,345.76,2024-11-09,12:30
6675,309.47,2024-11-09,12:45
6676,312.76,2024-11-09,13:00
6677,392.78,2024-11-09,13:15
6678,386.48,2024-11-09,13:30
6679,423.98,2024-11-09,13:45
6680,433.08,2024-11-09,14:00
6681,445.22,2024-11-09,14:15
6682,442.4,2024-11-09,14:30
6683,448.39,2024-11-09,14:45
6684,444.5,2024-11-09,15:00
6685,448.43,2024-11-09,15:15
6686,449.83,2024-11-09,15:30
6687,453.65,2024-11-09,15:45
6688,451.3,2024-11-09,16:00
6689,447.0,2024-11-09,16:15
6690,452.38,2024-11-09,16:30
6691,447.23,2024-11-09,16:45
6692,446.83,2024-11-09,17:00
6693,493.8,2024-11-09,17:15
6694,475.36,2024-11-09,17:30
6695,471.16,2024-11-09,17:45
6696,463.77,2024-11-09,18:00
6697,475.38,2024-11-09,18:15
6698,482.92,2024-11-09,18:30
6699,440.88,2024-11-09,18:45
6700,449.78,2024-11-09,19:00
6701,468.96,2024-11-09,19:15
6702,457.14,2024-11-09,19:30
6703,444.96,2024-11-09,19:45
6704,429.13,2024-11-09,20:00
6705,429.85,2024-11-09,20:15
6706,432.65,2024-11-09,20:30
6707,433.48,2024-11-09,20:45
6708,424.92,2024-11-09,21:00
6709,422.12,2024-11-09,21:15
6710,415.8,2024-11-09,21:30
6711,412.52,2024-11-09,21:45
6712,413.06,2024-11-09,22:00
6713,434.49,2024-11-09,22:15
6714,438.53,2024-11-09,22:30
6715,412.06,2024-11-09,22:45
6716,418.47,2024-11-09,23:00
6717,436.82,2024-11-09,23:15
6718,438.65,2024-11-09,23:30
6719,444.94,2024-11-09,23:45
6720,446.52,2024-11-09,24:00
6721,451.94,2024-11-10,00:15
6722,442.52,2024-11-10,00:30
6723,444.47,2024-11-10,00:45
6724,399.8,2024-11-10,01:00
6725,380.62,2024-11-10,01:15
6726,405.58,2024-11-10,01:30
6727,409.58,2024-11-10,01:45
6728,401.11,2024-11-10,02:00
6729,412.51,2024-11-10,02:15
6730,413.39,2024-11-10,02:30
6731,411.01,2024-11-10,02:45
6732,395.74,2024-11-10,03:00
6733,392.9,2024-11-10,03:15
6734,397.33,2024-11-10,03:30
6735,370.04,2024-11-10,03:45
6736,395.47,2024-11-10,04:00
6737,398.79,2024-11-10,04:15
6738,399.05,2024-11-10,04:30
6739,384.5,2024-11-10,04:45
6740,395.58,2024-11-10,05:00
6741,396.27,2024-11-10,05:15
6742,379.76,2024-11-10,05:30
6743,395.96,2024-11-10,05:45
6744,376.71,2024-11-10,06:00
6745,394.66,2024-11-10,06:15
6746,366.96,2024-11-10,06:30
6747,399.01,2024-11-10,06:45
6748,395.04,2024-11-10,07:00
6749,290.95,2024-11-10,07:15
6750,287.19,2024-11-10,07:30
6751,268.15,2024-11-10,07:45
6752,285.91,2024-11-10,08:00
6753,461.72,2024-11-10,08:15
6754,455.71,2024-11-10,08:30
6755,438.12,2024-11-10,08:45
6756,445.35,2024-11-10,09:00
6757,277.95,2024-11-10,09:15
6758,306.11,2024-11-10,09:30
6759,266.74,2024-11-10,09:45
6760,252.43,2024-11-10,10:00
6761,376.67,2024-11-10,10:15
6762,330.73,2024-11-10,10:30
6763,304.48,2024-11-10,10:45
6764,307.28,2024-11-10,11:00
6765,328.83,2024-11-10,11:15
6766,313.2,2024-11-10,11:30
6767,280.56,2024-11-10,11:45
6768,283.69,2024-11-10,12:00
6769,285.36,2024-11-10,12:15
6770,245.01,2024-11-10,12:30
6771,114.72,2024-11-10,12:45
6772,237.93,2024-11-10,13:00
6773,287.16,2024-11-10,13:15
6774,258.61,2024-11-10,13:30
6775,284.33,2024-11-10,13:45
6776,261.19,2024-11-10,14:00
6777,290.31,2024-11-10,14:15
6778,289.81,2024-11-10,14:30
6779,314.28,2024-11-10,14:45
6780,356.37,2024-11-10,15:00
6781,355.17,2024-11-10,15:15
6782,444.11,2024-11-10,15:30
6783,466.51,2024-11-10,15:45
6784,497.41,2024-11-10,16:00
6785,493.64,2024-11-10,16:15
6786,491.37,2024-11-10,16:30
6787,486.37,2024-11-10,16:45
6788,486.48,2024-11-10,17:00
6789,523.67,2024-11-10,17:15
6790,515.6,2024-11-10,17:30
6791,506.32,2024-11-10,17:45
6792,508.6,2024-11-10,18:00
6793,516.15,2024-11-10,18:15
6794,482.84,2024-11-10,18:30
6795,476.77,2024-11-10,18:45
6796,458.19,2024-11-10,19:00
6797,467.39,2024-11-10,19:15
6798,458.46,2024-11-10,19:30
6799,444.52,2024-11-10,19:45
6800,418.48,2024-11-10,20:00
6801,368.36,2024-11-10,20:15
6802,393.59,2024-11-10,20:30
6803,392.48,2024-11-10,20:45
6804,353.7,2024-11-10,21:00
6805,318.03,2024-11-10,21:15
6806,306.21,2024-11-10,21:30
6807,323.53,2024-11-10,21:45
6808,301.72,2024-11-10,22:00
6809,319.11,2024-11-10,22:15
6810,317.77,2024-11-10,22:30
6811,276.2,2024-11-10,22:45
6812,294.9,2024-11-10,23:00
6813,455.15,2024-11-10,23:15
6814,454.06,2024-11-10,23:30
6815,434.16,2024-11-10,23:45
6816,417.58,2024-11-10,24:00
6817,225.61,2024-11-11,00:15
6818,222.02,2024-11-11,00:30
6819,267.09,2024-11-11,00:45
6820,299.9,2024-11-11,01:00
6821,40.0,2024-11-11,01:15
6822,40.0,2024-11-11,01:30
6823,40.0,2024-11-11,01:45
6824,230.0,2024-11-11,02:00
6825,40.0,2024-11-11,02:15
6826,40.0,2024-11-11,02:30
6827,40.0,2024-11-11,02:45
6828,40.0,2024-11-11,03:00
6829,40.0,2024-11-11,03:15
6830,40.0,2024-11-11,03:30
6831,40.0,2024-11-11,03:45
6832,230.0,2024-11-11,04:00
6833,40.0,2024-11-11,04:15
6834,320.0,2024-11-11,04:30
6835,230.0,2024-11-11,04:45
6836,40.0,2024-11-11,05:00
6837,320.0,2024-11-11,05:15
6838,230.0,2024-11-11,05:30
6839,330.0,2024-11-11,05:45
6840,230.0,2024-11-11,06:00
6841,320.0,2024-11-11,06:15
6842,330.0,2024-11-11,06:30
6843,330.0,2024-11-11,06:45
6844,340.0,2024-11-11,07:00
6845,350.0,2024-11-11,07:15
6846,350.0,2024-11-11,07:30
6847,360.0,2024-11-11,07:45
6848,359.99,2024-11-11,08:00
6849,379.99,2024-11-11,08:15
6850,359.98,2024-11-11,08:30
6851,379.46,2024-11-11,08:45
6852,271.71,2024-11-11,09:00
6853,363.95,2024-11-11,09:15
6854,395.01,2024-11-11,09:30
6855,365.11,2024-11-11,09:45
6856,356.32,2024-11-11,10:00
6857,459.51,2024-11-11,10:15
6858,413.22,2024-11-11,10:30
6859,415.79,2024-11-11,10:45
6860,416.19,2024-11-11,11:00
6861,414.75,2024-11-11,11:15
6862,417.28,2024-11-11,11:30
6863,418.49,2024-11-11,11:45
6864,423.67,2024-11-11,12:00
6865,427.14,2024-11-11,12:15
6866,429.9,2024-11-11,12:30
6867,430.7,2024-11-11,12:45
6868,430.67,2024-11-11,13:00
6869,448.47,2024-11-11,13:15
6870,449.25,2024-11-11,13:30
6871,453.91,2024-11-11,13:45
6872,453.05,2024-11-11,14:00
6873,446.07,2024-11-11,14:15
6874,444.88,2024-11-11,14:30
6875,445.73,2024-11-11,14:45
6876,492.0,2024-11-11,15:00
6877,510.6,2024-11-11,15:15
6878,509.75,2024-11-11,15:30
6879,504.01,2024-11-11,15:45
6880,502.69,2024-11-11,16:00
6881,482.41,2024-11-11,16:15
6882,467.79,2024-11-11,16:30
6883,438.88,2024-11-11,16:45
6884,450.25,2024-11-11,17:00
6885,490.22,2024-11-11,17:15
6886,489.86,2024-11-11,17:30
6887,488.69,2024-11-11,17:45
6888,493.06,2024-11-11,18:00
6889,484.26,2024-11-11,18:15
6890,488.82,2024-11-11,18:30
6891,479.14,2024-11-11,18:45
6892,420.54,2024-11-11,19:00
6893,453.84,2024-11-11,19:15
6894,435.04,2024-11-11,19:30
6895,446.72,2024-11-11,19:45
6896,485.02,2024-11-11,20:00
6897,509.55,2024-11-11,20:15
6898,472.12,2024-11-11,20:30
6899,472.34,2024-11-11,20:45
6900,496.53,2024-11-11,21:00
6901,476.24,2024-11-11,21:15
6902,496.83,2024-11-11,21:30
6903,515.95,2024-11-11,21:45
6904,514.85,2024-11-11,22:00
6905,516.96,2024-11-11,22:15
6906,521.53,2024-11-11,22:30
6907,521.15,2024-11-11,22:45
6908,518.48,2024-11-11,23:00
6909,521.34,2024-11-11,23:15
6910,513.9,2024-11-11,23:30
6911,494.17,2024-11-11,23:45
6912,456.81,2024-11-11,24:00
6913,550.0,2024-11-12,00:15
6914,550.0,2024-11-12,00:30
6915,490.0,2024-11-12,00:45
6916,450.0,2024-11-12,01:00
6917,450.0,2024-11-12,01:15
6918,450.0,2024-11-12,01:30
6919,400.0,2024-11-12,01:45
6920,400.0,2024-11-12,02:00
6921,410.0,2024-11-12,02:15
6922,430.0,2024-11-12,02:30
6923,450.0,2024-11-12,02:45
6924,450.0,2024-11-12,03:00
6925,450.0,2024-11-12,03:15
6926,450.0,2024-11-12,03:30
6927,410.0,2024-11-12,03:45
6928,430.0,2024-11-12,04:00
6929,450.0,2024-11-12,04:15
6930,430.0,2024-11-12,04:30
6931,430.0,2024-11-12,04:45
6932,430.0,2024-11-12,05:00
6933,450.0,2024-11-12,05:15
6934,450.0,2024-11-12,05:30
6935,450.0,2024-11-12,05:45
6936,450.0,2024-11-12,06:00
6937,450.0,2024-11-12,06:15
6938,490.0,2024-11-12,06:30
6939,490.0,2024-11-12,06:45
6940,550.0,2024-11-12,07:00
6941,450.0,2024-11-12,07:15
6942,480.0,2024-11-12,07:30
6943,489.99,2024-11-12,07:45
6944,589.98,2024-11-12,08:00
6945,559.97,2024-11-12,08:15
6946,519.96,2024-11-12,08:30
6947,449.96,2024-11-12,08:45
6948,399.96,2024-11-12,09:00
6949,389.95,2024-11-12,09:15
6950,349.95,2024-11-12,09:30
6951,319.95,2024-11-12,09:45
6952,40.0,2024-11-12,10:00
6953,269.95,2024-11-12,10:15
6954,40.0,2024-11-12,10:30
6955,40.0,2024-11-12,10:45
6956,40.0,2024-11-12,11:00
6957,40.0,2024-11-12,11:15
6958,40.0,2024-11-12,11:30
6959,40.0,2024-11-12,11:45
6960,40.0,2024-11-12,12:00
6961,40.0,2024-11-12,12:15
6962,40.0,2024-11-12,12:30
6963,40.0,2024-11-12,12:45
6964,40.0,2024-11-12,13:00
6965,40.0,2024-11-12,13:15
6966,40.0,2024-11-12,13:30
6967,40.0,2024-11-12,13:45
6968,40.0,2024-11-12,14:00
6969,40.0,2024-11-12,14:15
6970,40.0,2024-11-12,14:30
6971,40.0,2024-11-12,14:45
6972,40.0,2024-11-12,15:00
6973,40.0,2024-11-12,15:15
6974,44.41,2024-11-12,15:30
6975,240.9,2024-11-12,15:45
6976,44.41,2024-11-12,16:00
6977,236.11,2024-11-12,16:15
6978,310.65,2024-11-12,16:30
6979,410.71,2024-11-12,16:45
6980,445.37,2024-11-12,17:00
6981,469.31,2024-11-12,17:15
6982,466.51,2024-11-12,17:30
6983,482.16,2024-11-12,17:45
6984,503.98,2024-11-12,18:00
6985,400.0,2024-11-12,18:15
6986,400.0,2024-11-12,18:30
6987,390.0,2024-11-12,18:45
6988,360.0,2024-11-12,19:00
6989,360.0,2024-11-12,19:15
6990,350.0,2024-11-12,19:30
6991,370.0,2024-11-12,19:45
6992,390.0,2024-11-12,20:00
6993,390.0,2024-11-12,20:15
6994,410.0,2024-11-12,20:30
6995,450.0,2024-11-12,20:45
6996,410.0,2024-11-12,21:00
6997,450.0,2024-11-12,21:15
6998,450.0,2024-11-12,21:30
6999,480.0,2024-11-12,21:45
7000,540.0,2024-11-12,22:00
7001,580.0,2024-11-12,22:15
7002,560.0,2024-11-12,22:30
7003,560.0,2024-11-12,22:45
7004,530.0,2024-11-12,23:00
7005,600.0,2024-11-12,23:15
7006,600.0,2024-11-12,23:30
7007,600.0,2024-11-12,23:45
7008,600.0,2024-11-12,24:00
7009,590.0,2024-11-13,00:15
7010,590.0,2024-11-13,00:30
7011,590.0,2024-11-13,00:45
7012,580.0,2024-11-13,01:00
7013,560.0,2024-11-13,01:15
7014,580.0,2024-11-13,01:30
7015,590.0,2024-11-13,01:45
7016,600.0,2024-11-13,02:00
7017,600.0,2024-11-13,02:15
7018,600.0,2024-11-13,02:30
7019,600.0,2024-11-13,02:45
7020,600.0,2024-11-13,03:00
7021,600.0,2024-11-13,03:15
7022,600.0,2024-11-13,03:30
7023,600.0,2024-11-13,03:45
7024,600.0,2024-11-13,04:00
7025,600.0,2024-11-13,04:15
7026,600.0,2024-11-13,04:30
7027,600.0,2024-11-13,04:45
7028,600.0,2024-11-13,05:00
7029,600.0,2024-11-13,05:15
7030,600.0,2024-11-13,05:30
7031,600.0,2024-11-13,05:45
7032,600.0,2024-11-13,06:00
7033,600.0,2024-11-13,06:15
7034,600.0,2024-11-13,06:30
7035,600.0,2024-11-13,06:45
7036,600.0,2024-11-13,07:00
7037,600.0,2024-11-13,07:15
7038,600.0,2024-11-13,07:30
7039,600.0,2024-11-13,07:45
7040,599.99,2024-11-13,08:00
7041,599.99,2024-11-13,08:15
7042,599.98,2024-11-13,08:30
7043,589.98,2024-11-13,08:45
7044,489.98,2024-11-13,09:00
7045,559.98,2024-11-13,09:15
7046,359.98,2024-11-13,09:30
7047,40.0,2024-11-13,09:45
7048,269.98,2024-11-13,10:00
7049,362.45,2024-11-13,10:15
7050,117.43,2024-11-13,10:30
7051,168.49,2024-11-13,10:45
7052,90.95,2024-11-13,11:00
7053,152.32,2024-11-13,11:15
7054,245.48,2024-11-13,11:30
7055,225.92,2024-11-13,11:45
7056,205.14,2024-11-13,12:00
7057,40.0,2024-11-13,12:15
7058,212.6,2024-11-13,12:30
7059,40.0,2024-11-13,12:45
7060,40.0,2024-11-13,13:00
7061,40.0,2024-11-13,13:15
7062,40.0,2024-11-13,13:30
7063,40.0,2024-11-13,13:45
7064,40.0,2024-11-13,14:00
7065,40.0,2024-11-13,14:15
7066,40.0,2024-11-13,14:30
7067,40.0,2024-11-13,14:45
7068,152.21,2024-11-13,15:00
7069,40.0,2024-11-13,15:15
7070,40.0,2024-11-13,15:30
7071,40.0,2024-11-13,15:45
7072,40.0,2024-11-13,16:00
7073,339.98,2024-11-13,16:15
7074,369.97,2024-11-13,16:30
7075,449.97,2024-11-13,16:45
7076,499.99,2024-11-13,17:00
7077,529.99,2024-11-13,17:15
7078,600.0,2024-11-13,17:30
7079,600.0,2024-11-13,17:45
7080,590.0,2024-11-13,18:00
7081,550.0,2024-11-13,18:15
7082,550.0,2024-11-13,18:30
7083,590.0,2024-11-13,18:45
7084,590.0,2024-11-13,19:00
7085,510.0,2024-11-13,19:15
7086,500.0,2024-11-13,19:30
7087,560.0,2024-11-13,19:45
7088,560.0,2024-11-13,20:00
7089,550.0,2024-11-13,20:15
7090,550.0,2024-11-13,20:30
7091,550.0,2024-11-13,20:45
7092,550.0,2024-11-13,21:00
7093,600.0,2024-11-13,21:15
7094,600.0,2024-11-13,21:30
7095,600.0,2024-11-13,21:45
7096,600.0,2024-11-13,22:00
7097,600.0,2024-11-13,22:15
7098,600.0,2024-11-13,22:30
7099,600.0,2024-11-13,22:45
7100,590.0,2024-11-13,23:00
7101,600.0,2024-11-13,23:15
7102,600.0,2024-11-13,23:30
7103,600.0,2024-11-13,23:45
7104,600.0,2024-11-13,24:00
7105,600.0,2024-11-14,00:15
7106,600.0,2024-11-14,00:30
7107,600.0,2024-11-14,00:45
7108,600.0,2024-11-14,01:00
7109,560.0,2024-11-14,01:15
7110,580.0,2024-11-14,01:30
7111,580.0,2024-11-14,01:45
7112,590.0,2024-11-14,02:00
7113,600.0,2024-11-14,02:15
7114,590.0,2024-11-14,02:30
7115,590.0,2024-11-14,02:45
7116,590.0,2024-11-14,03:00
7117,580.0,2024-11-14,03:15
7118,550.0,2024-11-14,03:30
7119,540.0,2024-11-14,03:45
7120,500.0,2024-11-14,04:00
7121,510.0,2024-11-14,04:15
7122,500.0,2024-11-14,04:30
7123,500.0,2024-11-14,04:45
7124,480.0,2024-11-14,05:00
7125,520.0,2024-11-14,05:15
7126,480.0,2024-11-14,05:30
7127,490.0,2024-11-14,05:45
7128,450.0,2024-11-14,06:00
7129,450.0,2024-11-14,06:15
7130,450.0,2024-11-14,06:30
7131,400.0,2024-11-14,06:45
7132,350.0,2024-11-14,07:00
7133,40.0,2024-11-14,07:15
7134,40.0,2024-11-14,07:30
7135,40.0,2024-11-14,07:45
7136,462.52,2024-11-14,08:00
7137,417.03,2024-11-14,08:15
7138,453.4,2024-11-14,08:30
7139,424.91,2024-11-14,08:45
7140,461.11,2024-11-14,09:00
7141,432.6,2024-11-14,09:15
7142,412.58,2024-11-14,09:30
7143,426.76,2024-11-14,09:45
7144,422.57,2024-11-14,10:00
7145,439.51,2024-11-14,10:15
7146,427.57,2024-11-14,10:30
7147,426.57,2024-11-14,10:45
7148,429.82,2024-11-14,11:00
7149,419.08,2024-11-14,11:15
7150,402.84,2024-11-14,11:30
7151,386.73,2024-11-14,11:45
7152,368.68,2024-11-14,12:00
7153,352.9,2024-11-14,12:15
7154,335.48,2024-11-14,12:30
7155,316.13,2024-11-14,12:45
7156,382.72,2024-11-14,13:00
7157,383.81,2024-11-14,13:15
7158,341.23,2024-11-14,13:30
7159,329.04,2024-11-14,13:45
7160,347.33,2024-11-14,14:00
7161,334.73,2024-11-14,14:15
7162,344.89,2024-11-14,14:30
7163,383.12,2024-11-14,14:45
7164,412.4,2024-11-14,15:00
7165,416.55,2024-11-14,15:15
7166,401.53,2024-11-14,15:30
7167,400.13,2024-11-14,15:45
7168,397.73,2024-11-14,16:00
7169,446.64,2024-11-14,16:15
7170,449.48,2024-11-14,16:30
7171,443.8,2024-11-14,16:45
7172,459.71,2024-11-14,17:00
7173,528.8,2024-11-14,17:15
7174,501.49,2024-11-14,17:30
7175,482.13,2024-11-14,17:45
7176,450.47,2024-11-14,18:00
7177,433.8,2024-11-14,18:15
7178,454.5,2024-11-14,18:30
7179,450.71,2024-11-14,18:45
7180,420.5,2024-11-14,19:00
7181,431.45,2024-11-14,19:15
7182,368.36,2024-11-14,19:30
7183,391.99,2024-11-14,19:45
7184,381.23,2024-11-14,20:00
7185,374.69,2024-11-14,20:15
7186,327.31,2024-11-14,20:30
7187,336.87,2024-11-14,20:45
7188,254.19,2024-11-14,21:00
7189,310.75,2024-11-14,21:15
7190,330.09,2024-11-14,21:30
7191,345.63,2024-11-14,21:45
7192,303.77,2024-11-14,22:00
7193,370.01,2024-11-14,22:15
7194,358.44,2024-11-14,22:30
7195,362.2,2024-11-14,22:45
7196,359.15,2024-11-14,23:00
7197,384.97,2024-11-14,23:15
7198,317.98,2024-11-14,23:30
7199,395.51,2024-11-14,23:45
7200,322.48,2024-11-14,24:00
7201,403.93,2024-11-15,00:15
7202,384.37,2024-11-15,00:30
7203,296.18,2024-11-15,00:45
7204,284.01,2024-11-15,01:00
7205,269.75,2024-11-15,01:15
7206,251.21,2024-11-15,01:30
7207,40.0,2024-11-15,01:45
7208,223.71,2024-11-15,02:00
7209,257.92,2024-11-15,02:15
7210,232.77,2024-11-15,02:30
7211,231.38,2024-11-15,02:45
7212,251.11,2024-11-15,03:00
7213,261.63,2024-11-15,03:15
7214,261.1,2024-11-15,03:30
7215,222.73,2024-11-15,03:45
7216,246.69,2024-11-15,04:00
7217,229.13,2024-11-15,04:15
7218,234.09,2024-11-15,04:30
7219,249.02,2024-11-15,04:45
7220,259.07,2024-11-15,05:00
7221,339.73,2024-11-15,05:15
7222,327.9,2024-11-15,05:30
7223,346.37,2024-11-15,05:45
7224,305.63,2024-11-15,06:00
7225,276.15,2024-11-15,06:15
7226,258.39,2024-11-15,06:30
7227,343.59,2024-11-15,06:45
7228,307.31,2024-11-15,07:00
7229,343.3,2024-11-15,07:15
7230,349.34,2024-11-15,07:30
7231,365.79,2024-11-15,07:45
7232,364.19,2024-11-15,08:00
7233,366.13,2024-11-15,08:15
7234,373.94,2024-11-15,08:30
7235,377.2,2024-11-15,08:45
7236,420.48,2024-11-15,09:00
7237,413.0,2024-11-15,09:15
7238,367.3,2024-11-15,09:30
7239,207.85,2024-11-15,09:45
7240,321.56,2024-11-15,10:00
7241,381.96,2024-11-15,10:15
7242,380.43,2024-11-15,10:30
7243,374.64,2024-11-15,10:45
7244,382.23,2024-11-15,11:00
7245,376.0,2024-11-15,11:15
7246,383.75,2024-11-15,11:30
7247,388.0,2024-11-15,11:45
7248,343.38,2024-11-15,12:00
7249,347.93,2024-11-15,12:15
7250,343.49,2024-11-15,12:30
7251,345.67,2024-11-15,12:45
7252,343.47,2024-11-15,13:00
7253,356.32,2024-11-15,13:15
7254,391.43,2024-11-15,13:30
7255,394.28,2024-11-15,13:45
7256,394.28,2024-11-15,14:00
7257,394.58,2024-11-15,14:15
7258,392.21,2024-11-15,14:30
7259,397.54,2024-11-15,14:45
7260,393.22,2024-11-15,15:00
7261,387.01,2024-11-15,15:15
7262,377.69,2024-11-15,15:30
7263,373.44,2024-11-15,15:45
7264,374.05,2024-11-15,16:00
7265,390.48,2024-11-15,16:15
7266,411.1,2024-11-15,16:30
7267,412.21,2024-11-15,16:45
7268,443.01,2024-11-15,17:00
7269,454.07,2024-11-15,17:15
7270,448.26,2024-11-15,17:30
7271,445.06,2024-11-15,17:45
7272,423.86,2024-11-15,18:00
7273,416.0,2024-11-15,18:15
7274,421.33,2024-11-15,18:30
7275,420.23,2024-11-15,18:45
7276,469.45,2024-11-15,19:00
7277,420.73,2024-11-15,19:15
7278,417.34,2024-11-15,19:30
7279,411.15,2024-11-15,19:45
7280,414.39,2024-11-15,20:00
7281,360.16,2024-11-15,20:15
7282,369.96,2024-11-15,20:30
7283,350.0,2024-11-15,20:45
7284,326.37,2024-11-15,21:00
7285,385.98,2024-11-15,21:15
7286,397.0,2024-11-15,21:30
7287,350.0,2024-11-15,21:45
7288,350.0,2024-11-15,22:00
7289,380.0,2024-11-15,22:15
7290,360.0,2024-11-15,22:30
7291,350.0,2024-11-15,22:45
7292,350.0,2024-11-15,23:00
7293,450.0,2024-11-15,23:15
7294,450.0,2024-11-15,23:30
7295,450.0,2024-11-15,23:45
7296,450.0,2024-11-15,24:00
7297,500.0,2024-11-16,00:15
7298,480.0,2024-11-16,00:30
7299,390.0,2024-11-16,00:45
7300,410.0,2024-11-16,01:00
7301,560.0,2024-11-16,01:15
7302,560.0,2024-11-16,01:30
7303,590.0,2024-11-16,01:45
7304,590.0,2024-11-16,02:00
7305,600.0,2024-11-16,02:15
7306,600.0,2024-11-16,02:30
7307,600.0,2024-11-16,02:45
7308,600.0,2024-11-16,03:00
7309,600.0,2024-11-16,03:15
7310,600.0,2024-11-16,03:30
7311,600.0,2024-11-16,03:45
7312,600.0,2024-11-16,04:00
7313,600.0,2024-11-16,04:15
7314,600.0,2024-11-16,04:30
7315,600.0,2024-11-16,04:45
7316,600.0,2024-11-16,05:00
7317,600.0,2024-11-16,05:15
7318,600.0,2024-11-16,05:30
7319,600.0,2024-11-16,05:45
7320,600.0,2024-11-16,06:00
7321,600.0,2024-11-16,06:15
7322,600.0,2024-11-16,06:30
7323,600.0,2024-11-16,06:45
7324,600.0,2024-11-16,07:00
7325,600.0,2024-11-16,07:15
7326,600.0,2024-11-16,07:30
7327,600.0,2024-11-16,07:45
7328,599.99,2024-11-16,08:00
7329,599.98,2024-11-16,08:15
7330,599.98,2024-11-16,08:30
7331,599.97,2024-11-16,08:45
7332,599.96,2024-11-16,09:00
7333,579.96,2024-11-16,09:15
7334,399.97,2024-11-16,09:30
7335,349.97,2024-11-16,09:45
7336,319.97,2024-11-16,10:00
7337,40.0,2024-11-16,10:15
7338,40.0,2024-11-16,10:30
7339,40.0,2024-11-16,10:45
7340,40.0,2024-11-16,11:00
7341,40.0,2024-11-16,11:15
7342,40.0,2024-11-16,11:30
7343,40.0,2024-11-16,11:45
7344,40.0,2024-11-16,12:00
7345,40.0,2024-11-16,12:15
7346,40.0,2024-11-16,12:30
7347,40.0,2024-11-16,12:45
7348,40.0,2024-11-16,13:00
7349,40.0,2024-11-16,13:15
7350,40.0,2024-11-16,13:30
7351,40.0,2024-11-16,13:45
7352,40.0,2024-11-16,14:00
7353,40.0,2024-11-16,14:15
7354,40.0,2024-11-16,14:30
7355,40.0,2024-11-16,14:45
7356,40.0,2024-11-16,15:00
7357,40.0,2024-11-16,15:15
7358,40.0,2024-11-16,15:30
7359,40.0,2024-11-16,15:45
7360,40.0,2024-11-16,16:00
7361,40.0,2024-11-16,16:15
7362,369.99,2024-11-16,16:30
7363,449.99,2024-11-16,16:45
7364,549.99,2024-11-16,17:00
7365,579.99,2024-11-16,17:15
7366,599.99,2024-11-16,17:30
7367,600.0,2024-11-16,17:45
7368,600.0,2024-11-16,18:00
7369,600.0,2024-11-16,18:15
7370,600.0,2024-11-16,18:30
7371,600.0,2024-11-16,18:45
7372,580.0,2024-11-16,19:00
7373,550.0,2024-11-16,19:15
7374,490.0,2024-11-16,19:30
7375,490.0,2024-11-16,19:45
7376,450.0,2024-11-16,20:00
7377,560.0,2024-11-16,20:15
7378,550.0,2024-11-16,20:30
7379,550.0,2024-11-16,20:45
7380,480.0,2024-11-16,21:00
7381,500.0,2024-11-16,21:15
7382,450.0,2024-11-16,21:30
7383,410.0,2024-11-16,21:45
7384,400.0,2024-11-16,22:00
7385,500.0,2024-11-16,22:15
7386,450.0,2024-11-16,22:30
7387,450.0,2024-11-16,22:45
7388,400.0,2024-11-16,23:00
7389,580.0,2024-11-16,23:15
7390,500.0,2024-11-16,23:30
7391,450.0,2024-11-16,23:45
7392,450.0,2024-11-16,24:00
7393,500.0,2024-11-17,00:15
7394,480.0,2024-11-17,00:30
7395,500.0,2024-11-17,00:45
7396,450.0,2024-11-17,01:00
7397,470.0,2024-11-17,01:15
7398,400.0,2024-11-17,01:30
7399,390.0,2024-11-17,01:45
7400,360.0,2024-11-17,02:00
7401,350.0,2024-11-17,02:15
7402,340.0,2024-11-17,02:30
7403,201.05,2024-11-17,02:45
7404,206.77,2024-11-17,03:00
7405,234.85,2024-11-17,03:15
7406,296.39,2024-11-17,03:30
7407,296.68,2024-11-17,03:45
7408,308.21,2024-11-17,04:00
7409,298.91,2024-11-17,04:15
7410,299.21,2024-11-17,04:30
7411,320.0,2024-11-17,04:45
7412,330.0,2024-11-17,05:00
7413,350.0,2024-11-17,05:15
7414,360.0,2024-11-17,05:30
7415,390.0,2024-11-17,05:45
7416,450.0,2024-11-17,06:00
7417,232.31,2024-11-17,06:15
7418,357.59,2024-11-17,06:30
7419,259.09,2024-11-17,06:45
7420,359.35,2024-11-17,07:00
7421,350.0,2024-11-17,07:15
7422,350.0,2024-11-17,07:30
7423,330.0,2024-11-17,07:45
7424,230.0,2024-11-17,08:00
7425,319.99,2024-11-17,08:15
7426,299.99,2024-11-17,08:30
7427,40.0,2024-11-17,08:45
7428,299.98,2024-11-17,09:00
7429,40.0,2024-11-17,09:15
7430,40.0,2024-11-17,09:30
7431,40.0,2024-11-17,09:45
7432,40.0,2024-11-17,10:00
7433,40.0,2024-11-17,10:15
7434,40.0,2024-11-17,10:30
7435,180.97,2024-11-17,10:45
7436,316.81,2024-11-17,11:00
7437,338.36,2024-11-17,11:15
7438,338.73,2024-11-17,11:30
7439,345.2,2024-11-17,11:45
7440,198.8,2024-11-17,12:00
7441,324.09,2024-11-17,12:15
7442,217.7,2024-11-17,12:30
7443,313.86,2024-11-17,12:45
7444,180.46,2024-11-17,13:00
7445,189.96,2024-11-17,13:15
7446,189.54,2024-11-17,13:30
7447,193.95,2024-11-17,13:45
7448,193.07,2024-11-17,14:00
7449,195.67,2024-11-17,14:15
7450,194.0,2024-11-17,14:30
7451,226.42,2024-11-17,14:45
7452,300.43,2024-11-17,15:00
7453,315.9,2024-11-17,15:15
7454,317.55,2024-11-17,15:30
7455,228.78,2024-11-17,15:45
7456,229.29,2024-11-17,16:00
7457,209.05,2024-11-17,16:15
7458,308.67,2024-11-17,16:30
7459,479.99,2024-11-17,16:45
7460,514.35,2024-11-17,17:00
7461,400.0,2024-11-17,17:15
7462,550.0,2024-11-17,17:30
7463,450.0,2024-11-17,17:45
7464,450.0,2024-11-17,18:00
7465,390.0,2024-11-17,18:15
7466,400.0,2024-11-17,18:30
7467,450.0,2024-11-17,18:45
7468,450.0,2024-11-17,19:00
7469,450.0,2024-11-17,19:15
7470,450.0,2024-11-17,19:30
7471,450.0,2024-11-17,19:45
7472,450.0,2024-11-17,20:00
7473,450.0,2024-11-17,20:15
7474,490.0,2024-11-17,20:30
7475,450.0,2024-11-17,20:45
7476,550.0,2024-11-17,21:00
7477,490.0,2024-11-17,21:15
7478,450.0,2024-11-17,21:30
7479,450.0,2024-11-17,21:45
7480,400.0,2024-11-17,22:00
7481,490.0,2024-11-17,22:15
7482,450.0,2024-11-17,22:30
7483,480.0,2024-11-17,22:45
7484,480.0,2024-11-17,23:00
7485,500.0,2024-11-17,23:15
7486,480.0,2024-11-17,23:30
7487,450.0,2024-11-17,23:45
7488,450.0,2024-11-17,24:00
7489,480.0,2024-11-18,00:15
7490,470.0,2024-11-18,00:30
7491,500.0,2024-11-18,00:45
7492,480.0,2024-11-18,01:00
7493,490.0,2024-11-18,01:15
7494,550.0,2024-11-18,01:30
7495,560.0,2024-11-18,01:45
7496,550.0,2024-11-18,02:00
7497,590.0,2024-11-18,02:15
7498,580.0,2024-11-18,02:30
7499,580.0,2024-11-18,02:45
7500,590.0,2024-11-18,03:00
7501,590.0,2024-11-18,03:15
7502,600.0,2024-11-18,03:30
7503,600.0,2024-11-18,03:45
7504,600.0,2024-11-18,04:00
7505,600.0,2024-11-18,04:15
7506,600.0,2024-11-18,04:30
7507,600.0,2024-11-18,04:45
7508,600.0,2024-11-18,05:00
7509,600.0,2024-11-18,05:15
7510,600.0,2024-11-18,05:30
7511,600.0,2024-11-18,05:45
7512,600.0,2024-11-18,06:00
7513,600.0,2024-11-18,06:15
7514,600.0,2024-11-18,06:30
7515,600.0,2024-11-18,06:45
7516,600.0,2024-11-18,07:00
7517,600.0,2024-11-18,07:15
7518,600.0,2024-11-18,07:30
7519,600.0,2024-11-18,07:45
7520,599.99,2024-11-18,08:00
7521,599.99,2024-11-18,08:15
7522,599.98,2024-11-18,08:30
7523,599.97,2024-11-18,08:45
7524,599.97,2024-11-18,09:00
7525,599.97,2024-11-18,09:15
7526,599.97,2024-11-18,09:30
7527,549.97,2024-11-18,09:45
7528,399.98,2024-11-18,10:00
7529,599.96,2024-11-18,10:15
7530,549.96,2024-11-18,10:30
7531,399.97,2024-11-18,10:45
7532,399.97,2024-11-18,11:00
7533,565.84,2024-11-18,11:15
7534,484.32,2024-11-18,11:30
7535,461.25,2024-11-18,11:45
7536,331.02,2024-11-18,12:00
7537,324.08,2024-11-18,12:15
7538,217.26,2024-11-18,12:30
7539,216.62,2024-11-18,12:45
7540,217.21,2024-11-18,13:00
7541,326.36,2024-11-18,13:15
7542,344.34,2024-11-18,13:30
7543,344.14,2024-11-18,13:45
7544,353.0,2024-11-18,14:00
7545,324.3,2024-11-18,14:15
7546,327.0,2024-11-18,14:30
7547,329.59,2024-11-18,14:45
7548,479.85,2024-11-18,15:00
7549,450.05,2024-11-18,15:15
7550,421.23,2024-11-18,15:30
7551,334.57,2024-11-18,15:45
7552,501.2,2024-11-18,16:00
7553,390.18,2024-11-18,16:15
7554,558.61,2024-11-18,16:30
7555,552.92,2024-11-18,16:45
7556,556.94,2024-11-18,17:00
7557,577.34,2024-11-18,17:15
7558,580.68,2024-11-18,17:30
7559,581.06,2024-11-18,17:45
7560,580.53,2024-11-18,18:00
7561,579.92,2024-11-18,18:15
7562,568.89,2024-11-18,18:30
7563,533.01,2024-11-18,18:45
7564,400.0,2024-11-18,19:00
7565,443.22,2024-11-18,19:15
7566,576.55,2024-11-18,19:30
7567,577.16,2024-11-18,19:45
7568,576.65,2024-11-18,20:00
7569,567.16,2024-11-18,20:15
7570,575.95,2024-11-18,20:30
7571,567.18,2024-11-18,20:45
7572,531.32,2024-11-18,21:00
7573,539.64,2024-11-18,21:15
7574,577.03,2024-11-18,21:30
7575,576.55,2024-11-18,21:45
7576,577.08,2024-11-18,22:00
7577,577.95,2024-11-18,22:15
7578,578.29,2024-11-18,22:30
7579,578.06,2024-11-18,22:45
7580,578.18,2024-11-18,23:00
7581,600.0,2024-11-18,23:15
7582,600.0,2024-11-18,23:30
7583,600.0,2024-11-18,23:45
7584,600.0,2024-11-18,24:00
7585,600.0,2024-11-19,00:15
7586,600.0,2024-11-19,00:30
7587,600.0,2024-11-19,00:45
7588,600.0,2024-11-19,01:00
7589,600.0,2024-11-19,01:15
7590,600.0,2024-11-19,01:30
7591,600.0,2024-11-19,01:45
7592,600.0,2024-11-19,02:00
7593,600.0,2024-11-19,02:15
7594,600.0,2024-11-19,02:30
7595,600.0,2024-11-19,02:45
7596,600.0,2024-11-19,03:00
7597,600.0,2024-11-19,03:15
7598,600.0,2024-11-19,03:30
7599,600.0,2024-11-19,03:45
7600,600.0,2024-11-19,04:00
7601,600.0,2024-11-19,04:15
7602,600.0,2024-11-19,04:30
7603,600.0,2024-11-19,04:45
7604,600.0,2024-11-19,05:00
7605,600.0,2024-11-19,05:15
7606,600.0,2024-11-19,05:30
7607,600.0,2024-11-19,05:45
7608,600.0,2024-11-19,06:00
7609,600.0,2024-11-19,06:15
7610,600.0,2024-11-19,06:30
7611,600.0,2024-11-19,06:45
7612,600.0,2024-11-19,07:00
7613,600.0,2024-11-19,07:15
7614,600.0,2024-11-19,07:30
7615,600.0,2024-11-19,07:45
7616,599.59,2024-11-19,08:00
7617,599.53,2024-11-19,08:15
7618,599.97,2024-11-19,08:30
7619,599.97,2024-11-19,08:45
7620,599.96,2024-11-19,09:00
7621,599.96,2024-11-19,09:15
7622,570.89,2024-11-19,09:30
7623,504.65,2024-11-19,09:45
7624,416.31,2024-11-19,10:00
7625,409.38,2024-11-19,10:15
7626,408.01,2024-11-19,10:30
7627,409.63,2024-11-19,10:45
7628,412.75,2024-11-19,11:00
7629,316.78,2024-11-19,11:15
7630,310.58,2024-11-19,11:30
7631,310.67,2024-11-19,11:45
7632,228.88,2024-11-19,12:00
7633,317.65,2024-11-19,12:15
7634,318.59,2024-11-19,12:30
7635,314.28,2024-11-19,12:45
7636,230.23,2024-11-19,13:00
7637,320.09,2024-11-19,13:15
7638,323.01,2024-11-19,13:30
7639,228.83,2024-11-19,13:45
7640,325.52,2024-11-19,14:00
7641,303.25,2024-11-19,14:15
7642,318.15,2024-11-19,14:30
7643,321.35,2024-11-19,14:45
7644,324.88,2024-11-19,15:00
7645,336.14,2024-11-19,15:15
7646,331.5,2024-11-19,15:30
7647,328.58,2024-11-19,15:45
7648,324.34,2024-11-19,16:00
7649,309.96,2024-11-19,16:15
7650,328.94,2024-11-19,16:30
7651,404.74,2024-11-19,16:45
7652,470.11,2024-11-19,17:00
7653,579.62,2024-11-19,17:15
7654,490.53,2024-11-19,17:30
7655,579.41,2024-11-19,17:45
7656,550.0,2024-11-19,18:00
7657,584.04,2024-11-19,18:15
7658,588.01,2024-11-19,18:30
7659,588.99,2024-11-19,18:45
7660,588.77,2024-11-19,19:00
7661,578.77,2024-11-19,19:15
7662,587.73,2024-11-19,19:30
7663,589.0,2024-11-19,19:45
7664,588.64,2024-11-19,20:00
7665,588.54,2024-11-19,20:15
7666,588.45,2024-11-19,20:30
7667,600.0,2024-11-19,20:45
7668,600.0,2024-11-19,21:00
7669,600.0,2024-11-19,21:15
7670,600.0,2024-11-19,21:30
7671,600.0,2024-11-19,21:45
7672,600.0,2024-11-19,22:00
7673,600.0,2024-11-19,22:15
7674,600.0,2024-11-19,22:30
7675,600.0,2024-11-19,22:45
7676,600.0,2024-11-19,23:00
7677,600.0,2024-11-19,23:15
7678,600.0,2024-11-19,23:30
7679,600.0,2024-11-19,23:45
7680,600.0,2024-11-19,24:00
7681,580.0,2024-11-20,00:15
7682,580.0,2024-11-20,00:30
7683,600.0,2024-11-20,00:45
7684,600.0,2024-11-20,01:00
7685,600.0,2024-11-20,01:15
7686,600.0,2024-11-20,01:30
7687,600.0,2024-11-20,01:45
7688,600.0,2024-11-20,02:00
7689,600.0,2024-11-20,02:15
7690,600.0,2024-11-20,02:30
7691,600.0,2024-11-20,02:45
7692,600.0,2024-11-20,03:00
7693,600.0,2024-11-20,03:15
7694,600.0,2024-11-20,03:30
7695,600.0,2024-11-20,03:45
7696,600.0,2024-11-20,04:00
7697,600.0,2024-11-20,04:15
7698,600.0,2024-11-20,04:30
7699,600.0,2024-11-20,04:45
7700,600.0,2024-11-20,05:00
7701,600.0,2024-11-20,05:15
7702,600.0,2024-11-20,05:30
7703,600.0,2024-11-20,05:45
7704,600.0,2024-11-20,06:00
7705,600.0,2024-11-20,06:15
7706,600.0,2024-11-20,06:30
7707,600.0,2024-11-20,06:45
7708,600.0,2024-11-20,07:00
7709,600.0,2024-11-20,07:15
7710,600.0,2024-11-20,07:30
7711,600.0,2024-11-20,07:45
7712,600.0,2024-11-20,08:00
7713,599.99,2024-11-20,08:15
7714,599.98,2024-11-20,08:30
7715,599.96,2024-11-20,08:45
7716,599.95,2024-11-20,09:00
7717,599.93,2024-11-20,09:15
7718,500.95,2024-11-20,09:30
7719,330.48,2024-11-20,09:45
7720,242.39,2024-11-20,10:00
7721,412.37,2024-11-20,10:15
7722,380.08,2024-11-20,10:30
7723,419.64,2024-11-20,10:45
7724,315.2,2024-11-20,11:00
7725,388.91,2024-11-20,11:15
7726,248.11,2024-11-20,11:30
7727,208.04,2024-11-20,11:45
7728,40.0,2024-11-20,12:00
7729,40.0,2024-11-20,12:15
7730,212.55,2024-11-20,12:30
7731,40.0,2024-11-20,12:45
7732,40.0,2024-11-20,13:00
7733,40.0,2024-11-20,13:15
7734,40.0,2024-11-20,13:30
7735,40.0,2024-11-20,13:45
7736,40.0,2024-11-20,14:00
7737,40.0,2024-11-20,14:15
7738,40.0,2024-11-20,14:30
7739,253.33,2024-11-20,14:45
7740,252.93,2024-11-20,15:00
7741,279.58,2024-11-20,15:15
7742,40.0,2024-11-20,15:30
7743,178.22,2024-11-20,15:45
7744,331.17,2024-11-20,16:00
7745,40.0,2024-11-20,16:15
7746,40.0,2024-11-20,16:30
7747,449.98,2024-11-20,16:45
7748,572.8,2024-11-20,17:00
7749,579.98,2024-11-20,17:15
7750,599.99,2024-11-20,17:30
7751,600.0,2024-11-20,17:45
7752,600.0,2024-11-20,18:00
7753,600.0,2024-11-20,18:15
7754,600.0,2024-11-20,18:30
7755,600.0,2024-11-20,18:45
7756,600.0,2024-11-20,19:00
7757,600.0,2024-11-20,19:15
7758,600.0,2024-11-20,19:30
7759,600.0,2024-11-20,19:45
7760,600.0,2024-11-20,20:00
7761,600.0,2024-11-20,20:15
7762,600.0,2024-11-20,20:30
7763,600.0,2024-11-20,20:45
7764,600.0,2024-11-20,21:00
7765,600.0,2024-11-20,21:15
7766,600.0,2024-11-20,21:30
7767,600.0,2024-11-20,21:45
7768,600.0,2024-11-20,22:00
7769,600.0,2024-11-20,22:15
7770,600.0,2024-11-20,22:30
7771,600.0,2024-11-20,22:45
7772,600.0,2024-11-20,23:00
7773,600.0,2024-11-20,23:15
7774,600.0,2024-11-20,23:30
7775,600.0,2024-11-20,23:45
7776,600.0,2024-11-20,24:00
7777,600.0,2024-11-21,00:15
7778,600.0,2024-11-21,00:30
7779,600.0,2024-11-21,00:45
7780,600.0,2024-11-21,01:00
7781,600.0,2024-11-21,01:15
7782,600.0,2024-11-21,01:30
7783,590.0,2024-11-21,01:45
7784,580.0,2024-11-21,02:00
7785,600.0,2024-11-21,02:15
7786,600.0,2024-11-21,02:30
7787,600.0,2024-11-21,02:45
7788,600.0,2024-11-21,03:00
7789,600.0,2024-11-21,03:15
7790,600.0,2024-11-21,03:30
7791,580.0,2024-11-21,03:45
7792,580.0,2024-11-21,04:00
7793,580.0,2024-11-21,04:15
7794,580.0,2024-11-21,04:30
7795,590.0,2024-11-21,04:45
7796,560.0,2024-11-21,05:00
7797,550.0,2024-11-21,05:15
7798,500.0,2024-11-21,05:30
7799,500.0,2024-11-21,05:45
7800,480.0,2024-11-21,06:00
7801,550.0,2024-11-21,06:15
7802,550.0,2024-11-21,06:30
7803,500.0,2024-11-21,06:45
7804,550.0,2024-11-21,07:00
7805,410.0,2024-11-21,07:15
7806,500.0,2024-11-21,07:30
7807,450.0,2024-11-21,07:45
7808,550.0,2024-11-21,08:00
7809,449.99,2024-11-21,08:15
7810,449.98,2024-11-21,08:30
7811,459.97,2024-11-21,08:45
7812,379.97,2024-11-21,09:00
7813,40.0,2024-11-21,09:15
7814,40.0,2024-11-21,09:30
7815,40.0,2024-11-21,09:45
7816,40.0,2024-11-21,10:00
7817,40.0,2024-11-21,10:15
7818,40.0,2024-11-21,10:30
7819,40.0,2024-11-21,10:45
7820,40.0,2024-11-21,11:00
7821,40.0,2024-11-21,11:15
7822,40.0,2024-11-21,11:30
7823,40.0,2024-11-21,11:45
7824,40.0,2024-11-21,12:00
7825,40.0,2024-11-21,12:15
7826,40.0,2024-11-21,12:30
7827,40.0,2024-11-21,12:45
7828,40.0,2024-11-21,13:00
7829,40.0,2024-11-21,13:15
7830,40.0,2024-11-21,13:30
7831,40.0,2024-11-21,13:45
7832,40.0,2024-11-21,14:00
7833,40.0,2024-11-21,14:15
7834,40.0,2024-11-21,14:30
7835,40.0,2024-11-21,14:45
7836,40.0,2024-11-21,15:00
7837,345.62,2024-11-21,15:15
7838,164.63,2024-11-21,15:30
7839,168.33,2024-11-21,15:45
7840,40.0,2024-11-21,16:00
7841,335.91,2024-11-21,16:15
7842,419.32,2024-11-21,16:30
7843,510.76,2024-11-21,16:45
7844,571.92,2024-11-21,17:00
7845,582.31,2024-11-21,17:15
7846,588.71,2024-11-21,17:30
7847,600.0,2024-11-21,17:45
7848,600.0,2024-11-21,18:00
7849,600.0,2024-11-21,18:15
7850,600.0,2024-11-21,18:30
7851,560.0,2024-11-21,18:45
7852,500.0,2024-11-21,19:00
7853,510.0,2024-11-21,19:15
7854,450.0,2024-11-21,19:30
7855,460.0,2024-11-21,19:45
7856,450.0,2024-11-21,20:00
7857,450.0,2024-11-21,20:15
7858,500.0,2024-11-21,20:30
7859,500.0,2024-11-21,20:45
7860,550.0,2024-11-21,21:00
7861,550.0,2024-11-21,21:15
7862,550.0,2024-11-21,21:30
7863,480.0,2024-11-21,21:45
7864,450.0,2024-11-21,22:00
7865,500.0,2024-11-21,22:15
7866,500.0,2024-11-21,22:30
7867,460.0,2024-11-21,22:45
7868,430.0,2024-11-21,23:00
7869,420.0,2024-11-21,23:15
7870,450.0,2024-11-21,23:30
7871,450.0,2024-11-21,23:45
7872,410.0,2024-11-21,24:00
7873,450.0,2024-11-22,00:15
7874,500.0,2024-11-22,00:30
7875,510.0,2024-11-22,00:45
7876,510.0,2024-11-22,01:00
7877,500.0,2024-11-22,01:15
7878,490.0,2024-11-22,01:30
7879,500.0,2024-11-22,01:45
7880,480.0,2024-11-22,02:00
7881,510.0,2024-11-22,02:15
7882,580.0,2024-11-22,02:30
7883,560.0,2024-11-22,02:45
7884,510.0,2024-11-22,03:00
7885,560.0,2024-11-22,03:15
7886,580.0,2024-11-22,03:30
7887,590.0,2024-11-22,03:45
7888,580.0,2024-11-22,04:00
7889,590.0,2024-11-22,04:15
7890,600.0,2024-11-22,04:30
7891,600.0,2024-11-22,04:45
7892,600.0,2024-11-22,05:00
7893,600.0,2024-11-22,05:15
7894,600.0,2024-11-22,05:30
7895,600.0,2024-11-22,05:45
7896,600.0,2024-11-22,06:00
7897,600.0,2024-11-22,06:15
7898,600.0,2024-11-22,06:30
7899,600.0,2024-11-22,06:45
7900,600.0,2024-11-22,07:00
7901,600.0,2024-11-22,07:15
7902,600.0,2024-11-22,07:30
7903,600.0,2024-11-22,07:45
7904,600.0,2024-11-22,08:00
7905,599.99,2024-11-22,08:15
7906,599.98,2024-11-22,08:30
7907,599.96,2024-11-22,08:45
7908,599.95,2024-11-22,09:00
7909,479.94,2024-11-22,09:15
7910,339.95,2024-11-22,09:30
7911,40.0,2024-11-22,09:45
7912,40.0,2024-11-22,10:00
7913,40.0,2024-11-22,10:15
7914,40.0,2024-11-22,10:30
7915,40.0,2024-11-22,10:45
7916,40.0,2024-11-22,11:00
7917,40.0,2024-11-22,11:15
7918,40.0,2024-11-22,11:30
7919,40.0,2024-11-22,11:45
7920,40.0,2024-11-22,12:00
7921,40.0,2024-11-22,12:15
7922,40.0,2024-11-22,12:30
7923,40.0,2024-11-22,12:45
7924,40.0,2024-11-22,13:00
7925,40.0,2024-11-22,13:15
7926,40.0,2024-11-22,13:30
7927,40.0,2024-11-22,13:45
7928,40.0,2024-11-22,14:00
7929,40.0,2024-11-22,14:15
7930,40.0,2024-11-22,14:30
7931,40.0,2024-11-22,14:45
7932,40.0,2024-11-22,15:00
7933,40.0,2024-11-22,15:15
7934,40.0,2024-11-22,15:30
7935,40.0,2024-11-22,15:45
7936,399.95,2024-11-22,16:00
7937,269.97,2024-11-22,16:15
7938,129.99,2024-11-22,16:30
7939,499.97,2024-11-22,16:45
7940,499.99,2024-11-22,17:00
7941,519.99,2024-11-22,17:15
7942,589.99,2024-11-22,17:30
7943,600.0,2024-11-22,17:45
7944,600.0,2024-11-22,18:00
7945,600.0,2024-11-22,18:15
7946,600.0,2024-11-22,18:30
7947,600.0,2024-11-22,18:45
7948,600.0,2024-11-22,19:00
7949,600.0,2024-11-22,19:15
7950,600.0,2024-11-22,19:30
7951,600.0,2024-11-22,19:45
7952,600.0,2024-11-22,20:00
7953,600.0,2024-11-22,20:15
7954,600.0,2024-11-22,20:30
7955,600.0,2024-11-22,20:45
7956,600.0,2024-11-22,21:00
7957,600.0,2024-11-22,21:15
7958,600.0,2024-11-22,21:30
7959,600.0,2024-11-22,21:45
7960,600.0,2024-11-22,22:00
7961,600.0,2024-11-22,22:15
7962,600.0,2024-11-22,22:30
7963,600.0,2024-11-22,22:45
7964,600.0,2024-11-22,23:00
7965,600.0,2024-11-22,23:15
7966,600.0,2024-11-22,23:30
7967,600.0,2024-11-22,23:45
7968,600.0,2024-11-22,24:00
7969,600.0,2024-11-23,00:15
7970,600.0,2024-11-23,00:30
7971,600.0,2024-11-23,00:45
7972,600.0,2024-11-23,01:00
7973,600.0,2024-11-23,01:15
7974,600.0,2024-11-23,01:30
7975,600.0,2024-11-23,01:45
7976,600.0,2024-11-23,02:00
7977,600.0,2024-11-23,02:15
7978,600.0,2024-11-23,02:30
7979,600.0,2024-11-23,02:45
7980,600.0,2024-11-23,03:00
7981,600.0,2024-11-23,03:15
7982,600.0,2024-11-23,03:30
7983,600.0,2024-11-23,03:45
7984,600.0,2024-11-23,04:00
7985,600.0,2024-11-23,04:15
7986,600.0,2024-11-23,04:30
7987,600.0,2024-11-23,04:45
7988,600.0,2024-11-23,05:00
7989,600.0,2024-11-23,05:15
7990,600.0,2024-11-23,05:30
7991,600.0,2024-11-23,05:45
7992,600.0,2024-11-23,06:00
7993,600.0,2024-11-23,06:15
7994,600.0,2024-11-23,06:30
7995,590.0,2024-11-23,06:45
7996,550.0,2024-11-23,07:00
7997,500.0,2024-11-23,07:15
7998,420.0,2024-11-23,07:30
7999,390.0,2024-11-23,07:45
8000,389.99,2024-11-23,08:00
8001,399.99,2024-11-23,08:15
8002,449.98,2024-11-23,08:30
8003,399.97,2024-11-23,08:45
8004,349.97,2024-11-23,09:00
8005,349.97,2024-11-23,09:15
8006,339.96,2024-11-23,09:30
8007,319.96,2024-11-23,09:45
8008,40.0,2024-11-23,10:00
8009,179.17,2024-11-23,10:15
8010,289.08,2024-11-23,10:30
8011,186.22,2024-11-23,10:45
8012,166.68,2024-11-23,11:00
8013,306.93,2024-11-23,11:15
8014,331.25,2024-11-23,11:30
8015,291.32,2024-11-23,11:45
8016,220.95,2024-11-23,12:00
8017,314.07,2024-11-23,12:15
8018,298.89,2024-11-23,12:30
8019,220.14,2024-11-23,12:45
8020,220.11,2024-11-23,13:00
8021,316.83,2024-11-23,13:15
8022,314.65,2024-11-23,13:30
8023,315.38,2024-11-23,13:45
8024,322.73,2024-11-23,14:00
8025,332.26,2024-11-23,14:15
8026,343.32,2024-11-23,14:30
8027,345.36,2024-11-23,14:45
8028,349.98,2024-11-23,15:00
8029,335.81,2024-11-23,15:15
8030,329.67,2024-11-23,15:30
8031,349.04,2024-11-23,15:45
8032,346.0,2024-11-23,16:00
8033,337.85,2024-11-23,16:15
8034,332.38,2024-11-23,16:30
8035,385.67,2024-11-23,16:45
8036,395.93,2024-11-23,17:00
8037,281.52,2024-11-23,17:15
8038,318.97,2024-11-23,17:30
8039,372.2,2024-11-23,17:45
8040,272.85,2024-11-23,18:00
8041,40.0,2024-11-23,18:15
8042,40.0,2024-11-23,18:30
8043,40.0,2024-11-23,18:45
8044,40.0,2024-11-23,19:00
8045,40.0,2024-11-23,19:15
8046,40.0,2024-11-23,19:30
8047,40.0,2024-11-23,19:45
8048,40.0,2024-11-23,20:00
8049,40.0,2024-11-23,20:15
8050,40.0,2024-11-23,20:30
8051,40.0,2024-11-23,20:45
8052,40.0,2024-11-23,21:00
8053,40.0,2024-11-23,21:15
8054,40.0,2024-11-23,21:30
8055,40.0,2024-11-23,21:45
8056,40.0,2024-11-23,22:00
8057,40.0,2024-11-23,22:15
8058,40.0,2024-11-23,22:30
8059,40.0,2024-11-23,22:45
8060,40.0,2024-11-23,23:00
8061,40.0,2024-11-23,23:15
8062,40.0,2024-11-23,23:30
8063,40.0,2024-11-23,23:45
8064,40.0,2024-11-23,24:00
8065,40.0,2024-11-24,00:15
8066,40.0,2024-11-24,00:30
8067,40.0,2024-11-24,00:45
8068,40.0,2024-11-24,01:00
8069,40.0,2024-11-24,01:15
8070,40.0,2024-11-24,01:30
8071,40.0,2024-11-24,01:45
8072,40.0,2024-11-24,02:00
8073,40.0,2024-11-24,02:15
8074,40.0,2024-11-24,02:30
8075,40.0,2024-11-24,02:45
8076,40.0,2024-11-24,03:00
8077,40.0,2024-11-24,03:15
8078,40.0,2024-11-24,03:30
8079,40.0,2024-11-24,03:45
8080,40.0,2024-11-24,04:00
8081,40.0,2024-11-24,04:15
8082,40.0,2024-11-24,04:30
8083,40.0,2024-11-24,04:45
8084,40.0,2024-11-24,05:00
8085,40.0,2024-11-24,05:15
8086,40.0,2024-11-24,05:30
8087,40.0,2024-11-24,05:45
8088,40.0,2024-11-24,06:00
8089,40.0,2024-11-24,06:15
8090,40.0,2024-11-24,06:30
8091,40.0,2024-11-24,06:45
8092,40.0,2024-11-24,07:00
8093,40.0,2024-11-24,07:15
8094,40.0,2024-11-24,07:30
8095,40.0,2024-11-24,07:45
8096,40.0,2024-11-24,08:00
8097,40.0,2024-11-24,08:15
8098,40.0,2024-11-24,08:30
8099,40.0,2024-11-24,08:45
8100,40.0,2024-11-24,09:00
8101,40.0,2024-11-24,09:15
8102,40.0,2024-11-24,09:30
8103,40.0,2024-11-24,09:45
8104,40.0,2024-11-24,10:00
8105,40.0,2024-11-24,10:15
8106,304.62,2024-11-24,10:30
8107,329.62,2024-11-24,10:45
8108,253.23,2024-11-24,11:00
8109,287.13,2024-11-24,11:15
8110,243.78,2024-11-24,11:30
8111,233.52,2024-11-24,11:45
8112,226.34,2024-11-24,12:00
8113,230.81,2024-11-24,12:15
8114,263.75,2024-11-24,12:30
8115,218.01,2024-11-24,12:45
8116,190.22,2024-11-24,13:00
8117,230.81,2024-11-24,13:15
8118,236.96,2024-11-24,13:30
8119,192.38,2024-11-24,13:45
8120,192.74,2024-11-24,14:00
8121,215.31,2024-11-24,14:15
8122,269.09,2024-11-24,14:30
8123,330.25,2024-11-24,14:45
8124,327.41,2024-11-24,15:00
8125,353.82,2024-11-24,15:15
8126,350.03,2024-11-24,15:30
8127,349.71,2024-11-24,15:45
8128,354.4,2024-11-24,16:00
8129,234.38,2024-11-24,16:15
8130,214.48,2024-11-24,16:30
8131,204.8,2024-11-24,16:45
8132,176.33,2024-11-24,17:00
8133,40.0,2024-11-24,17:15
8134,40.0,2024-11-24,17:30
8135,40.0,2024-11-24,17:45
8136,40.0,2024-11-24,18:00
8137,40.0,2024-11-24,18:15
8138,40.0,2024-11-24,18:30
8139,40.0,2024-11-24,18:45
8140,301.81,2024-11-24,19:00
8141,40.0,2024-11-24,19:15
8142,40.0,2024-11-24,19:30
8143,261.23,2024-11-24,19:45
8144,40.0,2024-11-24,20:00
8145,40.0,2024-11-24,20:15
8146,40.0,2024-11-24,20:30
8147,40.0,2024-11-24,20:45
8148,340.0,2024-11-24,21:00
8149,370.0,2024-11-24,21:15
8150,400.0,2024-11-24,21:30
8151,400.0,2024-11-24,21:45
8152,474.16,2024-11-24,22:00
8153,330.36,2024-11-24,22:15
8154,339.29,2024-11-24,22:30
8155,348.8,2024-11-24,22:45
8156,377.07,2024-11-24,23:00
8157,320.0,2024-11-24,23:15
8158,350.0,2024-11-24,23:30
8159,350.0,2024-11-24,23:45
8160,330.0,2024-11-24,24:00
8161,340.0,2024-11-25,00:15
8162,320.0,2024-11-25,00:30
8163,340.0,2024-11-25,00:45
8164,340.0,2024-11-25,01:00
8165,360.0,2024-11-25,01:15
8166,350.0,2024-11-25,01:30
8167,350.0,2024-11-25,01:45
8168,360.0,2024-11-25,02:00
8169,350.0,2024-11-25,02:15
8170,340.0,2024-11-25,02:30
8171,340.0,2024-11-25,02:45
8172,320.0,2024-11-25,03:00
8173,270.0,2024-11-25,03:15
8174,40.0,2024-11-25,03:30
8175,40.0,2024-11-25,03:45
8176,40.0,2024-11-25,04:00
8177,40.0,2024-11-25,04:15
8178,40.0,2024-11-25,04:30
8179,320.0,2024-11-25,04:45
8180,40.0,2024-11-25,05:00
8181,270.0,2024-11-25,05:15
8182,40.0,2024-11-25,05:30
8183,40.0,2024-11-25,05:45
8184,40.0,2024-11-25,06:00
8185,40.0,2024-11-25,06:15
8186,40.0,2024-11-25,06:30
8187,270.0,2024-11-25,06:45
8188,320.0,2024-11-25,07:00
8189,340.0,2024-11-25,07:15
8190,340.0,2024-11-25,07:30
8191,350.0,2024-11-25,07:45
8192,340.0,2024-11-25,08:00
8193,360.0,2024-11-25,08:15
8194,399.99,2024-11-25,08:30
8195,399.98,2024-11-25,08:45
8196,339.97,2024-11-25,09:00
8197,99.99,2024-11-25,09:15
8198,40.0,2024-11-25,09:30
8199,40.0,2024-11-25,09:45
8200,40.0,2024-11-25,10:00
8201,308.42,2024-11-25,10:15
8202,284.83,2024-11-25,10:30
8203,40.0,2024-11-25,10:45
8204,40.0,2024-11-25,11:00
8205,40.0,2024-11-25,11:15
8206,40.0,2024-11-25,11:30
8207,40.0,2024-11-25,11:45
8208,40.0,2024-11-25,12:00
8209,40.0,2024-11-25,12:15
8210,40.0,2024-11-25,12:30
8211,40.0,2024-11-25,12:45
8212,40.0,2024-11-25,13:00
8213,40.0,2024-11-25,13:15
8214,40.0,2024-11-25,13:30
8215,40.0,2024-11-25,13:45
8216,40.0,2024-11-25,14:00
8217,40.0,2024-11-25,14:15
8218,40.0,2024-11-25,14:30
8219,40.0,2024-11-25,14:45
8220,40.0,2024-11-25,15:00
8221,40.0,2024-11-25,15:15
8222,40.0,2024-11-25,15:30
8223,40.0,2024-11-25,15:45
8224,332.11,2024-11-25,16:00
8225,339.34,2024-11-25,16:15
8226,40.0,2024-11-25,16:30
8227,40.0,2024-11-25,16:45
8228,389.98,2024-11-25,17:00
8229,449.98,2024-11-25,17:15
8230,549.99,2024-11-25,17:30
8231,600.0,2024-11-25,17:45
8232,600.0,2024-11-25,18:00
8233,600.0,2024-11-25,18:15
8234,600.0,2024-11-25,18:30
8235,590.0,2024-11-25,18:45
8236,560.0,2024-11-25,19:00
8237,600.0,2024-11-25,19:15
8238,600.0,2024-11-25,19:30
8239,600.0,2024-11-25,19:45
8240,600.0,2024-11-25,20:00
8241,600.0,2024-11-25,20:15
8242,600.0,2024-11-25,20:30
8243,600.0,2024-11-25,20:45
8244,600.0,2024-11-25,21:00
8245,600.0,2024-11-25,21:15
8246,600.0,2024-11-25,21:30
8247,600.0,2024-11-25,21:45
8248,600.0,2024-11-25,22:00
8249,600.0,2024-11-25,22:15
8250,600.0,2024-11-25,22:30
8251,600.0,2024-11-25,22:45
8252,600.0,2024-11-25,23:00
8253,600.0,2024-11-25,23:15
8254,600.0,2024-11-25,23:30
8255,590.0,2024-11-25,23:45
8256,590.0,2024-11-25,24:00
8257,500.0,2024-11-26,00:15
8258,500.0,2024-11-26,00:30
8259,550.0,2024-11-26,00:45
8260,500.0,2024-11-26,01:00
8261,500.0,2024-11-26,01:15
8262,550.0,2024-11-26,01:30
8263,550.0,2024-11-26,01:45
8264,500.0,2024-11-26,02:00
8265,500.0,2024-11-26,02:15
8266,500.0,2024-11-26,02:30
8267,500.0,2024-11-26,02:45
8268,500.0,2024-11-26,03:00
8269,500.0,2024-11-26,03:15
8270,500.0,2024-11-26,03:30
8271,500.0,2024-11-26,03:45
8272,500.0,2024-11-26,04:00
8273,500.0,2024-11-26,04:15
8274,500.0,2024-11-26,04:30
8275,500.0,2024-11-26,04:45
8276,500.0,2024-11-26,05:00
8277,500.0,2024-11-26,05:15
8278,500.0,2024-11-26,05:30
8279,500.0,2024-11-26,05:45
8280,490.0,2024-11-26,06:00
8281,500.0,2024-11-26,06:15
8282,500.0,2024-11-26,06:30
8283,490.0,2024-11-26,06:45
8284,500.0,2024-11-26,07:00
8285,490.0,2024-11-26,07:15
8286,480.0,2024-11-26,07:30
8287,480.0,2024-11-26,07:45
8288,490.0,2024-11-26,08:00
8289,499.99,2024-11-26,08:15
8290,499.99,2024-11-26,08:30
8291,499.98,2024-11-26,08:45
8292,429.97,2024-11-26,09:00
8293,359.96,2024-11-26,09:15
8294,40.0,2024-11-26,09:30
8295,40.0,2024-11-26,09:45
8296,40.0,2024-11-26,10:00
8297,40.0,2024-11-26,10:15
8298,40.0,2024-11-26,10:30
8299,40.0,2024-11-26,10:45
8300,40.0,2024-11-26,11:00
8301,40.0,2024-11-26,11:15
8302,40.0,2024-11-26,11:30
8303,40.0,2024-11-26,11:45
8304,40.0,2024-11-26,12:00
8305,40.0,2024-11-26,12:15
8306,40.0,2024-11-26,12:30
8307,40.0,2024-11-26,12:45
8308,40.0,2024-11-26,13:00
8309,40.0,2024-11-26,13:15
8310,40.0,2024-11-26,13:30
8311,40.0,2024-11-26,13:45
8312,40.0,2024-11-26,14:00
8313,40.0,2024-11-26,14:15
8314,40.0,2024-11-26,14:30
8315,40.0,2024-11-26,14:45
8316,40.0,2024-11-26,15:00
8317,40.0,2024-11-26,15:15
8318,40.0,2024-11-26,15:30
8319,40.0,2024-11-26,15:45
8320,87.63,2024-11-26,16:00
8321,40.0,2024-11-26,16:15
8322,155.77,2024-11-26,16:30
8323,359.98,2024-11-26,16:45
8324,425.66,2024-11-26,17:00
8325,328.0,2024-11-26,17:15
8326,326.31,2024-11-26,17:30
8327,326.07,2024-11-26,17:45
8328,297.63,2024-11-26,18:00
8329,142.86,2024-11-26,18:15
8330,147.56,2024-11-26,18:30
8331,306.27,2024-11-26,18:45
8332,214.57,2024-11-26,19:00
8333,297.63,2024-11-26,19:15
8334,326.75,2024-11-26,19:30
8335,307.98,2024-11-26,19:45
8336,317.29,2024-11-26,20:00
8337,307.94,2024-11-26,20:15
8338,214.93,2024-11-26,20:30
8339,49.19,2024-11-26,20:45
8340,40.0,2024-11-26,21:00
8341,40.0,2024-11-26,21:15
8342,40.0,2024-11-26,21:30
8343,213.51,2024-11-26,21:45
8344,40.0,2024-11-26,22:00
8345,40.0,2024-11-26,22:15
8346,76.39,2024-11-26,22:30
8347,140.14,2024-11-26,22:45
8348,40.0,2024-11-26,23:00
8349,304.98,2024-11-26,23:15
8350,324.04,2024-11-26,23:30
8351,250.46,2024-11-26,23:45
8352,305.0,2024-11-26,24:00
8353,362.81,2024-11-27,00:15
8354,334.7,2024-11-27,00:30
8355,325.05,2024-11-27,00:45
8356,324.97,2024-11-27,01:00
8357,353.46,2024-11-27,01:15
8358,362.94,2024-11-27,01:30
8359,372.26,2024-11-27,01:45
8360,372.5,2024-11-27,02:00
8361,372.77,2024-11-27,02:15
8362,372.75,2024-11-27,02:30
8363,372.71,2024-11-27,02:45
8364,381.91,2024-11-27,03:00
8365,381.74,2024-11-27,03:15
8366,418.79,2024-11-27,03:30
8367,419.5,2024-11-27,03:45
8368,465.7,2024-11-27,04:00
8369,456.11,2024-11-27,04:15
8370,456.35,2024-11-27,04:30
8371,456.28,2024-11-27,04:45
8372,446.85,2024-11-27,05:00
8373,418.92,2024-11-27,05:15
8374,419.07,2024-11-27,05:30
8375,381.72,2024-11-27,05:45
8376,372.39,2024-11-27,06:00
8377,372.95,2024-11-27,06:15
8378,391.05,2024-11-27,06:30
8379,418.41,2024-11-27,06:45
8380,419.15,2024-11-27,07:00
8381,343.72,2024-11-27,07:15
8382,334.37,2024-11-27,07:30
8383,352.63,2024-11-27,07:45
8384,362.34,2024-11-27,08:00
8385,335.34,2024-11-27,08:15
8386,326.89,2024-11-27,08:30
8387,299.32,2024-11-27,08:45
8388,40.0,2024-11-27,09:00
8389,40.0,2024-11-27,09:15
8390,40.0,2024-11-27,09:30
8391,40.45,2024-11-27,09:45
8392,40.43,2024-11-27,10:00
8393,40.39,2024-11-27,10:15
8394,40.0,2024-11-27,10:30
8395,40.0,2024-11-27,10:45
8396,40.0,2024-11-27,11:00
8397,181.02,2024-11-27,11:15
8398,170.93,2024-11-27,11:30
8399,40.0,2024-11-27,11:45
8400,40.0,2024-11-27,12:00
8401,40.0,2024-11-27,12:15
8402,40.0,2024-11-27,12:30
8403,40.0,2024-11-27,12:45
8404,40.0,2024-11-27,13:00
8405,40.0,2024-11-27,13:15
8406,40.0,2024-11-27,13:30
8407,40.0,2024-11-27,13:45
8408,40.0,2024-11-27,14:00
8409,40.0,2024-11-27,14:15
8410,40.0,2024-11-27,14:30
8411,40.0,2024-11-27,14:45
8412,40.0,2024-11-27,15:00
8413,40.0,2024-11-27,15:15
8414,40.0,2024-11-27,15:30
8415,40.0,2024-11-27,15:45
8416,158.63,2024-11-27,16:00
8417,40.0,2024-11-27,16:15
8418,40.0,2024-11-27,16:30
8419,90.85,2024-11-27,16:45
8420,40.0,2024-11-27,17:00
8421,40.0,2024-11-27,17:15
8422,350.0,2024-11-27,17:30
8423,40.0,2024-11-27,17:45
8424,40.0,2024-11-27,18:00
8425,230.0,2024-11-27,18:15
8426,340.0,2024-11-27,18:30
8427,340.0,2024-11-27,18:45
8428,40.0,2024-11-27,19:00
8429,40.0,2024-11-27,19:15
8430,40.0,2024-11-27,19:30
8431,230.0,2024-11-27,19:45
8432,40.0,2024-11-27,20:00
8433,230.0,2024-11-27,20:15
8434,40.0,2024-11-27,20:30
8435,230.0,2024-11-27,20:45
8436,150.0,2024-11-27,21:00
8437,150.0,2024-11-27,21:15
8438,150.0,2024-11-27,21:30
8439,230.0,2024-11-27,21:45
8440,230.0,2024-11-27,22:00
8441,150.0,2024-11-27,22:15
8442,40.0,2024-11-27,22:30
8443,40.0,2024-11-27,22:45
8444,40.0,2024-11-27,23:00
8445,340.0,2024-11-27,23:15
8446,320.0,2024-11-27,23:30
8447,230.0,2024-11-27,23:45
8448,230.0,2024-11-27,24:00
8449,330.0,2024-11-28,00:15
8450,40.0,2024-11-28,00:30
8451,320.0,2024-11-28,00:45
8452,40.0,2024-11-28,01:00
8453,320.0,2024-11-28,01:15
8454,330.0,2024-11-28,01:30
8455,350.0,2024-11-28,01:45
8456,350.0,2024-11-28,02:00
8457,380.0,2024-11-28,02:15
8458,380.0,2024-11-28,02:30
8459,380.0,2024-11-28,02:45
8460,380.0,2024-11-28,03:00
8461,380.0,2024-11-28,03:15
8462,380.0,2024-11-28,03:30
8463,390.0,2024-11-28,03:45
8464,390.0,2024-11-28,04:00
8465,420.0,2024-11-28,04:15
8466,450.0,2024-11-28,04:30
8467,420.0,2024-11-28,04:45
8468,450.0,2024-11-28,05:00
8469,450.0,2024-11-28,05:15
8470,480.0,2024-11-28,05:30
8471,450.0,2024-11-28,05:45
8472,450.0,2024-11-28,06:00
8473,490.0,2024-11-28,06:15
8474,480.0,2024-11-28,06:30
8475,450.0,2024-11-28,06:45
8476,500.0,2024-11-28,07:00
8477,450.0,2024-11-28,07:15
8478,450.0,2024-11-28,07:30
8479,450.0,2024-11-28,07:45
8480,490.0,2024-11-28,08:00
8481,499.99,2024-11-28,08:15
8482,499.99,2024-11-28,08:30
8483,499.98,2024-11-28,08:45
8484,399.97,2024-11-28,09:00
8485,379.96,2024-11-28,09:15
8486,40.0,2024-11-28,09:30
8487,40.0,2024-11-28,09:45
8488,229.96,2024-11-28,10:00
8489,40.0,2024-11-28,10:15
8490,40.0,2024-11-28,10:30
8491,40.0,2024-11-28,10:45
8492,40.0,2024-11-28,11:00
8493,40.0,2024-11-28,11:15
8494,40.0,2024-11-28,11:30
8495,40.0,2024-11-28,11:45
8496,40.0,2024-11-28,12:00
8497,40.0,2024-11-28,12:15
8498,40.0,2024-11-28,12:30
8499,40.0,2024-11-28,12:45
8500,40.0,2024-11-28,13:00
8501,40.0,2024-11-28,13:15
8502,40.0,2024-11-28,13:30
8503,40.0,2024-11-28,13:45
8504,40.0,2024-11-28,14:00
8505,40.0,2024-11-28,14:15
8506,40.0,2024-11-28,14:30
8507,40.0,2024-11-28,14:45
8508,162.85,2024-11-28,15:00
8509,176.23,2024-11-28,15:15
8510,216.88,2024-11-28,15:30
8511,225.12,2024-11-28,15:45
8512,193.13,2024-11-28,16:00
8513,222.98,2024-11-28,16:15
8514,277.19,2024-11-28,16:30
8515,266.79,2024-11-28,16:45
8516,267.36,2024-11-28,17:00
8517,321.02,2024-11-28,17:15
8518,325.05,2024-11-28,17:30
8519,450.0,2024-11-28,17:45
8520,380.0,2024-11-28,18:00
8521,40.0,2024-11-28,18:15
8522,40.0,2024-11-28,18:30
8523,40.0,2024-11-28,18:45
8524,40.0,2024-11-28,19:00
8525,40.0,2024-11-28,19:15
8526,40.0,2024-11-28,19:30
8527,40.0,2024-11-28,19:45
8528,40.0,2024-11-28,20:00
8529,40.0,2024-11-28,20:15
8530,40.0,2024-11-28,20:30
8531,40.0,2024-11-28,20:45
8532,40.0,2024-11-28,21:00
8533,40.0,2024-11-28,21:15
8534,40.0,2024-11-28,21:30
8535,40.0,2024-11-28,21:45
8536,40.0,2024-11-28,22:00
8537,40.0,2024-11-28,22:15
8538,40.0,2024-11-28,22:30
8539,40.0,2024-11-28,22:45
8540,40.0,2024-11-28,23:00
8541,40.0,2024-11-28,23:15
8542,40.0,2024-11-28,23:30
8543,40.0,2024-11-28,23:45
8544,40.0,2024-11-28,24:00
8545,40.0,2024-11-29,00:15
8546,40.0,2024-11-29,00:30
8547,40.0,2024-11-29,00:45
8548,40.0,2024-11-29,01:00
8549,304.7,2024-11-29,01:15
8550,40.0,2024-11-29,01:30
8551,40.0,2024-11-29,01:45
8552,40.0,2024-11-29,02:00
8553,257.12,2024-11-29,02:15
8554,253.57,2024-11-29,02:30
8555,315.5,2024-11-29,02:45
8556,319.1,2024-11-29,03:00
8557,345.17,2024-11-29,03:15
8558,262.43,2024-11-29,03:30
8559,253.67,2024-11-29,03:45
8560,266.24,2024-11-29,04:00
8561,270.49,2024-11-29,04:15
8562,269.38,2024-11-29,04:30
8563,271.6,2024-11-29,04:45
8564,273.76,2024-11-29,05:00
8565,273.9,2024-11-29,05:15
8566,269.88,2024-11-29,05:30
8567,273.31,2024-11-29,05:45
8568,273.58,2024-11-29,06:00
8569,287.22,2024-11-29,06:15
8570,280.12,2024-11-29,06:30
8571,258.11,2024-11-29,06:45
8572,256.02,2024-11-29,07:00
8573,40.0,2024-11-29,07:15
8574,212.08,2024-11-29,07:30
8575,213.01,2024-11-29,07:45
8576,213.24,2024-11-29,08:00
8577,319.99,2024-11-29,08:15
8578,319.99,2024-11-29,08:30
8579,217.42,2024-11-29,08:45
8580,40.0,2024-11-29,09:00
8581,319.97,2024-11-29,09:15
8582,40.0,2024-11-29,09:30
8583,40.0,2024-11-29,09:45
8584,40.0,2024-11-29,10:00
8585,246.54,2024-11-29,10:15
8586,255.89,2024-11-29,10:30
8587,214.83,2024-11-29,10:45
8588,185.84,2024-11-29,11:00
8589,267.96,2024-11-29,11:15
8590,268.07,2024-11-29,11:30
8591,267.74,2024-11-29,11:45
8592,260.54,2024-11-29,12:00
8593,223.67,2024-11-29,12:15
8594,224.89,2024-11-29,12:30
8595,211.04,2024-11-29,12:45
8596,211.26,2024-11-29,13:00
8597,257.35,2024-11-29,13:15
8598,255.85,2024-11-29,13:30
8599,291.84,2024-11-29,13:45
8600,300.52,2024-11-29,14:00
8601,219.79,2024-11-29,14:15
8602,232.0,2024-11-29,14:30
8603,255.9,2024-11-29,14:45
8604,262.41,2024-11-29,15:00
8605,290.48,2024-11-29,15:15
8606,266.45,2024-11-29,15:30
8607,276.85,2024-11-29,15:45
8608,272.9,2024-11-29,16:00
8609,310.17,2024-11-29,16:15
8610,341.9,2024-11-29,16:30
8611,351.66,2024-11-29,16:45
8612,349.98,2024-11-29,17:00
8613,370.63,2024-11-29,17:15
8614,448.48,2024-11-29,17:30
8615,480.0,2024-11-29,17:45
8616,420.0,2024-11-29,18:00
8617,400.0,2024-11-29,18:15
8618,400.0,2024-11-29,18:30
8619,400.0,2024-11-29,18:45
8620,400.0,2024-11-29,19:00
8621,400.0,2024-11-29,19:15
8622,400.0,2024-11-29,19:30
8623,400.0,2024-11-29,19:45
8624,400.0,2024-11-29,20:00
8625,400.0,2024-11-29,20:15
8626,420.0,2024-11-29,20:30
8627,420.0,2024-11-29,20:45
8628,400.0,2024-11-29,21:00
8629,400.0,2024-11-29,21:15
8630,400.0,2024-11-29,21:30
8631,400.0,2024-11-29,21:45
8632,400.0,2024-11-29,22:00
8633,400.0,2024-11-29,22:15
8634,390.0,2024-11-29,22:30
8635,360.0,2024-11-29,22:45
8636,350.0,2024-11-29,23:00
8637,400.0,2024-11-29,23:15
8638,400.0,2024-11-29,23:30
8639,400.0,2024-11-29,23:45
8640,390.0,2024-11-29,24:00
8641,450.0,2024-11-30,00:15
8642,420.0,2024-11-30,00:30
8643,450.0,2024-11-30,00:45
8644,450.0,2024-11-30,01:00
8645,450.0,2024-11-30,01:15
8646,480.0,2024-11-30,01:30
8647,490.0,2024-11-30,01:45
8648,490.0,2024-11-30,02:00
8649,500.0,2024-11-30,02:15
8650,500.0,2024-11-30,02:30
8651,500.0,2024-11-30,02:45
8652,500.0,2024-11-30,03:00
8653,500.0,2024-11-30,03:15
8654,500.0,2024-11-30,03:30
8655,500.0,2024-11-30,03:45
8656,480.0,2024-11-30,04:00
8657,480.0,2024-11-30,04:15
8658,470.0,2024-11-30,04:30
8659,450.0,2024-11-30,04:45
8660,450.0,2024-11-30,05:00
8661,420.0,2024-11-30,05:15
8662,420.0,2024-11-30,05:30
8663,400.0,2024-11-30,05:45
8664,420.0,2024-11-30,06:00
8665,430.0,2024-11-30,06:15
8666,400.0,2024-11-30,06:30
8667,400.0,2024-11-30,06:45
8668,430.0,2024-11-30,07:00
8669,370.0,2024-11-30,07:15
8670,360.0,2024-11-30,07:30
8671,360.0,2024-11-30,07:45
8672,370.0,2024-11-30,08:00
8673,370.0,2024-11-30,08:15
8674,359.99,2024-11-30,08:30
8675,319.99,2024-11-30,08:45
8676,40.0,2024-11-30,09:00
8677,40.0,2024-11-30,09:15
8678,40.0,2024-11-30,09:30
8679,40.0,2024-11-30,09:45
8680,40.0,2024-11-30,10:00
8681,40.0,2024-11-30,10:15
8682,40.0,2024-11-30,10:30
8683,40.0,2024-11-30,10:45
8684,40.0,2024-11-30,11:00
8685,40.0,2024-11-30,11:15
8686,40.0,2024-11-30,11:30
8687,40.0,2024-11-30,11:45
8688,40.0,2024-11-30,12:00
8689,40.0,2024-11-30,12:15
8690,41.71,2024-11-30,12:30
8691,40.0,2024-11-30,12:45
8692,41.7,2024-11-30,13:00
8693,40.0,2024-11-30,13:15
8694,40.0,2024-11-30,13:30
8695,40.0,2024-11-30,13:45
8696,40.0,2024-11-30,14:00
8697,40.0,2024-11-30,14:15
8698,40.0,2024-11-30,14:30
8699,162.33,2024-11-30,14:45
8700,163.53,2024-11-30,15:00
8701,255.48,2024-11-30,15:15
8702,260.3,2024-11-30,15:30
8703,267.27,2024-11-30,15:45
8704,244.7,2024-11-30,16:00
8705,40.0,2024-11-30,16:15
8706,40.0,2024-11-30,16:30
8707,40.0,2024-11-30,16:45
8708,247.84,2024-11-30,17:00
8709,268.29,2024-11-30,17:15
8710,393.99,2024-11-30,17:30
8711,326.86,2024-11-30,17:45
8712,317.02,2024-11-30,18:00
8713,40.0,2024-11-30,18:15
8714,40.0,2024-11-30,18:30
8715,40.0,2024-11-30,18:45
8716,40.0,2024-11-30,19:00
8717,40.0,2024-11-30,19:15
8718,40.0,2024-11-30,19:30
8719,330.0,2024-11-30,19:45
8720,350.0,2024-11-30,20:00
8721,40.0,2024-11-30,20:15
8722,340.0,2024-11-30,20:30
8723,340.0,2024-11-30,20:45
8724,340.0,2024-11-30,21:00
8725,340.0,2024-11-30,21:15
8726,230.0,2024-11-30,21:30
8727,270.0,2024-11-30,21:45
8728,40.0,2024-11-30,22:00
8729,230.0,2024-11-30,22:15
8730,230.0,2024-11-30,22:30
8731,330.0,2024-11-30,22:45
8732,350.0,2024-11-30,23:00
8733,420.0,2024-11-30,23:15
8734,400.0,2024-11-30,23:30
8735,380.0,2024-11-30,23:45
8736,400.0,2024-11-30,24:00
8737,360.0,2024-12-01,00:15
8738,360.0,2024-12-01,00:30
8739,360.0,2024-12-01,00:45
8740,400.0,2024-12-01,01:00
8741,410.0,2024-12-01,01:15
8742,420.0,2024-12-01,01:30
8743,440.0,2024-12-01,01:45
8744,420.0,2024-12-01,02:00
8745,450.0,2024-12-01,02:15
8746,450.0,2024-12-01,02:30
8747,450.0,2024-12-01,02:45
8748,430.0,2024-12-01,03:00
8749,420.0,2024-12-01,03:15
8750,450.0,2024-12-01,03:30
8751,430.0,2024-12-01,03:45
8752,420.0,2024-12-01,04:00
8753,420.0,2024-12-01,04:15
8754,420.0,2024-12-01,04:30
8755,420.0,2024-12-01,04:45
8756,420.0,2024-12-01,05:00
8757,430.0,2024-12-01,05:15
8758,420.0,2024-12-01,05:30
8759,420.0,2024-12-01,05:45
8760,410.0,2024-12-01,06:00
8761,410.0,2024-12-01,06:15
8762,420.0,2024-12-01,06:30
8763,420.0,2024-12-01,06:45
8764,440.0,2024-12-01,07:00
8765,400.0,2024-12-01,07:15
8766,400.0,2024-12-01,07:30
8767,400.0,2024-12-01,07:45
8768,420.0,2024-12-01,08:00
8769,430.0,2024-12-01,08:15
8770,439.99,2024-12-01,08:30
8771,409.99,2024-12-01,08:45
8772,369.98,2024-12-01,09:00
8773,319.97,2024-12-01,09:15
8774,40.0,2024-12-01,09:30
8775,40.0,2024-12-01,09:45
8776,40.0,2024-12-01,10:00
8777,40.0,2024-12-01,10:15
8778,40.0,2024-12-01,10:30
8779,40.0,2024-12-01,10:45
8780,40.0,2024-12-01,11:00
8781,40.0,2024-12-01,11:15
8782,40.0,2024-12-01,11:30
8783,40.0,2024-12-01,11:45
8784,40.0,2024-12-01,12:00
8785,40.0,2024-12-01,12:15
8786,40.0,2024-12-01,12:30
8787,40.0,2024-12-01,12:45
8788,40.0,2024-12-01,13:00
8789,40.0,2024-12-01,13:15
8790,40.0,2024-12-01,13:30
8791,40.0,2024-12-01,13:45
8792,40.0,2024-12-01,14:00
8793,40.0,2024-12-01,14:15
8794,40.0,2024-12-01,14:30
8795,40.0,2024-12-01,14:45
8796,174.86,2024-12-01,15:00
8797,171.88,2024-12-01,15:15
8798,170.95,2024-12-01,15:30
8799,175.49,2024-12-01,15:45
8800,40.0,2024-12-01,16:00
8801,199.54,2024-12-01,16:15
8802,320.78,2024-12-01,16:30
8803,359.97,2024-12-01,16:45
8804,399.98,2024-12-01,17:00
8805,40.0,2024-12-01,17:15
8806,340.0,2024-12-01,17:30
8807,370.0,2024-12-01,17:45
8808,390.0,2024-12-01,18:00
8809,400.0,2024-12-01,18:15
8810,400.0,2024-12-01,18:30
8811,400.0,2024-12-01,18:45
8812,350.0,2024-12-01,19:00
8813,400.0,2024-12-01,19:15
8814,400.0,2024-12-01,19:30
8815,400.0,2024-12-01,19:45
8816,400.0,2024-12-01,20:00
8817,410.0,2024-12-01,20:15
8818,410.0,2024-12-01,20:30
8819,420.0,2024-12-01,20:45
8820,450.0,2024-12-01,21:00
8821,450.0,2024-12-01,21:15
8822,440.0,2024-12-01,21:30
8823,410.0,2024-12-01,21:45
8824,390.0,2024-12-01,22:00
8825,400.0,2024-12-01,22:15
8826,370.0,2024-12-01,22:30
8827,360.0,2024-12-01,22:45
8828,360.0,2024-12-01,23:00
8829,390.0,2024-12-01,23:15
8830,360.0,2024-12-01,23:30
8831,360.0,2024-12-01,23:45
8832,400.0,2024-12-01,24:00
8833,450.0,2024-12-02,00:15
8834,450.0,2024-12-02,00:30
8835,450.0,2024-12-02,00:45
8836,450.0,2024-12-02,01:00
8837,460.0,2024-12-02,01:15
8838,460.0,2024-12-02,01:30
8839,460.0,2024-12-02,01:45
8840,450.0,2024-12-02,02:00
8841,450.0,2024-12-02,02:15
8842,450.0,2024-12-02,02:30
8843,480.0,2024-12-02,02:45
8844,460.0,2024-12-02,03:00
8845,460.0,2024-12-02,03:15
8846,470.0,2024-12-02,03:30
8847,460.0,2024-12-02,03:45
8848,450.0,2024-12-02,04:00
8849,450.0,2024-12-02,04:15
8850,450.0,2024-12-02,04:30
8851,450.0,2024-12-02,04:45
8852,450.0,2024-12-02,05:00
8853,460.0,2024-12-02,05:15
8854,470.0,2024-12-02,05:30
8855,470.0,2024-12-02,05:45
8856,470.0,2024-12-02,06:00
8857,480.0,2024-12-02,06:15
8858,480.0,2024-12-02,06:30
8859,480.0,2024-12-02,06:45
8860,480.0,2024-12-02,07:00
8861,500.0,2024-12-02,07:15
8862,500.0,2024-12-02,07:30
8863,490.0,2024-12-02,07:45
8864,500.0,2024-12-02,08:00
8865,540.0,2024-12-02,08:15
8866,499.99,2024-12-02,08:30
8867,499.99,2024-12-02,08:45
8868,489.98,2024-12-02,09:00
8869,479.98,2024-12-02,09:15
8870,419.97,2024-12-02,09:30
8871,349.97,2024-12-02,09:45
8872,229.98,2024-12-02,10:00
8873,339.97,2024-12-02,10:15
8874,40.0,2024-12-02,10:30
8875,40.0,2024-12-02,10:45
8876,40.0,2024-12-02,11:00
8877,40.0,2024-12-02,11:15
8878,40.0,2024-12-02,11:30
8879,40.0,2024-12-02,11:45
8880,40.0,2024-12-02,12:00
8881,161.68,2024-12-02,12:15
8882,40.0,2024-12-02,12:30
8883,40.0,2024-12-02,12:45
8884,40.0,2024-12-02,13:00
8885,152.96,2024-12-02,13:15
8886,40.0,2024-12-02,13:30
8887,40.0,2024-12-02,13:45
8888,40.0,2024-12-02,14:00
8889,40.0,2024-12-02,14:15
8890,40.0,2024-12-02,14:30
8891,40.0,2024-12-02,14:45
8892,40.0,2024-12-02,15:00
8893,142.37,2024-12-02,15:15
8894,296.97,2024-12-02,15:30
8895,333.58,2024-12-02,15:45
8896,417.03,2024-12-02,16:00
8897,230.73,2024-12-02,16:15
8898,393.32,2024-12-02,16:30
8899,449.97,2024-12-02,16:45
8900,489.97,2024-12-02,17:00
8901,449.98,2024-12-02,17:15
8902,480.0,2024-12-02,17:30
8903,500.0,2024-12-02,17:45
8904,500.0,2024-12-02,18:00
8905,490.0,2024-12-02,18:15
8906,500.0,2024-12-02,18:30
8907,480.0,2024-12-02,18:45
8908,470.0,2024-12-02,19:00
8909,480.0,2024-12-02,19:15
8910,480.0,2024-12-02,19:30
8911,500.0,2024-12-02,19:45
8912,490.0,2024-12-02,20:00
8913,500.0,2024-12-02,20:15
8914,500.0,2024-12-02,20:30
8915,480.0,2024-12-02,20:45
8916,480.0,2024-12-02,21:00
8917,480.0,2024-12-02,21:15
8918,480.0,2024-12-02,21:30
8919,460.0,2024-12-02,21:45
8920,470.0,2024-12-02,22:00
8921,460.0,2024-12-02,22:15
8922,480.0,2024-12-02,22:30
8923,480.0,2024-12-02,22:45
8924,470.0,2024-12-02,23:00
8925,480.0,2024-12-02,23:15
8926,470.0,2024-12-02,23:30
8927,460.0,2024-12-02,23:45
8928,450.0,2024-12-02,24:00
8929,470.0,2024-12-03,00:15
8930,450.0,2024-12-03,00:30
8931,460.0,2024-12-03,00:45
8932,480.0,2024-12-03,01:00
8933,480.0,2024-12-03,01:15
8934,480.0,2024-12-03,01:30
8935,480.0,2024-12-03,01:45
8936,480.0,2024-12-03,02:00
8937,480.0,2024-12-03,02:15
8938,480.0,2024-12-03,02:30
8939,480.0,2024-12-03,02:45
8940,470.0,2024-12-03,03:00
8941,450.0,2024-12-03,03:15
8942,450.0,2024-12-03,03:30
8943,450.0,2024-12-03,03:45
8944,450.0,2024-12-03,04:00
8945,450.0,2024-12-03,04:15
8946,450.0,2024-12-03,04:30
8947,470.0,2024-12-03,04:45
8948,480.0,2024-12-03,05:00
8949,470.0,2024-12-03,05:15
8950,470.0,2024-12-03,05:30
8951,480.0,2024-12-03,05:45
8952,480.0,2024-12-03,06:00
8953,480.0,2024-12-03,06:15
8954,480.0,2024-12-03,06:30
8955,480.0,2024-12-03,06:45
8956,480.0,2024-12-03,07:00
8957,480.0,2024-12-03,07:15
8958,480.0,2024-12-03,07:30
8959,484.54,2024-12-03,07:45
8960,483.29,2024-12-03,08:00
8961,550.0,2024-12-03,08:15
8962,549.99,2024-12-03,08:30
8963,499.99,2024-12-03,08:45
8964,479.98,2024-12-03,09:00
8965,449.97,2024-12-03,09:15
8966,399.95,2024-12-03,09:30
8967,329.95,2024-12-03,09:45
8968,40.0,2024-12-03,10:00
8969,179.81,2024-12-03,10:15
8970,193.19,2024-12-03,10:30
8971,189.05,2024-12-03,10:45
8972,163.46,2024-12-03,11:00
8973,164.38,2024-12-03,11:15
8974,160.6,2024-12-03,11:30
8975,206.04,2024-12-03,11:45
8976,211.44,2024-12-03,12:00
8977,220.44,2024-12-03,12:15
8978,195.66,2024-12-03,12:30
8979,179.12,2024-12-03,12:45
8980,179.45,2024-12-03,13:00
8981,196.97,2024-12-03,13:15
8982,202.07,2024-12-03,13:30
8983,40.0,2024-12-03,13:45
8984,40.0,2024-12-03,14:00
8985,40.0,2024-12-03,14:15
8986,40.0,2024-12-03,14:30
8987,184.76,2024-12-03,14:45
8988,40.0,2024-12-03,15:00
8989,40.0,2024-12-03,15:15
8990,40.0,2024-12-03,15:30
8991,180.99,2024-12-03,15:45
8992,201.06,2024-12-03,16:00
8993,231.09,2024-12-03,16:15
8994,268.6,2024-12-03,16:30
8995,253.53,2024-12-03,16:45
8996,331.47,2024-12-03,17:00
8997,287.36,2024-12-03,17:15
8998,283.03,2024-12-03,17:30
8999,220.98,2024-12-03,17:45
9000,40.0,2024-12-03,18:00
9001,40.0,2024-12-03,18:15
9002,40.0,2024-12-03,18:30
9003,40.0,2024-12-03,18:45
9004,40.0,2024-12-03,19:00
9005,40.0,2024-12-03,19:15
9006,40.0,2024-12-03,19:30
9007,40.0,2024-12-03,19:45
9008,40.0,2024-12-03,20:00
9009,40.0,2024-12-03,20:15
9010,40.0,2024-12-03,20:30
9011,40.0,2024-12-03,20:45
9012,40.0,2024-12-03,21:00
9013,40.0,2024-12-03,21:15
9014,40.0,2024-12-03,21:30
9015,40.0,2024-12-03,21:45
9016,40.0,2024-12-03,22:00
9017,40.0,2024-12-03,22:15
9018,40.0,2024-12-03,22:30
9019,40.0,2024-12-03,22:45
9020,40.0,2024-12-03,23:00
9021,40.0,2024-12-03,23:15
9022,40.0,2024-12-03,23:30
9023,40.0,2024-12-03,23:45
9024,40.0,2024-12-03,24:00
9025,330.0,2024-12-04,00:15
9026,340.0,2024-12-04,00:30
9027,330.0,2024-12-04,00:45
9028,350.0,2024-12-04,01:00
9029,350.0,2024-12-04,01:15
9030,350.0,2024-12-04,01:30
9031,360.0,2024-12-04,01:45
9032,400.0,2024-12-04,02:00
9033,400.0,2024-12-04,02:15
9034,390.0,2024-12-04,02:30
9035,390.0,2024-12-04,02:45
9036,380.0,2024-12-04,03:00
9037,390.0,2024-12-04,03:15
9038,390.0,2024-12-04,03:30
9039,400.0,2024-12-04,03:45
9040,400.0,2024-12-04,04:00
9041,400.0,2024-12-04,04:15
9042,400.0,2024-12-04,04:30
9043,400.0,2024-12-04,04:45
9044,400.0,2024-12-04,05:00
9045,400.0,2024-12-04,05:15
9046,400.0,2024-12-04,05:30
9047,440.0,2024-12-04,05:45
9048,420.0,2024-12-04,06:00
9049,450.0,2024-12-04,06:15
9050,450.0,2024-12-04,06:30
9051,460.0,2024-12-04,06:45
9052,460.0,2024-12-04,07:00
9053,450.0,2024-12-04,07:15
9054,460.0,2024-12-04,07:30
9055,460.0,2024-12-04,07:45
9056,470.0,2024-12-04,08:00
9057,480.0,2024-12-04,08:15
9058,479.99,2024-12-04,08:30
9059,459.99,2024-12-04,08:45
9060,419.98,2024-12-04,09:00
9061,389.97,2024-12-04,09:15
9062,359.96,2024-12-04,09:30
9063,40.0,2024-12-04,09:45
9064,40.0,2024-12-04,10:00
9065,293.58,2024-12-04,10:15
9066,40.0,2024-12-04,10:30
9067,179.77,2024-12-04,10:45
9068,40.0,2024-12-04,11:00
9069,168.14,2024-12-04,11:15
9070,167.04,2024-12-04,11:30
9071,172.84,2024-12-04,11:45
9072,173.62,2024-12-04,12:00
9073,178.35,2024-12-04,12:15
9074,175.79,2024-12-04,12:30
9075,158.52,2024-12-04,12:45
9076,40.0,2024-12-04,13:00
9077,176.62,2024-12-04,13:15
9078,166.16,2024-12-04,13:30
9079,40.0,2024-12-04,13:45
9080,68.7,2024-12-04,14:00
9081,40.0,2024-12-04,14:15
9082,40.0,2024-12-04,14:30
9083,40.0,2024-12-04,14:45
9084,40.0,2024-12-04,15:00
9085,144.64,2024-12-04,15:15
9086,143.83,2024-12-04,15:30
9087,148.12,2024-12-04,15:45
9088,142.3,2024-12-04,16:00
9089,177.3,2024-12-04,16:15
9090,331.22,2024-12-04,16:30
9091,354.97,2024-12-04,16:45
9092,389.98,2024-12-04,17:00
9093,389.99,2024-12-04,17:15
9094,400.0,2024-12-04,17:30
9095,460.0,2024-12-04,17:45
9096,440.0,2024-12-04,18:00
9097,400.0,2024-12-04,18:15
9098,390.0,2024-12-04,18:30
9099,380.0,2024-12-04,18:45
9100,390.0,2024-12-04,19:00
9101,400.0,2024-12-04,19:15
9102,400.0,2024-12-04,19:30
9103,400.0,2024-12-04,19:45
9104,430.0,2024-12-04,20:00
9105,450.0,2024-12-04,20:15
9106,450.0,2024-12-04,20:30
9107,450.0,2024-12-04,20:45
9108,460.0,2024-12-04,21:00
9109,480.0,2024-12-04,21:15
9110,480.0,2024-12-04,21:30
9111,480.0,2024-12-04,21:45
9112,500.0,2024-12-04,22:00
9113,420.0,2024-12-04,22:15
9114,440.0,2024-12-04,22:30
9115,420.0,2024-12-04,22:45
9116,420.0,2024-12-04,23:00
9117,400.0,2024-12-04,23:15
9118,400.0,2024-12-04,23:30
9119,400.0,2024-12-04,23:45
9120,430.0,2024-12-04,24:00
9121,400.0,2024-12-05,00:15
9122,450.0,2024-12-05,00:30
9123,440.0,2024-12-05,00:45
9124,440.0,2024-12-05,01:00
9125,450.0,2024-12-05,01:15
9126,450.0,2024-12-05,01:30
9127,450.0,2024-12-05,01:45
9128,460.0,2024-12-05,02:00
9129,450.0,2024-12-05,02:15
9130,450.0,2024-12-05,02:30
9131,460.0,2024-12-05,02:45
9132,450.0,2024-12-05,03:00
9133,460.0,2024-12-05,03:15
9134,460.0,2024-12-05,03:30
9135,460.0,2024-12-05,03:45
9136,450.0,2024-12-05,04:00
9137,450.0,2024-12-05,04:15
9138,450.0,2024-12-05,04:30
9139,450.0,2024-12-05,04:45
9140,450.0,2024-12-05,05:00
9141,470.0,2024-12-05,05:15
9142,460.0,2024-12-05,05:30
9143,460.0,2024-12-05,05:45
9144,460.0,2024-12-05,06:00
9145,450.0,2024-12-05,06:15
9146,500.0,2024-12-05,06:30
9147,450.0,2024-12-05,06:45
9148,500.0,2024-12-05,07:00
9149,500.0,2024-12-05,07:15
9150,480.0,2024-12-05,07:30
9151,500.0,2024-12-05,07:45
9152,550.0,2024-12-05,08:00
9153,600.0,2024-12-05,08:15
9154,589.99,2024-12-05,08:30
9155,549.99,2024-12-05,08:45
9156,499.98,2024-12-05,09:00
9157,499.97,2024-12-05,09:15
9158,449.96,2024-12-05,09:30
9159,389.95,2024-12-05,09:45
9160,329.95,2024-12-05,10:00
9161,359.94,2024-12-05,10:15
9162,329.93,2024-12-05,10:30
9163,166.64,2024-12-05,10:45
9164,172.26,2024-12-05,11:00
9165,181.21,2024-12-05,11:15
9166,182.22,2024-12-05,11:30
9167,194.45,2024-12-05,11:45
9168,190.03,2024-12-05,12:00
9169,212.68,2024-12-05,12:15
9170,184.89,2024-12-05,12:30
9171,163.69,2024-12-05,12:45
9172,40.0,2024-12-05,13:00
9173,178.27,2024-12-05,13:15
9174,173.95,2024-12-05,13:30
9175,40.0,2024-12-05,13:45
9176,91.84,2024-12-05,14:00
9177,166.68,2024-12-05,14:15
9178,160.94,2024-12-05,14:30
9179,40.0,2024-12-05,14:45
9180,87.19,2024-12-05,15:00
9181,173.12,2024-12-05,15:15
9182,180.91,2024-12-05,15:30
9183,40.0,2024-12-05,15:45
9184,179.24,2024-12-05,16:00
9185,244.39,2024-12-05,16:15
9186,249.45,2024-12-05,16:30
9187,321.5,2024-12-05,16:45
9188,475.36,2024-12-05,17:00
9189,386.45,2024-12-05,17:15
9190,549.99,2024-12-05,17:30
9191,580.0,2024-12-05,17:45
9192,450.0,2024-12-05,18:00
9193,400.0,2024-12-05,18:15
9194,400.0,2024-12-05,18:30
9195,400.0,2024-12-05,18:45
9196,390.0,2024-12-05,19:00
9197,400.0,2024-12-05,19:15
9198,400.0,2024-12-05,19:30
9199,370.0,2024-12-05,19:45
9200,390.0,2024-12-05,20:00
9201,390.0,2024-12-05,20:15
9202,400.0,2024-12-05,20:30
9203,400.0,2024-12-05,20:45
9204,440.0,2024-12-05,21:00
9205,450.0,2024-12-05,21:15
9206,450.0,2024-12-05,21:30
9207,460.0,2024-12-05,21:45
9208,480.0,2024-12-05,22:00
9209,480.0,2024-12-05,22:15
9210,450.0,2024-12-05,22:30
9211,450.0,2024-12-05,22:45
9212,450.0,2024-12-05,23:00
9213,450.0,2024-12-05,23:15
9214,450.0,2024-12-05,23:30
9215,460.0,2024-12-05,23:45
9216,500.0,2024-12-05,24:00
9217,450.0,2024-12-06,00:15
9218,450.0,2024-12-06,00:30
9219,450.0,2024-12-06,00:45
9220,450.0,2024-12-06,01:00
9221,450.0,2024-12-06,01:15
9222,450.0,2024-12-06,01:30
9223,450.0,2024-12-06,01:45
9224,450.0,2024-12-06,02:00
9225,450.0,2024-12-06,02:15
9226,450.0,2024-12-06,02:30
9227,450.0,2024-12-06,02:45
9228,450.0,2024-12-06,03:00
9229,450.0,2024-12-06,03:15
9230,450.0,2024-12-06,03:30
9231,450.0,2024-12-06,03:45
9232,450.0,2024-12-06,04:00
9233,450.0,2024-12-06,04:15
9234,450.0,2024-12-06,04:30
9235,450.0,2024-12-06,04:45
9236,450.0,2024-12-06,05:00
9237,450.0,2024-12-06,05:15
9238,450.0,2024-12-06,05:30
9239,450.0,2024-12-06,05:45
9240,450.0,2024-12-06,06:00
9241,450.0,2024-12-06,06:15
9242,450.0,2024-12-06,06:30
9243,450.0,2024-12-06,06:45
9244,450.0,2024-12-06,07:00
9245,450.0,2024-12-06,07:15
9246,450.0,2024-12-06,07:30
9247,450.0,2024-12-06,07:45
9248,450.0,2024-12-06,08:00
9249,450.0,2024-12-06,08:15
9250,449.99,2024-12-06,08:30
9251,449.99,2024-12-06,08:45
9252,469.98,2024-12-06,09:00
9253,459.97,2024-12-06,09:15
9254,449.96,2024-12-06,09:30
9255,369.95,2024-12-06,09:45
9256,40.0,2024-12-06,10:00
9257,379.93,2024-12-06,10:15
9258,119.98,2024-12-06,10:30
9259,40.0,2024-12-06,10:45
9260,40.0,2024-12-06,11:00
9261,40.0,2024-12-06,11:15
9262,40.0,2024-12-06,11:30
9263,145.43,2024-12-06,11:45
9264,40.0,2024-12-06,12:00
9265,219.07,2024-12-06,12:15
9266,207.19,2024-12-06,12:30
9267,153.21,2024-12-06,12:45
9268,40.0,2024-12-06,13:00
9269,167.64,2024-12-06,13:15
9270,210.84,2024-12-06,13:30
9271,210.41,2024-12-06,13:45
9272,167.08,2024-12-06,14:00
9273,163.57,2024-12-06,14:15
9274,150.93,2024-12-06,14:30
9275,296.81,2024-12-06,14:45
9276,275.5,2024-12-06,15:00
9277,204.92,2024-12-06,15:15
9278,206.2,2024-12-06,15:30
9279,243.06,2024-12-06,15:45
9280,240.38,2024-12-06,16:00
9281,228.38,2024-12-06,16:15
9282,40.0,2024-12-06,16:30
9283,449.97,2024-12-06,16:45
9284,479.98,2024-12-06,17:00
9285,409.99,2024-12-06,17:15
9286,450.0,2024-12-06,17:30
9287,450.0,2024-12-06,17:45
9288,450.0,2024-12-06,18:00
9289,450.0,2024-12-06,18:15
9290,450.0,2024-12-06,18:30
9291,450.0,2024-12-06,18:45
9292,450.0,2024-12-06,19:00
9293,450.0,2024-12-06,19:15
9294,450.0,2024-12-06,19:30
9295,450.0,2024-12-06,19:45
9296,450.0,2024-12-06,20:00
9297,450.0,2024-12-06,20:15
9298,450.0,2024-12-06,20:30
9299,450.0,2024-12-06,20:45
9300,450.0,2024-12-06,21:00
9301,450.0,2024-12-06,21:15
9302,450.0,2024-12-06,21:30
9303,450.0,2024-12-06,21:45
9304,450.0,2024-12-06,22:00
9305,450.0,2024-12-06,22:15
9306,410.0,2024-12-06,22:30
9307,400.0,2024-12-06,22:45
9308,400.0,2024-12-06,23:00
9309,450.0,2024-12-06,23:15
9310,450.0,2024-12-06,23:30
9311,450.0,2024-12-06,23:45
9312,450.0,2024-12-06,24:00
9313,430.0,2024-12-07,00:15
9314,400.0,2024-12-07,00:30
9315,420.0,2024-12-07,00:45
9316,430.0,2024-12-07,01:00
9317,420.0,2024-12-07,01:15
9318,420.0,2024-12-07,01:30
9319,430.0,2024-12-07,01:45
9320,420.0,2024-12-07,02:00
9321,430.0,2024-12-07,02:15
9322,430.0,2024-12-07,02:30
9323,430.0,2024-12-07,02:45
9324,450.0,2024-12-07,03:00
9325,430.0,2024-12-07,03:15
9326,430.0,2024-12-07,03:30
9327,430.0,2024-12-07,03:45
9328,430.0,2024-12-07,04:00
9329,420.0,2024-12-07,04:15
9330,430.0,2024-12-07,04:30
9331,440.0,2024-12-07,04:45
9332,430.0,2024-12-07,05:00
9333,430.0,2024-12-07,05:15
9334,430.0,2024-12-07,05:30
9335,450.0,2024-12-07,05:45
9336,450.0,2024-12-07,06:00
9337,480.0,2024-12-07,06:15
9338,480.0,2024-12-07,06:30
9339,480.0,2024-12-07,06:45
9340,480.0,2024-12-07,07:00
9341,480.0,2024-12-07,07:15
9342,480.0,2024-12-07,07:30
9343,480.0,2024-12-07,07:45
9344,430.0,2024-12-07,08:00
9345,450.0,2024-12-07,08:15
9346,429.99,2024-12-07,08:30
9347,429.99,2024-12-07,08:45
9348,449.98,2024-12-07,09:00
9349,439.97,2024-12-07,09:15
9350,439.96,2024-12-07,09:30
9351,399.95,2024-12-07,09:45
9352,339.94,2024-12-07,10:00
9353,399.93,2024-12-07,10:15
9354,202.63,2024-12-07,10:30
9355,205.81,2024-12-07,10:45
9356,199.93,2024-12-07,11:00
9357,198.45,2024-12-07,11:15
9358,152.04,2024-12-07,11:30
9359,65.53,2024-12-07,11:45
9360,196.47,2024-12-07,12:00
9361,202.28,2024-12-07,12:15
9362,167.14,2024-12-07,12:30
9363,40.0,2024-12-07,12:45
9364,40.0,2024-12-07,13:00
9365,199.26,2024-12-07,13:15
9366,216.5,2024-12-07,13:30
9367,215.01,2024-12-07,13:45
9368,210.09,2024-12-07,14:00
9369,166.27,2024-12-07,14:15
9370,174.38,2024-12-07,14:30
9371,158.8,2024-12-07,14:45
9372,157.96,2024-12-07,15:00
9373,183.47,2024-12-07,15:15
9374,198.28,2024-12-07,15:30
9375,214.47,2024-12-07,15:45
9376,209.83,2024-12-07,16:00
9377,257.43,2024-12-07,16:15
9378,254.21,2024-12-07,16:30
9379,379.98,2024-12-07,16:45
9380,599.98,2024-12-07,17:00
9381,499.99,2024-12-07,17:15
9382,550.0,2024-12-07,17:30
9383,600.0,2024-12-07,17:45
9384,500.0,2024-12-07,18:00
9385,450.0,2024-12-07,18:15
9386,420.0,2024-12-07,18:30
9387,420.0,2024-12-07,18:45
9388,400.0,2024-12-07,19:00
9389,400.0,2024-12-07,19:15
9390,400.0,2024-12-07,19:30
9391,400.0,2024-12-07,19:45
9392,400.0,2024-12-07,20:00
9393,400.0,2024-12-07,20:15
9394,400.0,2024-12-07,20:30
9395,400.0,2024-12-07,20:45
9396,400.0,2024-12-07,21:00
9397,400.0,2024-12-07,21:15
9398,380.0,2024-12-07,21:30
9399,100.0,2024-12-07,21:45
9400,360.0,2024-12-07,22:00
9401,260.0,2024-12-07,22:15
9402,320.0,2024-12-07,22:30
9403,40.0,2024-12-07,22:45
9404,320.0,2024-12-07,23:00
9405,320.0,2024-12-07,23:15
9406,330.0,2024-12-07,23:30
9407,330.0,2024-12-07,23:45
9408,150.0,2024-12-07,24:00
9409,40.0,2024-12-08,00:15
9410,40.0,2024-12-08,00:30
9411,40.0,2024-12-08,00:45
9412,120.0,2024-12-08,01:00
9413,150.0,2024-12-08,01:15
9414,40.0,2024-12-08,01:30
9415,40.0,2024-12-08,01:45
9416,40.0,2024-12-08,02:00
9417,40.0,2024-12-08,02:15
9418,40.0,2024-12-08,02:30
9419,40.0,2024-12-08,02:45
9420,300.0,2024-12-08,03:00
9421,350.0,2024-12-08,03:15
9422,350.0,2024-12-08,03:30
9423,320.0,2024-12-08,03:45
9424,330.0,2024-12-08,04:00
9425,350.0,2024-12-08,04:15
9426,350.0,2024-12-08,04:30
9427,350.0,2024-12-08,04:45
9428,350.0,2024-12-08,05:00
9429,360.0,2024-12-08,05:15
9430,360.0,2024-12-08,05:30
9431,360.0,2024-12-08,05:45
9432,360.0,2024-12-08,06:00
9433,360.0,2024-12-08,06:15
9434,360.0,2024-12-08,06:30
9435,360.0,2024-12-08,06:45
9436,400.0,2024-12-08,07:00
9437,360.0,2024-12-08,07:15
9438,400.0,2024-12-08,07:30
9439,400.0,2024-12-08,07:45
9440,400.0,2024-12-08,08:00
9441,400.0,2024-12-08,08:15
9442,399.99,2024-12-08,08:30
9443,399.99,2024-12-08,08:45
9444,399.98,2024-12-08,09:00
9445,349.98,2024-12-08,09:15
9446,349.97,2024-12-08,09:30
9447,329.97,2024-12-08,09:45
9448,40.0,2024-12-08,10:00
9449,369.97,2024-12-08,10:15
9450,349.97,2024-12-08,10:30
9451,164.58,2024-12-08,10:45
9452,212.96,2024-12-08,11:00
9453,211.72,2024-12-08,11:15
9454,195.4,2024-12-08,11:30
9455,194.03,2024-12-08,11:45
9456,192.94,2024-12-08,12:00
9457,220.66,2024-12-08,12:15
9458,221.13,2024-12-08,12:30
9459,221.13,2024-12-08,12:45
9460,220.56,2024-12-08,13:00
9461,267.27,2024-12-08,13:15
9462,265.78,2024-12-08,13:30
9463,263.09,2024-12-08,13:45
9464,275.26,2024-12-08,14:00
9465,257.21,2024-12-08,14:15
9466,257.38,2024-12-08,14:30
9467,255.73,2024-12-08,14:45
9468,254.32,2024-12-08,15:00
9469,232.26,2024-12-08,15:15
9470,239.1,2024-12-08,15:30
9471,403.21,2024-12-08,15:45
9472,463.99,2024-12-08,16:00
9473,371.28,2024-12-08,16:15
9474,395.98,2024-12-08,16:30
9475,599.98,2024-12-08,16:45
9476,589.99,2024-12-08,17:00
9477,499.99,2024-12-08,17:15
9478,610.0,2024-12-08,17:30
9479,650.0,2024-12-08,17:45
9480,650.0,2024-12-08,18:00
9481,600.0,2024-12-08,18:15
9482,450.0,2024-12-08,18:30
9483,450.0,2024-12-08,18:45
9484,450.0,2024-12-08,19:00
9485,600.0,2024-12-08,19:15
9486,600.0,2024-12-08,19:30
9487,600.0,2024-12-08,19:45
9488,600.0,2024-12-08,20:00
9489,600.0,2024-12-08,20:15
9490,480.0,2024-12-08,20:30
9491,450.0,2024-12-08,20:45
9492,450.0,2024-12-08,21:00
9493,600.0,2024-12-08,21:15
9494,540.0,2024-12-08,21:30
9495,480.0,2024-12-08,21:45
9496,480.0,2024-12-08,22:00
9497,450.0,2024-12-08,22:15
9498,480.0,2024-12-08,22:30
9499,480.0,2024-12-08,22:45
9500,500.0,2024-12-08,23:00
9501,500.0,2024-12-08,23:15
9502,480.0,2024-12-08,23:30
9503,500.0,2024-12-08,23:45
9504,480.0,2024-12-08,24:00
9505,480.0,2024-12-09,00:15
9506,450.0,2024-12-09,00:30
9507,450.0,2024-12-09,00:45
9508,480.0,2024-12-09,01:00
9509,500.0,2024-12-09,01:15
9510,490.0,2024-12-09,01:30
9511,490.0,2024-12-09,01:45
9512,500.0,2024-12-09,02:00
9513,500.0,2024-12-09,02:15
9514,480.0,2024-12-09,02:30
9515,480.0,2024-12-09,02:45
9516,480.0,2024-12-09,03:00
9517,550.0,2024-12-09,03:15
9518,550.0,2024-12-09,03:30
9519,500.0,2024-12-09,03:45
9520,500.0,2024-12-09,04:00
9521,490.0,2024-12-09,04:15
9522,500.0,2024-12-09,04:30
9523,480.0,2024-12-09,04:45
9524,450.0,2024-12-09,05:00
9525,470.0,2024-12-09,05:15
9526,450.0,2024-12-09,05:30
9527,450.0,2024-12-09,05:45
9528,450.0,2024-12-09,06:00
9529,450.0,2024-12-09,06:15
9530,400.0,2024-12-09,06:30
9531,450.0,2024-12-09,06:45
9532,450.0,2024-12-09,07:00
9533,480.0,2024-12-09,07:15
9534,480.0,2024-12-09,07:30
9535,480.0,2024-12-09,07:45
9536,480.0,2024-12-09,08:00
9537,480.0,2024-12-09,08:15
9538,550.0,2024-12-09,08:30
9539,599.99,2024-12-09,08:45
9540,499.99,2024-12-09,09:00
9541,449.98,2024-12-09,09:15
9542,469.42,2024-12-09,09:30
9543,449.98,2024-12-09,09:45
9544,399.97,2024-12-09,10:00
9545,468.27,2024-12-09,10:15
9546,399.43,2024-12-09,10:30
9547,216.51,2024-12-09,10:45
9548,245.24,2024-12-09,11:00
9549,226.33,2024-12-09,11:15
9550,224.39,2024-12-09,11:30
9551,197.98,2024-12-09,11:45
9552,232.31,2024-12-09,12:00
9553,272.16,2024-12-09,12:15
9554,264.4,2024-12-09,12:30
9555,251.1,2024-12-09,12:45
9556,231.84,2024-12-09,13:00
9557,281.27,2024-12-09,13:15
9558,267.69,2024-12-09,13:30
9559,258.06,2024-12-09,13:45
9560,251.14,2024-12-09,14:00
9561,235.05,2024-12-09,14:15
9562,235.79,2024-12-09,14:30
9563,241.74,2024-12-09,14:45
9564,231.85,2024-12-09,15:00
9565,212.93,2024-12-09,15:15
9566,272.75,2024-12-09,15:30
9567,240.54,2024-12-09,15:45
9568,269.18,2024-12-09,16:00
9569,330.39,2024-12-09,16:15
9570,499.99,2024-12-09,16:30
9571,450.0,2024-12-09,16:45
9572,470.0,2024-12-09,17:00
9573,450.0,2024-12-09,17:15
9574,480.0,2024-12-09,17:30
9575,550.0,2024-12-09,17:45
9576,600.0,2024-12-09,18:00
9577,590.0,2024-12-09,18:15
9578,453.9,2024-12-09,18:30
9579,500.0,2024-12-09,18:45
9580,500.0,2024-12-09,19:00
9581,600.0,2024-12-09,19:15
9582,600.0,2024-12-09,19:30
9583,600.0,2024-12-09,19:45
9584,600.0,2024-12-09,20:00
9585,600.0,2024-12-09,20:15
9586,600.0,2024-12-09,20:30
9587,590.0,2024-12-09,20:45
9588,480.0,2024-12-09,21:00
9589,450.0,2024-12-09,21:15
9590,450.0,2024-12-09,21:30
9591,450.0,2024-12-09,21:45
9592,450.0,2024-12-09,22:00
9593,450.0,2024-12-09,22:15
9594,400.0,2024-12-09,22:30
9595,350.0,2024-12-09,22:45
9596,360.0,2024-12-09,23:00
9597,450.0,2024-12-09,23:15
9598,440.0,2024-12-09,23:30
9599,430.0,2024-12-09,23:45
9600,400.0,2024-12-09,24:00
9601,420.0,2024-12-10,00:15
9602,400.0,2024-12-10,00:30
9603,450.0,2024-12-10,00:45
9604,450.0,2024-12-10,01:00
9605,450.0,2024-12-10,01:15
9606,450.0,2024-12-10,01:30
9607,450.0,2024-12-10,01:45
9608,450.0,2024-12-10,02:00
9609,450.0,2024-12-10,02:15
9610,450.0,2024-12-10,02:30
9611,450.0,2024-12-10,02:45
9612,480.0,2024-12-10,03:00
9613,450.0,2024-12-10,03:15
9614,450.0,2024-12-10,03:30
9615,450.0,2024-12-10,03:45
9616,450.0,2024-12-10,04:00
9617,450.0,2024-12-10,04:15
9618,450.0,2024-12-10,04:30
9619,450.0,2024-12-10,04:45
9620,450.0,2024-12-10,05:00
9621,450.0,2024-12-10,05:15
9622,500.0,2024-12-10,05:30
9623,480.0,2024-12-10,05:45
9624,500.0,2024-12-10,06:00
9625,560.0,2024-12-10,06:15
9626,590.0,2024-12-10,06:30
9627,590.0,2024-12-10,06:45
9628,500.0,2024-12-10,07:00
9629,500.0,2024-12-10,07:15
9630,480.0,2024-12-10,07:30
9631,480.0,2024-12-10,07:45
9632,470.0,2024-12-10,08:00
9633,520.0,2024-12-10,08:15
9634,549.99,2024-12-10,08:30
9635,599.99,2024-12-10,08:45
9636,549.99,2024-12-10,09:00
9637,599.98,2024-12-10,09:15
9638,589.98,2024-12-10,09:30
9639,489.98,2024-12-10,09:45
9640,489.98,2024-12-10,10:00
9641,479.97,2024-12-10,10:15
9642,549.97,2024-12-10,10:30
9643,479.97,2024-12-10,10:45
9644,449.97,2024-12-10,11:00
9645,399.98,2024-12-10,11:15
9646,429.98,2024-12-10,11:30
9647,479.97,2024-12-10,11:45
9648,449.98,2024-12-10,12:00
9649,402.64,2024-12-10,12:15
9650,259.88,2024-12-10,12:30
9651,294.59,2024-12-10,12:45
9652,302.48,2024-12-10,13:00
9653,367.18,2024-12-10,13:15
9654,329.21,2024-12-10,13:30
9655,435.41,2024-12-10,13:45
9656,486.42,2024-12-10,14:00
9657,363.79,2024-12-10,14:15
9658,287.58,2024-12-10,14:30
9659,286.39,2024-12-10,14:45
9660,288.26,2024-12-10,15:00
9661,331.13,2024-12-10,15:15
9662,293.6,2024-12-10,15:30
9663,340.76,2024-12-10,15:45
9664,399.99,2024-12-10,16:00
9665,449.99,2024-12-10,16:15
9666,449.99,2024-12-10,16:30
9667,449.99,2024-12-10,16:45
9668,479.99,2024-12-10,17:00
9669,590.0,2024-12-10,17:15
9670,570.0,2024-12-10,17:30
9671,600.0,2024-12-10,17:45
9672,590.0,2024-12-10,18:00
9673,450.0,2024-12-10,18:15
9674,450.0,2024-12-10,18:30
9675,450.0,2024-12-10,18:45
9676,420.0,2024-12-10,19:00
9677,400.0,2024-12-10,19:15
9678,400.0,2024-12-10,19:30
9679,400.0,2024-12-10,19:45
9680,400.0,2024-12-10,20:00
9681,400.0,2024-12-10,20:15
9682,400.0,2024-12-10,20:30
9683,360.0,2024-12-10,20:45
9684,340.0,2024-12-10,21:00
9685,370.0,2024-12-10,21:15
9686,370.0,2024-12-10,21:30
9687,330.0,2024-12-10,21:45
9688,340.0,2024-12-10,22:00
9689,330.0,2024-12-10,22:15
9690,340.0,2024-12-10,22:30
9691,360.0,2024-12-10,22:45
9692,400.0,2024-12-10,23:00
9693,400.0,2024-12-10,23:15
9694,400.0,2024-12-10,23:30
9695,400.0,2024-12-10,23:45
9696,420.0,2024-12-10,24:00
9697,400.0,2024-12-11,00:15
9698,400.0,2024-12-11,00:30
9699,440.0,2024-12-11,00:45
9700,430.0,2024-12-11,01:00
9701,430.0,2024-12-11,01:15
9702,410.0,2024-12-11,01:30
9703,400.0,2024-12-11,01:45
9704,400.0,2024-12-11,02:00
9705,400.0,2024-12-11,02:15
9706,400.0,2024-12-11,02:30
9707,400.0,2024-12-11,02:45
9708,400.0,2024-12-11,03:00
9709,400.0,2024-12-11,03:15
9710,420.0,2024-12-11,03:30
9711,410.0,2024-12-11,03:45
9712,400.0,2024-12-11,04:00
9713,420.0,2024-12-11,04:15
9714,410.0,2024-12-11,04:30
9715,410.0,2024-12-11,04:45
9716,450.0,2024-12-11,05:00
9717,450.0,2024-12-11,05:15
9718,450.0,2024-12-11,05:30
9719,450.0,2024-12-11,05:45
9720,450.0,2024-12-11,06:00
9721,450.0,2024-12-11,06:15
9722,450.0,2024-12-11,06:30
9723,450.0,2024-12-11,06:45
9724,450.0,2024-12-11,07:00
9725,470.0,2024-12-11,07:15
9726,470.0,2024-12-11,07:30
9727,500.0,2024-12-11,07:45
9728,480.0,2024-12-11,08:00
9729,480.0,2024-12-11,08:15
9730,479.99,2024-12-11,08:30
9731,479.99,2024-12-11,08:45
9732,469.98,2024-12-11,09:00
9733,449.96,2024-12-11,09:15
9734,449.95,2024-12-11,09:30
9735,419.94,2024-12-11,09:45
9736,399.93,2024-12-11,10:00
9737,499.92,2024-12-11,10:15
9738,462.64,2024-12-11,10:30
9739,429.84,2024-12-11,10:45
9740,399.94,2024-12-11,11:00
9741,261.74,2024-12-11,11:15
9742,212.03,2024-12-11,11:30
9743,206.8,2024-12-11,11:45
9744,227.12,2024-12-11,12:00
9745,257.82,2024-12-11,12:15
9746,243.93,2024-12-11,12:30
9747,227.82,2024-12-11,12:45
9748,174.41,2024-12-11,13:00
9749,214.34,2024-12-11,13:15
9750,236.9,2024-12-11,13:30
9751,234.86,2024-12-11,13:45
9752,202.04,2024-12-11,14:00
9753,334.62,2024-12-11,14:15
9754,325.17,2024-12-11,14:30
9755,231.51,2024-12-11,14:45
9756,199.46,2024-12-11,15:00
9757,259.49,2024-12-11,15:15
9758,293.74,2024-12-11,15:30
9759,255.58,2024-12-11,15:45
9760,302.68,2024-12-11,16:00
9761,272.28,2024-12-11,16:15
9762,325.2,2024-12-11,16:30
9763,347.38,2024-12-11,16:45
9764,398.6,2024-12-11,17:00
9765,349.59,2024-12-11,17:15
9766,400.8,2024-12-11,17:30
9767,352.5,2024-12-11,17:45
9768,366.05,2024-12-11,18:00
9769,418.77,2024-12-11,18:15
9770,373.24,2024-12-11,18:30
9771,362.25,2024-12-11,18:45
9772,349.9,2024-12-11,19:00
9773,370.0,2024-12-11,19:15
9774,370.0,2024-12-11,19:30
9775,360.0,2024-12-11,19:45
9776,400.0,2024-12-11,20:00
9777,350.0,2024-12-11,20:15
9778,350.0,2024-12-11,20:30
9779,360.0,2024-12-11,20:45
9780,340.0,2024-12-11,21:00
9781,360.0,2024-12-11,21:15
9782,400.0,2024-12-11,21:30
9783,400.0,2024-12-11,21:45
9784,400.0,2024-12-11,22:00
9785,400.0,2024-12-11,22:15
9786,370.0,2024-12-11,22:30
9787,360.0,2024-12-11,22:45
9788,350.0,2024-12-11,23:00
9789,340.0,2024-12-11,23:15
9790,320.0,2024-12-11,23:30
9791,40.0,2024-12-11,23:45
9792,40.0,2024-12-11,24:00
9793,40.0,2024-12-12,00:15
9794,40.0,2024-12-12,00:30
9795,40.0,2024-12-12,00:45
9796,40.0,2024-12-12,01:00
9797,40.0,2024-12-12,01:15
9798,40.0,2024-12-12,01:30
9799,40.0,2024-12-12,01:45
9800,40.0,2024-12-12,02:00
9801,40.0,2024-12-12,02:15
9802,40.0,2024-12-12,02:30
9803,40.0,2024-12-12,02:45
9804,40.0,2024-12-12,03:00
9805,40.0,2024-12-12,03:15
9806,40.0,2024-12-12,03:30
9807,40.0,2024-12-12,03:45
9808,40.0,2024-12-12,04:00
9809,40.0,2024-12-12,04:15
9810,40.0,2024-12-12,04:30
9811,40.0,2024-12-12,04:45
9812,40.0,2024-12-12,05:00
9813,40.0,2024-12-12,05:15
9814,40.0,2024-12-12,05:30
9815,40.0,2024-12-12,05:45
9816,40.0,2024-12-12,06:00
9817,40.0,2024-12-12,06:15
9818,40.0,2024-12-12,06:30
9819,40.0,2024-12-12,06:45
9820,40.0,2024-12-12,07:00
9821,40.0,2024-12-12,07:15
9822,40.0,2024-12-12,07:30
9823,40.0,2024-12-12,07:45
9824,40.0,2024-12-12,08:00
9825,40.0,2024-12-12,08:15
9826,40.0,2024-12-12,08:30
9827,40.0,2024-12-12,08:45
9828,40.0,2024-12-12,09:00
9829,40.0,2024-12-12,09:15
9830,40.0,2024-12-12,09:30
9831,40.0,2024-12-12,09:45
9832,40.0,2024-12-12,10:00
9833,236.71,2024-12-12,10:15
9834,199.94,2024-12-12,10:30
9835,205.19,2024-12-12,10:45
9836,180.1,2024-12-12,11:00
9837,175.29,2024-12-12,11:15
9838,174.19,2024-12-12,11:30
9839,160.86,2024-12-12,11:45
9840,156.3,2024-12-12,12:00
9841,182.54,2024-12-12,12:15
9842,172.81,2024-12-12,12:30
9843,169.12,2024-12-12,12:45
9844,173.56,2024-12-12,13:00
9845,202.77,2024-12-12,13:15
9846,212.19,2024-12-12,13:30
9847,196.73,2024-12-12,13:45
9848,191.33,2024-12-12,14:00
9849,192.66,2024-12-12,14:15
9850,40.0,2024-12-12,14:30
9851,194.25,2024-12-12,14:45
9852,40.0,2024-12-12,15:00
9853,134.68,2024-12-12,15:15
9854,68.35,2024-12-12,15:30
9855,191.56,2024-12-12,15:45
9856,177.98,2024-12-12,16:00
9857,201.11,2024-12-12,16:15
9858,179.04,2024-12-12,16:30
9859,189.54,2024-12-12,16:45
9860,303.69,2024-12-12,17:00
9861,327.9,2024-12-12,17:15
9862,345.57,2024-12-12,17:30
9863,373.11,2024-12-12,17:45
9864,400.61,2024-12-12,18:00
9865,334.76,2024-12-12,18:15
9866,343.69,2024-12-12,18:30
9867,325.19,2024-12-12,18:45
9868,343.61,2024-12-12,19:00
9869,371.8,2024-12-12,19:15
9870,371.83,2024-12-12,19:30
9871,371.88,2024-12-12,19:45
9872,371.4,2024-12-12,20:00
9873,408.12,2024-12-12,20:15
9874,417.19,2024-12-12,20:30
9875,417.59,2024-12-12,20:45
9876,416.65,2024-12-12,21:00
9877,368.36,2024-12-12,21:15
9878,312.31,2024-12-12,21:30
9879,302.18,2024-12-12,21:45
9880,320.06,2024-12-12,22:00
9881,291.99,2024-12-12,22:15
9882,300.98,2024-12-12,22:30
9883,291.46,2024-12-12,22:45
9884,291.09,2024-12-12,23:00
9885,300.12,2024-12-12,23:15
9886,290.87,2024-12-12,23:30
9887,290.83,2024-12-12,23:45
9888,299.88,2024-12-12,24:00
9889,364.17,2024-12-13,00:15
9890,410.01,2024-12-13,00:30
9891,420.98,2024-12-13,00:45
9892,411.76,2024-12-13,01:00
9893,411.39,2024-12-13,01:15
9894,470.0,2024-12-13,01:30
9895,480.0,2024-12-13,01:45
9896,480.0,2024-12-13,02:00
9897,480.0,2024-12-13,02:15
9898,470.0,2024-12-13,02:30
9899,470.0,2024-12-13,02:45
9900,400.0,2024-12-13,03:00
9901,400.0,2024-12-13,03:15
9902,400.0,2024-12-13,03:30
9903,400.0,2024-12-13,03:45
9904,400.0,2024-12-13,04:00
9905,400.0,2024-12-13,04:15
9906,430.0,2024-12-13,04:30
9907,400.0,2024-12-13,04:45
9908,440.0,2024-12-13,05:00
9909,450.0,2024-12-13,05:15
9910,450.0,2024-12-13,05:30
9911,480.0,2024-12-13,05:45
9912,470.0,2024-12-13,06:00
9913,500.0,2024-12-13,06:15
9914,550.0,2024-12-13,06:30
9915,550.0,2024-12-13,06:45
9916,500.0,2024-12-13,07:00
9917,500.0,2024-12-13,07:15
9918,600.0,2024-12-13,07:30
9919,600.0,2024-12-13,07:45
9920,600.0,2024-12-13,08:00
9921,600.0,2024-12-13,08:15
9922,569.99,2024-12-13,08:30
9923,479.99,2024-12-13,08:45
9924,479.98,2024-12-13,09:00
9925,479.97,2024-12-13,09:15
9926,449.97,2024-12-13,09:30
9927,349.97,2024-12-13,09:45
9928,40.0,2024-12-13,10:00
9929,444.09,2024-12-13,10:15
9930,318.44,2024-12-13,10:30
9931,163.99,2024-12-13,10:45
9932,233.48,2024-12-13,11:00
9933,231.23,2024-12-13,11:15
9934,175.29,2024-12-13,11:30
9935,244.25,2024-12-13,11:45
9936,244.89,2024-12-13,12:00
9937,250.64,2024-12-13,12:15
9938,255.55,2024-12-13,12:30
9939,251.75,2024-12-13,12:45
9940,253.63,2024-12-13,13:00
9941,260.72,2024-12-13,13:15
9942,256.84,2024-12-13,13:30
9943,259.39,2024-12-13,13:45
9944,258.36,2024-12-13,14:00
9945,233.1,2024-12-13,14:15
9946,245.42,2024-12-13,14:30
9947,247.23,2024-12-13,14:45
9948,245.97,2024-12-13,15:00
9949,250.49,2024-12-13,15:15
9950,253.48,2024-12-13,15:30
9951,278.56,2024-12-13,15:45
9952,260.39,2024-12-13,16:00
9953,385.39,2024-12-13,16:15
9954,371.37,2024-12-13,16:30
9955,376.16,2024-12-13,16:45
9956,393.81,2024-12-13,17:00
9957,335.46,2024-12-13,17:15
9958,480.0,2024-12-13,17:30
9959,394.85,2024-12-13,17:45
9960,362.06,2024-12-13,18:00
9961,348.1,2024-12-13,18:15
9962,350.0,2024-12-13,18:30
9963,226.11,2024-12-13,18:45
9964,231.03,2024-12-13,19:00
9965,350.0,2024-12-13,19:15
9966,400.0,2024-12-13,19:30
9967,403.3,2024-12-13,19:45
9968,440.0,2024-12-13,20:00
9969,400.0,2024-12-13,20:15
9970,377.18,2024-12-13,20:30
9971,377.5,2024-12-13,20:45
9972,400.0,2024-12-13,21:00
9973,400.0,2024-12-13,21:15
9974,400.0,2024-12-13,21:30
9975,350.0,2024-12-13,21:45
9976,350.0,2024-12-13,22:00
9977,320.0,2024-12-13,22:15
9978,330.0,2024-12-13,22:30
9979,330.0,2024-12-13,22:45
9980,330.0,2024-12-13,23:00
9981,360.0,2024-12-13,23:15
9982,370.0,2024-12-13,23:30
9983,400.0,2024-12-13,23:45
9984,350.0,2024-12-13,24:00
9985,370.0,2024-12-14,00:15
9986,360.0,2024-12-14,00:30
9987,440.0,2024-12-14,00:45
9988,440.0,2024-12-14,01:00
9989,450.0,2024-12-14,01:15
9990,450.0,2024-12-14,01:30
9991,450.0,2024-12-14,01:45
9992,450.0,2024-12-14,02:00
9993,450.0,2024-12-14,02:15
9994,440.0,2024-12-14,02:30
9995,440.0,2024-12-14,02:45
9996,440.0,2024-12-14,03:00
9997,440.0,2024-12-14,03:15
9998,440.0,2024-12-14,03:30
9999,440.0,2024-12-14,03:45
10000,440.0,2024-12-14,04:00
10001,440.0,2024-12-14,04:15
10002,430.0,2024-12-14,04:30
10003,430.0,2024-12-14,04:45
10004,430.0,2024-12-14,05:00
10005,440.0,2024-12-14,05:15
10006,450.0,2024-12-14,05:30
10007,480.0,2024-12-14,05:45
10008,470.0,2024-12-14,06:00
10009,550.0,2024-12-14,06:15
10010,550.0,2024-12-14,06:30
10011,570.0,2024-12-14,06:45
10012,550.0,2024-12-14,07:00
10013,550.0,2024-12-14,07:15
10014,550.0,2024-12-14,07:30
10015,550.0,2024-12-14,07:45
10016,500.0,2024-12-14,08:00
10017,500.0,2024-12-14,08:15
10018,549.99,2024-12-14,08:30
10019,549.99,2024-12-14,08:45
10020,549.98,2024-12-14,09:00
10021,589.96,2024-12-14,09:15
10022,489.95,2024-12-14,09:30
10023,399.94,2024-12-14,09:45
10024,40.0,2024-12-14,10:00
10025,449.92,2024-12-14,10:15
10026,317.19,2024-12-14,10:30
10027,349.93,2024-12-14,10:45
10028,40.0,2024-12-14,11:00
10029,188.45,2024-12-14,11:15
10030,212.97,2024-12-14,11:30
10031,40.0,2024-12-14,11:45
10032,40.0,2024-12-14,12:00
10033,150.13,2024-12-14,12:15
10034,40.0,2024-12-14,12:30
10035,40.0,2024-12-14,12:45
10036,40.0,2024-12-14,13:00
10037,170.1,2024-12-14,13:15
10038,168.62,2024-12-14,13:30
10039,168.25,2024-12-14,13:45
10040,171.89,2024-12-14,14:00
10041,147.85,2024-12-14,14:15
10042,148.15,2024-12-14,14:30
10043,146.46,2024-12-14,14:45
10044,40.0,2024-12-14,15:00
10045,40.0,2024-12-14,15:15
10046,177.97,2024-12-14,15:30
10047,228.19,2024-12-14,15:45
10048,224.13,2024-12-14,16:00
10049,40.0,2024-12-14,16:15
10050,499.96,2024-12-14,16:30
10051,469.98,2024-12-14,16:45
10052,599.97,2024-12-14,17:00
10053,599.99,2024-12-14,17:15
10054,549.99,2024-12-14,17:30
10055,550.0,2024-12-14,17:45
10056,500.0,2024-12-14,18:00
10057,500.0,2024-12-14,18:15
10058,500.0,2024-12-14,18:30
10059,500.0,2024-12-14,18:45
10060,480.0,2024-12-14,19:00
10061,470.0,2024-12-14,19:15
10062,480.0,2024-12-14,19:30
10063,480.0,2024-12-14,19:45
10064,480.0,2024-12-14,20:00
10065,490.0,2024-12-14,20:15
10066,500.0,2024-12-14,20:30
10067,480.0,2024-12-14,20:45
10068,430.0,2024-12-14,21:00
10069,450.0,2024-12-14,21:15
10070,450.0,2024-12-14,21:30
10071,400.0,2024-12-14,21:45
10072,400.0,2024-12-14,22:00
10073,400.0,2024-12-14,22:15
10074,400.0,2024-12-14,22:30
10075,400.0,2024-12-14,22:45
10076,340.0,2024-12-14,23:00
10077,350.0,2024-12-14,23:15
10078,400.0,2024-12-14,23:30
10079,360.0,2024-12-14,23:45
10080,370.0,2024-12-14,24:00
10081,450.0,2024-12-15,00:15
10082,450.0,2024-12-15,00:30
10083,470.0,2024-12-15,00:45
10084,450.0,2024-12-15,01:00
10085,480.0,2024-12-15,01:15
10086,480.0,2024-12-15,01:30
10087,480.0,2024-12-15,01:45
10088,450.0,2024-12-15,02:00
10089,490.0,2024-12-15,02:15
10090,450.0,2024-12-15,02:30
10091,450.0,2024-12-15,02:45
10092,450.0,2024-12-15,03:00
10093,470.0,2024-12-15,03:15
10094,450.0,2024-12-15,03:30
10095,480.0,2024-12-15,03:45
10096,480.0,2024-12-15,04:00
10097,550.0,2024-12-15,04:15
10098,550.0,2024-12-15,04:30
10099,550.0,2024-12-15,04:45
10100,550.0,2024-12-15,05:00
10101,550.0,2024-12-15,05:15
10102,550.0,2024-12-15,05:30
10103,570.0,2024-12-15,05:45
10104,580.0,2024-12-15,06:00
10105,650.0,2024-12-15,06:15
10106,620.0,2024-12-15,06:30
10107,620.0,2024-12-15,06:45
10108,610.0,2024-12-15,07:00
10109,600.0,2024-12-15,07:15
10110,600.0,2024-12-15,07:30
10111,590.0,2024-12-15,07:45
10112,550.0,2024-12-15,08:00
10113,550.0,2024-12-15,08:15
10114,569.99,2024-12-15,08:30
10115,589.99,2024-12-15,08:45
10116,599.98,2024-12-15,09:00
10117,479.97,2024-12-15,09:15
10118,449.96,2024-12-15,09:30
10119,40.0,2024-12-15,09:45
10120,40.0,2024-12-15,10:00
10121,339.94,2024-12-15,10:15
10122,40.0,2024-12-15,10:30
10123,40.0,2024-12-15,10:45
10124,40.0,2024-12-15,11:00
10125,40.0,2024-12-15,11:15
10126,40.0,2024-12-15,11:30
10127,40.0,2024-12-15,11:45
10128,40.0,2024-12-15,12:00
10129,40.0,2024-12-15,12:15
10130,40.0,2024-12-15,12:30
10131,40.0,2024-12-15,12:45
10132,40.0,2024-12-15,13:00
10133,90.52,2024-12-15,13:15
10134,40.0,2024-12-15,13:30
10135,40.0,2024-12-15,13:45
10136,40.0,2024-12-15,14:00
10137,40.0,2024-12-15,14:15
10138,40.0,2024-12-15,14:30
10139,40.0,2024-12-15,14:45
10140,40.0,2024-12-15,15:00
10141,40.0,2024-12-15,15:15
10142,40.0,2024-12-15,15:30
10143,188.97,2024-12-15,15:45
10144,40.0,2024-12-15,16:00
10145,281.87,2024-12-15,16:15
10146,270.04,2024-12-15,16:30
10147,347.3,2024-12-15,16:45
10148,444.08,2024-12-15,17:00
10149,449.99,2024-12-15,17:15
10150,480.0,2024-12-15,17:30
10151,500.0,2024-12-15,17:45
10152,450.0,2024-12-15,18:00
10153,480.0,2024-12-15,18:15
10154,450.0,2024-12-15,18:30
10155,450.0,2024-12-15,18:45
10156,450.0,2024-12-15,19:00
10157,470.0,2024-12-15,19:15
10158,450.0,2024-12-15,19:30
10159,480.0,2024-12-15,19:45
10160,480.0,2024-12-15,20:00
10161,480.0,2024-12-15,20:15
10162,480.0,2024-12-15,20:30
10163,480.0,2024-12-15,20:45
10164,480.0,2024-12-15,21:00
10165,480.0,2024-12-15,21:15
10166,440.0,2024-12-15,21:30
10167,400.0,2024-12-15,21:45
10168,430.0,2024-12-15,22:00
10169,320.0,2024-12-15,22:15
10170,320.0,2024-12-15,22:30
10171,320.0,2024-12-15,22:45
10172,350.0,2024-12-15,23:00
10173,400.0,2024-12-15,23:15
10174,430.0,2024-12-15,23:30
10175,430.0,2024-12-15,23:45
10176,450.0,2024-12-15,24:00
10177,450.0,2024-12-16,00:15
10178,450.0,2024-12-16,00:30
10179,450.0,2024-12-16,00:45
10180,450.0,2024-12-16,01:00
10181,450.0,2024-12-16,01:15
10182,450.0,2024-12-16,01:30
10183,450.0,2024-12-16,01:45
10184,450.0,2024-12-16,02:00
10185,440.0,2024-12-16,02:15
10186,440.0,2024-12-16,02:30
10187,440.0,2024-12-16,02:45
10188,410.0,2024-12-16,03:00
10189,400.0,2024-12-16,03:15
10190,400.0,2024-12-16,03:30
10191,410.0,2024-12-16,03:45
10192,400.0,2024-12-16,04:00
10193,400.0,2024-12-16,04:15
10194,440.0,2024-12-16,04:30
10195,410.0,2024-12-16,04:45
10196,430.0,2024-12-16,05:00
10197,440.0,2024-12-16,05:15
10198,440.0,2024-12-16,05:30
10199,450.0,2024-12-16,05:45
10200,450.0,2024-12-16,06:00
10201,550.0,2024-12-16,06:15
10202,570.0,2024-12-16,06:30
10203,550.0,2024-12-16,06:45
10204,590.0,2024-12-16,07:00
10205,590.0,2024-12-16,07:15
10206,600.0,2024-12-16,07:30
10207,600.0,2024-12-16,07:45
10208,590.0,2024-12-16,08:00
10209,550.0,2024-12-16,08:15
10210,550.0,2024-12-16,08:30
10211,599.99,2024-12-16,08:45
10212,569.98,2024-12-16,09:00
10213,479.97,2024-12-16,09:15
10214,399.96,2024-12-16,09:30
10215,319.96,2024-12-16,09:45
10216,40.0,2024-12-16,10:00
10217,399.94,2024-12-16,10:15
10218,40.0,2024-12-16,10:30
10219,40.0,2024-12-16,10:45
10220,40.0,2024-12-16,11:00
10221,40.0,2024-12-16,11:15
10222,40.0,2024-12-16,11:30
10223,40.0,2024-12-16,11:45
10224,40.0,2024-12-16,12:00
10225,40.0,2024-12-16,12:15
10226,40.0,2024-12-16,12:30
10227,40.0,2024-12-16,12:45
10228,40.0,2024-12-16,13:00
10229,157.81,2024-12-16,13:15
10230,40.0,2024-12-16,13:30
10231,40.0,2024-12-16,13:45
10232,150.27,2024-12-16,14:00
10233,40.0,2024-12-16,14:15
10234,40.0,2024-12-16,14:30
10235,40.0,2024-12-16,14:45
10236,40.0,2024-12-16,15:00
10237,40.0,2024-12-16,15:15
10238,200.61,2024-12-16,15:30
10239,237.75,2024-12-16,15:45
10240,252.8,2024-12-16,16:00
10241,349.93,2024-12-16,16:15
10242,352.78,2024-12-16,16:30
10243,404.41,2024-12-16,16:45
10244,441.92,2024-12-16,17:00
10245,412.55,2024-12-16,17:15
10246,450.0,2024-12-16,17:30
10247,400.0,2024-12-16,17:45
10248,360.0,2024-12-16,18:00
10249,357.63,2024-12-16,18:15
10250,382.89,2024-12-16,18:30
10251,360.0,2024-12-16,18:45
10252,360.0,2024-12-16,19:00
10253,410.0,2024-12-16,19:15
10254,370.17,2024-12-16,19:30
10255,372.78,2024-12-16,19:45
10256,384.99,2024-12-16,20:00
10257,378.17,2024-12-16,20:15
10258,382.67,2024-12-16,20:30
10259,390.84,2024-12-16,20:45
10260,377.48,2024-12-16,21:00
10261,455.51,2024-12-16,21:15
10262,480.0,2024-12-16,21:30
10263,480.0,2024-12-16,21:45
10264,500.0,2024-12-16,22:00
10265,480.0,2024-12-16,22:15
10266,480.0,2024-12-16,22:30
10267,470.0,2024-12-16,22:45
10268,480.0,2024-12-16,23:00
10269,450.0,2024-12-16,23:15
10270,440.0,2024-12-16,23:30
10271,410.0,2024-12-16,23:45
10272,400.0,2024-12-16,24:00
10273,420.0,2024-12-17,00:15
10274,400.0,2024-12-17,00:30
10275,440.0,2024-12-17,00:45
10276,400.0,2024-12-17,01:00
10277,400.0,2024-12-17,01:15
10278,400.0,2024-12-17,01:30
10279,360.0,2024-12-17,01:45
10280,320.0,2024-12-17,02:00
10281,320.0,2024-12-17,02:15
10282,40.0,2024-12-17,02:30
10283,40.0,2024-12-17,02:45
10284,40.0,2024-12-17,03:00
10285,40.0,2024-12-17,03:15
10286,100.0,2024-12-17,03:30
10287,40.0,2024-12-17,03:45
10288,40.0,2024-12-17,04:00
10289,40.0,2024-12-17,04:15
10290,330.0,2024-12-17,04:30
10291,350.0,2024-12-17,04:45
10292,350.0,2024-12-17,05:00
10293,40.0,2024-12-17,05:15
10294,40.0,2024-12-17,05:30
10295,150.0,2024-12-17,05:45
10296,100.0,2024-12-17,06:00
10297,350.0,2024-12-17,06:15
10298,440.0,2024-12-17,06:30
10299,370.0,2024-12-17,06:45
10300,200.0,2024-12-17,07:00
10301,150.0,2024-12-17,07:15
10302,40.0,2024-12-17,07:30
10303,200.0,2024-12-17,07:45
10304,270.0,2024-12-17,08:00
10305,320.0,2024-12-17,08:15
10306,350.0,2024-12-17,08:30
10307,399.99,2024-12-17,08:45
10308,399.98,2024-12-17,09:00
10309,439.97,2024-12-17,09:15
10310,369.96,2024-12-17,09:30
10311,40.0,2024-12-17,09:45
10312,40.0,2024-12-17,10:00
10313,256.48,2024-12-17,10:15
10314,40.0,2024-12-17,10:30
10315,40.0,2024-12-17,10:45
10316,40.0,2024-12-17,11:00
10317,40.0,2024-12-17,11:15
10318,230.7,2024-12-17,11:30
10319,166.92,2024-12-17,11:45
10320,40.0,2024-12-17,12:00
10321,40.0,2024-12-17,12:15
10322,185.06,2024-12-17,12:30
10323,167.81,2024-12-17,12:45
10324,152.16,2024-12-17,13:00
10325,191.42,2024-12-17,13:15
10326,212.14,2024-12-17,13:30
10327,209.09,2024-12-17,13:45
10328,183.81,2024-12-17,14:00
10329,149.83,2024-12-17,14:15
10330,40.0,2024-12-17,14:30
10331,40.0,2024-12-17,14:45
10332,176.8,2024-12-17,15:00
10333,169.88,2024-12-17,15:15
10334,302.96,2024-12-17,15:30
10335,243.27,2024-12-17,15:45
10336,252.06,2024-12-17,16:00
10337,305.9,2024-12-17,16:15
10338,306.68,2024-12-17,16:30
10339,244.53,2024-12-17,16:45
10340,269.99,2024-12-17,17:00
10341,370.0,2024-12-17,17:15
10342,450.0,2024-12-17,17:30
10343,450.0,2024-12-17,17:45
10344,480.0,2024-12-17,18:00
10345,480.0,2024-12-17,18:15
10346,450.0,2024-12-17,18:30
10347,450.0,2024-12-17,18:45
10348,450.0,2024-12-17,19:00
10349,480.0,2024-12-17,19:15
10350,450.0,2024-12-17,19:30
10351,450.0,2024-12-17,19:45
10352,440.0,2024-12-17,20:00
10353,440.0,2024-12-17,20:15
10354,440.0,2024-12-17,20:30
10355,420.0,2024-12-17,20:45
10356,400.0,2024-12-17,21:00
10357,430.0,2024-12-17,21:15
10358,440.0,2024-12-17,21:30
10359,450.0,2024-12-17,21:45
10360,350.0,2024-12-17,22:00
10361,320.0,2024-12-17,22:15
10362,350.0,2024-12-17,22:30
10363,350.0,2024-12-17,22:45
10364,370.0,2024-12-17,23:00
10365,400.0,2024-12-17,23:15
10366,400.0,2024-12-17,23:30
10367,400.0,2024-12-17,23:45
10368,400.0,2024-12-17,24:00
10369,350.0,2024-12-18,00:15
10370,330.0,2024-12-18,00:30
10371,350.0,2024-12-18,00:45
10372,330.0,2024-12-18,01:00
10373,330.0,2024-12-18,01:15
10374,320.0,2024-12-18,01:30
10375,330.0,2024-12-18,01:45
10376,320.0,2024-12-18,02:00
10377,320.0,2024-12-18,02:15
10378,150.0,2024-12-18,02:30
10379,40.0,2024-12-18,02:45
10380,270.0,2024-12-18,03:00
10381,270.0,2024-12-18,03:15
10382,320.0,2024-12-18,03:30
10383,320.0,2024-12-18,03:45
10384,200.0,2024-12-18,04:00
10385,330.0,2024-12-18,04:15
10386,350.0,2024-12-18,04:30
10387,350.0,2024-12-18,04:45
10388,330.0,2024-12-18,05:00
10389,330.0,2024-12-18,05:15
10390,320.0,2024-12-18,05:30
10391,320.0,2024-12-18,05:45
10392,270.0,2024-12-18,06:00
10393,350.0,2024-12-18,06:15
10394,360.0,2024-12-18,06:30
10395,350.0,2024-12-18,06:45
10396,380.0,2024-12-18,07:00
10397,330.0,2024-12-18,07:15
10398,320.0,2024-12-18,07:30
10399,297.92,2024-12-18,07:45
10400,330.0,2024-12-18,08:00
10401,307.66,2024-12-18,08:15
10402,349.99,2024-12-18,08:30
10403,329.99,2024-12-18,08:45
10404,319.98,2024-12-18,09:00
10405,269.98,2024-12-18,09:15
10406,40.0,2024-12-18,09:30
10407,40.0,2024-12-18,09:45
10408,40.0,2024-12-18,10:00
10409,303.88,2024-12-18,10:15
10410,40.0,2024-12-18,10:30
10411,40.0,2024-12-18,10:45
10412,207.24,2024-12-18,11:00
10413,193.89,2024-12-18,11:15
10414,199.31,2024-12-18,11:30
10415,40.0,2024-12-18,11:45
10416,40.0,2024-12-18,12:00
10417,40.0,2024-12-18,12:15
10418,40.0,2024-12-18,12:30
10419,40.0,2024-12-18,12:45
10420,40.0,2024-12-18,13:00
10421,40.0,2024-12-18,13:15
10422,40.0,2024-12-18,13:30
10423,40.0,2024-12-18,13:45
10424,40.0,2024-12-18,14:00
10425,40.0,2024-12-18,14:15
10426,40.0,2024-12-18,14:30
10427,40.0,2024-12-18,14:45
10428,191.12,2024-12-18,15:00
10429,237.33,2024-12-18,15:15
10430,270.28,2024-12-18,15:30
10431,269.43,2024-12-18,15:45
10432,271.4,2024-12-18,16:00
10433,243.01,2024-12-18,16:15
10434,224.18,2024-12-18,16:30
10435,150.0,2024-12-18,16:45
10436,309.69,2024-12-18,17:00
10437,150.0,2024-12-18,17:15
10438,400.0,2024-12-18,17:30
10439,430.0,2024-12-18,17:45
10440,400.0,2024-12-18,18:00
10441,370.0,2024-12-18,18:15
10442,380.0,2024-12-18,18:30
10443,350.0,2024-12-18,18:45
10444,370.0,2024-12-18,19:00
10445,380.0,2024-12-18,19:15
10446,400.0,2024-12-18,19:30
10447,400.0,2024-12-18,19:45
10448,400.0,2024-12-18,20:00
10449,430.0,2024-12-18,20:15
10450,450.0,2024-12-18,20:30
10451,450.0,2024-12-18,20:45
10452,460.0,2024-12-18,21:00
10453,490.0,2024-12-18,21:15
10454,490.0,2024-12-18,21:30
10455,400.0,2024-12-18,21:45
10456,430.0,2024-12-18,22:00
10457,450.0,2024-12-18,22:15
10458,420.0,2024-12-18,22:30
10459,400.0,2024-12-18,22:45
10460,400.0,2024-12-18,23:00
10461,450.0,2024-12-18,23:15
10462,450.0,2024-12-18,23:30
10463,400.0,2024-12-18,23:45
10464,410.0,2024-12-18,24:00
10465,400.0,2024-12-19,00:15
10466,400.0,2024-12-19,00:30
10467,440.0,2024-12-19,00:45
10468,450.0,2024-12-19,01:00
10469,450.0,2024-12-19,01:15
10470,460.0,2024-12-19,01:30
10471,450.0,2024-12-19,01:45
10472,450.0,2024-12-19,02:00
10473,450.0,2024-12-19,02:15
10474,450.0,2024-12-19,02:30
10475,450.0,2024-12-19,02:45
10476,410.0,2024-12-19,03:00
10477,410.0,2024-12-19,03:15
10478,400.0,2024-12-19,03:30
10479,400.0,2024-12-19,03:45
10480,400.0,2024-12-19,04:00
10481,400.0,2024-12-19,04:15
10482,400.0,2024-12-19,04:30
10483,400.0,2024-12-19,04:45
10484,400.0,2024-12-19,05:00
10485,380.0,2024-12-19,05:15
10486,380.0,2024-12-19,05:30
10487,400.0,2024-12-19,05:45
10488,370.0,2024-12-19,06:00
10489,410.0,2024-12-19,06:15
10490,450.0,2024-12-19,06:30
10491,440.0,2024-12-19,06:45
10492,400.0,2024-12-19,07:00
10493,410.0,2024-12-19,07:15
10494,400.0,2024-12-19,07:30
10495,440.0,2024-12-19,07:45
10496,450.0,2024-12-19,08:00
10497,450.0,2024-12-19,08:15
10498,440.0,2024-12-19,08:30
10499,439.99,2024-12-19,08:45
10500,439.98,2024-12-19,09:00
10501,459.97,2024-12-19,09:15
10502,459.96,2024-12-19,09:30
10503,379.95,2024-12-19,09:45
10504,40.0,2024-12-19,10:00
10505,370.98,2024-12-19,10:15
10506,187.64,2024-12-19,10:30
10507,40.0,2024-12-19,10:45
10508,40.0,2024-12-19,11:00
10509,195.05,2024-12-19,11:15
10510,192.08,2024-12-19,11:30
10511,253.45,2024-12-19,11:45
10512,144.55,2024-12-19,12:00
10513,187.11,2024-12-19,12:15
10514,150.52,2024-12-19,12:30
10515,143.39,2024-12-19,12:45
10516,40.0,2024-12-19,13:00
10517,40.0,2024-12-19,13:15
10518,40.0,2024-12-19,13:30
10519,40.0,2024-12-19,13:45
10520,40.0,2024-12-19,14:00
10521,190.77,2024-12-19,14:15
10522,157.71,2024-12-19,14:30
10523,182.91,2024-12-19,14:45
10524,176.48,2024-12-19,15:00
10525,198.75,2024-12-19,15:15
10526,262.09,2024-12-19,15:30
10527,345.73,2024-12-19,15:45
10528,327.87,2024-12-19,16:00
10529,378.76,2024-12-19,16:15
10530,266.4,2024-12-19,16:30
10531,246.19,2024-12-19,16:45
10532,353.75,2024-12-19,17:00
10533,241.4,2024-12-19,17:15
10534,233.14,2024-12-19,17:30
10535,215.1,2024-12-19,17:45
10536,290.83,2024-12-19,18:00
10537,237.17,2024-12-19,18:15
10538,40.0,2024-12-19,18:30
10539,40.0,2024-12-19,18:45
10540,40.0,2024-12-19,19:00
10541,40.0,2024-12-19,19:15
10542,40.0,2024-12-19,19:30
10543,40.0,2024-12-19,19:45
10544,40.0,2024-12-19,20:00
10545,40.0,2024-12-19,20:15
10546,40.0,2024-12-19,20:30
10547,40.0,2024-12-19,20:45
10548,320.0,2024-12-19,21:00
10549,330.0,2024-12-19,21:15
10550,150.0,2024-12-19,21:30
10551,42.04,2024-12-19,21:45
10552,40.0,2024-12-19,22:00
10553,40.0,2024-12-19,22:15
10554,40.0,2024-12-19,22:30
10555,40.0,2024-12-19,22:45
10556,40.0,2024-12-19,23:00
10557,40.0,2024-12-19,23:15
10558,100.0,2024-12-19,23:30
10559,40.0,2024-12-19,23:45
10560,320.0,2024-12-19,24:00
10561,330.0,2024-12-20,00:15
10562,370.0,2024-12-20,00:30
10563,360.0,2024-12-20,00:45
10564,350.0,2024-12-20,01:00
10565,330.0,2024-12-20,01:15
10566,360.0,2024-12-20,01:30
10567,350.0,2024-12-20,01:45
10568,350.0,2024-12-20,02:00
10569,360.0,2024-12-20,02:15
10570,360.0,2024-12-20,02:30
10571,360.0,2024-12-20,02:45
10572,370.0,2024-12-20,03:00
10573,370.0,2024-12-20,03:15
10574,380.0,2024-12-20,03:30
10575,370.0,2024-12-20,03:45
10576,360.0,2024-12-20,04:00
10577,370.0,2024-12-20,04:15
10578,360.0,2024-12-20,04:30
10579,370.0,2024-12-20,04:45
10580,350.0,2024-12-20,05:00
10581,360.0,2024-12-20,05:15
10582,350.0,2024-12-20,05:30
10583,380.0,2024-12-20,05:45
10584,380.0,2024-12-20,06:00
10585,400.0,2024-12-20,06:15
10586,410.0,2024-12-20,06:30
10587,400.0,2024-12-20,06:45
10588,400.0,2024-12-20,07:00
10589,370.0,2024-12-20,07:15
10590,400.0,2024-12-20,07:30
10591,400.0,2024-12-20,07:45
10592,400.0,2024-12-20,08:00
10593,380.0,2024-12-20,08:15
10594,380.0,2024-12-20,08:30
10595,369.99,2024-12-20,08:45
10596,262.97,2024-12-20,09:00
10597,329.98,2024-12-20,09:15
10598,40.0,2024-12-20,09:30
10599,40.0,2024-12-20,09:45
10600,40.0,2024-12-20,10:00
10601,91.7,2024-12-20,10:15
10602,188.19,2024-12-20,10:30
10603,205.08,2024-12-20,10:45
10604,40.0,2024-12-20,11:00
10605,206.15,2024-12-20,11:15
10606,235.31,2024-12-20,11:30
10607,90.35,2024-12-20,11:45
10608,40.0,2024-12-20,12:00
10609,40.0,2024-12-20,12:15
10610,40.9,2024-12-20,12:30
10611,192.21,2024-12-20,12:45
10612,203.49,2024-12-20,13:00
10613,240.53,2024-12-20,13:15
10614,228.21,2024-12-20,13:30
10615,203.19,2024-12-20,13:45
10616,208.35,2024-12-20,14:00
10617,160.91,2024-12-20,14:15
10618,40.0,2024-12-20,14:30
10619,40.0,2024-12-20,14:45
10620,40.0,2024-12-20,15:00
10621,228.21,2024-12-20,15:15
10622,238.76,2024-12-20,15:30
10623,347.21,2024-12-20,15:45
10624,231.22,2024-12-20,16:00
10625,394.28,2024-12-20,16:15
10626,367.36,2024-12-20,16:30
10627,362.57,2024-12-20,16:45
10628,439.5,2024-12-20,17:00
10629,297.41,2024-12-20,17:15
10630,316.89,2024-12-20,17:30
10631,245.07,2024-12-20,17:45
10632,250.37,2024-12-20,18:00
10633,247.39,2024-12-20,18:15
10634,247.82,2024-12-20,18:30
10635,336.06,2024-12-20,18:45
10636,317.61,2024-12-20,19:00
10637,312.19,2024-12-20,19:15
10638,331.21,2024-12-20,19:30
10639,322.09,2024-12-20,19:45
10640,345.04,2024-12-20,20:00
10641,192.09,2024-12-20,20:15
10642,189.92,2024-12-20,20:30
10643,288.13,2024-12-20,20:45
10644,205.43,2024-12-20,21:00
10645,248.41,2024-12-20,21:15
10646,237.53,2024-12-20,21:30
10647,227.33,2024-12-20,21:45
10648,307.9,2024-12-20,22:00
10649,289.73,2024-12-20,22:15
10650,244.82,2024-12-20,22:30
10651,289.3,2024-12-20,22:45
10652,231.52,2024-12-20,23:00
10653,57.78,2024-12-20,23:15
10654,272.5,2024-12-20,23:30
10655,40.0,2024-12-20,23:45
10656,40.0,2024-12-20,24:00
10657,230.55,2024-12-21,00:15
10658,248.42,2024-12-21,00:30
10659,445.37,2024-12-21,00:45
10660,366.71,2024-12-21,01:00
10661,359.72,2024-12-21,01:15
10662,239.61,2024-12-21,01:30
10663,239.93,2024-12-21,01:45
10664,358.1,2024-12-21,02:00
10665,245.51,2024-12-21,02:15
10666,244.56,2024-12-21,02:30
10667,243.33,2024-12-21,02:45
10668,403.57,2024-12-21,03:00
10669,404.26,2024-12-21,03:15
10670,403.86,2024-12-21,03:30
10671,359.46,2024-12-21,03:45
10672,359.45,2024-12-21,04:00
10673,340.9,2024-12-21,04:15
10674,340.47,2024-12-21,04:30
10675,339.98,2024-12-21,04:45
10676,330.87,2024-12-21,05:00
10677,340.17,2024-12-21,05:15
10678,331.96,2024-12-21,05:30
10679,332.56,2024-12-21,05:45
10680,341.34,2024-12-21,06:00
10681,365.9,2024-12-21,06:15
10682,551.25,2024-12-21,06:30
10683,439.9,2024-12-21,06:45
10684,413.05,2024-12-21,07:00
10685,330.56,2024-12-21,07:15
10686,348.87,2024-12-21,07:30
10687,340.06,2024-12-21,07:45
10688,368.87,2024-12-21,08:00
10689,331.11,2024-12-21,08:15
10690,368.79,2024-12-21,08:30
10691,369.54,2024-12-21,08:45
10692,351.74,2024-12-21,09:00
10693,371.11,2024-12-21,09:15
10694,297.54,2024-12-21,09:30
10695,40.0,2024-12-21,09:45
10696,40.0,2024-12-21,10:00
10697,165.61,2024-12-21,10:15
10698,177.89,2024-12-21,10:30
10699,199.28,2024-12-21,10:45
10700,40.0,2024-12-21,11:00
10701,40.0,2024-12-21,11:15
10702,40.0,2024-12-21,11:30
10703,40.0,2024-12-21,11:45
10704,40.0,2024-12-21,12:00
10705,40.0,2024-12-21,12:15
10706,40.0,2024-12-21,12:30
10707,40.0,2024-12-21,12:45
10708,40.0,2024-12-21,13:00
10709,40.0,2024-12-21,13:15
10710,40.0,2024-12-21,13:30
10711,45.07,2024-12-21,13:45
10712,40.0,2024-12-21,14:00
10713,40.0,2024-12-21,14:15
10714,40.0,2024-12-21,14:30
10715,187.58,2024-12-21,14:45
10716,207.41,2024-12-21,15:00
10717,229.78,2024-12-21,15:15
10718,219.64,2024-12-21,15:30
10719,216.03,2024-12-21,15:45
10720,199.33,2024-12-21,16:00
10721,222.96,2024-12-21,16:15
10722,234.21,2024-12-21,16:30
10723,212.86,2024-12-21,16:45
10724,176.18,2024-12-21,17:00
10725,40.0,2024-12-21,17:15
10726,40.0,2024-12-21,17:30
10727,40.0,2024-12-21,17:45
10728,40.0,2024-12-21,18:00
10729,40.0,2024-12-21,18:15
10730,40.0,2024-12-21,18:30
10731,207.48,2024-12-21,18:45
10732,40.0,2024-12-21,19:00
10733,40.0,2024-12-21,19:15
10734,40.0,2024-12-21,19:30
10735,83.72,2024-12-21,19:45
10736,40.0,2024-12-21,20:00
10737,40.0,2024-12-21,20:15
10738,40.0,2024-12-21,20:30
10739,40.0,2024-12-21,20:45
10740,40.0,2024-12-21,21:00
10741,41.26,2024-12-21,21:15
10742,40.0,2024-12-21,21:30
10743,50.0,2024-12-21,21:45
10744,330.0,2024-12-21,22:00
10745,40.0,2024-12-21,22:15
10746,40.0,2024-12-21,22:30
10747,40.0,2024-12-21,22:45
10748,40.0,2024-12-21,23:00
10749,40.0,2024-12-21,23:15
10750,40.0,2024-12-21,23:30
10751,40.0,2024-12-21,23:45
10752,40.0,2024-12-21,24:00
10753,40.0,2024-12-22,00:15
10754,40.0,2024-12-22,00:30
10755,40.0,2024-12-22,00:45
10756,40.0,2024-12-22,01:00
10757,40.0,2024-12-22,01:15
10758,40.0,2024-12-22,01:30
10759,40.0,2024-12-22,01:45
10760,40.0,2024-12-22,02:00
10761,40.0,2024-12-22,02:15
10762,40.0,2024-12-22,02:30
10763,40.0,2024-12-22,02:45
10764,40.0,2024-12-22,03:00
10765,40.0,2024-12-22,03:15
10766,40.0,2024-12-22,03:30
10767,40.0,2024-12-22,03:45
10768,40.0,2024-12-22,04:00
10769,50.0,2024-12-22,04:15
10770,320.0,2024-12-22,04:30
10771,150.0,2024-12-22,04:45
10772,50.0,2024-12-22,05:00
10773,50.0,2024-12-22,05:15
10774,40.0,2024-12-22,05:30
10775,320.0,2024-12-22,05:45
10776,40.0,2024-12-22,06:00
10777,320.0,2024-12-22,06:15
10778,350.0,2024-12-22,06:30
10779,360.0,2024-12-22,06:45
10780,370.0,2024-12-22,07:00
10781,100.0,2024-12-22,07:15
10782,330.0,2024-12-22,07:30
10783,330.0,2024-12-22,07:45
10784,350.0,2024-12-22,08:00
10785,380.0,2024-12-22,08:15
10786,400.0,2024-12-22,08:30
10787,389.99,2024-12-22,08:45
10788,379.99,2024-12-22,09:00
10789,379.98,2024-12-22,09:15
10790,329.97,2024-12-22,09:30
10791,40.0,2024-12-22,09:45
10792,40.0,2024-12-22,10:00
10793,390.26,2024-12-22,10:15
10794,203.53,2024-12-22,10:30
10795,40.0,2024-12-22,10:45
10796,40.0,2024-12-22,11:00
10797,40.0,2024-12-22,11:15
10798,40.0,2024-12-22,11:30
10799,40.0,2024-12-22,11:45
10800,40.0,2024-12-22,12:00
10801,40.0,2024-12-22,12:15
10802,40.0,2024-12-22,12:30
10803,40.0,2024-12-22,12:45
10804,40.0,2024-12-22,13:00
10805,161.6,2024-12-22,13:15
10806,156.67,2024-12-22,13:30
10807,40.0,2024-12-22,13:45
10808,40.0,2024-12-22,14:00
10809,40.0,2024-12-22,14:15
10810,172.7,2024-12-22,14:30
10811,185.52,2024-12-22,14:45
10812,190.31,2024-12-22,15:00
10813,169.0,2024-12-22,15:15
10814,212.92,2024-12-22,15:30
10815,217.68,2024-12-22,15:45
10816,223.83,2024-12-22,16:00
10817,40.0,2024-12-22,16:15
10818,369.98,2024-12-22,16:30
10819,549.97,2024-12-22,16:45
10820,369.99,2024-12-22,17:00
10821,460.0,2024-12-22,17:15
10822,440.0,2024-12-22,17:30
10823,490.0,2024-12-22,17:45
10824,590.0,2024-12-22,18:00
10825,590.0,2024-12-22,18:15
10826,500.0,2024-12-22,18:30
10827,460.0,2024-12-22,18:45
10828,450.0,2024-12-22,19:00
10829,500.0,2024-12-22,19:15
10830,490.0,2024-12-22,19:30
10831,450.0,2024-12-22,19:45
10832,460.0,2024-12-22,20:00
10833,490.0,2024-12-22,20:15
10834,500.0,2024-12-22,20:30
10835,500.0,2024-12-22,20:45
10836,470.0,2024-12-22,21:00
10837,450.0,2024-12-22,21:15
10838,460.0,2024-12-22,21:30
10839,440.0,2024-12-22,21:45
10840,400.0,2024-12-22,22:00
10841,360.0,2024-12-22,22:15
10842,330.0,2024-12-22,22:30
10843,320.0,2024-12-22,22:45
10844,40.0,2024-12-22,23:00
10845,40.0,2024-12-22,23:15
10846,40.0,2024-12-22,23:30
10847,40.0,2024-12-22,23:45
10848,320.0,2024-12-22,24:00
10849,40.0,2024-12-23,00:15
10850,40.0,2024-12-23,00:30
10851,330.0,2024-12-23,00:45
10852,320.0,2024-12-23,01:00
10853,330.0,2024-12-23,01:15
10854,350.0,2024-12-23,01:30
10855,360.0,2024-12-23,01:45
10856,400.0,2024-12-23,02:00
10857,390.0,2024-12-23,02:15
10858,380.0,2024-12-23,02:30
10859,370.0,2024-12-23,02:45
10860,360.0,2024-12-23,03:00
10861,370.0,2024-12-23,03:15
10862,400.0,2024-12-23,03:30
10863,400.0,2024-12-23,03:45
10864,370.0,2024-12-23,04:00
10865,370.0,2024-12-23,04:15
10866,360.0,2024-12-23,04:30
10867,350.0,2024-12-23,04:45
10868,350.0,2024-12-23,05:00
10869,320.0,2024-12-23,05:15
10870,320.0,2024-12-23,05:30
10871,320.0,2024-12-23,05:45
10872,330.0,2024-12-23,06:00
10873,348.34,2024-12-23,06:15
10874,339.21,2024-12-23,06:30
10875,310.95,2024-12-23,06:45
10876,189.95,2024-12-23,07:00
10877,40.0,2024-12-23,07:15
10878,301.1,2024-12-23,07:30
10879,40.0,2024-12-23,07:45
10880,40.0,2024-12-23,08:00
10881,40.0,2024-12-23,08:15
10882,40.0,2024-12-23,08:30
10883,199.11,2024-12-23,08:45
10884,319.99,2024-12-23,09:00
10885,329.98,2024-12-23,09:15
10886,40.0,2024-12-23,09:30
10887,40.0,2024-12-23,09:45
10888,158.41,2024-12-23,10:00
10889,291.62,2024-12-23,10:15
10890,370.31,2024-12-23,10:30
10891,307.46,2024-12-23,10:45
10892,260.2,2024-12-23,11:00
10893,346.9,2024-12-23,11:15
10894,171.83,2024-12-23,11:30
10895,184.75,2024-12-23,11:45
10896,179.51,2024-12-23,12:00
10897,304.72,2024-12-23,12:15
10898,274.76,2024-12-23,12:30
10899,249.41,2024-12-23,12:45
10900,273.24,2024-12-23,13:00
10901,351.37,2024-12-23,13:15
10902,355.53,2024-12-23,13:30
10903,352.61,2024-12-23,13:45
10904,351.88,2024-12-23,14:00
10905,315.17,2024-12-23,14:15
10906,344.97,2024-12-23,14:30
10907,344.1,2024-12-23,14:45
10908,342.25,2024-12-23,15:00
10909,342.98,2024-12-23,15:15
10910,342.35,2024-12-23,15:30
10911,350.81,2024-12-23,15:45
10912,325.83,2024-12-23,16:00
10913,385.95,2024-12-23,16:15
10914,370.39,2024-12-23,16:30
10915,328.59,2024-12-23,16:45
10916,322.4,2024-12-23,17:00
10917,383.3,2024-12-23,17:15
10918,327.85,2024-12-23,17:30
10919,245.05,2024-12-23,17:45
10920,253.19,2024-12-23,18:00
10921,40.0,2024-12-23,18:15
10922,40.0,2024-12-23,18:30
10923,40.0,2024-12-23,18:45
10924,40.0,2024-12-23,19:00
10925,40.0,2024-12-23,19:15
10926,40.0,2024-12-23,19:30
10927,40.0,2024-12-23,19:45
10928,40.0,2024-12-23,20:00
10929,40.0,2024-12-23,20:15
10930,40.0,2024-12-23,20:30
10931,40.0,2024-12-23,20:45
10932,320.32,2024-12-23,21:00
10933,368.54,2024-12-23,21:15
10934,387.75,2024-12-23,21:30
10935,370.0,2024-12-23,21:45
10936,396.45,2024-12-23,22:00
10937,387.15,2024-12-23,22:15
10938,400.0,2024-12-23,22:30
10939,400.0,2024-12-23,22:45
10940,400.0,2024-12-23,23:00
10941,410.0,2024-12-23,23:15
10942,400.0,2024-12-23,23:30
10943,400.0,2024-12-23,23:45
10944,400.0,2024-12-23,24:00
10945,400.0,2024-12-24,00:15
10946,368.95,2024-12-24,00:30
10947,368.85,2024-12-24,00:45
10948,368.93,2024-12-24,01:00
10949,369.06,2024-12-24,01:15
10950,369.23,2024-12-24,01:30
10951,400.0,2024-12-24,01:45
10952,400.0,2024-12-24,02:00
10953,400.0,2024-12-24,02:15
10954,400.0,2024-12-24,02:30
10955,400.0,2024-12-24,02:45
10956,400.0,2024-12-24,03:00
10957,400.0,2024-12-24,03:15
10958,400.0,2024-12-24,03:30
10959,400.0,2024-12-24,03:45
10960,400.0,2024-12-24,04:00
10961,400.0,2024-12-24,04:15
10962,400.0,2024-12-24,04:30
10963,400.0,2024-12-24,04:45
10964,400.0,2024-12-24,05:00
10965,400.0,2024-12-24,05:15
10966,400.0,2024-12-24,05:30
10967,400.0,2024-12-24,05:45
10968,400.0,2024-12-24,06:00
10969,450.0,2024-12-24,06:15
10970,400.0,2024-12-24,06:30
10971,400.0,2024-12-24,06:45
10972,390.0,2024-12-24,07:00
10973,400.0,2024-12-24,07:15
10974,400.0,2024-12-24,07:30
10975,400.0,2024-12-24,07:45
10976,400.0,2024-12-24,08:00
10977,450.0,2024-12-24,08:15
10978,480.0,2024-12-24,08:30
10979,529.99,2024-12-24,08:45
10980,399.99,2024-12-24,09:00
10981,409.98,2024-12-24,09:15
10982,379.97,2024-12-24,09:30
10983,40.0,2024-12-24,09:45
10984,40.0,2024-12-24,10:00
10985,299.95,2024-12-24,10:15
10986,40.0,2024-12-24,10:30
10987,40.0,2024-12-24,10:45
10988,181.68,2024-12-24,11:00
10989,221.61,2024-12-24,11:15
10990,204.37,2024-12-24,11:30
10991,188.54,2024-12-24,11:45
10992,163.4,2024-12-24,12:00
10993,173.54,2024-12-24,12:15
10994,40.0,2024-12-24,12:30
10995,40.0,2024-12-24,12:45
10996,40.0,2024-12-24,13:00
10997,40.0,2024-12-24,13:15
10998,40.0,2024-12-24,13:30
10999,40.0,2024-12-24,13:45
11000,40.0,2024-12-24,14:00
11001,199.02,2024-12-24,14:15
11002,205.28,2024-12-24,14:30
11003,155.69,2024-12-24,14:45
11004,40.0,2024-12-24,15:00
11005,40.0,2024-12-24,15:15
11006,184.49,2024-12-24,15:30
11007,236.4,2024-12-24,15:45
11008,330.04,2024-12-24,16:00
11009,393.6,2024-12-24,16:15
11010,279.85,2024-12-24,16:30
11011,332.23,2024-12-24,16:45
11012,336.07,2024-12-24,17:00
11013,272.34,2024-12-24,17:15
11014,240.76,2024-12-24,17:30
11015,260.88,2024-12-24,17:45
11016,341.8,2024-12-24,18:00
11017,284.46,2024-12-24,18:15
11018,239.38,2024-12-24,18:30
11019,255.73,2024-12-24,18:45
11020,40.0,2024-12-24,19:00
11021,40.0,2024-12-24,19:15
11022,40.0,2024-12-24,19:30
11023,340.0,2024-12-24,19:45
11024,350.0,2024-12-24,20:00
11025,360.0,2024-12-24,20:15
11026,360.0,2024-12-24,20:30
11027,360.0,2024-12-24,20:45
11028,400.0,2024-12-24,21:00
11029,400.0,2024-12-24,21:15
11030,400.0,2024-12-24,21:30
11031,380.0,2024-12-24,21:45
11032,370.0,2024-12-24,22:00
11033,350.0,2024-12-24,22:15
11034,360.0,2024-12-24,22:30
11035,360.0,2024-12-24,22:45
11036,400.0,2024-12-24,23:00
11037,400.0,2024-12-24,23:15
11038,400.0,2024-12-24,23:30
11039,400.0,2024-12-24,23:45
11040,450.0,2024-12-24,24:00
11041,400.0,2024-12-25,00:15
11042,390.0,2024-12-25,00:30
11043,400.0,2024-12-25,00:45
11044,410.0,2024-12-25,01:00
11045,410.0,2024-12-25,01:15
11046,420.0,2024-12-25,01:30
11047,410.0,2024-12-25,01:45
11048,410.0,2024-12-25,02:00
11049,410.0,2024-12-25,02:15
11050,420.0,2024-12-25,02:30
11051,420.0,2024-12-25,02:45
11052,410.0,2024-12-25,03:00
11053,420.0,2024-12-25,03:15
11054,410.0,2024-12-25,03:30
11055,410.0,2024-12-25,03:45
11056,420.0,2024-12-25,04:00
11057,430.0,2024-12-25,04:15
11058,410.0,2024-12-25,04:30
11059,430.0,2024-12-25,04:45
11060,430.0,2024-12-25,05:00
11061,450.0,2024-12-25,05:15
11062,450.0,2024-12-25,05:30
11063,500.0,2024-12-25,05:45
11064,490.0,2024-12-25,06:00
11065,530.0,2024-12-25,06:15
11066,530.0,2024-12-25,06:30
11067,530.0,2024-12-25,06:45
11068,480.0,2024-12-25,07:00
11069,480.0,2024-12-25,07:15
11070,500.0,2024-12-25,07:30
11071,450.0,2024-12-25,07:45
11072,480.0,2024-12-25,08:00
11073,480.0,2024-12-25,08:15
11074,480.0,2024-12-25,08:30
11075,529.99,2024-12-25,08:45
11076,479.98,2024-12-25,09:00
11077,459.97,2024-12-25,09:15
11078,499.75,2024-12-25,09:30
11079,449.95,2024-12-25,09:45
11080,369.94,2024-12-25,10:00
11081,399.94,2024-12-25,10:15
11082,429.93,2024-12-25,10:30
11083,419.93,2024-12-25,10:45
11084,291.64,2024-12-25,11:00
11085,204.84,2024-12-25,11:15
11086,201.44,2024-12-25,11:30
11087,180.12,2024-12-25,11:45
11088,167.55,2024-12-25,12:00
11089,180.21,2024-12-25,12:15
11090,180.81,2024-12-25,12:30
11091,164.26,2024-12-25,12:45
11092,155.29,2024-12-25,13:00
11093,198.68,2024-12-25,13:15
11094,190.74,2024-12-25,13:30
11095,187.72,2024-12-25,13:45
11096,181.25,2024-12-25,14:00
11097,178.0,2024-12-25,14:15
11098,181.64,2024-12-25,14:30
11099,178.02,2024-12-25,14:45
11100,194.7,2024-12-25,15:00
11101,293.04,2024-12-25,15:15
11102,399.95,2024-12-25,15:30
11103,213.0,2024-12-25,15:45
11104,213.64,2024-12-25,16:00
11105,246.16,2024-12-25,16:15
11106,40.0,2024-12-25,16:30
11107,329.98,2024-12-25,16:45
11108,399.98,2024-12-25,17:00
11109,390.0,2024-12-25,17:15
11110,480.0,2024-12-25,17:30
11111,550.0,2024-12-25,17:45
11112,530.0,2024-12-25,18:00
11113,450.0,2024-12-25,18:15
11114,450.0,2024-12-25,18:30
11115,450.0,2024-12-25,18:45
11116,400.0,2024-12-25,19:00
11117,450.0,2024-12-25,19:15
11118,450.0,2024-12-25,19:30
11119,450.0,2024-12-25,19:45
11120,450.0,2024-12-25,20:00
11121,450.0,2024-12-25,20:15
11122,450.0,2024-12-25,20:30
11123,430.0,2024-12-25,20:45
11124,450.0,2024-12-25,21:00
11125,430.0,2024-12-25,21:15
11126,390.0,2024-12-25,21:30
11127,350.0,2024-12-25,21:45
11128,350.0,2024-12-25,22:00
11129,350.0,2024-12-25,22:15
11130,330.0,2024-12-25,22:30
11131,300.0,2024-12-25,22:45
11132,350.0,2024-12-25,23:00
11133,340.0,2024-12-25,23:15
11134,320.0,2024-12-25,23:30
11135,40.0,2024-12-25,23:45
11136,40.0,2024-12-25,24:00
11137,40.0,2024-12-26,00:15
11138,40.0,2024-12-26,00:30
11139,350.0,2024-12-26,00:45
11140,350.0,2024-12-26,01:00
11141,340.0,2024-12-26,01:15
11142,266.33,2024-12-26,01:30
11143,260.44,2024-12-26,01:45
11144,255.97,2024-12-26,02:00
11145,350.0,2024-12-26,02:15
11146,360.0,2024-12-26,02:30
11147,350.0,2024-12-26,02:45
11148,360.0,2024-12-26,03:00
11149,400.0,2024-12-26,03:15
11150,387.48,2024-12-26,03:30
11151,293.6,2024-12-26,03:45
11152,400.0,2024-12-26,04:00
11153,400.0,2024-12-26,04:15
11154,410.0,2024-12-26,04:30
11155,400.0,2024-12-26,04:45
11156,360.0,2024-12-26,05:00
11157,370.0,2024-12-26,05:15
11158,360.0,2024-12-26,05:30
11159,360.0,2024-12-26,05:45
11160,370.0,2024-12-26,06:00
11161,400.0,2024-12-26,06:15
11162,290.62,2024-12-26,06:30
11163,387.43,2024-12-26,06:45
11164,400.0,2024-12-26,07:00
11165,390.0,2024-12-26,07:15
11166,400.0,2024-12-26,07:30
11167,400.0,2024-12-26,07:45
11168,400.0,2024-12-26,08:00
11169,400.0,2024-12-26,08:15
11170,400.0,2024-12-26,08:30
11171,399.99,2024-12-26,08:45
11172,399.99,2024-12-26,09:00
11173,399.98,2024-12-26,09:15
11174,369.97,2024-12-26,09:30
11175,319.96,2024-12-26,09:45
11176,40.0,2024-12-26,10:00
11177,365.79,2024-12-26,10:15
11178,223.47,2024-12-26,10:30
11179,42.52,2024-12-26,10:45
11180,171.61,2024-12-26,11:00
11181,167.84,2024-12-26,11:15
11182,40.0,2024-12-26,11:30
11183,40.0,2024-12-26,11:45
11184,40.0,2024-12-26,12:00
11185,40.0,2024-12-26,12:15
11186,40.0,2024-12-26,12:30
11187,40.0,2024-12-26,12:45
11188,40.0,2024-12-26,13:00
11189,40.0,2024-12-26,13:15
11190,40.0,2024-12-26,13:30
11191,40.0,2024-12-26,13:45
11192,40.0,2024-12-26,14:00
11193,40.0,2024-12-26,14:15
11194,40.0,2024-12-26,14:30
11195,40.0,2024-12-26,14:45
11196,40.0,2024-12-26,15:00
11197,40.0,2024-12-26,15:15
11198,40.0,2024-12-26,15:30
11199,40.0,2024-12-26,15:45
11200,40.0,2024-12-26,16:00
11201,193.18,2024-12-26,16:15
11202,182.66,2024-12-26,16:30
11203,319.98,2024-12-26,16:45
11204,359.99,2024-12-26,17:00
11205,369.99,2024-12-26,17:15
11206,390.0,2024-12-26,17:30
11207,390.0,2024-12-26,17:45
11208,360.0,2024-12-26,18:00
11209,40.0,2024-12-26,18:15
11210,40.0,2024-12-26,18:30
11211,40.0,2024-12-26,18:45
11212,40.0,2024-12-26,19:00
11213,40.0,2024-12-26,19:15
11214,40.0,2024-12-26,19:30
11215,40.0,2024-12-26,19:45
11216,40.0,2024-12-26,20:00
11217,40.0,2024-12-26,20:15
11218,40.0,2024-12-26,20:30
11219,40.0,2024-12-26,20:45
11220,40.0,2024-12-26,21:00
11221,44.21,2024-12-26,21:15
11222,40.0,2024-12-26,21:30
11223,40.0,2024-12-26,21:45
11224,40.0,2024-12-26,22:00
11225,40.0,2024-12-26,22:15
11226,40.0,2024-12-26,22:30
11227,40.0,2024-12-26,22:45
11228,40.0,2024-12-26,23:00
11229,40.0,2024-12-26,23:15
11230,40.0,2024-12-26,23:30
11231,40.0,2024-12-26,23:45
11232,40.0,2024-12-26,24:00
11233,40.0,2024-12-27,00:15
11234,40.0,2024-12-27,00:30
11235,40.0,2024-12-27,00:45
11236,40.0,2024-12-27,01:00
11237,40.0,2024-12-27,01:15
11238,40.0,2024-12-27,01:30
11239,40.0,2024-12-27,01:45
11240,40.0,2024-12-27,02:00
11241,40.0,2024-12-27,02:15
11242,40.0,2024-12-27,02:30
11243,40.0,2024-12-27,02:45
11244,40.0,2024-12-27,03:00
11245,40.0,2024-12-27,03:15
11246,40.0,2024-12-27,03:30
11247,40.0,2024-12-27,03:45
11248,40.0,2024-12-27,04:00
11249,40.0,2024-12-27,04:15
11250,40.0,2024-12-27,04:30
11251,40.0,2024-12-27,04:45
11252,40.0,2024-12-27,05:00
11253,40.0,2024-12-27,05:15
11254,40.0,2024-12-27,05:30
11255,40.0,2024-12-27,05:45
11256,40.0,2024-12-27,06:00
11257,40.0,2024-12-27,06:15
11258,40.0,2024-12-27,06:30
11259,307.82,2024-12-27,06:45
11260,307.98,2024-12-27,07:00
11261,40.0,2024-12-27,07:15
11262,40.0,2024-12-27,07:30
11263,40.0,2024-12-27,07:45
11264,40.0,2024-12-27,08:00
11265,316.46,2024-12-27,08:15
11266,326.14,2024-12-27,08:30
11267,335.76,2024-12-27,08:45
11268,326.89,2024-12-27,09:00
11269,327.45,2024-12-27,09:15
11270,40.0,2024-12-27,09:30
11271,40.0,2024-12-27,09:45
11272,40.0,2024-12-27,10:00
11273,40.0,2024-12-27,10:15
11274,40.0,2024-12-27,10:30
11275,40.0,2024-12-27,10:45
11276,40.0,2024-12-27,11:00
11277,40.0,2024-12-27,11:15
11278,40.0,2024-12-27,11:30
11279,40.0,2024-12-27,11:45
11280,40.0,2024-12-27,12:00
11281,40.0,2024-12-27,12:15
11282,40.0,2024-12-27,12:30
11283,40.0,2024-12-27,12:45
11284,40.0,2024-12-27,13:00
11285,40.0,2024-12-27,13:15
11286,40.0,2024-12-27,13:30
11287,40.0,2024-12-27,13:45
11288,40.0,2024-12-27,14:00
11289,40.0,2024-12-27,14:15
11290,40.0,2024-12-27,14:30
11291,40.0,2024-12-27,14:45
11292,40.0,2024-12-27,15:00
11293,187.85,2024-12-27,15:15
11294,193.21,2024-12-27,15:30
11295,216.79,2024-12-27,15:45
11296,197.77,2024-12-27,16:00
11297,271.83,2024-12-27,16:15
11298,281.41,2024-12-27,16:30
11299,405.81,2024-12-27,16:45
11300,399.98,2024-12-27,17:00
11301,399.99,2024-12-27,17:15
11302,499.99,2024-12-27,17:30
11303,500.0,2024-12-27,17:45
11304,600.0,2024-12-27,18:00
11305,530.0,2024-12-27,18:15
11306,530.0,2024-12-27,18:30
11307,500.0,2024-12-27,18:45
11308,500.0,2024-12-27,19:00
11309,500.0,2024-12-27,19:15
11310,500.0,2024-12-27,19:30
11311,590.0,2024-12-27,19:45
11312,590.0,2024-12-27,20:00
11313,600.0,2024-12-27,20:15
11314,600.0,2024-12-27,20:30
11315,600.0,2024-12-27,20:45
11316,600.0,2024-12-27,21:00
11317,600.0,2024-12-27,21:15
11318,600.0,2024-12-27,21:30
11319,530.0,2024-12-27,21:45
11320,400.0,2024-12-27,22:00
11321,400.0,2024-12-27,22:15
11322,400.0,2024-12-27,22:30
11323,380.0,2024-12-27,22:45
11324,380.0,2024-12-27,23:00
11325,370.0,2024-12-27,23:15
11326,370.0,2024-12-27,23:30
11327,380.0,2024-12-27,23:45
11328,370.0,2024-12-27,24:00
11329,380.0,2024-12-28,00:15
11330,380.0,2024-12-28,00:30
11331,400.0,2024-12-28,00:45
11332,500.0,2024-12-28,01:00
11333,500.0,2024-12-28,01:15
11334,500.0,2024-12-28,01:30
11335,500.0,2024-12-28,01:45
11336,500.0,2024-12-28,02:00
11337,530.0,2024-12-28,02:15
11338,530.0,2024-12-28,02:30
11339,530.0,2024-12-28,02:45
11340,550.0,2024-12-28,03:00
11341,500.0,2024-12-28,03:15
11342,500.0,2024-12-28,03:30
11343,500.0,2024-12-28,03:45
11344,450.0,2024-12-28,04:00
11345,450.0,2024-12-28,04:15
11346,450.0,2024-12-28,04:30
11347,400.0,2024-12-28,04:45
11348,400.0,2024-12-28,05:00
11349,450.0,2024-12-28,05:15
11350,500.0,2024-12-28,05:30
11351,500.0,2024-12-28,05:45
11352,450.0,2024-12-28,06:00
11353,500.0,2024-12-28,06:15
11354,500.0,2024-12-28,06:30
11355,500.0,2024-12-28,06:45
11356,450.0,2024-12-28,07:00
11357,350.0,2024-12-28,07:15
11358,320.0,2024-12-28,07:30
11359,40.0,2024-12-28,07:45
11360,40.0,2024-12-28,08:00
11361,40.0,2024-12-28,08:15
11362,330.0,2024-12-28,08:30
11363,330.0,2024-12-28,08:45
11364,40.0,2024-12-28,09:00
11365,40.0,2024-12-28,09:15
11366,40.0,2024-12-28,09:30
11367,40.0,2024-12-28,09:45
11368,40.0,2024-12-28,10:00
11369,40.0,2024-12-28,10:15
11370,40.0,2024-12-28,10:30
11371,40.0,2024-12-28,10:45
11372,40.0,2024-12-28,11:00
11373,40.0,2024-12-28,11:15
11374,40.0,2024-12-28,11:30
11375,40.0,2024-12-28,11:45
11376,40.0,2024-12-28,12:00
11377,40.0,2024-12-28,12:15
11378,40.0,2024-12-28,12:30
11379,40.0,2024-12-28,12:45
11380,40.0,2024-12-28,13:00
11381,40.0,2024-12-28,13:15
11382,40.0,2024-12-28,13:30
11383,40.0,2024-12-28,13:45
11384,40.0,2024-12-28,14:00
11385,40.0,2024-12-28,14:15
11386,40.0,2024-12-28,14:30
11387,40.0,2024-12-28,14:45
11388,40.0,2024-12-28,15:00
11389,40.0,2024-12-28,15:15
11390,40.0,2024-12-28,15:30
11391,215.66,2024-12-28,15:45
11392,196.41,2024-12-28,16:00
11393,304.69,2024-12-28,16:15
11394,227.78,2024-12-28,16:30
11395,188.77,2024-12-28,16:45
11396,222.53,2024-12-28,17:00
11397,230.48,2024-12-28,17:15
11398,321.99,2024-12-28,17:30
11399,349.2,2024-12-28,17:45
11400,329.65,2024-12-28,18:00
11401,292.6,2024-12-28,18:15
11402,40.0,2024-12-28,18:30
11403,40.0,2024-12-28,18:45
11404,40.0,2024-12-28,19:00
11405,40.0,2024-12-28,19:15
11406,40.0,2024-12-28,19:30
11407,40.0,2024-12-28,19:45
11408,40.0,2024-12-28,20:00
11409,40.0,2024-12-28,20:15
11410,40.0,2024-12-28,20:30
11411,40.0,2024-12-28,20:45
11412,40.0,2024-12-28,21:00
11413,40.0,2024-12-28,21:15
11414,40.0,2024-12-28,21:30
11415,40.0,2024-12-28,21:45
11416,40.0,2024-12-28,22:00
11417,40.0,2024-12-28,22:15
11418,40.0,2024-12-28,22:30
11419,40.0,2024-12-28,22:45
11420,40.0,2024-12-28,23:00
11421,40.0,2024-12-28,23:15
11422,40.0,2024-12-28,23:30
11423,40.0,2024-12-28,23:45
11424,40.0,2024-12-28,24:00
11425,40.0,2024-12-29,00:15
11426,40.0,2024-12-29,00:30
11427,40.0,2024-12-29,00:45
11428,40.0,2024-12-29,01:00
11429,40.0,2024-12-29,01:15
11430,40.0,2024-12-29,01:30
11431,301.14,2024-12-29,01:45
11432,40.0,2024-12-29,02:00
11433,40.0,2024-12-29,02:15
11434,40.0,2024-12-29,02:30
11435,40.0,2024-12-29,02:45
11436,40.0,2024-12-29,03:00
11437,40.0,2024-12-29,03:15
11438,40.0,2024-12-29,03:30
11439,40.0,2024-12-29,03:45
11440,40.0,2024-12-29,04:00
11441,40.0,2024-12-29,04:15
11442,40.0,2024-12-29,04:30
11443,40.0,2024-12-29,04:45
11444,40.0,2024-12-29,05:00
11445,40.0,2024-12-29,05:15
11446,40.0,2024-12-29,05:30
11447,40.0,2024-12-29,05:45
11448,40.0,2024-12-29,06:00
11449,40.0,2024-12-29,06:15
11450,40.0,2024-12-29,06:30
11451,40.0,2024-12-29,06:45
11452,40.0,2024-12-29,07:00
11453,40.0,2024-12-29,07:15
11454,40.0,2024-12-29,07:30
11455,40.0,2024-12-29,07:45
11456,40.0,2024-12-29,08:00
11457,40.0,2024-12-29,08:15
11458,40.0,2024-12-29,08:30
11459,40.0,2024-12-29,08:45
11460,40.0,2024-12-29,09:00
11461,40.0,2024-12-29,09:15
11462,40.0,2024-12-29,09:30
11463,40.0,2024-12-29,09:45
11464,40.0,2024-12-29,10:00
11465,40.0,2024-12-29,10:15
11466,40.0,2024-12-29,10:30
11467,40.0,2024-12-29,10:45
11468,40.0,2024-12-29,11:00
11469,40.0,2024-12-29,11:15
11470,40.0,2024-12-29,11:30
11471,40.0,2024-12-29,11:45
11472,40.0,2024-12-29,12:00
11473,198.19,2024-12-29,12:15
11474,174.88,2024-12-29,12:30
11475,170.41,2024-12-29,12:45
11476,40.0,2024-12-29,13:00
11477,167.26,2024-12-29,13:15
11478,40.0,2024-12-29,13:30
11479,40.0,2024-12-29,13:45
11480,40.0,2024-12-29,14:00
11481,40.0,2024-12-29,14:15
11482,40.0,2024-12-29,14:30
11483,40.0,2024-12-29,14:45
11484,40.0,2024-12-29,15:00
11485,40.0,2024-12-29,15:15
11486,40.0,2024-12-29,15:30
11487,174.99,2024-12-29,15:45
11488,40.0,2024-12-29,16:00
11489,194.62,2024-12-29,16:15
11490,190.3,2024-12-29,16:30
11491,172.16,2024-12-29,16:45
11492,40.0,2024-12-29,17:00
11493,40.0,2024-12-29,17:15
11494,40.0,2024-12-29,17:30
11495,40.0,2024-12-29,17:45
11496,40.0,2024-12-29,18:00
11497,40.0,2024-12-29,18:15
11498,40.0,2024-12-29,18:30
11499,40.0,2024-12-29,18:45
11500,40.0,2024-12-29,19:00
11501,40.0,2024-12-29,19:15
11502,40.0,2024-12-29,19:30
11503,40.0,2024-12-29,19:45
11504,40.0,2024-12-29,20:00
11505,40.0,2024-12-29,20:15
11506,40.0,2024-12-29,20:30
11507,40.0,2024-12-29,20:45
11508,40.0,2024-12-29,21:00
11509,40.0,2024-12-29,21:15
11510,40.0,2024-12-29,21:30
11511,40.0,2024-12-29,21:45
11512,40.0,2024-12-29,22:00
11513,40.0,2024-12-29,22:15
11514,40.0,2024-12-29,22:30
11515,40.0,2024-12-29,22:45
11516,40.0,2024-12-29,23:00
11517,40.0,2024-12-29,23:15
11518,40.0,2024-12-29,23:30
11519,40.0,2024-12-29,23:45
11520,40.0,2024-12-29,24:00
11521,40.0,2024-12-30,00:15
11522,40.0,2024-12-30,00:30
11523,304.85,2024-12-30,00:45
11524,304.87,2024-12-30,01:00
11525,296.06,2024-12-30,01:15
11526,305.53,2024-12-30,01:30
11527,305.75,2024-12-30,01:45
11528,40.0,2024-12-30,02:00
11529,40.0,2024-12-30,02:15
11530,40.0,2024-12-30,02:30
11531,40.0,2024-12-30,02:45
11532,40.0,2024-12-30,03:00
11533,293.89,2024-12-30,03:15
11534,40.0,2024-12-30,03:30
11535,40.0,2024-12-30,03:45
11536,40.0,2024-12-30,04:00
11537,303.31,2024-12-30,04:15
11538,40.0,2024-12-30,04:30
11539,40.0,2024-12-30,04:45
11540,40.0,2024-12-30,05:00
11541,368.59,2024-12-30,05:15
11542,368.9,2024-12-30,05:30
11543,369.01,2024-12-30,05:45
11544,341.43,2024-12-30,06:00
11545,370.13,2024-12-30,06:15
11546,370.21,2024-12-30,06:30
11547,406.91,2024-12-30,06:45
11548,369.95,2024-12-30,07:00
11549,322.59,2024-12-30,07:15
11550,322.27,2024-12-30,07:30
11551,322.64,2024-12-30,07:45
11552,369.15,2024-12-30,08:00
11553,415.94,2024-12-30,08:15
11554,462.42,2024-12-30,08:30
11555,368.62,2024-12-30,08:45
11556,408.02,2024-12-30,09:00
11557,398.58,2024-12-30,09:15
11558,348.78,2024-12-30,09:30
11559,40.0,2024-12-30,09:45
11560,40.0,2024-12-30,10:00
11561,378.28,2024-12-30,10:15
11562,40.0,2024-12-30,10:30
11563,40.0,2024-12-30,10:45
11564,40.0,2024-12-30,11:00
11565,220.83,2024-12-30,11:15
11566,196.22,2024-12-30,11:30
11567,185.73,2024-12-30,11:45
11568,40.0,2024-12-30,12:00
11569,40.0,2024-12-30,12:15
11570,40.0,2024-12-30,12:30
11571,40.0,2024-12-30,12:45
11572,40.0,2024-12-30,13:00
11573,40.0,2024-12-30,13:15
11574,40.0,2024-12-30,13:30
11575,40.0,2024-12-30,13:45
11576,40.0,2024-12-30,14:00
11577,40.0,2024-12-30,14:15
11578,40.0,2024-12-30,14:30
11579,40.0,2024-12-30,14:45
11580,40.0,2024-12-30,15:00
11581,198.88,2024-12-30,15:15
11582,203.34,2024-12-30,15:30
11583,218.21,2024-12-30,15:45
11584,227.99,2024-12-30,16:00
11585,343.45,2024-12-30,16:15
11586,341.59,2024-12-30,16:30
11587,339.61,2024-12-30,16:45
11588,383.51,2024-12-30,17:00
11589,447.8,2024-12-30,17:15
11590,497.46,2024-12-30,17:30
11591,527.27,2024-12-30,17:45
11592,500.0,2024-12-30,18:00
11593,530.0,2024-12-30,18:15
11594,530.0,2024-12-30,18:30
11595,500.0,2024-12-30,18:45
11596,500.0,2024-12-30,19:00
11597,530.0,2024-12-30,19:15
11598,590.0,2024-12-30,19:30
11599,600.0,2024-12-30,19:45
11600,600.0,2024-12-30,20:00
11601,600.0,2024-12-30,20:15
11602,600.0,2024-12-30,20:30
11603,600.0,2024-12-30,20:45
11604,600.0,2024-12-30,21:00
11605,600.0,2024-12-30,21:15
11606,600.0,2024-12-30,21:30
11607,600.0,2024-12-30,21:45
11608,600.0,2024-12-30,22:00
11609,530.0,2024-12-30,22:15
11610,500.0,2024-12-30,22:30
11611,500.0,2024-12-30,22:45
11612,500.0,2024-12-30,23:00
11613,500.0,2024-12-30,23:15
11614,500.0,2024-12-30,23:30
11615,450.0,2024-12-30,23:45
11616,450.0,2024-12-30,24:00
11617,450.0,2024-12-31,00:15
11618,450.0,2024-12-31,00:30
11619,410.0,2024-12-31,00:45
11620,400.0,2024-12-31,01:00
11621,450.0,2024-12-31,01:15
11622,410.0,2024-12-31,01:30
11623,410.0,2024-12-31,01:45
11624,400.0,2024-12-31,02:00
11625,410.0,2024-12-31,02:15
11626,400.0,2024-12-31,02:30
11627,380.0,2024-12-31,02:45
11628,400.0,2024-12-31,03:00
11629,410.0,2024-12-31,03:15
11630,410.0,2024-12-31,03:30
11631,400.0,2024-12-31,03:45
11632,370.0,2024-12-31,04:00
11633,410.0,2024-12-31,04:15
11634,400.0,2024-12-31,04:30
11635,410.0,2024-12-31,04:45
11636,390.0,2024-12-31,05:00
11637,400.0,2024-12-31,05:15
11638,400.0,2024-12-31,05:30
11639,407.85,2024-12-31,05:45
11640,400.0,2024-12-31,06:00
11641,400.0,2024-12-31,06:15
11642,370.0,2024-12-31,06:30
11643,350.0,2024-12-31,06:45
11644,330.0,2024-12-31,07:00
11645,40.0,2024-12-31,07:15
11646,40.0,2024-12-31,07:30
11647,330.0,2024-12-31,07:45
11648,40.0,2024-12-31,08:00
11649,370.0,2024-12-31,08:15
11650,360.0,2024-12-31,08:30
11651,320.0,2024-12-31,08:45
11652,319.99,2024-12-31,09:00
11653,40.0,2024-12-31,09:15
11654,40.0,2024-12-31,09:30
11655,40.0,2024-12-31,09:45
11656,40.0,2024-12-31,10:00
11657,40.0,2024-12-31,10:15
11658,40.0,2024-12-31,10:30
11659,40.0,2024-12-31,10:45
11660,40.0,2024-12-31,11:00
11661,40.0,2024-12-31,11:15
11662,40.0,2024-12-31,11:30
11663,40.0,2024-12-31,11:45
11664,40.0,2024-12-31,12:00
11665,40.0,2024-12-31,12:15
11666,40.0,2024-12-31,12:30
11667,40.0,2024-12-31,12:45
11668,40.0,2024-12-31,13:00
11669,40.0,2024-12-31,13:15
11670,40.0,2024-12-31,13:30
11671,40.0,2024-12-31,13:45
11672,40.0,2024-12-31,14:00
11673,40.0,2024-12-31,14:15
11674,40.0,2024-12-31,14:30
11675,40.0,2024-12-31,14:45
11676,40.0,2024-12-31,15:00
11677,40.0,2024-12-31,15:15
11678,40.0,2024-12-31,15:30
11679,183.41,2024-12-31,15:45
11680,175.6,2024-12-31,16:00
11681,233.99,2024-12-31,16:15
11682,254.47,2024-12-31,16:30
11683,222.05,2024-12-31,16:45
11684,193.64,2024-12-31,17:00
11685,40.0,2024-12-31,17:15
11686,40.0,2024-12-31,17:30
11687,40.0,2024-12-31,17:45
11688,40.0,2024-12-31,18:00
11689,40.0,2024-12-31,18:15
11690,40.0,2024-12-31,18:30
11691,42.87,2024-12-31,18:45
11692,40.0,2024-12-31,19:00
11693,40.0,2024-12-31,19:15
11694,40.0,2024-12-31,19:30
11695,40.0,2024-12-31,19:45
11696,40.0,2024-12-31,20:00
11697,40.0,2024-12-31,20:15
11698,40.0,2024-12-31,20:30
11699,40.0,2024-12-31,20:45
11700,40.0,2024-12-31,21:00
11701,40.0,2024-12-31,21:15
11702,40.0,2024-12-31,21:30
11703,40.0,2024-12-31,21:45
11704,40.0,2024-12-31,22:00
11705,40.0,2024-12-31,22:15
11706,40.0,2024-12-31,22:30
11707,40.0,2024-12-31,22:45
11708,40.0,2024-12-31,23:00
11709,320.0,2024-12-31,23:15
11710,300.0,2024-12-31,23:30
11711,40.0,2024-12-31,23:45
11712,40.0,2024-12-31,24:00
11713,352.52,2025-01-01,00:15
11714,343.13,2025-01-01,00:30
11715,400.29,2025-01-01,00:45
11716,406.53,2025-01-01,01:00
11717,421.04,2025-01-01,01:15
11718,405.03,2025-01-01,01:30
11719,401.73,2025-01-01,01:45
11720,404.78,2025-01-01,02:00
11721,414.2,2025-01-01,02:15
11722,417.29,2025-01-01,02:30
11723,420.64,2025-01-01,02:45
11724,418.49,2025-01-01,03:00
11725,399.69,2025-01-01,03:15
11726,419.82,2025-01-01,03:30
11727,473.28,2025-01-01,03:45
11728,472.07,2025-01-01,04:00
11729,472.91,2025-01-01,04:15
11730,473.48,2025-01-01,04:30
11731,483.2,2025-01-01,04:45
11732,515.74,2025-01-01,05:00
11733,516.82,2025-01-01,05:15
11734,511.06,2025-01-01,05:30
11735,510.62,2025-01-01,05:45
11736,483.76,2025-01-01,06:00
11737,505.66,2025-01-01,06:15
11738,477.76,2025-01-01,06:30
11739,477.55,2025-01-01,06:45
11740,430.42,2025-01-01,07:00
11741,430.38,2025-01-01,07:15
11742,411.45,2025-01-01,07:30
11743,384.11,2025-01-01,07:45
11744,383.99,2025-01-01,08:00
11745,430.09,2025-01-01,08:15
11746,430.34,2025-01-01,08:30
11747,450.0,2025-01-01,08:45
11748,449.99,2025-01-01,09:00
11749,385.64,2025-01-01,09:15
11750,433.25,2025-01-01,09:30
11751,387.92,2025-01-01,09:45
11752,360.67,2025-01-01,10:00
11753,219.97,2025-01-01,10:15
11754,209.96,2025-01-01,10:30
11755,199.96,2025-01-01,10:45
11756,199.96,2025-01-01,11:00
11757,119.98,2025-01-01,11:15
11758,40.0,2025-01-01,11:30
11759,189.96,2025-01-01,11:45
11760,40.1,2025-01-01,12:00
11761,189.96,2025-01-01,12:15
11762,79.99,2025-01-01,12:30
11763,40.0,2025-01-01,12:45
11764,40.0,2025-01-01,13:00
11765,40.0,2025-01-01,13:15
11766,40.0,2025-01-01,13:30
11767,40.0,2025-01-01,13:45
11768,40.0,2025-01-01,14:00
11769,40.0,2025-01-01,14:15
11770,189.96,2025-01-01,14:30
11771,199.96,2025-01-01,14:45
11772,199.97,2025-01-01,15:00
11773,199.96,2025-01-01,15:15
11774,209.97,2025-01-01,15:30
11775,219.97,2025-01-01,15:45
11776,332.8,2025-01-01,16:00
11777,477.64,2025-01-01,16:15
11778,369.99,2025-01-01,16:30
11779,399.99,2025-01-01,16:45
11780,369.99,2025-01-01,17:00
11781,389.99,2025-01-01,17:15
11782,450.0,2025-01-01,17:30
11783,500.0,2025-01-01,17:45
11784,540.0,2025-01-01,18:00
11785,500.0,2025-01-01,18:15
11786,500.0,2025-01-01,18:30
11787,450.0,2025-01-01,18:45
11788,450.0,2025-01-01,19:00
11789,450.0,2025-01-01,19:15
11790,450.0,2025-01-01,19:30
11791,450.0,2025-01-01,19:45
11792,450.0,2025-01-01,20:00
11793,450.0,2025-01-01,20:15
11794,450.0,2025-01-01,20:30
11795,500.0,2025-01-01,20:45
11796,500.0,2025-01-01,21:00
11797,450.0,2025-01-01,21:15
11798,450.0,2025-01-01,21:30
11799,400.0,2025-01-01,21:45
11800,220.0,2025-01-01,22:00
11801,200.0,2025-01-01,22:15
11802,200.0,2025-01-01,22:30
11803,200.0,2025-01-01,22:45
11804,200.0,2025-01-01,23:00
11805,200.0,2025-01-01,23:15
11806,200.0,2025-01-01,23:30
11807,200.0,2025-01-01,23:45
11808,200.0,2025-01-01,24:00
11809,320.0,2025-01-02,00:15
11810,320.0,2025-01-02,00:30
11811,330.0,2025-01-02,00:45
11812,320.0,2025-01-02,01:00
11813,320.0,2025-01-02,01:15
11814,320.0,2025-01-02,01:30
11815,320.0,2025-01-02,01:45
11816,330.0,2025-01-02,02:00
11817,327.52,2025-01-02,02:15
11818,335.08,2025-01-02,02:30
11819,327.46,2025-01-02,02:45
11820,327.72,2025-01-02,03:00
11821,335.29,2025-01-02,03:15
11822,400.0,2025-01-02,03:30
11823,450.0,2025-01-02,03:45
11824,370.0,2025-01-02,04:00
11825,340.0,2025-01-02,04:15
11826,340.0,2025-01-02,04:30
11827,340.0,2025-01-02,04:45
11828,330.0,2025-01-02,05:00
11829,320.0,2025-01-02,05:15
11830,330.0,2025-01-02,05:30
11831,330.0,2025-01-02,05:45
11832,289.81,2025-01-02,06:00
11833,271.9,2025-01-02,06:15
11834,334.33,2025-01-02,06:30
11835,340.0,2025-01-02,06:45
11836,420.0,2025-01-02,07:00
11837,400.0,2025-01-02,07:15
11838,430.0,2025-01-02,07:30
11839,370.0,2025-01-02,07:45
11840,350.0,2025-01-02,08:00
11841,330.0,2025-01-02,08:15
11842,340.0,2025-01-02,08:30
11843,360.0,2025-01-02,08:45
11844,359.99,2025-01-02,09:00
11845,349.99,2025-01-02,09:15
11846,339.98,2025-01-02,09:30
11847,207.72,2025-01-02,09:45
11848,40.0,2025-01-02,10:00
11849,40.0,2025-01-02,10:15
11850,40.0,2025-01-02,10:30
11851,40.0,2025-01-02,10:45
11852,81.0,2025-01-02,11:00
11853,40.4,2025-01-02,11:15
11854,40.37,2025-01-02,11:30
11855,40.0,2025-01-02,11:45
11856,40.0,2025-01-02,12:00
11857,40.0,2025-01-02,12:15
11858,40.0,2025-01-02,12:30
11859,40.0,2025-01-02,12:45
11860,40.0,2025-01-02,13:00
11861,40.0,2025-01-02,13:15
11862,40.0,2025-01-02,13:30
11863,40.44,2025-01-02,13:45
11864,40.0,2025-01-02,14:00
11865,40.0,2025-01-02,14:15
11866,40.0,2025-01-02,14:30
11867,192.91,2025-01-02,14:45
11868,261.61,2025-01-02,15:00
11869,264.91,2025-01-02,15:15
11870,310.64,2025-01-02,15:30
11871,362.98,2025-01-02,15:45
11872,382.72,2025-01-02,16:00
11873,368.69,2025-01-02,16:15
11874,355.62,2025-01-02,16:30
11875,411.57,2025-01-02,16:45
11876,312.78,2025-01-02,17:00
11877,370.51,2025-01-02,17:15
11878,405.13,2025-01-02,17:30
11879,412.96,2025-01-02,17:45
11880,464.41,2025-01-02,18:00
11881,500.0,2025-01-02,18:15
11882,450.0,2025-01-02,18:30
11883,450.0,2025-01-02,18:45
11884,500.0,2025-01-02,19:00
11885,530.0,2025-01-02,19:15
11886,500.0,2025-01-02,19:30
11887,500.0,2025-01-02,19:45
11888,500.0,2025-01-02,20:00
11889,530.0,2025-01-02,20:15
11890,550.0,2025-01-02,20:30
11891,600.0,2025-01-02,20:45
11892,600.0,2025-01-02,21:00
11893,600.0,2025-01-02,21:15
11894,600.0,2025-01-02,21:30
11895,600.0,2025-01-02,21:45
11896,450.0,2025-01-02,22:00
11897,400.0,2025-01-02,22:15
11898,440.0,2025-01-02,22:30
11899,430.0,2025-01-02,22:45
11900,420.0,2025-01-02,23:00
11901,400.0,2025-01-02,23:15
11902,450.0,2025-01-02,23:30
11903,400.0,2025-01-02,23:45
11904,450.0,2025-01-02,24:00
11905,450.0,2025-01-03,00:15
11906,430.0,2025-01-03,00:30
11907,450.0,2025-01-03,00:45
11908,500.0,2025-01-03,01:00
11909,500.0,2025-01-03,01:15
11910,500.0,2025-01-03,01:30
11911,500.0,2025-01-03,01:45
11912,500.0,2025-01-03,02:00
11913,500.0,2025-01-03,02:15
11914,500.0,2025-01-03,02:30
11915,500.0,2025-01-03,02:45
11916,530.0,2025-01-03,03:00
11917,500.0,2025-01-03,03:15
11918,600.0,2025-01-03,03:30
11919,600.0,2025-01-03,03:45
11920,600.0,2025-01-03,04:00
11921,590.0,2025-01-03,04:15
11922,590.0,2025-01-03,04:30
11923,600.0,2025-01-03,04:45
11924,600.0,2025-01-03,05:00
11925,600.0,2025-01-03,05:15
11926,590.0,2025-01-03,05:30
11927,600.0,2025-01-03,05:45
11928,600.0,2025-01-03,06:00
11929,530.0,2025-01-03,06:15
11930,530.0,2025-01-03,06:30
11931,450.0,2025-01-03,06:45
11932,350.0,2025-01-03,07:00
11933,370.0,2025-01-03,07:15
11934,350.0,2025-01-03,07:30
11935,350.0,2025-01-03,07:45
11936,350.0,2025-01-03,08:00
11937,340.0,2025-01-03,08:15
11938,400.0,2025-01-03,08:30
11939,450.0,2025-01-03,08:45
11940,419.99,2025-01-03,09:00
11941,599.98,2025-01-03,09:15
11942,529.98,2025-01-03,09:30
11943,499.96,2025-01-03,09:45
11944,509.95,2025-01-03,10:00
11945,449.94,2025-01-03,10:15
11946,449.8,2025-01-03,10:30
11947,346.74,2025-01-03,10:45
11948,218.22,2025-01-03,11:00
11949,185.93,2025-01-03,11:15
11950,76.36,2025-01-03,11:30
11951,40.0,2025-01-03,11:45
11952,306.78,2025-01-03,12:00
11953,215.12,2025-01-03,12:15
11954,224.92,2025-01-03,12:30
11955,215.51,2025-01-03,12:45
11956,206.53,2025-01-03,13:00
11957,40.0,2025-01-03,13:15
11958,40.0,2025-01-03,13:30
11959,40.0,2025-01-03,13:45
11960,40.0,2025-01-03,14:00
11961,187.11,2025-01-03,14:15
11962,186.89,2025-01-03,14:30
11963,186.9,2025-01-03,14:45
11964,40.0,2025-01-03,15:00
11965,252.36,2025-01-03,15:15
11966,299.97,2025-01-03,15:30
11967,359.44,2025-01-03,15:45
11968,347.74,2025-01-03,16:00
11969,346.46,2025-01-03,16:15
11970,403.89,2025-01-03,16:30
11971,419.98,2025-01-03,16:45
11972,407.71,2025-01-03,17:00
11973,427.81,2025-01-03,17:15
11974,347.86,2025-01-03,17:30
11975,409.74,2025-01-03,17:45
11976,460.97,2025-01-03,18:00
11977,439.44,2025-01-03,18:15
11978,500.0,2025-01-03,18:30
11979,387.24,2025-01-03,18:45
11980,348.46,2025-01-03,19:00
11981,384.61,2025-01-03,19:15
11982,357.51,2025-01-03,19:30
11983,357.3,2025-01-03,19:45
11984,450.0,2025-01-03,20:00
11985,356.66,2025-01-03,20:15
11986,296.02,2025-01-03,20:30
11987,329.54,2025-01-03,20:45
11988,396.84,2025-01-03,21:00
11989,450.0,2025-01-03,21:15
11990,444.72,2025-01-03,21:30
11991,435.28,2025-01-03,21:45
11992,442.2,2025-01-03,22:00
11993,278.68,2025-01-03,22:15
11994,284.96,2025-01-03,22:30
11995,340.78,2025-01-03,22:45
11996,387.48,2025-01-03,23:00
11997,338.61,2025-01-03,23:15
11998,329.31,2025-01-03,23:30
11999,321.28,2025-01-03,23:45
12000,310.57,2025-01-03,24:00
12001,358.04,2025-01-04,00:15
12002,359.09,2025-01-04,00:30
12003,350.83,2025-01-04,00:45
12004,350.21,2025-01-04,01:00
12005,352.48,2025-01-04,01:15
12006,429.21,2025-01-04,01:30
12007,421.21,2025-01-04,01:45
12008,320.77,2025-01-04,02:00
12009,369.76,2025-01-04,02:15
12010,327.51,2025-01-04,02:30
12011,328.93,2025-01-04,02:45
12012,373.63,2025-01-04,03:00
12013,352.74,2025-01-04,03:15
12014,342.15,2025-01-04,03:30
12015,335.18,2025-01-04,03:45
12016,332.49,2025-01-04,04:00
12017,384.93,2025-01-04,04:15
12018,380.91,2025-01-04,04:30
12019,371.86,2025-01-04,04:45
12020,331.21,2025-01-04,05:00
12021,316.43,2025-01-04,05:15
12022,184.81,2025-01-04,05:30
12023,217.88,2025-01-04,05:45
12024,206.04,2025-01-04,06:00
12025,40.0,2025-01-04,06:15
12026,40.0,2025-01-04,06:30
12027,40.0,2025-01-04,06:45
12028,339.01,2025-01-04,07:00
12029,320.22,2025-01-04,07:15
12030,320.49,2025-01-04,07:30
12031,267.09,2025-01-04,07:45
12032,189.09,2025-01-04,08:00
12033,189.66,2025-01-04,08:15
12034,302.02,2025-01-04,08:30
12035,302.34,2025-01-04,08:45
12036,40.0,2025-01-04,09:00
12037,40.0,2025-01-04,09:15
12038,40.0,2025-01-04,09:30
12039,40.0,2025-01-04,09:45
12040,40.09,2025-01-04,10:00
12041,40.09,2025-01-04,10:15
12042,40.0,2025-01-04,10:30
12043,169.07,2025-01-04,10:45
12044,40.0,2025-01-04,11:00
12045,40.0,2025-01-04,11:15
12046,40.0,2025-01-04,11:30
12047,40.08,2025-01-04,11:45
12048,40.08,2025-01-04,12:00
12049,40.0,2025-01-04,12:15
12050,40.0,2025-01-04,12:30
12051,40.0,2025-01-04,12:45
12052,40.0,2025-01-04,13:00
12053,40.42,2025-01-04,13:15
12054,40.0,2025-01-04,13:30
12055,40.0,2025-01-04,13:45
12056,40.0,2025-01-04,14:00
12057,40.41,2025-01-04,14:15
12058,40.0,2025-01-04,14:30
12059,180.05,2025-01-04,14:45
12060,212.98,2025-01-04,15:00
12061,214.75,2025-01-04,15:15
12062,265.27,2025-01-04,15:30
12063,235.44,2025-01-04,15:45
12064,170.86,2025-01-04,16:00
12065,166.2,2025-01-04,16:15
12066,40.0,2025-01-04,16:30
12067,40.0,2025-01-04,16:45
12068,339.98,2025-01-04,17:00
12069,384.61,2025-01-04,17:15
12070,373.12,2025-01-04,17:30
12071,381.23,2025-01-04,17:45
12072,418.98,2025-01-04,18:00
12073,399.5,2025-01-04,18:15
12074,370.0,2025-01-04,18:30
12075,400.0,2025-01-04,18:45
12076,450.0,2025-01-04,19:00
12077,450.0,2025-01-04,19:15
12078,500.0,2025-01-04,19:30
12079,500.0,2025-01-04,19:45
12080,500.0,2025-01-04,20:00
12081,530.0,2025-01-04,20:15
12082,500.0,2025-01-04,20:30
12083,500.0,2025-01-04,20:45
12084,590.0,2025-01-04,21:00
12085,590.0,2025-01-04,21:15
12086,590.0,2025-01-04,21:30
12087,530.0,2025-01-04,21:45
12088,450.0,2025-01-04,22:00
12089,400.0,2025-01-04,22:15
12090,430.0,2025-01-04,22:30
12091,430.0,2025-01-04,22:45
12092,400.0,2025-01-04,23:00
12093,400.0,2025-01-04,23:15
12094,370.0,2025-01-04,23:30
12095,420.0,2025-01-04,23:45
12096,400.0,2025-01-04,24:00
12097,400.0,2025-01-05,00:15
12098,400.0,2025-01-05,00:30
12099,500.0,2025-01-05,00:45
12100,500.0,2025-01-05,01:00
12101,500.0,2025-01-05,01:15
12102,500.0,2025-01-05,01:30
12103,500.0,2025-01-05,01:45
12104,500.0,2025-01-05,02:00
12105,500.0,2025-01-05,02:15
12106,500.0,2025-01-05,02:30
12107,500.0,2025-01-05,02:45
12108,500.0,2025-01-05,03:00
12109,500.0,2025-01-05,03:15
12110,500.0,2025-01-05,03:30
12111,450.0,2025-01-05,03:45
12112,450.0,2025-01-05,04:00
12113,450.0,2025-01-05,04:15
12114,490.0,2025-01-05,04:30
12115,490.0,2025-01-05,04:45
12116,450.0,2025-01-05,05:00
12117,450.0,2025-01-05,05:15
12118,490.0,2025-01-05,05:30
12119,500.0,2025-01-05,05:45
12120,500.0,2025-01-05,06:00
12121,500.0,2025-01-05,06:15
12122,530.0,2025-01-05,06:30
12123,500.0,2025-01-05,06:45
12124,500.0,2025-01-05,07:00
12125,490.0,2025-01-05,07:15
12126,450.0,2025-01-05,07:30
12127,490.0,2025-01-05,07:45
12128,490.0,2025-01-05,08:00
12129,590.0,2025-01-05,08:15
12130,590.0,2025-01-05,08:30
12131,550.0,2025-01-05,08:45
12132,499.99,2025-01-05,09:00
12133,499.98,2025-01-05,09:15
12134,459.57,2025-01-05,09:30
12135,376.73,2025-01-05,09:45
12136,320.99,2025-01-05,10:00
12137,218.73,2025-01-05,10:15
12138,190.45,2025-01-05,10:30
12139,40.0,2025-01-05,10:45
12140,40.0,2025-01-05,11:00
12141,40.0,2025-01-05,11:15
12142,40.0,2025-01-05,11:30
12143,40.0,2025-01-05,11:45
12144,40.0,2025-01-05,12:00
12145,40.0,2025-01-05,12:15
12146,40.0,2025-01-05,12:30
12147,40.0,2025-01-05,12:45
12148,40.0,2025-01-05,13:00
12149,40.0,2025-01-05,13:15
12150,40.0,2025-01-05,13:30
12151,40.0,2025-01-05,13:45
12152,40.0,2025-01-05,14:00
12153,40.0,2025-01-05,14:15
12154,40.0,2025-01-05,14:30
12155,40.0,2025-01-05,14:45
12156,172.2,2025-01-05,15:00
12157,180.07,2025-01-05,15:15
12158,181.63,2025-01-05,15:30
12159,191.82,2025-01-05,15:45
12160,268.52,2025-01-05,16:00
12161,276.24,2025-01-05,16:15
12162,265.71,2025-01-05,16:30
12163,251.77,2025-01-05,16:45
12164,338.76,2025-01-05,17:00
12165,288.26,2025-01-05,17:15
12166,350.39,2025-01-05,17:30
12167,346.22,2025-01-05,17:45
12168,346.39,2025-01-05,18:00
12169,350.0,2025-01-05,18:15
12170,340.0,2025-01-05,18:30
12171,330.0,2025-01-05,18:45
12172,330.0,2025-01-05,19:00
12173,331.93,2025-01-05,19:15
12174,221.01,2025-01-05,19:30
12175,228.88,2025-01-05,19:45
12176,228.42,2025-01-05,20:00
12177,337.25,2025-01-05,20:15
12178,345.63,2025-01-05,20:30
12179,319.01,2025-01-05,20:45
12180,199.18,2025-01-05,21:00
12181,213.09,2025-01-05,21:15
12182,206.09,2025-01-05,21:30
12183,302.59,2025-01-05,21:45
12184,290.67,2025-01-05,22:00
12185,289.91,2025-01-05,22:15
12186,243.24,2025-01-05,22:30
12187,193.52,2025-01-05,22:45
12188,191.79,2025-01-05,23:00
12189,300.51,2025-01-05,23:15
12190,300.74,2025-01-05,23:30
12191,40.0,2025-01-05,23:45
12192,40.0,2025-01-05,24:00
12193,317.08,2025-01-06,00:15
12194,325.47,2025-01-06,00:30
12195,323.44,2025-01-06,00:45
12196,309.59,2025-01-06,01:00
12197,328.14,2025-01-06,01:15
12198,354.08,2025-01-06,01:30
12199,343.41,2025-01-06,01:45
12200,320.6,2025-01-06,02:00
12201,319.34,2025-01-06,02:15
12202,319.35,2025-01-06,02:30
12203,321.73,2025-01-06,02:45
12204,375.14,2025-01-06,03:00
12205,382.76,2025-01-06,03:15
12206,352.34,2025-01-06,03:30
12207,348.63,2025-01-06,03:45
12208,327.37,2025-01-06,04:00
12209,322.11,2025-01-06,04:15
12210,361.56,2025-01-06,04:30
12211,312.36,2025-01-06,04:45
12212,361.26,2025-01-06,05:00
12213,316.24,2025-01-06,05:15
12214,323.41,2025-01-06,05:30
12215,361.51,2025-01-06,05:45
12216,339.17,2025-01-06,06:00
12217,330.09,2025-01-06,06:15
12218,442.73,2025-01-06,06:30
12219,498.2,2025-01-06,06:45
12220,522.37,2025-01-06,07:00
12221,358.63,2025-01-06,07:15
12222,469.55,2025-01-06,07:30
12223,489.14,2025-01-06,07:45
12224,525.95,2025-01-06,08:00
12225,523.86,2025-01-06,08:15
12226,533.36,2025-01-06,08:30
12227,524.71,2025-01-06,08:45
12228,489.85,2025-01-06,09:00
12229,400.36,2025-01-06,09:15
12230,375.15,2025-01-06,09:30
12231,257.85,2025-01-06,09:45
12232,202.87,2025-01-06,10:00
12233,186.45,2025-01-06,10:15
12234,165.09,2025-01-06,10:30
12235,109.81,2025-01-06,10:45
12236,180.92,2025-01-06,11:00
12237,174.76,2025-01-06,11:15
12238,40.0,2025-01-06,11:30
12239,40.0,2025-01-06,11:45
12240,40.0,2025-01-06,12:00
12241,40.0,2025-01-06,12:15
12242,40.0,2025-01-06,12:30
12243,40.0,2025-01-06,12:45
12244,40.0,2025-01-06,13:00
12245,40.0,2025-01-06,13:15
12246,40.0,2025-01-06,13:30
12247,40.0,2025-01-06,13:45
12248,40.0,2025-01-06,14:00
12249,125.23,2025-01-06,14:15
12250,194.59,2025-01-06,14:30
12251,236.78,2025-01-06,14:45
12252,292.9,2025-01-06,15:00
12253,239.04,2025-01-06,15:15
12254,318.57,2025-01-06,15:30
12255,319.23,2025-01-06,15:45
12256,352.92,2025-01-06,16:00
12257,359.34,2025-01-06,16:15
12258,342.25,2025-01-06,16:30
12259,293.68,2025-01-06,16:45
12260,326.4,2025-01-06,17:00
12261,340.53,2025-01-06,17:15
12262,346.04,2025-01-06,17:30
12263,393.98,2025-01-06,17:45
12264,558.06,2025-01-06,18:00
12265,359.67,2025-01-06,18:15
12266,323.32,2025-01-06,18:30
12267,335.76,2025-01-06,18:45
12268,409.65,2025-01-06,19:00
12269,241.01,2025-01-06,19:15
12270,241.11,2025-01-06,19:30
12271,335.13,2025-01-06,19:45
12272,387.6,2025-01-06,20:00
12273,364.58,2025-01-06,20:15
12274,353.7,2025-01-06,20:30
12275,256.52,2025-01-06,20:45
12276,257.42,2025-01-06,21:00
12277,277.25,2025-01-06,21:15
12278,291.54,2025-01-06,21:30
12279,274.2,2025-01-06,21:45
12280,329.47,2025-01-06,22:00
12281,303.02,2025-01-06,22:15
12282,302.42,2025-01-06,22:30
12283,211.8,2025-01-06,22:45
12284,207.29,2025-01-06,23:00
12285,291.28,2025-01-06,23:15
12286,213.3,2025-01-06,23:30
12287,40.0,2025-01-06,23:45
12288,40.0,2025-01-06,24:00
12289,274.39,2025-01-07,00:15
12290,294.24,2025-01-07,00:30
12291,309.77,2025-01-07,00:45
12292,319.42,2025-01-07,01:00
12293,315.24,2025-01-07,01:15
12294,297.69,2025-01-07,01:30
12295,308.12,2025-01-07,01:45
12296,394.22,2025-01-07,02:00
12297,310.68,2025-01-07,02:15
12298,318.39,2025-01-07,02:30
12299,302.55,2025-01-07,02:45
12300,294.09,2025-01-07,03:00
12301,296.47,2025-01-07,03:15
12302,297.44,2025-01-07,03:30
12303,302.02,2025-01-07,03:45
12304,326.13,2025-01-07,04:00
12305,331.04,2025-01-07,04:15
12306,331.29,2025-01-07,04:30
12307,328.46,2025-01-07,04:45
12308,301.4,2025-01-07,05:00
12309,332.86,2025-01-07,05:15
12310,314.89,2025-01-07,05:30
12311,348.14,2025-01-07,05:45
12312,346.15,2025-01-07,06:00
12313,330.54,2025-01-07,06:15
12314,447.03,2025-01-07,06:30
12315,475.17,2025-01-07,06:45
12316,474.74,2025-01-07,07:00
12317,473.21,2025-01-07,07:15
12318,478.56,2025-01-07,07:30
12319,479.14,2025-01-07,07:45
12320,500.0,2025-01-07,08:00
12321,540.0,2025-01-07,08:15
12322,550.0,2025-01-07,08:30
12323,590.0,2025-01-07,08:45
12324,589.99,2025-01-07,09:00
12325,509.98,2025-01-07,09:15
12326,399.98,2025-01-07,09:30
12327,40.0,2025-01-07,09:45
12328,40.0,2025-01-07,10:00
12329,190.85,2025-01-07,10:15
12330,257.63,2025-01-07,10:30
12331,181.91,2025-01-07,10:45
12332,260.91,2025-01-07,11:00
12333,219.95,2025-01-07,11:15
12334,179.76,2025-01-07,11:30
12335,175.28,2025-01-07,11:45
12336,143.69,2025-01-07,12:00
12337,149.23,2025-01-07,12:15
12338,40.0,2025-01-07,12:30
12339,40.0,2025-01-07,12:45
12340,40.0,2025-01-07,13:00
12341,40.0,2025-01-07,13:15
12342,40.0,2025-01-07,13:30
12343,40.0,2025-01-07,13:45
12344,40.0,2025-01-07,14:00
12345,40.0,2025-01-07,14:15
12346,40.0,2025-01-07,14:30
12347,175.01,2025-01-07,14:45
12348,184.81,2025-01-07,15:00
12349,230.15,2025-01-07,15:15
12350,241.78,2025-01-07,15:30
12351,190.6,2025-01-07,15:45
12352,40.0,2025-01-07,16:00
12353,286.27,2025-01-07,16:15
12354,328.76,2025-01-07,16:30
12355,589.96,2025-01-07,16:45
12356,549.97,2025-01-07,17:00
12357,499.98,2025-01-07,17:15
12358,450.0,2025-01-07,17:30
12359,649.99,2025-01-07,17:45
12360,650.0,2025-01-07,18:00
12361,650.0,2025-01-07,18:15
12362,590.0,2025-01-07,18:30
12363,590.0,2025-01-07,18:45
12364,600.0,2025-01-07,19:00
12365,600.0,2025-01-07,19:15
12366,600.0,2025-01-07,19:30
12367,600.0,2025-01-07,19:45
12368,600.0,2025-01-07,20:00
12369,600.0,2025-01-07,20:15
12370,620.0,2025-01-07,20:30
12371,610.0,2025-01-07,20:45
12372,530.0,2025-01-07,21:00
12373,550.0,2025-01-07,21:15
12374,590.0,2025-01-07,21:30
12375,540.0,2025-01-07,21:45
12376,540.0,2025-01-07,22:00
12377,500.0,2025-01-07,22:15
12378,510.0,2025-01-07,22:30
12379,500.0,2025-01-07,22:45
12380,500.0,2025-01-07,23:00
12381,500.0,2025-01-07,23:15
12382,500.0,2025-01-07,23:30
12383,500.0,2025-01-07,23:45
12384,500.0,2025-01-07,24:00
12385,550.0,2025-01-08,00:15
12386,540.0,2025-01-08,00:30
12387,530.0,2025-01-08,00:45
12388,550.0,2025-01-08,01:00
12389,540.0,2025-01-08,01:15
12390,530.0,2025-01-08,01:30
12391,550.0,2025-01-08,01:45
12392,550.0,2025-01-08,02:00
12393,530.0,2025-01-08,02:15
12394,530.0,2025-01-08,02:30
12395,530.0,2025-01-08,02:45
12396,530.0,2025-01-08,03:00
12397,530.0,2025-01-08,03:15
12398,520.0,2025-01-08,03:30
12399,500.0,2025-01-08,03:45
12400,500.0,2025-01-08,04:00
12401,530.0,2025-01-08,04:15
12402,530.0,2025-01-08,04:30
12403,530.0,2025-01-08,04:45
12404,540.0,2025-01-08,05:00
12405,550.0,2025-01-08,05:15
12406,540.0,2025-01-08,05:30
12407,550.0,2025-01-08,05:45
12408,530.0,2025-01-08,06:00
12409,530.0,2025-01-08,06:15
12410,540.0,2025-01-08,06:30
12411,550.0,2025-01-08,06:45
12412,540.0,2025-01-08,07:00
12413,590.0,2025-01-08,07:15
12414,540.0,2025-01-08,07:30
12415,500.0,2025-01-08,07:45
12416,500.0,2025-01-08,08:00
12417,590.0,2025-01-08,08:15
12418,600.0,2025-01-08,08:30
12419,599.99,2025-01-08,08:45
12420,599.99,2025-01-08,09:00
12421,599.97,2025-01-08,09:15
12422,599.96,2025-01-08,09:30
12423,599.94,2025-01-08,09:45
12424,589.92,2025-01-08,10:00
12425,549.91,2025-01-08,10:15
12426,522.63,2025-01-08,10:30
12427,449.91,2025-01-08,10:45
12428,449.91,2025-01-08,11:00
12429,40.0,2025-01-08,11:15
12430,233.54,2025-01-08,11:30
12431,40.0,2025-01-08,11:45
12432,40.0,2025-01-08,12:00
12433,175.57,2025-01-08,12:15
12434,173.46,2025-01-08,12:30
12435,168.13,2025-01-08,12:45
12436,40.0,2025-01-08,13:00
12437,40.0,2025-01-08,13:15
12438,40.0,2025-01-08,13:30
12439,40.0,2025-01-08,13:45
12440,40.0,2025-01-08,14:00
12441,40.0,2025-01-08,14:15
12442,40.0,2025-01-08,14:30
12443,180.56,2025-01-08,14:45
12444,176.28,2025-01-08,15:00
12445,276.8,2025-01-08,15:15
12446,177.13,2025-01-08,15:30
12447,243.76,2025-01-08,15:45
12448,436.26,2025-01-08,16:00
12449,332.82,2025-01-08,16:15
12450,322.32,2025-01-08,16:30
12451,285.69,2025-01-08,16:45
12452,589.97,2025-01-08,17:00
12453,589.98,2025-01-08,17:15
12454,529.99,2025-01-08,17:30
12455,569.27,2025-01-08,17:45
12456,600.0,2025-01-08,18:00
12457,600.0,2025-01-08,18:15
12458,590.0,2025-01-08,18:30
12459,590.0,2025-01-08,18:45
12460,540.0,2025-01-08,19:00
12461,530.0,2025-01-08,19:15
12462,500.0,2025-01-08,19:30
12463,500.0,2025-01-08,19:45
12464,450.0,2025-01-08,20:00
12465,450.0,2025-01-08,20:15
12466,500.0,2025-01-08,20:30
12467,500.0,2025-01-08,20:45
12468,390.0,2025-01-08,21:00
12469,400.0,2025-01-08,21:15
12470,430.0,2025-01-08,21:30
12471,400.0,2025-01-08,21:45
12472,400.0,2025-01-08,22:00
12473,370.0,2025-01-08,22:15
12474,400.0,2025-01-08,22:30
12475,400.0,2025-01-08,22:45
12476,490.0,2025-01-08,23:00
12477,450.0,2025-01-08,23:15
12478,450.0,2025-01-08,23:30
12479,490.0,2025-01-08,23:45
12480,500.0,2025-01-08,24:00
12481,520.0,2025-01-09,00:15
12482,510.0,2025-01-09,00:30
12483,600.0,2025-01-09,00:45
12484,600.0,2025-01-09,01:00
12485,600.0,2025-01-09,01:15
12486,600.0,2025-01-09,01:30
12487,600.0,2025-01-09,01:45
12488,590.0,2025-01-09,02:00
12489,590.0,2025-01-09,02:15
12490,590.0,2025-01-09,02:30
12491,590.0,2025-01-09,02:45
12492,590.0,2025-01-09,03:00
12493,600.0,2025-01-09,03:15
12494,590.0,2025-01-09,03:30
12495,600.0,2025-01-09,03:45
12496,600.0,2025-01-09,04:00
12497,600.0,2025-01-09,04:15
12498,600.0,2025-01-09,04:30
12499,600.0,2025-01-09,04:45
12500,600.0,2025-01-09,05:00
12501,600.0,2025-01-09,05:15
12502,590.0,2025-01-09,05:30
12503,600.0,2025-01-09,05:45
12504,596.56,2025-01-09,06:00
12505,596.0,2025-01-09,06:15
12506,596.0,2025-01-09,06:30
12507,596.08,2025-01-09,06:45
12508,595.95,2025-01-09,07:00
12509,596.56,2025-01-09,07:15
12510,600.0,2025-01-09,07:30
12511,590.0,2025-01-09,07:45
12512,540.0,2025-01-09,08:00
12513,530.0,2025-01-09,08:15
12514,500.0,2025-01-09,08:30
12515,510.0,2025-01-09,08:45
12516,599.99,2025-01-09,09:00
12517,489.98,2025-01-09,09:15
12518,499.97,2025-01-09,09:30
12519,509.96,2025-01-09,09:45
12520,509.94,2025-01-09,10:00
12521,449.94,2025-01-09,10:15
12522,329.95,2025-01-09,10:30
12523,161.11,2025-01-09,10:45
12524,164.45,2025-01-09,11:00
12525,40.0,2025-01-09,11:15
12526,243.52,2025-01-09,11:30
12527,277.82,2025-01-09,11:45
12528,141.12,2025-01-09,12:00
12529,160.2,2025-01-09,12:15
12530,144.27,2025-01-09,12:30
12531,40.0,2025-01-09,12:45
12532,40.0,2025-01-09,13:00
12533,40.0,2025-01-09,13:15
12534,40.0,2025-01-09,13:30
12535,40.0,2025-01-09,13:45
12536,40.0,2025-01-09,14:00
12537,40.0,2025-01-09,14:15
12538,40.0,2025-01-09,14:30
12539,268.67,2025-01-09,14:45
12540,285.51,2025-01-09,15:00
12541,328.57,2025-01-09,15:15
12542,328.45,2025-01-09,15:30
12543,340.14,2025-01-09,15:45
12544,338.37,2025-01-09,16:00
12545,332.88,2025-01-09,16:15
12546,360.77,2025-01-09,16:30
12547,366.4,2025-01-09,16:45
12548,382.33,2025-01-09,17:00
12549,369.47,2025-01-09,17:15
12550,321.25,2025-01-09,17:30
12551,388.3,2025-01-09,17:45
12552,410.51,2025-01-09,18:00
12553,344.07,2025-01-09,18:15
12554,346.33,2025-01-09,18:30
12555,325.26,2025-01-09,18:45
12556,423.53,2025-01-09,19:00
12557,356.78,2025-01-09,19:15
12558,291.63,2025-01-09,19:30
12559,368.82,2025-01-09,19:45
12560,427.57,2025-01-09,20:00
12561,358.88,2025-01-09,20:15
12562,355.91,2025-01-09,20:30
12563,342.54,2025-01-09,20:45
12564,381.03,2025-01-09,21:00
12565,293.86,2025-01-09,21:15
12566,326.24,2025-01-09,21:30
12567,294.55,2025-01-09,21:45
12568,330.0,2025-01-09,22:00
12569,326.39,2025-01-09,22:15
12570,40.0,2025-01-09,22:30
12571,40.0,2025-01-09,22:45
12572,40.0,2025-01-09,23:00
12573,40.0,2025-01-09,23:15
12574,40.0,2025-01-09,23:30
12575,40.0,2025-01-09,23:45
12576,40.0,2025-01-09,24:00
12577,42.93,2025-01-10,00:15
12578,40.0,2025-01-10,00:30
12579,40.0,2025-01-10,00:45
12580,40.0,2025-01-10,01:00
12581,318.64,2025-01-10,01:15
12582,302.97,2025-01-10,01:30
12583,226.01,2025-01-10,01:45
12584,219.82,2025-01-10,02:00
12585,268.69,2025-01-10,02:15
12586,295.89,2025-01-10,02:30
12587,296.82,2025-01-10,02:45
12588,227.84,2025-01-10,03:00
12589,40.0,2025-01-10,03:15
12590,278.89,2025-01-10,03:30
12591,288.04,2025-01-10,03:45
12592,219.13,2025-01-10,04:00
12593,210.39,2025-01-10,04:15
12594,218.86,2025-01-10,04:30
12595,227.32,2025-01-10,04:45
12596,287.07,2025-01-10,05:00
12597,305.31,2025-01-10,05:15
12598,40.0,2025-01-10,05:30
12599,195.69,2025-01-10,05:45
12600,40.0,2025-01-10,06:00
12601,40.0,2025-01-10,06:15
12602,240.0,2025-01-10,06:30
12603,348.59,2025-01-10,06:45
12604,357.88,2025-01-10,07:00
12605,392.18,2025-01-10,07:15
12606,299.22,2025-01-10,07:30
12607,328.34,2025-01-10,07:45
12608,338.38,2025-01-10,08:00
12609,411.34,2025-01-10,08:15
12610,575.26,2025-01-10,08:30
12611,518.49,2025-01-10,08:45
12612,499.99,2025-01-10,09:00
12613,490.28,2025-01-10,09:15
12614,434.25,2025-01-10,09:30
12615,253.33,2025-01-10,09:45
12616,236.32,2025-01-10,10:00
12617,228.82,2025-01-10,10:15
12618,174.49,2025-01-10,10:30
12619,268.01,2025-01-10,10:45
12620,304.82,2025-01-10,11:00
12621,300.0,2025-01-10,11:15
12622,302.75,2025-01-10,11:30
12623,302.83,2025-01-10,11:45
12624,294.71,2025-01-10,12:00
12625,272.33,2025-01-10,12:15
12626,261.52,2025-01-10,12:30
12627,226.04,2025-01-10,12:45
12628,225.84,2025-01-10,13:00
12629,226.74,2025-01-10,13:15
12630,201.61,2025-01-10,13:30
12631,202.07,2025-01-10,13:45
12632,207.77,2025-01-10,14:00
12633,210.5,2025-01-10,14:15
12634,254.72,2025-01-10,14:30
12635,134.59,2025-01-10,14:45
12636,253.12,2025-01-10,15:00
12637,358.77,2025-01-10,15:15
12638,362.23,2025-01-10,15:30
12639,370.65,2025-01-10,15:45
12640,376.23,2025-01-10,16:00
12641,369.84,2025-01-10,16:15
12642,381.69,2025-01-10,16:30
12643,382.36,2025-01-10,16:45
12644,378.66,2025-01-10,17:00
12645,405.91,2025-01-10,17:15
12646,381.91,2025-01-10,17:30
12647,378.23,2025-01-10,17:45
12648,366.35,2025-01-10,18:00
12649,278.47,2025-01-10,18:15
12650,207.2,2025-01-10,18:30
12651,349.8,2025-01-10,18:45
12652,395.37,2025-01-10,19:00
12653,415.69,2025-01-10,19:15
12654,325.33,2025-01-10,19:30
12655,458.99,2025-01-10,19:45
12656,459.69,2025-01-10,20:00
12657,332.81,2025-01-10,20:15
12658,331.68,2025-01-10,20:30
12659,317.36,2025-01-10,20:45
12660,304.18,2025-01-10,21:00
12661,239.51,2025-01-10,21:15
12662,247.43,2025-01-10,21:30
12663,225.56,2025-01-10,21:45
12664,200.06,2025-01-10,22:00
12665,276.26,2025-01-10,22:15
12666,207.94,2025-01-10,22:30
12667,166.99,2025-01-10,22:45
12668,40.0,2025-01-10,23:00
12669,40.0,2025-01-10,23:15
12670,40.0,2025-01-10,23:30
12671,40.0,2025-01-10,23:45
12672,40.0,2025-01-10,24:00
12673,40.0,2025-01-11,00:15
12674,40.0,2025-01-11,00:30
12675,40.0,2025-01-11,00:45
12676,40.0,2025-01-11,01:00
12677,40.0,2025-01-11,01:15
12678,40.0,2025-01-11,01:30
12679,40.0,2025-01-11,01:45
12680,40.0,2025-01-11,02:00
12681,40.0,2025-01-11,02:15
12682,40.0,2025-01-11,02:30
12683,40.0,2025-01-11,02:45
12684,40.0,2025-01-11,03:00
12685,40.0,2025-01-11,03:15
12686,40.0,2025-01-11,03:30
12687,201.39,2025-01-11,03:45
12688,90.99,2025-01-11,04:00
12689,40.0,2025-01-11,04:15
12690,40.0,2025-01-11,04:30
12691,40.0,2025-01-11,04:45
12692,40.0,2025-01-11,05:00
12693,40.0,2025-01-11,05:15
12694,40.0,2025-01-11,05:30
12695,40.0,2025-01-11,05:45
12696,40.0,2025-01-11,06:00
12697,40.0,2025-01-11,06:15
12698,40.0,2025-01-11,06:30
12699,40.0,2025-01-11,06:45
12700,40.0,2025-01-11,07:00
12701,40.0,2025-01-11,07:15
12702,40.0,2025-01-11,07:30
12703,40.0,2025-01-11,07:45
12704,40.0,2025-01-11,08:00
12705,40.0,2025-01-11,08:15
12706,40.0,2025-01-11,08:30
12707,40.0,2025-01-11,08:45
12708,40.0,2025-01-11,09:00
12709,41.48,2025-01-11,09:15
12710,41.43,2025-01-11,09:30
12711,40.0,2025-01-11,09:45
12712,40.0,2025-01-11,10:00
12713,40.0,2025-01-11,10:15
12714,40.0,2025-01-11,10:30
12715,40.0,2025-01-11,10:45
12716,40.0,2025-01-11,11:00
12717,40.0,2025-01-11,11:15
12718,40.0,2025-01-11,11:30
12719,40.0,2025-01-11,11:45
12720,40.0,2025-01-11,12:00
12721,40.0,2025-01-11,12:15
12722,40.0,2025-01-11,12:30
12723,40.0,2025-01-11,12:45
12724,40.0,2025-01-11,13:00
12725,40.0,2025-01-11,13:15
12726,40.0,2025-01-11,13:30
12727,40.0,2025-01-11,13:45
12728,40.0,2025-01-11,14:00
12729,40.0,2025-01-11,14:15
12730,40.0,2025-01-11,14:30
12731,40.0,2025-01-11,14:45
12732,40.0,2025-01-11,15:00
12733,40.0,2025-01-11,15:15
12734,40.0,2025-01-11,15:30
12735,182.74,2025-01-11,15:45
12736,187.04,2025-01-11,16:00
12737,188.31,2025-01-11,16:15
12738,239.25,2025-01-11,16:30
12739,236.55,2025-01-11,16:45
12740,268.56,2025-01-11,17:00
12741,259.75,2025-01-11,17:15
12742,350.94,2025-01-11,17:30
12743,302.64,2025-01-11,17:45
12744,270.57,2025-01-11,18:00
12745,40.0,2025-01-11,18:15
12746,40.0,2025-01-11,18:30
12747,40.0,2025-01-11,18:45
12748,40.0,2025-01-11,19:00
12749,224.78,2025-01-11,19:15
12750,243.35,2025-01-11,19:30
12751,165.52,2025-01-11,19:45
12752,206.54,2025-01-11,20:00
12753,346.84,2025-01-11,20:15
12754,326.81,2025-01-11,20:30
12755,146.24,2025-01-11,20:45
12756,146.56,2025-01-11,21:00
12757,331.71,2025-01-11,21:15
12758,302.92,2025-01-11,21:30
12759,227.84,2025-01-11,21:45
12760,303.09,2025-01-11,22:00
12761,40.0,2025-01-11,22:15
12762,40.0,2025-01-11,22:30
12763,40.0,2025-01-11,22:45
12764,40.0,2025-01-11,23:00
12765,40.0,2025-01-11,23:15
12766,40.0,2025-01-11,23:30
12767,40.0,2025-01-11,23:45
12768,40.0,2025-01-11,24:00
12769,330.09,2025-01-12,00:15
12770,335.5,2025-01-12,00:30
12771,328.93,2025-01-12,00:45
12772,433.95,2025-01-12,01:00
12773,408.22,2025-01-12,01:15
12774,269.23,2025-01-12,01:30
12775,327.48,2025-01-12,01:45
12776,248.13,2025-01-12,02:00
12777,271.8,2025-01-12,02:15
12778,270.67,2025-01-12,02:30
12779,271.94,2025-01-12,02:45
12780,259.78,2025-01-12,03:00
12781,249.56,2025-01-12,03:15
12782,271.67,2025-01-12,03:30
12783,270.64,2025-01-12,03:45
12784,272.28,2025-01-12,04:00
12785,264.04,2025-01-12,04:15
12786,318.32,2025-01-12,04:30
12787,269.77,2025-01-12,04:45
12788,269.58,2025-01-12,05:00
12789,318.86,2025-01-12,05:15
12790,317.72,2025-01-12,05:30
12791,346.47,2025-01-12,05:45
12792,347.77,2025-01-12,06:00
12793,347.49,2025-01-12,06:15
12794,417.1,2025-01-12,06:30
12795,316.57,2025-01-12,06:45
12796,356.79,2025-01-12,07:00
12797,248.48,2025-01-12,07:15
12798,376.79,2025-01-12,07:30
12799,470.99,2025-01-12,07:45
12800,471.28,2025-01-12,08:00
12801,425.31,2025-01-12,08:15
12802,492.06,2025-01-12,08:30
12803,473.81,2025-01-12,08:45
12804,380.43,2025-01-12,09:00
12805,333.38,2025-01-12,09:15
12806,40.0,2025-01-12,09:30
12807,40.0,2025-01-12,09:45
12808,121.07,2025-01-12,10:00
12809,40.0,2025-01-12,10:15
12810,40.0,2025-01-12,10:30
12811,219.19,2025-01-12,10:45
12812,201.75,2025-01-12,11:00
12813,134.89,2025-01-12,11:15
12814,40.0,2025-01-12,11:30
12815,40.0,2025-01-12,11:45
12816,40.0,2025-01-12,12:00
12817,40.0,2025-01-12,12:15
12818,40.0,2025-01-12,12:30
12819,40.0,2025-01-12,12:45
12820,40.0,2025-01-12,13:00
12821,40.0,2025-01-12,13:15
12822,40.0,2025-01-12,13:30
12823,40.0,2025-01-12,13:45
12824,40.0,2025-01-12,14:00
12825,40.0,2025-01-12,14:15
12826,40.0,2025-01-12,14:30
12827,161.9,2025-01-12,14:45
12828,184.36,2025-01-12,15:00
12829,260.56,2025-01-12,15:15
12830,260.8,2025-01-12,15:30
12831,273.85,2025-01-12,15:45
12832,294.98,2025-01-12,16:00
12833,315.12,2025-01-12,16:15
12834,283.36,2025-01-12,16:30
12835,317.32,2025-01-12,16:45
12836,352.03,2025-01-12,17:00
12837,403.59,2025-01-12,17:15
12838,386.55,2025-01-12,17:30
12839,335.49,2025-01-12,17:45
12840,299.77,2025-01-12,18:00
12841,196.91,2025-01-12,18:15
12842,40.0,2025-01-12,18:30
12843,144.29,2025-01-12,18:45
12844,40.0,2025-01-12,19:00
12845,136.1,2025-01-12,19:15
12846,147.59,2025-01-12,19:30
12847,40.0,2025-01-12,19:45
12848,40.0,2025-01-12,20:00
12849,260.0,2025-01-12,20:15
12850,40.0,2025-01-12,20:30
12851,250.0,2025-01-12,20:45
12852,40.0,2025-01-12,21:00
12853,40.0,2025-01-12,21:15
12854,40.0,2025-01-12,21:30
12855,40.0,2025-01-12,21:45
12856,40.0,2025-01-12,22:00
12857,250.0,2025-01-12,22:15
12858,40.0,2025-01-12,22:30
12859,40.0,2025-01-12,22:45
12860,40.0,2025-01-12,23:00
12861,40.0,2025-01-12,23:15
12862,100.0,2025-01-12,23:30
12863,40.0,2025-01-12,23:45
12864,40.0,2025-01-12,24:00
12865,221.47,2025-01-13,00:15
12866,168.39,2025-01-13,00:30
12867,40.0,2025-01-13,00:45
12868,189.07,2025-01-13,01:00
12869,175.41,2025-01-13,01:15
12870,220.39,2025-01-13,01:30
12871,330.82,2025-01-13,01:45
12872,321.57,2025-01-13,02:00
12873,312.2,2025-01-13,02:15
12874,199.4,2025-01-13,02:30
12875,40.0,2025-01-13,02:45
12876,255.04,2025-01-13,03:00
12877,220.27,2025-01-13,03:15
12878,337.51,2025-01-13,03:30
12879,325.82,2025-01-13,03:45
12880,345.82,2025-01-13,04:00
12881,350.0,2025-01-13,04:15
12882,340.0,2025-01-13,04:30
12883,330.0,2025-01-13,04:45
12884,320.37,2025-01-13,05:00
12885,329.99,2025-01-13,05:15
12886,330.34,2025-01-13,05:30
12887,331.22,2025-01-13,05:45
12888,312.34,2025-01-13,06:00
12889,171.57,2025-01-13,06:15
12890,246.49,2025-01-13,06:30
12891,378.73,2025-01-13,06:45
12892,330.94,2025-01-13,07:00
12893,331.36,2025-01-13,07:15
12894,378.11,2025-01-13,07:30
12895,425.91,2025-01-13,07:45
12896,473.23,2025-01-13,08:00
12897,559.06,2025-01-13,08:15
12898,511.19,2025-01-13,08:30
12899,558.81,2025-01-13,08:45
12900,378.37,2025-01-13,09:00
12901,349.79,2025-01-13,09:15
12902,477.68,2025-01-13,09:30
12903,369.08,2025-01-13,09:45
12904,212.81,2025-01-13,10:00
12905,190.7,2025-01-13,10:15
12906,190.0,2025-01-13,10:30
12907,288.55,2025-01-13,10:45
12908,274.1,2025-01-13,11:00
12909,277.18,2025-01-13,11:15
12910,243.59,2025-01-13,11:30
12911,210.8,2025-01-13,11:45
12912,139.99,2025-01-13,12:00
12913,116.39,2025-01-13,12:15
12914,40.0,2025-01-13,12:30
12915,40.0,2025-01-13,12:45
12916,40.0,2025-01-13,13:00
12917,40.0,2025-01-13,13:15
12918,40.0,2025-01-13,13:30
12919,40.0,2025-01-13,13:45
12920,40.0,2025-01-13,14:00
12921,40.0,2025-01-13,14:15
12922,115.83,2025-01-13,14:30
12923,149.66,2025-01-13,14:45
12924,146.14,2025-01-13,15:00
12925,261.29,2025-01-13,15:15
12926,172.97,2025-01-13,15:30
12927,218.93,2025-01-13,15:45
12928,220.14,2025-01-13,16:00
12929,164.3,2025-01-13,16:15
12930,221.74,2025-01-13,16:30
12931,345.0,2025-01-13,16:45
12932,348.96,2025-01-13,17:00
12933,359.84,2025-01-13,17:15
12934,509.72,2025-01-13,17:30
12935,527.35,2025-01-13,17:45
12936,564.54,2025-01-13,18:00
12937,600.0,2025-01-13,18:15
12938,550.0,2025-01-13,18:30
12939,586.77,2025-01-13,18:45
12940,500.0,2025-01-13,19:00
12941,524.16,2025-01-13,19:15
12942,532.46,2025-01-13,19:30
12943,540.0,2025-01-13,19:45
12944,590.0,2025-01-13,20:00
12945,600.0,2025-01-13,20:15
12946,600.0,2025-01-13,20:30
12947,600.0,2025-01-13,20:45
12948,590.0,2025-01-13,21:00
12949,600.0,2025-01-13,21:15
12950,600.0,2025-01-13,21:30
12951,600.0,2025-01-13,21:45
12952,500.0,2025-01-13,22:00
12953,490.0,2025-01-13,22:15
12954,440.0,2025-01-13,22:30
12955,400.0,2025-01-13,22:45
12956,400.0,2025-01-13,23:00
12957,330.0,2025-01-13,23:15
12958,310.0,2025-01-13,23:30
12959,242.2,2025-01-13,23:45
12960,40.0,2025-01-13,24:00
12961,40.0,2025-01-14,00:15
12962,242.19,2025-01-14,00:30
12963,40.0,2025-01-14,00:45
12964,297.79,2025-01-14,01:00
12965,242.67,2025-01-14,01:15
12966,40.0,2025-01-14,01:30
12967,40.0,2025-01-14,01:45
12968,40.0,2025-01-14,02:00
12969,191.23,2025-01-14,02:15
12970,40.0,2025-01-14,02:30
12971,180.31,2025-01-14,02:45
12972,197.79,2025-01-14,03:00
12973,222.08,2025-01-14,03:15
12974,245.07,2025-01-14,03:30
12975,197.28,2025-01-14,03:45
12976,195.62,2025-01-14,04:00
12977,442.51,2025-01-14,04:15
12978,442.53,2025-01-14,04:30
12979,299.72,2025-01-14,04:45
12980,231.71,2025-01-14,05:00
12981,300.68,2025-01-14,05:15
12982,310.07,2025-01-14,05:30
12983,354.2,2025-01-14,05:45
12984,329.01,2025-01-14,06:00
12985,386.48,2025-01-14,06:15
12986,305.17,2025-01-14,06:30
12987,352.07,2025-01-14,06:45
12988,386.85,2025-01-14,07:00
12989,531.2,2025-01-14,07:15
12990,532.12,2025-01-14,07:30
12991,541.8,2025-01-14,07:45
12992,540.61,2025-01-14,08:00
12993,540.2,2025-01-14,08:15
12994,529.94,2025-01-14,08:30
12995,529.94,2025-01-14,08:45
12996,448.44,2025-01-14,09:00
12997,369.29,2025-01-14,09:15
12998,306.03,2025-01-14,09:30
12999,272.97,2025-01-14,09:45
13000,287.85,2025-01-14,10:00
13001,276.82,2025-01-14,10:15
13002,269.02,2025-01-14,10:30
13003,342.73,2025-01-14,10:45
13004,317.76,2025-01-14,11:00
13005,326.04,2025-01-14,11:15
13006,320.44,2025-01-14,11:30
13007,319.77,2025-01-14,11:45
13008,289.1,2025-01-14,12:00
13009,279.51,2025-01-14,12:15
13010,237.48,2025-01-14,12:30
13011,191.28,2025-01-14,12:45
13012,212.23,2025-01-14,13:00
13013,211.06,2025-01-14,13:15
13014,183.14,2025-01-14,13:30
13015,146.23,2025-01-14,13:45
13016,184.92,2025-01-14,14:00
13017,147.96,2025-01-14,14:15
13018,140.64,2025-01-14,14:30
13019,183.98,2025-01-14,14:45
13020,210.91,2025-01-14,15:00
13021,347.13,2025-01-14,15:15
13022,335.15,2025-01-14,15:30
13023,371.47,2025-01-14,15:45
13024,371.18,2025-01-14,16:00
13025,370.65,2025-01-14,16:15
13026,368.5,2025-01-14,16:30
13027,366.99,2025-01-14,16:45
13028,364.73,2025-01-14,17:00
13029,357.02,2025-01-14,17:15
13030,348.13,2025-01-14,17:30
13031,338.21,2025-01-14,17:45
13032,333.63,2025-01-14,18:00
13033,393.01,2025-01-14,18:15
13034,466.14,2025-01-14,18:30
13035,438.02,2025-01-14,18:45
13036,343.64,2025-01-14,19:00
13037,455.24,2025-01-14,19:15
13038,492.94,2025-01-14,19:30
13039,409.38,2025-01-14,19:45
13040,340.57,2025-01-14,20:00
13041,394.79,2025-01-14,20:15
13042,304.81,2025-01-14,20:30
13043,374.1,2025-01-14,20:45
13044,353.37,2025-01-14,21:00
13045,425.43,2025-01-14,21:15
13046,434.26,2025-01-14,21:30
13047,434.03,2025-01-14,21:45
13048,426.21,2025-01-14,22:00
13049,386.58,2025-01-14,22:15
13050,422.59,2025-01-14,22:30
13051,543.68,2025-01-14,22:45
13052,531.18,2025-01-14,23:00
13053,534.95,2025-01-14,23:15
13054,535.83,2025-01-14,23:30
13055,479.57,2025-01-14,23:45
13056,321.35,2025-01-14,24:00
13057,479.92,2025-01-15,00:15
13058,475.31,2025-01-15,00:30
13059,471.04,2025-01-15,00:45
13060,451.03,2025-01-15,01:00
13061,418.72,2025-01-15,01:15
13062,412.4,2025-01-15,01:30
13063,456.31,2025-01-15,01:45
13064,449.26,2025-01-15,02:00
13065,456.14,2025-01-15,02:15
13066,452.09,2025-01-15,02:30
13067,451.58,2025-01-15,02:45
13068,435.23,2025-01-15,03:00
13069,431.15,2025-01-15,03:15
13070,470.69,2025-01-15,03:30
13071,481.39,2025-01-15,03:45
13072,483.48,2025-01-15,04:00
13073,506.78,2025-01-15,04:15
13074,485.88,2025-01-15,04:30
13075,484.7,2025-01-15,04:45
13076,461.38,2025-01-15,05:00
13077,469.34,2025-01-15,05:15
13078,480.17,2025-01-15,05:30
13079,454.97,2025-01-15,05:45
13080,427.02,2025-01-15,06:00
13081,488.93,2025-01-15,06:15
13082,495.37,2025-01-15,06:30
13083,489.21,2025-01-15,06:45
13084,438.77,2025-01-15,07:00
13085,417.87,2025-01-15,07:15
13086,500.19,2025-01-15,07:30
13087,495.88,2025-01-15,07:45
13088,489.47,2025-01-15,08:00
13089,405.71,2025-01-15,08:15
13090,399.23,2025-01-15,08:30
13091,398.97,2025-01-15,08:45
13092,489.35,2025-01-15,09:00
13093,490.04,2025-01-15,09:15
13094,481.93,2025-01-15,09:30
13095,352.84,2025-01-15,09:45
13096,253.45,2025-01-15,10:00
13097,214.76,2025-01-15,10:15
13098,295.25,2025-01-15,10:30
13099,261.71,2025-01-15,10:45
13100,332.08,2025-01-15,11:00
13101,306.86,2025-01-15,11:15
13102,256.71,2025-01-15,11:30
13103,228.12,2025-01-15,11:45
13104,196.88,2025-01-15,12:00
13105,176.32,2025-01-15,12:15
13106,146.45,2025-01-15,12:30
13107,40.0,2025-01-15,12:45
13108,40.0,2025-01-15,13:00
13109,40.0,2025-01-15,13:15
13110,40.0,2025-01-15,13:30
13111,40.0,2025-01-15,13:45
13112,40.0,2025-01-15,14:00
13113,40.0,2025-01-15,14:15
13114,177.35,2025-01-15,14:30
13115,169.3,2025-01-15,14:45
13116,169.82,2025-01-15,15:00
13117,219.24,2025-01-15,15:15
13118,196.19,2025-01-15,15:30
13119,193.11,2025-01-15,15:45
13120,231.3,2025-01-15,16:00
13121,359.54,2025-01-15,16:15
13122,334.9,2025-01-15,16:30
13123,349.19,2025-01-15,16:45
13124,290.9,2025-01-15,17:00
13125,399.99,2025-01-15,17:15
13126,599.98,2025-01-15,17:30
13127,649.99,2025-01-15,17:45
13128,600.0,2025-01-15,18:00
13129,630.0,2025-01-15,18:15
13130,600.0,2025-01-15,18:30
13131,520.0,2025-01-15,18:45
13132,580.0,2025-01-15,19:00
13133,600.0,2025-01-15,19:15
13134,590.0,2025-01-15,19:30
13135,600.0,2025-01-15,19:45
13136,590.0,2025-01-15,20:00
13137,590.0,2025-01-15,20:15
13138,590.0,2025-01-15,20:30
13139,600.0,2025-01-15,20:45
13140,600.0,2025-01-15,21:00
13141,600.0,2025-01-15,21:15
13142,590.0,2025-01-15,21:30
13143,580.0,2025-01-15,21:45
13144,590.0,2025-01-15,22:00
13145,590.0,2025-01-15,22:15
13146,590.0,2025-01-15,22:30
13147,550.0,2025-01-15,22:45
13148,590.0,2025-01-15,23:00
13149,590.0,2025-01-15,23:15
13150,540.0,2025-01-15,23:30
13151,510.0,2025-01-15,23:45
13152,550.0,2025-01-15,24:00
13153,600.0,2025-01-16,00:15
13154,600.0,2025-01-16,00:30
13155,600.0,2025-01-16,00:45
13156,600.0,2025-01-16,01:00
13157,600.0,2025-01-16,01:15
13158,600.0,2025-01-16,01:30
13159,600.0,2025-01-16,01:45
13160,600.0,2025-01-16,02:00
13161,630.0,2025-01-16,02:15
13162,640.0,2025-01-16,02:30
13163,600.0,2025-01-16,02:45
13164,610.0,2025-01-16,03:00
13165,610.0,2025-01-16,03:15
13166,600.0,2025-01-16,03:30
13167,606.29,2025-01-16,03:45
13168,606.27,2025-01-16,04:00
13169,630.0,2025-01-16,04:15
13170,600.0,2025-01-16,04:30
13171,630.0,2025-01-16,04:45
13172,619.07,2025-01-16,05:00
13173,650.0,2025-01-16,05:15
13174,650.0,2025-01-16,05:30
13175,650.0,2025-01-16,05:45
13176,650.0,2025-01-16,06:00
13177,650.0,2025-01-16,06:15
13178,650.0,2025-01-16,06:30
13179,650.0,2025-01-16,06:45
13180,620.0,2025-01-16,07:00
13181,640.0,2025-01-16,07:15
13182,650.0,2025-01-16,07:30
13183,650.0,2025-01-16,07:45
13184,650.0,2025-01-16,08:00
13185,650.0,2025-01-16,08:15
13186,640.0,2025-01-16,08:30
13187,629.99,2025-01-16,08:45
13188,629.99,2025-01-16,09:00
13189,599.97,2025-01-16,09:15
13190,629.95,2025-01-16,09:30
13191,589.94,2025-01-16,09:45
13192,499.93,2025-01-16,10:00
13193,399.93,2025-01-16,10:15
13194,349.03,2025-01-16,10:30
13195,224.31,2025-01-16,10:45
13196,40.0,2025-01-16,11:00
13197,40.0,2025-01-16,11:15
13198,40.0,2025-01-16,11:30
13199,40.0,2025-01-16,11:45
13200,40.0,2025-01-16,12:00
13201,40.0,2025-01-16,12:15
13202,40.0,2025-01-16,12:30
13203,40.0,2025-01-16,12:45
13204,40.0,2025-01-16,13:00
13205,40.0,2025-01-16,13:15
13206,40.0,2025-01-16,13:30
13207,40.0,2025-01-16,13:45
13208,40.0,2025-01-16,14:00
13209,40.0,2025-01-16,14:15
13210,40.0,2025-01-16,14:30
13211,40.0,2025-01-16,14:45
13212,40.0,2025-01-16,15:00
13213,40.0,2025-01-16,15:15
13214,40.0,2025-01-16,15:30
13215,40.1,2025-01-16,15:45
13216,40.1,2025-01-16,16:00
13217,40.09,2025-01-16,16:15
13218,253.07,2025-01-16,16:30
13219,280.43,2025-01-16,16:45
13220,303.51,2025-01-16,17:00
13221,314.06,2025-01-16,17:15
13222,430.28,2025-01-16,17:30
13223,434.55,2025-01-16,17:45
13224,590.0,2025-01-16,18:00
13225,600.0,2025-01-16,18:15
13226,590.0,2025-01-16,18:30
13227,560.0,2025-01-16,18:45
13228,550.0,2025-01-16,19:00
13229,600.0,2025-01-16,19:15
13230,600.0,2025-01-16,19:30
13231,600.0,2025-01-16,19:45
13232,600.0,2025-01-16,20:00
13233,600.0,2025-01-16,20:15
13234,600.0,2025-01-16,20:30
13235,610.0,2025-01-16,20:45
13236,600.0,2025-01-16,21:00
13237,630.0,2025-01-16,21:15
13238,640.0,2025-01-16,21:30
13239,640.0,2025-01-16,21:45
13240,650.0,2025-01-16,22:00
13241,650.0,2025-01-16,22:15
13242,650.0,2025-01-16,22:30
13243,610.0,2025-01-16,22:45
13244,600.0,2025-01-16,23:00
13245,600.0,2025-01-16,23:15
13246,600.0,2025-01-16,23:30
13247,600.0,2025-01-16,23:45
13248,600.0,2025-01-16,24:00
13249,632.96,2025-01-17,00:15
13250,600.0,2025-01-17,00:30
13251,600.0,2025-01-17,00:45
13252,633.18,2025-01-17,01:00
13253,633.3,2025-01-17,01:15
13254,633.14,2025-01-17,01:30
13255,619.49,2025-01-17,01:45
13256,619.66,2025-01-17,02:00
13257,626.06,2025-01-17,02:15
13258,619.54,2025-01-17,02:30
13259,633.1,2025-01-17,02:45
13260,633.05,2025-01-17,03:00
13261,600.0,2025-01-17,03:15
13262,580.0,2025-01-17,03:30
13263,530.0,2025-01-17,03:45
13264,500.0,2025-01-17,04:00
13265,500.0,2025-01-17,04:15
13266,430.0,2025-01-17,04:30
13267,400.0,2025-01-17,04:45
13268,370.0,2025-01-17,05:00
13269,370.0,2025-01-17,05:15
13270,370.0,2025-01-17,05:30
13271,370.0,2025-01-17,05:45
13272,370.0,2025-01-17,06:00
13273,350.0,2025-01-17,06:15
13274,350.0,2025-01-17,06:30
13275,350.0,2025-01-17,06:45
13276,340.0,2025-01-17,07:00
13277,340.0,2025-01-17,07:15
13278,340.0,2025-01-17,07:30
13279,330.0,2025-01-17,07:45
13280,320.0,2025-01-17,08:00
13281,249.91,2025-01-17,08:15
13282,267.3,2025-01-17,08:30
13283,383.8,2025-01-17,08:45
13284,271.39,2025-01-17,09:00
13285,252.77,2025-01-17,09:15
13286,329.99,2025-01-17,09:30
13287,369.98,2025-01-17,09:45
13288,329.98,2025-01-17,10:00
13289,40.0,2025-01-17,10:15
13290,40.0,2025-01-17,10:30
13291,40.0,2025-01-17,10:45
13292,40.0,2025-01-17,11:00
13293,40.0,2025-01-17,11:15
13294,40.0,2025-01-17,11:30
13295,40.0,2025-01-17,11:45
13296,40.0,2025-01-17,12:00
13297,40.0,2025-01-17,12:15
13298,40.0,2025-01-17,12:30
13299,40.0,2025-01-17,12:45
13300,40.0,2025-01-17,13:00
13301,40.0,2025-01-17,13:15
13302,40.0,2025-01-17,13:30
13303,40.0,2025-01-17,13:45
13304,40.0,2025-01-17,14:00
13305,40.0,2025-01-17,14:15
13306,40.0,2025-01-17,14:30
13307,40.0,2025-01-17,14:45
13308,40.0,2025-01-17,15:00
13309,176.63,2025-01-17,15:15
13310,40.0,2025-01-17,15:30
13311,200.85,2025-01-17,15:45
13312,211.25,2025-01-17,16:00
13313,290.44,2025-01-17,16:15
13314,296.62,2025-01-17,16:30
13315,304.25,2025-01-17,16:45
13316,227.61,2025-01-17,17:00
13317,243.95,2025-01-17,17:15
13318,210.64,2025-01-17,17:30
13319,300.17,2025-01-17,17:45
13320,299.16,2025-01-17,18:00
13321,237.11,2025-01-17,18:15
13322,231.84,2025-01-17,18:30
13323,233.09,2025-01-17,18:45
13324,284.77,2025-01-17,19:00
13325,209.19,2025-01-17,19:15
13326,40.0,2025-01-17,19:30
13327,226.24,2025-01-17,19:45
13328,329.77,2025-01-17,20:00
13329,40.0,2025-01-17,20:15
13330,40.0,2025-01-17,20:30
13331,40.0,2025-01-17,20:45
13332,40.0,2025-01-17,21:00
13333,40.0,2025-01-17,21:15
13334,40.0,2025-01-17,21:30
13335,40.0,2025-01-17,21:45
13336,40.0,2025-01-17,22:00
13337,330.0,2025-01-17,22:15
13338,76.58,2025-01-17,22:30
13339,295.69,2025-01-17,22:45
13340,304.72,2025-01-17,23:00
13341,314.18,2025-01-17,23:15
13342,304.19,2025-01-17,23:30
13343,294.39,2025-01-17,23:45
13344,322.61,2025-01-17,24:00
13345,340.0,2025-01-18,00:15
13346,304.12,2025-01-18,00:30
13347,313.05,2025-01-18,00:45
13348,368.44,2025-01-18,01:00
13349,414.14,2025-01-18,01:15
13350,415.05,2025-01-18,01:30
13351,442.59,2025-01-18,01:45
13352,450.0,2025-01-18,02:00
13353,450.0,2025-01-18,02:15
13354,500.0,2025-01-18,02:30
13355,480.0,2025-01-18,02:45
13356,450.45,2025-01-18,03:00
13357,459.38,2025-01-18,03:15
13358,458.92,2025-01-18,03:30
13359,520.0,2025-01-18,03:45
13360,530.0,2025-01-18,04:00
13361,600.0,2025-01-18,04:15
13362,530.0,2025-01-18,04:30
13363,540.0,2025-01-18,04:45
13364,520.0,2025-01-18,05:00
13365,530.0,2025-01-18,05:15
13366,580.0,2025-01-18,05:30
13367,600.0,2025-01-18,05:45
13368,590.0,2025-01-18,06:00
13369,600.0,2025-01-18,06:15
13370,600.0,2025-01-18,06:30
13371,600.0,2025-01-18,06:45
13372,610.0,2025-01-18,07:00
13373,600.0,2025-01-18,07:15
13374,620.0,2025-01-18,07:30
13375,620.0,2025-01-18,07:45
13376,600.0,2025-01-18,08:00
13377,650.0,2025-01-18,08:15
13378,650.0,2025-01-18,08:30
13379,649.99,2025-01-18,08:45
13380,649.99,2025-01-18,09:00
13381,599.98,2025-01-18,09:15
13382,559.96,2025-01-18,09:30
13383,469.19,2025-01-18,09:45
13384,376.57,2025-01-18,10:00
13385,359.3,2025-01-18,10:15
13386,40.0,2025-01-18,10:30
13387,40.0,2025-01-18,10:45
13388,40.0,2025-01-18,11:00
13389,40.0,2025-01-18,11:15
13390,40.0,2025-01-18,11:30
13391,40.0,2025-01-18,11:45
13392,40.0,2025-01-18,12:00
13393,40.0,2025-01-18,12:15
13394,40.0,2025-01-18,12:30
13395,40.0,2025-01-18,12:45
13396,40.0,2025-01-18,13:00
13397,40.0,2025-01-18,13:15
13398,40.0,2025-01-18,13:30
13399,40.0,2025-01-18,13:45
13400,40.0,2025-01-18,14:00
13401,40.0,2025-01-18,14:15
13402,40.0,2025-01-18,14:30
13403,40.0,2025-01-18,14:45
13404,40.0,2025-01-18,15:00
13405,40.0,2025-01-18,15:15
13406,40.0,2025-01-18,15:30
13407,40.0,2025-01-18,15:45
13408,40.0,2025-01-18,16:00
13409,40.0,2025-01-18,16:15
13410,195.6,2025-01-18,16:30
13411,40.0,2025-01-18,16:45
13412,361.48,2025-01-18,17:00
13413,349.99,2025-01-18,17:15
13414,492.06,2025-01-18,17:30
13415,489.97,2025-01-18,17:45
13416,577.56,2025-01-18,18:00
13417,580.0,2025-01-18,18:15
13418,600.0,2025-01-18,18:30
13419,600.0,2025-01-18,18:45
13420,580.0,2025-01-18,19:00
13421,511.96,2025-01-18,19:15
13422,506.01,2025-01-18,19:30
13423,604.97,2025-01-18,19:45
13424,600.0,2025-01-18,20:00
13425,601.65,2025-01-18,20:15
13426,592.02,2025-01-18,20:30
13427,601.77,2025-01-18,20:45
13428,582.35,2025-01-18,21:00
13429,600.0,2025-01-18,21:15
13430,600.0,2025-01-18,21:30
13431,650.0,2025-01-18,21:45
13432,600.0,2025-01-18,22:00
13433,600.0,2025-01-18,22:15
13434,640.0,2025-01-18,22:30
13435,630.0,2025-01-18,22:45
13436,650.0,2025-01-18,23:00
13437,612.85,2025-01-18,23:15
13438,600.0,2025-01-18,23:30
13439,600.0,2025-01-18,23:45
13440,600.0,2025-01-18,24:00
13441,610.0,2025-01-19,00:15
13442,600.0,2025-01-19,00:30
13443,640.0,2025-01-19,00:45
13444,650.0,2025-01-19,01:00
13445,640.0,2025-01-19,01:15
13446,640.0,2025-01-19,01:30
13447,610.0,2025-01-19,01:45
13448,640.0,2025-01-19,02:00
13449,640.0,2025-01-19,02:15
13450,640.0,2025-01-19,02:30
13451,650.0,2025-01-19,02:45
13452,640.0,2025-01-19,03:00
13453,640.0,2025-01-19,03:15
13454,610.0,2025-01-19,03:30
13455,630.0,2025-01-19,03:45
13456,610.0,2025-01-19,04:00
13457,600.0,2025-01-19,04:15
13458,600.0,2025-01-19,04:30
13459,600.0,2025-01-19,04:45
13460,600.0,2025-01-19,05:00
13461,600.0,2025-01-19,05:15
13462,600.0,2025-01-19,05:30
13463,590.0,2025-01-19,05:45
13464,590.0,2025-01-19,06:00
13465,590.0,2025-01-19,06:15
13466,590.0,2025-01-19,06:30
13467,600.0,2025-01-19,06:45
13468,560.0,2025-01-19,07:00
13469,600.0,2025-01-19,07:15
13470,600.0,2025-01-19,07:30
13471,600.0,2025-01-19,07:45
13472,560.0,2025-01-19,08:00
13473,580.0,2025-01-19,08:15
13474,530.0,2025-01-19,08:30
13475,529.99,2025-01-19,08:45
13476,529.99,2025-01-19,09:00
13477,519.98,2025-01-19,09:15
13478,509.96,2025-01-19,09:30
13479,439.96,2025-01-19,09:45
13480,40.0,2025-01-19,10:00
13481,40.0,2025-01-19,10:15
13482,296.68,2025-01-19,10:30
13483,40.08,2025-01-19,10:45
13484,40.0,2025-01-19,11:00
13485,40.08,2025-01-19,11:15
13486,40.0,2025-01-19,11:30
13487,40.0,2025-01-19,11:45
13488,40.09,2025-01-19,12:00
13489,40.09,2025-01-19,12:15
13490,40.09,2025-01-19,12:30
13491,40.0,2025-01-19,12:45
13492,40.0,2025-01-19,13:00
13493,40.0,2025-01-19,13:15
13494,40.0,2025-01-19,13:30
13495,40.0,2025-01-19,13:45
13496,40.0,2025-01-19,14:00
13497,40.0,2025-01-19,14:15
13498,40.0,2025-01-19,14:30
13499,40.0,2025-01-19,14:45
13500,40.0,2025-01-19,15:00
13501,40.0,2025-01-19,15:15
13502,40.0,2025-01-19,15:30
13503,40.0,2025-01-19,15:45
13504,40.0,2025-01-19,16:00
13505,40.0,2025-01-19,16:15
13506,196.31,2025-01-19,16:30
13507,209.96,2025-01-19,16:45
13508,232.47,2025-01-19,17:00
13509,201.2,2025-01-19,17:15
13510,399.99,2025-01-19,17:30
13511,509.99,2025-01-19,17:45
13512,500.0,2025-01-19,18:00
13513,510.0,2025-01-19,18:15
13514,500.0,2025-01-19,18:30
13515,530.0,2025-01-19,18:45
13516,540.0,2025-01-19,19:00
13517,510.0,2025-01-19,19:15
13518,530.0,2025-01-19,19:30
13519,540.0,2025-01-19,19:45
13520,590.0,2025-01-19,20:00
13521,580.0,2025-01-19,20:15
13522,600.0,2025-01-19,20:30
13523,600.0,2025-01-19,20:45
13524,590.0,2025-01-19,21:00
13525,600.0,2025-01-19,21:15
13526,590.0,2025-01-19,21:30
13527,600.0,2025-01-19,21:45
13528,590.0,2025-01-19,22:00
13529,600.0,2025-01-19,22:15
13530,540.0,2025-01-19,22:30
13531,530.0,2025-01-19,22:45
13532,550.0,2025-01-19,23:00
13533,520.0,2025-01-19,23:15
13534,510.0,2025-01-19,23:30
13535,510.0,2025-01-19,23:45
13536,500.0,2025-01-19,24:00
13537,490.0,2025-01-20,00:15
13538,450.0,2025-01-20,00:30
13539,450.0,2025-01-20,00:45
13540,400.0,2025-01-20,01:00
13541,400.0,2025-01-20,01:15
13542,400.0,2025-01-20,01:30
13543,500.0,2025-01-20,01:45
13544,500.0,2025-01-20,02:00
13545,510.0,2025-01-20,02:15
13546,520.0,2025-01-20,02:30
13547,520.0,2025-01-20,02:45
13548,530.0,2025-01-20,03:00
13549,530.0,2025-01-20,03:15
13550,530.0,2025-01-20,03:30
13551,590.0,2025-01-20,03:45
13552,600.0,2025-01-20,04:00
13553,600.0,2025-01-20,04:15
13554,600.0,2025-01-20,04:30
13555,600.0,2025-01-20,04:45
13556,590.0,2025-01-20,05:00
13557,550.0,2025-01-20,05:15
13558,580.0,2025-01-20,05:30
13559,550.0,2025-01-20,05:45
13560,501.81,2025-01-20,06:00
13561,530.0,2025-01-20,06:15
13562,530.0,2025-01-20,06:30
13563,530.0,2025-01-20,06:45
13564,500.0,2025-01-20,07:00
13565,530.0,2025-01-20,07:15
13566,510.0,2025-01-20,07:30
13567,530.0,2025-01-20,07:45
13568,510.0,2025-01-20,08:00
13569,530.0,2025-01-20,08:15
13570,510.0,2025-01-20,08:30
13571,509.99,2025-01-20,08:45
13572,509.99,2025-01-20,09:00
13573,499.98,2025-01-20,09:15
13574,399.97,2025-01-20,09:30
13575,329.97,2025-01-20,09:45
13576,40.0,2025-01-20,10:00
13577,40.0,2025-01-20,10:15
13578,40.0,2025-01-20,10:30
13579,40.0,2025-01-20,10:45
13580,40.0,2025-01-20,11:00
13581,40.0,2025-01-20,11:15
13582,40.0,2025-01-20,11:30
13583,40.0,2025-01-20,11:45
13584,40.0,2025-01-20,12:00
13585,40.0,2025-01-20,12:15
13586,40.0,2025-01-20,12:30
13587,40.0,2025-01-20,12:45
13588,40.0,2025-01-20,13:00
13589,40.0,2025-01-20,13:15
13590,40.0,2025-01-20,13:30
13591,40.0,2025-01-20,13:45
13592,40.0,2025-01-20,14:00
13593,40.0,2025-01-20,14:15
13594,40.0,2025-01-20,14:30
13595,40.0,2025-01-20,14:45
13596,40.0,2025-01-20,15:00
13597,40.0,2025-01-20,15:15
13598,40.0,2025-01-20,15:30
13599,40.0,2025-01-20,15:45
13600,40.0,2025-01-20,16:00
13601,183.63,2025-01-20,16:15
13602,197.25,2025-01-20,16:30
13603,211.3,2025-01-20,16:45
13604,264.49,2025-01-20,17:00
13605,332.43,2025-01-20,17:15
13606,373.11,2025-01-20,17:30
13607,473.36,2025-01-20,17:45
13608,436.06,2025-01-20,18:00
13609,410.02,2025-01-20,18:15
13610,426.76,2025-01-20,18:30
13611,380.61,2025-01-20,18:45
13612,380.11,2025-01-20,19:00
13613,398.6,2025-01-20,19:15
13614,382.39,2025-01-20,19:30
13615,384.08,2025-01-20,19:45
13616,360.17,2025-01-20,20:00
13617,550.0,2025-01-20,20:15
13618,550.0,2025-01-20,20:30
13619,580.0,2025-01-20,20:45
13620,590.0,2025-01-20,21:00
13621,580.0,2025-01-20,21:15
13622,580.0,2025-01-20,21:30
13623,530.0,2025-01-20,21:45
13624,510.0,2025-01-20,22:00
13625,400.0,2025-01-20,22:15
13626,400.0,2025-01-20,22:30
13627,400.0,2025-01-20,22:45
13628,370.0,2025-01-20,23:00
13629,400.0,2025-01-20,23:15
13630,400.0,2025-01-20,23:30
13631,450.0,2025-01-20,23:45
13632,466.1,2025-01-20,24:00
13633,371.96,2025-01-21,00:15
13634,418.45,2025-01-21,00:30
13635,476.14,2025-01-21,00:45
13636,467.58,2025-01-21,01:00
13637,476.8,2025-01-21,01:15
13638,523.53,2025-01-21,01:30
13639,523.92,2025-01-21,01:45
13640,495.07,2025-01-21,02:00
13641,555.66,2025-01-21,02:15
13642,555.65,2025-01-21,02:30
13643,546.36,2025-01-21,02:45
13644,555.62,2025-01-21,03:00
13645,567.08,2025-01-21,03:15
13646,594.91,2025-01-21,03:30
13647,594.9,2025-01-21,03:45
13648,596.34,2025-01-21,04:00
13649,594.96,2025-01-21,04:15
13650,592.95,2025-01-21,04:30
13651,593.0,2025-01-21,04:45
13652,583.7,2025-01-21,05:00
13653,555.78,2025-01-21,05:15
13654,585.96,2025-01-21,05:30
13655,592.9,2025-01-21,05:45
13656,592.81,2025-01-21,06:00
13657,595.01,2025-01-21,06:15
13658,595.1,2025-01-21,06:30
13659,596.55,2025-01-21,06:45
13660,604.58,2025-01-21,07:00
13661,595.17,2025-01-21,07:15
13662,596.53,2025-01-21,07:30
13663,620.0,2025-01-21,07:45
13664,610.0,2025-01-21,08:00
13665,600.0,2025-01-21,08:15
13666,600.0,2025-01-21,08:30
13667,599.99,2025-01-21,08:45
13668,599.99,2025-01-21,09:00
13669,589.97,2025-01-21,09:15
13670,599.96,2025-01-21,09:30
13671,549.95,2025-01-21,09:45
13672,349.95,2025-01-21,10:00
13673,40.0,2025-01-21,10:15
13674,40.0,2025-01-21,10:30
13675,40.0,2025-01-21,10:45
13676,40.0,2025-01-21,11:00
13677,40.0,2025-01-21,11:15
13678,40.0,2025-01-21,11:30
13679,40.0,2025-01-21,11:45
13680,40.0,2025-01-21,12:00
13681,40.0,2025-01-21,12:15
13682,40.0,2025-01-21,12:30
13683,40.0,2025-01-21,12:45
13684,40.0,2025-01-21,13:00
13685,40.0,2025-01-21,13:15
13686,40.0,2025-01-21,13:30
13687,40.0,2025-01-21,13:45
13688,40.0,2025-01-21,14:00
13689,40.0,2025-01-21,14:15
13690,40.0,2025-01-21,14:30
13691,40.0,2025-01-21,14:45
13692,40.0,2025-01-21,15:00
13693,40.0,2025-01-21,15:15
13694,40.0,2025-01-21,15:30
13695,40.0,2025-01-21,15:45
13696,178.0,2025-01-21,16:00
13697,194.51,2025-01-21,16:15
13698,216.27,2025-01-21,16:30
13699,239.61,2025-01-21,16:45
13700,247.85,2025-01-21,17:00
13701,40.0,2025-01-21,17:15
13702,529.99,2025-01-21,17:30
13703,589.99,2025-01-21,17:45
13704,600.0,2025-01-21,18:00
13705,600.0,2025-01-21,18:15
13706,640.0,2025-01-21,18:30
13707,640.0,2025-01-21,18:45
13708,630.0,2025-01-21,19:00
13709,650.0,2025-01-21,19:15
13710,650.0,2025-01-21,19:30
13711,650.0,2025-01-21,19:45
13712,650.0,2025-01-21,20:00
13713,640.0,2025-01-21,20:15
13714,620.0,2025-01-21,20:30
13715,620.0,2025-01-21,20:45
13716,650.0,2025-01-21,21:00
13717,630.0,2025-01-21,21:15
13718,620.0,2025-01-21,21:30
13719,600.0,2025-01-21,21:45
13720,640.0,2025-01-21,22:00
13721,600.0,2025-01-21,22:15
13722,600.0,2025-01-21,22:30
13723,530.0,2025-01-21,22:45
13724,500.0,2025-01-21,23:00
13725,500.0,2025-01-21,23:15
13726,450.0,2025-01-21,23:30
13727,359.11,2025-01-21,23:45
13728,288.77,2025-01-21,24:00
13729,328.67,2025-01-22,00:15
13730,277.7,2025-01-22,00:30
13731,400.0,2025-01-22,00:45
13732,258.42,2025-01-22,01:00
13733,254.16,2025-01-22,01:15
13734,400.0,2025-01-22,01:30
13735,234.72,2025-01-22,01:45
13736,246.84,2025-01-22,02:00
13737,253.62,2025-01-22,02:15
13738,245.08,2025-01-22,02:30
13739,246.98,2025-01-22,02:45
13740,245.89,2025-01-22,03:00
13741,260.77,2025-01-22,03:15
13742,257.95,2025-01-22,03:30
13743,252.32,2025-01-22,03:45
13744,245.76,2025-01-22,04:00
13745,261.34,2025-01-22,04:15
13746,237.72,2025-01-22,04:30
13747,232.15,2025-01-22,04:45
13748,260.32,2025-01-22,05:00
13749,259.12,2025-01-22,05:15
13750,257.43,2025-01-22,05:30
13751,217.16,2025-01-22,05:45
13752,317.5,2025-01-22,06:00
13753,368.34,2025-01-22,06:15
13754,361.14,2025-01-22,06:30
13755,388.56,2025-01-22,06:45
13756,396.34,2025-01-22,07:00
13757,360.12,2025-01-22,07:15
13758,430.3,2025-01-22,07:30
13759,269.4,2025-01-22,07:45
13760,365.72,2025-01-22,08:00
13761,349.99,2025-01-22,08:15
13762,514.28,2025-01-22,08:30
13763,599.99,2025-01-22,08:45
13764,599.99,2025-01-22,09:00
13765,589.98,2025-01-22,09:15
13766,515.7,2025-01-22,09:30
13767,215.87,2025-01-22,09:45
13768,40.0,2025-01-22,10:00
13769,40.0,2025-01-22,10:15
13770,40.0,2025-01-22,10:30
13771,40.0,2025-01-22,10:45
13772,40.0,2025-01-22,11:00
13773,40.0,2025-01-22,11:15
13774,40.0,2025-01-22,11:30
13775,40.0,2025-01-22,11:45
13776,40.0,2025-01-22,12:00
13777,40.0,2025-01-22,12:15
13778,40.0,2025-01-22,12:30
13779,40.0,2025-01-22,12:45
13780,40.0,2025-01-22,13:00
13781,40.0,2025-01-22,13:15
13782,40.0,2025-01-22,13:30
13783,40.0,2025-01-22,13:45
13784,40.0,2025-01-22,14:00
13785,40.0,2025-01-22,14:15
13786,40.0,2025-01-22,14:30
13787,41.11,2025-01-22,14:45
13788,40.0,2025-01-22,15:00
13789,181.18,2025-01-22,15:15
13790,180.2,2025-01-22,15:30
13791,40.0,2025-01-22,15:45
13792,40.0,2025-01-22,16:00
13793,198.47,2025-01-22,16:15
13794,262.89,2025-01-22,16:30
13795,280.73,2025-01-22,16:45
13796,265.16,2025-01-22,17:00
13797,301.32,2025-01-22,17:15
13798,539.98,2025-01-22,17:30
13799,599.99,2025-01-22,17:45
13800,550.0,2025-01-22,18:00
13801,650.0,2025-01-22,18:15
13802,650.0,2025-01-22,18:30
13803,650.0,2025-01-22,18:45
13804,650.0,2025-01-22,19:00
13805,650.0,2025-01-22,19:15
13806,650.0,2025-01-22,19:30
13807,650.0,2025-01-22,19:45
13808,650.0,2025-01-22,20:00
13809,650.0,2025-01-22,20:15
13810,650.0,2025-01-22,20:30
13811,650.0,2025-01-22,20:45
13812,650.0,2025-01-22,21:00
13813,650.0,2025-01-22,21:15
13814,640.0,2025-01-22,21:30
13815,640.0,2025-01-22,21:45
13816,650.0,2025-01-22,22:00
13817,600.0,2025-01-22,22:15
13818,630.0,2025-01-22,22:30
13819,620.22,2025-01-22,22:45
13820,610.0,2025-01-22,23:00
13821,600.0,2025-01-22,23:15
13822,600.0,2025-01-22,23:30
13823,600.0,2025-01-22,23:45
13824,600.0,2025-01-22,24:00
13825,580.0,2025-01-23,00:15
13826,550.0,2025-01-23,00:30
13827,580.0,2025-01-23,00:45
13828,530.0,2025-01-23,01:00
13829,530.0,2025-01-23,01:15
13830,540.0,2025-01-23,01:30
13831,540.0,2025-01-23,01:45
13832,520.0,2025-01-23,02:00
13833,510.0,2025-01-23,02:15
13834,500.0,2025-01-23,02:30
13835,490.0,2025-01-23,02:45
13836,480.0,2025-01-23,03:00
13837,450.0,2025-01-23,03:15
13838,500.0,2025-01-23,03:30
13839,490.0,2025-01-23,03:45
13840,400.0,2025-01-23,04:00
13841,400.0,2025-01-23,04:15
13842,400.0,2025-01-23,04:30
13843,370.0,2025-01-23,04:45
13844,340.0,2025-01-23,05:00
13845,370.0,2025-01-23,05:15
13846,298.06,2025-01-23,05:30
13847,297.03,2025-01-23,05:45
13848,400.0,2025-01-23,06:00
13849,410.0,2025-01-23,06:15
13850,450.0,2025-01-23,06:30
13851,400.0,2025-01-23,06:45
13852,400.0,2025-01-23,07:00
13853,400.0,2025-01-23,07:15
13854,500.0,2025-01-23,07:30
13855,500.0,2025-01-23,07:45
13856,500.0,2025-01-23,08:00
13857,500.0,2025-01-23,08:15
13858,499.99,2025-01-23,08:30
13859,499.99,2025-01-23,08:45
13860,499.98,2025-01-23,09:00
13861,476.61,2025-01-23,09:15
13862,513.08,2025-01-23,09:30
13863,499.95,2025-01-23,09:45
13864,369.95,2025-01-23,10:00
13865,339.95,2025-01-23,10:15
13866,40.0,2025-01-23,10:30
13867,40.0,2025-01-23,10:45
13868,40.0,2025-01-23,11:00
13869,40.0,2025-01-23,11:15
13870,40.0,2025-01-23,11:30
13871,40.0,2025-01-23,11:45
13872,40.0,2025-01-23,12:00
13873,40.0,2025-01-23,12:15
13874,40.0,2025-01-23,12:30
13875,40.0,2025-01-23,12:45
13876,40.0,2025-01-23,13:00
13877,40.0,2025-01-23,13:15
13878,40.0,2025-01-23,13:30
13879,40.0,2025-01-23,13:45
13880,40.0,2025-01-23,14:00
13881,40.0,2025-01-23,14:15
13882,183.67,2025-01-23,14:30
13883,177.87,2025-01-23,14:45
13884,221.79,2025-01-23,15:00
13885,273.18,2025-01-23,15:15
13886,285.07,2025-01-23,15:30
13887,287.16,2025-01-23,15:45
13888,301.68,2025-01-23,16:00
13889,276.3,2025-01-23,16:15
13890,297.46,2025-01-23,16:30
13891,304.34,2025-01-23,16:45
13892,307.38,2025-01-23,17:00
13893,326.38,2025-01-23,17:15
13894,436.0,2025-01-23,17:30
13895,400.78,2025-01-23,17:45
13896,321.12,2025-01-23,18:00
13897,390.54,2025-01-23,18:15
13898,367.48,2025-01-23,18:30
13899,348.17,2025-01-23,18:45
13900,343.11,2025-01-23,19:00
13901,353.89,2025-01-23,19:15
13902,363.36,2025-01-23,19:30
13903,388.05,2025-01-23,19:45
13904,380.14,2025-01-23,20:00
13905,420.34,2025-01-23,20:15
13906,485.69,2025-01-23,20:30
13907,491.56,2025-01-23,20:45
13908,377.52,2025-01-23,21:00
13909,489.13,2025-01-23,21:15
13910,406.62,2025-01-23,21:30
13911,410.69,2025-01-23,21:45
13912,515.68,2025-01-23,22:00
13913,552.86,2025-01-23,22:15
13914,514.56,2025-01-23,22:30
13915,570.52,2025-01-23,22:45
13916,544.93,2025-01-23,23:00
13917,530.0,2025-01-23,23:15
13918,540.0,2025-01-23,23:30
13919,543.48,2025-01-23,23:45
13920,527.77,2025-01-23,24:00
13921,550.0,2025-01-24,00:15
13922,590.0,2025-01-24,00:30
13923,600.0,2025-01-24,00:45
13924,600.0,2025-01-24,01:00
13925,590.0,2025-01-24,01:15
13926,530.0,2025-01-24,01:30
13927,510.0,2025-01-24,01:45
13928,450.47,2025-01-24,02:00
13929,461.04,2025-01-24,02:15
13930,500.0,2025-01-24,02:30
13931,500.0,2025-01-24,02:45
13932,500.0,2025-01-24,03:00
13933,500.0,2025-01-24,03:15
13934,500.0,2025-01-24,03:30
13935,500.0,2025-01-24,03:45
13936,520.0,2025-01-24,04:00
13937,429.22,2025-01-24,04:15
13938,500.0,2025-01-24,04:30
13939,500.0,2025-01-24,04:45
13940,450.0,2025-01-24,05:00
13941,400.0,2025-01-24,05:15
13942,400.0,2025-01-24,05:30
13943,400.0,2025-01-24,05:45
13944,400.0,2025-01-24,06:00
13945,380.0,2025-01-24,06:15
13946,390.0,2025-01-24,06:30
13947,400.0,2025-01-24,06:45
13948,450.0,2025-01-24,07:00
13949,350.0,2025-01-24,07:15
13950,400.0,2025-01-24,07:30
13951,370.0,2025-01-24,07:45
13952,370.0,2025-01-24,08:00
13953,400.0,2025-01-24,08:15
13954,450.0,2025-01-24,08:30
13955,500.0,2025-01-24,08:45
13956,449.99,2025-01-24,09:00
13957,449.99,2025-01-24,09:15
13958,399.99,2025-01-24,09:30
13959,369.99,2025-01-24,09:45
13960,349.99,2025-01-24,10:00
13961,369.99,2025-01-24,10:15
13962,339.99,2025-01-24,10:30
13963,339.99,2025-01-24,10:45
13964,40.0,2025-01-24,11:00
13965,40.0,2025-01-24,11:15
13966,40.0,2025-01-24,11:30
13967,40.0,2025-01-24,11:45
13968,40.0,2025-01-24,12:00
13969,166.63,2025-01-24,12:15
13970,40.0,2025-01-24,12:30
13971,40.0,2025-01-24,12:45
13972,40.0,2025-01-24,13:00
13973,40.0,2025-01-24,13:15
13974,40.0,2025-01-24,13:30
13975,40.0,2025-01-24,13:45
13976,40.0,2025-01-24,14:00
13977,40.0,2025-01-24,14:15
13978,40.0,2025-01-24,14:30
13979,40.0,2025-01-24,14:45
13980,197.96,2025-01-24,15:00
13981,200.08,2025-01-24,15:15
13982,206.61,2025-01-24,15:30
13983,203.7,2025-01-24,15:45
13984,40.0,2025-01-24,16:00
13985,380.0,2025-01-24,16:15
13986,400.0,2025-01-24,16:30
13987,380.0,2025-01-24,16:45
13988,380.0,2025-01-24,17:00
13989,370.0,2025-01-24,17:15
13990,380.0,2025-01-24,17:30
13991,350.0,2025-01-24,17:45
13992,350.0,2025-01-24,18:00
13993,350.0,2025-01-24,18:15
13994,340.0,2025-01-24,18:30
13995,330.0,2025-01-24,18:45
13996,330.0,2025-01-24,19:00
13997,340.0,2025-01-24,19:15
13998,330.0,2025-01-24,19:30
13999,40.0,2025-01-24,19:45
14000,40.0,2025-01-24,20:00
14001,40.0,2025-01-24,20:15
14002,40.0,2025-01-24,20:30
14003,40.0,2025-01-24,20:45
14004,40.0,2025-01-24,21:00
14005,40.0,2025-01-24,21:15
14006,40.0,2025-01-24,21:30
14007,40.0,2025-01-24,21:45
14008,40.0,2025-01-24,22:00
14009,40.0,2025-01-24,22:15
14010,40.0,2025-01-24,22:30
14011,40.0,2025-01-24,22:45
14012,40.0,2025-01-24,23:00
14013,40.0,2025-01-24,23:15
14014,40.0,2025-01-24,23:30
14015,40.0,2025-01-24,23:45
14016,40.0,2025-01-24,24:00
14017,40.0,2025-01-25,00:15
14018,308.76,2025-01-25,00:30
14019,318.46,2025-01-25,00:45
14020,318.42,2025-01-25,01:00
14021,40.0,2025-01-25,01:15
14022,40.0,2025-01-25,01:30
14023,40.0,2025-01-25,01:45
14024,40.0,2025-01-25,02:00
14025,40.0,2025-01-25,02:15
14026,40.0,2025-01-25,02:30
14027,40.0,2025-01-25,02:45
14028,40.0,2025-01-25,03:00
14029,40.0,2025-01-25,03:15
14030,40.0,2025-01-25,03:30
14031,40.0,2025-01-25,03:45
14032,40.0,2025-01-25,04:00
14033,40.0,2025-01-25,04:15
14034,40.0,2025-01-25,04:30
14035,40.0,2025-01-25,04:45
14036,40.0,2025-01-25,05:00
14037,40.0,2025-01-25,05:15
14038,40.0,2025-01-25,05:30
14039,40.0,2025-01-25,05:45
14040,40.0,2025-01-25,06:00
14041,40.0,2025-01-25,06:15
14042,40.0,2025-01-25,06:30
14043,40.0,2025-01-25,06:45
14044,40.0,2025-01-25,07:00
14045,40.0,2025-01-25,07:15
14046,40.0,2025-01-25,07:30
14047,40.0,2025-01-25,07:45
14048,40.0,2025-01-25,08:00
14049,40.0,2025-01-25,08:15
14050,40.0,2025-01-25,08:30
14051,40.0,2025-01-25,08:45
14052,40.0,2025-01-25,09:00
14053,40.0,2025-01-25,09:15
14054,40.0,2025-01-25,09:30
14055,40.0,2025-01-25,09:45
14056,40.0,2025-01-25,10:00
14057,40.72,2025-01-25,10:15
14058,40.0,2025-01-25,10:30
14059,40.0,2025-01-25,10:45
14060,40.0,2025-01-25,11:00
14061,40.0,2025-01-25,11:15
14062,40.0,2025-01-25,11:30
14063,40.0,2025-01-25,11:45
14064,40.0,2025-01-25,12:00
14065,40.0,2025-01-25,12:15
14066,40.0,2025-01-25,12:30
14067,40.0,2025-01-25,12:45
14068,40.0,2025-01-25,13:00
14069,40.0,2025-01-25,13:15
14070,40.0,2025-01-25,13:30
14071,40.0,2025-01-25,13:45
14072,40.0,2025-01-25,14:00
14073,186.89,2025-01-25,14:15
14074,193.22,2025-01-25,14:30
14075,206.42,2025-01-25,14:45
14076,193.5,2025-01-25,15:00
14077,40.0,2025-01-25,15:15
14078,40.0,2025-01-25,15:30
14079,40.0,2025-01-25,15:45
14080,40.0,2025-01-25,16:00
14081,40.0,2025-01-25,16:15
14082,40.0,2025-01-25,16:30
14083,195.54,2025-01-25,16:45
14084,195.85,2025-01-25,17:00
14085,40.0,2025-01-25,17:15
14086,40.0,2025-01-25,17:30
14087,40.0,2025-01-25,17:45
14088,40.0,2025-01-25,18:00
14089,40.0,2025-01-25,18:15
14090,40.0,2025-01-25,18:30
14091,40.0,2025-01-25,18:45
14092,40.0,2025-01-25,19:00
14093,40.0,2025-01-25,19:15
14094,40.0,2025-01-25,19:30
14095,40.0,2025-01-25,19:45
14096,40.0,2025-01-25,20:00
14097,42.95,2025-01-25,20:15
14098,40.0,2025-01-25,20:30
14099,40.0,2025-01-25,20:45
14100,40.0,2025-01-25,21:00
14101,40.0,2025-01-25,21:15
14102,40.0,2025-01-25,21:30
14103,41.18,2025-01-25,21:45
14104,40.0,2025-01-25,22:00
14105,40.0,2025-01-25,22:15
14106,289.92,2025-01-25,22:30
14107,40.0,2025-01-25,22:45
14108,40.0,2025-01-25,23:00
14109,40.0,2025-01-25,23:15
14110,40.0,2025-01-25,23:30
14111,40.0,2025-01-25,23:45
14112,40.0,2025-01-25,24:00
14113,277.41,2025-01-26,00:15
14114,314.17,2025-01-26,00:30
14115,314.43,2025-01-26,00:45
14116,323.46,2025-01-26,01:00
14117,304.12,2025-01-26,01:15
14118,40.0,2025-01-26,01:30
14119,40.0,2025-01-26,01:45
14120,276.0,2025-01-26,02:00
14121,303.31,2025-01-26,02:15
14122,40.0,2025-01-26,02:30
14123,275.52,2025-01-26,02:45
14124,40.0,2025-01-26,03:00
14125,76.1,2025-01-26,03:15
14126,301.89,2025-01-26,03:30
14127,301.44,2025-01-26,03:45
14128,310.43,2025-01-26,04:00
14129,40.0,2025-01-26,04:15
14130,273.11,2025-01-26,04:30
14131,328.01,2025-01-26,04:45
14132,319.01,2025-01-26,05:00
14133,411.25,2025-01-26,05:15
14134,450.0,2025-01-26,05:30
14135,450.0,2025-01-26,05:45
14136,400.0,2025-01-26,06:00
14137,500.0,2025-01-26,06:15
14138,500.0,2025-01-26,06:30
14139,600.0,2025-01-26,06:45
14140,600.0,2025-01-26,07:00
14141,600.0,2025-01-26,07:15
14142,650.0,2025-01-26,07:30
14143,650.0,2025-01-26,07:45
14144,650.0,2025-01-26,08:00
14145,650.0,2025-01-26,08:15
14146,650.0,2025-01-26,08:30
14147,649.99,2025-01-26,08:45
14148,649.98,2025-01-26,09:00
14149,602.06,2025-01-26,09:15
14150,519.38,2025-01-26,09:30
14151,373.74,2025-01-26,09:45
14152,347.67,2025-01-26,10:00
14153,378.01,2025-01-26,10:15
14154,40.0,2025-01-26,10:30
14155,40.0,2025-01-26,10:45
14156,40.0,2025-01-26,11:00
14157,40.0,2025-01-26,11:15
14158,40.0,2025-01-26,11:30
14159,40.0,2025-01-26,11:45
14160,40.0,2025-01-26,12:00
14161,40.0,2025-01-26,12:15
14162,40.0,2025-01-26,12:30
14163,40.0,2025-01-26,12:45
14164,40.0,2025-01-26,13:00
14165,40.0,2025-01-26,13:15
14166,40.0,2025-01-26,13:30
14167,40.0,2025-01-26,13:45
14168,40.0,2025-01-26,14:00
14169,40.0,2025-01-26,14:15
14170,40.0,2025-01-26,14:30
14171,40.0,2025-01-26,14:45
14172,40.0,2025-01-26,15:00
14173,40.0,2025-01-26,15:15
14174,40.0,2025-01-26,15:30
14175,40.0,2025-01-26,15:45
14176,40.0,2025-01-26,16:00
14177,199.58,2025-01-26,16:15
14178,194.83,2025-01-26,16:30
14179,249.19,2025-01-26,16:45
14180,250.47,2025-01-26,17:00
14181,292.4,2025-01-26,17:15
14182,387.73,2025-01-26,17:30
14183,437.6,2025-01-26,17:45
14184,430.36,2025-01-26,18:00
14185,407.27,2025-01-26,18:15
14186,395.43,2025-01-26,18:30
14187,346.98,2025-01-26,18:45
14188,310.59,2025-01-26,19:00
14189,237.67,2025-01-26,19:15
14190,228.94,2025-01-26,19:30
14191,480.0,2025-01-26,19:45
14192,209.66,2025-01-26,20:00
14193,390.0,2025-01-26,20:15
14194,350.0,2025-01-26,20:30
14195,330.0,2025-01-26,20:45
14196,40.0,2025-01-26,21:00
14197,320.0,2025-01-26,21:15
14198,300.0,2025-01-26,21:30
14199,300.0,2025-01-26,21:45
14200,40.0,2025-01-26,22:00
14201,40.0,2025-01-26,22:15
14202,340.0,2025-01-26,22:30
14203,330.0,2025-01-26,22:45
14204,40.0,2025-01-26,23:00
14205,400.0,2025-01-26,23:15
14206,400.0,2025-01-26,23:30
14207,390.0,2025-01-26,23:45
14208,350.0,2025-01-26,24:00
14209,330.0,2025-01-27,00:15
14210,40.0,2025-01-27,00:30
14211,350.29,2025-01-27,00:45
14212,400.23,2025-01-27,01:00
14213,350.0,2025-01-27,01:15
14214,350.0,2025-01-27,01:30
14215,340.0,2025-01-27,01:45
14216,40.0,2025-01-27,02:00
14217,50.0,2025-01-27,02:15
14218,100.0,2025-01-27,02:30
14219,330.0,2025-01-27,02:45
14220,40.0,2025-01-27,03:00
14221,330.0,2025-01-27,03:15
14222,100.0,2025-01-27,03:30
14223,330.0,2025-01-27,03:45
14224,350.0,2025-01-27,04:00
14225,370.0,2025-01-27,04:15
14226,360.0,2025-01-27,04:30
14227,309.13,2025-01-27,04:45
14228,340.0,2025-01-27,05:00
14229,340.0,2025-01-27,05:15
14230,320.0,2025-01-27,05:30
14231,330.0,2025-01-27,05:45
14232,300.72,2025-01-27,06:00
14233,340.0,2025-01-27,06:15
14234,350.0,2025-01-27,06:30
14235,476.49,2025-01-27,06:45
14236,481.0,2025-01-27,07:00
14237,367.84,2025-01-27,07:15
14238,377.19,2025-01-27,07:30
14239,40.0,2025-01-27,07:45
14240,40.0,2025-01-27,08:00
14241,40.0,2025-01-27,08:15
14242,94.12,2025-01-27,08:30
14243,350.73,2025-01-27,08:45
14244,303.23,2025-01-27,09:00
14245,40.0,2025-01-27,09:15
14246,40.45,2025-01-27,09:30
14247,40.0,2025-01-27,09:45
14248,40.45,2025-01-27,10:00
14249,40.0,2025-01-27,10:15
14250,40.0,2025-01-27,10:30
14251,40.0,2025-01-27,10:45
14252,40.0,2025-01-27,11:00
14253,40.0,2025-01-27,11:15
14254,40.0,2025-01-27,11:30
14255,40.0,2025-01-27,11:45
14256,40.0,2025-01-27,12:00
14257,40.0,2025-01-27,12:15
14258,40.0,2025-01-27,12:30
14259,40.0,2025-01-27,12:45
14260,40.0,2025-01-27,13:00
14261,40.0,2025-01-27,13:15
14262,40.0,2025-01-27,13:30
14263,40.0,2025-01-27,13:45
14264,40.0,2025-01-27,14:00
14265,40.0,2025-01-27,14:15
14266,40.0,2025-01-27,14:30
14267,40.0,2025-01-27,14:45
14268,40.0,2025-01-27,15:00
14269,40.0,2025-01-27,15:15
14270,40.0,2025-01-27,15:30
14271,40.0,2025-01-27,15:45
14272,40.0,2025-01-27,16:00
14273,40.0,2025-01-27,16:15
14274,40.0,2025-01-27,16:30
14275,40.0,2025-01-27,16:45
14276,40.0,2025-01-27,17:00
14277,40.0,2025-01-27,17:15
14278,201.1,2025-01-27,17:30
14279,237.41,2025-01-27,17:45
14280,190.6,2025-01-27,18:00
14281,40.0,2025-01-27,18:15
14282,40.0,2025-01-27,18:30
14283,40.0,2025-01-27,18:45
14284,330.0,2025-01-27,19:00
14285,40.0,2025-01-27,19:15
14286,40.0,2025-01-27,19:30
14287,370.0,2025-01-27,19:45
14288,350.0,2025-01-27,20:00
14289,40.0,2025-01-27,20:15
14290,340.0,2025-01-27,20:30
14291,350.0,2025-01-27,20:45
14292,340.0,2025-01-27,21:00
14293,330.0,2025-01-27,21:15
14294,340.0,2025-01-27,21:30
14295,330.0,2025-01-27,21:45
14296,40.0,2025-01-27,22:00
14297,40.0,2025-01-27,22:15
14298,40.0,2025-01-27,22:30
14299,40.0,2025-01-27,22:45
14300,40.0,2025-01-27,23:00
14301,40.0,2025-01-27,23:15
14302,301.24,2025-01-27,23:30
14303,40.0,2025-01-27,23:45
14304,40.0,2025-01-27,24:00
14305,479.58,2025-01-28,00:15
14306,479.39,2025-01-28,00:30
14307,555.57,2025-01-28,00:45
14308,555.64,2025-01-28,01:00
14309,566.13,2025-01-28,01:15
14310,556.23,2025-01-28,01:30
14311,556.63,2025-01-28,01:45
14312,556.87,2025-01-28,02:00
14313,557.0,2025-01-28,02:15
14314,556.14,2025-01-28,02:30
14315,555.04,2025-01-28,02:45
14316,478.4,2025-01-28,03:00
14317,478.41,2025-01-28,03:15
14318,515.88,2025-01-28,03:30
14319,516.37,2025-01-28,03:45
14320,516.94,2025-01-28,04:00
14321,469.76,2025-01-28,04:15
14322,469.31,2025-01-28,04:30
14323,451.09,2025-01-28,04:45
14324,374.83,2025-01-28,05:00
14325,374.53,2025-01-28,05:15
14326,421.52,2025-01-28,05:30
14327,450.78,2025-01-28,05:45
14328,361.39,2025-01-28,06:00
14329,360.45,2025-01-28,06:15
14330,374.51,2025-01-28,06:30
14331,421.69,2025-01-28,06:45
14332,375.54,2025-01-28,07:00
14333,363.15,2025-01-28,07:15
14334,478.85,2025-01-28,07:30
14335,478.41,2025-01-28,07:45
14336,468.95,2025-01-28,08:00
14337,554.52,2025-01-28,08:15
14338,555.39,2025-01-28,08:30
14339,481.42,2025-01-28,08:45
14340,377.86,2025-01-28,09:00
14341,40.0,2025-01-28,09:15
14342,40.0,2025-01-28,09:30
14343,40.0,2025-01-28,09:45
14344,40.0,2025-01-28,10:00
14345,40.0,2025-01-28,10:15
14346,40.0,2025-01-28,10:30
14347,40.0,2025-01-28,10:45
14348,40.0,2025-01-28,11:00
14349,40.0,2025-01-28,11:15
14350,40.0,2025-01-28,11:30
14351,40.0,2025-01-28,11:45
14352,40.0,2025-01-28,12:00
14353,40.0,2025-01-28,12:15
14354,40.0,2025-01-28,12:30
14355,40.0,2025-01-28,12:45
14356,40.0,2025-01-28,13:00
14357,40.0,2025-01-28,13:15
14358,40.0,2025-01-28,13:30
14359,40.0,2025-01-28,13:45
14360,40.0,2025-01-28,14:00
14361,40.0,2025-01-28,14:15
14362,40.0,2025-01-28,14:30
14363,40.0,2025-01-28,14:45
14364,40.0,2025-01-28,15:00
14365,40.0,2025-01-28,15:15
14366,40.0,2025-01-28,15:30
14367,40.0,2025-01-28,15:45
14368,40.0,2025-01-28,16:00
14369,40.0,2025-01-28,16:15
14370,40.0,2025-01-28,16:30
14371,202.91,2025-01-28,16:45
14372,40.0,2025-01-28,17:00
14373,40.0,2025-01-28,17:15
14374,40.0,2025-01-28,17:30
14375,40.0,2025-01-28,17:45
14376,500.0,2025-01-28,18:00
14377,590.0,2025-01-28,18:15
14378,590.0,2025-01-28,18:30
14379,600.0,2025-01-28,18:45
14380,600.0,2025-01-28,19:00
14381,650.0,2025-01-28,19:15
14382,650.0,2025-01-28,19:30
14383,650.0,2025-01-28,19:45
14384,600.0,2025-01-28,20:00
14385,600.0,2025-01-28,20:15
14386,600.0,2025-01-28,20:30
14387,640.0,2025-01-28,20:45
14388,640.0,2025-01-28,21:00
14389,600.0,2025-01-28,21:15
14390,650.0,2025-01-28,21:30
14391,650.0,2025-01-28,21:45
14392,650.0,2025-01-28,22:00
14393,650.0,2025-01-28,22:15
14394,590.0,2025-01-28,22:30
14395,600.0,2025-01-28,22:45
14396,600.0,2025-01-28,23:00
14397,610.0,2025-01-28,23:15
14398,610.0,2025-01-28,23:30
14399,610.0,2025-01-28,23:45
14400,590.0,2025-01-28,24:00
14401,600.0,2025-01-29,00:15
14402,600.0,2025-01-29,00:30
14403,610.0,2025-01-29,00:45
14404,640.0,2025-01-29,01:00
14405,640.0,2025-01-29,01:15
14406,640.0,2025-01-29,01:30
14407,600.0,2025-01-29,01:45
14408,600.0,2025-01-29,02:00
14409,600.0,2025-01-29,02:15
14410,600.0,2025-01-29,02:30
14411,580.0,2025-01-29,02:45
14412,540.0,2025-01-29,03:00
14413,500.0,2025-01-29,03:15
14414,580.0,2025-01-29,03:30
14415,550.0,2025-01-29,03:45
14416,500.0,2025-01-29,04:00
14417,400.0,2025-01-29,04:15
14418,400.0,2025-01-29,04:30
14419,400.0,2025-01-29,04:45
14420,400.0,2025-01-29,05:00
14421,400.0,2025-01-29,05:15
14422,400.0,2025-01-29,05:30
14423,400.0,2025-01-29,05:45
14424,400.0,2025-01-29,06:00
14425,396.73,2025-01-29,06:15
14426,395.49,2025-01-29,06:30
14427,471.47,2025-01-29,06:45
14428,472.03,2025-01-29,07:00
14429,471.85,2025-01-29,07:15
14430,509.36,2025-01-29,07:30
14431,519.23,2025-01-29,07:45
14432,567.05,2025-01-29,08:00
14433,471.91,2025-01-29,08:15
14434,472.6,2025-01-29,08:30
14435,483.31,2025-01-29,08:45
14436,380.33,2025-01-29,09:00
14437,324.0,2025-01-29,09:15
14438,40.48,2025-01-29,09:30
14439,40.0,2025-01-29,09:45
14440,40.0,2025-01-29,10:00
14441,40.45,2025-01-29,10:15
14442,40.0,2025-01-29,10:30
14443,40.49,2025-01-29,10:45
14444,40.0,2025-01-29,11:00
14445,40.1,2025-01-29,11:15
14446,40.0,2025-01-29,11:30
14447,40.1,2025-01-29,11:45
14448,40.0,2025-01-29,12:00
14449,40.0,2025-01-29,12:15
14450,40.0,2025-01-29,12:30
14451,40.0,2025-01-29,12:45
14452,40.0,2025-01-29,13:00
14453,40.0,2025-01-29,13:15
14454,40.0,2025-01-29,13:30
14455,40.0,2025-01-29,13:45
14456,40.0,2025-01-29,14:00
14457,40.0,2025-01-29,14:15
14458,40.0,2025-01-29,14:30
14459,40.0,2025-01-29,14:45
14460,40.0,2025-01-29,15:00
14461,40.0,2025-01-29,15:15
14462,40.0,2025-01-29,15:30
14463,40.0,2025-01-29,15:45
14464,40.0,2025-01-29,16:00
14465,40.0,2025-01-29,16:15
14466,40.0,2025-01-29,16:30
14467,40.57,2025-01-29,16:45
14468,40.0,2025-01-29,17:00
14469,40.0,2025-01-29,17:15
14470,40.0,2025-01-29,17:30
14471,40.0,2025-01-29,17:45
14472,399.99,2025-01-29,18:00
14473,480.0,2025-01-29,18:15
14474,400.0,2025-01-29,18:30
14475,400.0,2025-01-29,18:45
14476,350.0,2025-01-29,19:00
14477,440.0,2025-01-29,19:15
14478,500.0,2025-01-29,19:30
14479,500.0,2025-01-29,19:45
14480,510.0,2025-01-29,20:00
14481,540.0,2025-01-29,20:15
14482,540.0,2025-01-29,20:30
14483,600.0,2025-01-29,20:45
14484,540.0,2025-01-29,21:00
14485,550.0,2025-01-29,21:15
14486,590.0,2025-01-29,21:30
14487,600.0,2025-01-29,21:45
14488,600.0,2025-01-29,22:00
14489,592.76,2025-01-29,22:15
14490,612.14,2025-01-29,22:30
14491,583.28,2025-01-29,22:45
14492,650.0,2025-01-29,23:00
14493,650.0,2025-01-29,23:15
14494,650.0,2025-01-29,23:30
14495,650.0,2025-01-29,23:45
14496,650.0,2025-01-29,24:00
14497,600.0,2025-01-30,00:15
14498,600.0,2025-01-30,00:30
14499,600.0,2025-01-30,00:45
14500,600.0,2025-01-30,01:00
14501,600.0,2025-01-30,01:15
14502,600.0,2025-01-30,01:30
14503,600.0,2025-01-30,01:45
14504,600.0,2025-01-30,02:00
14505,630.0,2025-01-30,02:15
14506,600.0,2025-01-30,02:30
14507,600.0,2025-01-30,02:45
14508,600.0,2025-01-30,03:00
14509,600.0,2025-01-30,03:15
14510,550.0,2025-01-30,03:30
14511,510.0,2025-01-30,03:45
14512,510.0,2025-01-30,04:00
14513,440.0,2025-01-30,04:15
14514,500.0,2025-01-30,04:30
14515,440.0,2025-01-30,04:45
14516,400.0,2025-01-30,05:00
14517,390.0,2025-01-30,05:15
14518,330.0,2025-01-30,05:30
14519,320.0,2025-01-30,05:45
14520,40.0,2025-01-30,06:00
14521,40.0,2025-01-30,06:15
14522,400.0,2025-01-30,06:30
14523,400.0,2025-01-30,06:45
14524,400.0,2025-01-30,07:00
14525,520.0,2025-01-30,07:15
14526,510.0,2025-01-30,07:30
14527,510.0,2025-01-30,07:45
14528,520.0,2025-01-30,08:00
14529,450.0,2025-01-30,08:15
14530,529.99,2025-01-30,08:30
14531,519.99,2025-01-30,08:45
14532,449.98,2025-01-30,09:00
14533,329.98,2025-01-30,09:15
14534,40.0,2025-01-30,09:30
14535,40.0,2025-01-30,09:45
14536,40.0,2025-01-30,10:00
14537,40.0,2025-01-30,10:15
14538,40.0,2025-01-30,10:30
14539,40.0,2025-01-30,10:45
14540,40.0,2025-01-30,11:00
14541,40.0,2025-01-30,11:15
14542,40.0,2025-01-30,11:30
14543,40.0,2025-01-30,11:45
14544,40.0,2025-01-30,12:00
14545,40.0,2025-01-30,12:15
14546,40.0,2025-01-30,12:30
14547,40.0,2025-01-30,12:45
14548,40.0,2025-01-30,13:00
14549,40.0,2025-01-30,13:15
14550,40.0,2025-01-30,13:30
14551,40.0,2025-01-30,13:45
14552,40.0,2025-01-30,14:00
14553,40.0,2025-01-30,14:15
14554,40.0,2025-01-30,14:30
14555,40.0,2025-01-30,14:45
14556,40.0,2025-01-30,15:00
14557,40.0,2025-01-30,15:15
14558,40.0,2025-01-30,15:30
14559,40.0,2025-01-30,15:45
14560,40.0,2025-01-30,16:00
14561,40.0,2025-01-30,16:15
14562,40.0,2025-01-30,16:30
14563,40.0,2025-01-30,16:45
14564,181.96,2025-01-30,17:00
14565,216.66,2025-01-30,17:15
14566,296.72,2025-01-30,17:30
14567,297.27,2025-01-30,17:45
14568,282.23,2025-01-30,18:00
14569,590.0,2025-01-30,18:15
14570,530.0,2025-01-30,18:30
14571,530.0,2025-01-30,18:45
14572,550.0,2025-01-30,19:00
14573,540.0,2025-01-30,19:15
14574,530.0,2025-01-30,19:30
14575,600.0,2025-01-30,19:45
14576,600.0,2025-01-30,20:00
14577,600.0,2025-01-30,20:15
14578,600.0,2025-01-30,20:30
14579,600.0,2025-01-30,20:45
14580,590.0,2025-01-30,21:00
14581,600.0,2025-01-30,21:15
14582,600.0,2025-01-30,21:30
14583,600.0,2025-01-30,21:45
14584,610.0,2025-01-30,22:00
14585,600.0,2025-01-30,22:15
14586,640.0,2025-01-30,22:30
14587,630.0,2025-01-30,22:45
14588,650.0,2025-01-30,23:00
14589,650.0,2025-01-30,23:15
14590,650.0,2025-01-30,23:30
14591,650.0,2025-01-30,23:45
14592,650.0,2025-01-30,24:00
14593,650.0,2025-01-31,00:15
14594,640.0,2025-01-31,00:30
14595,650.0,2025-01-31,00:45
14596,650.0,2025-01-31,01:00
14597,650.0,2025-01-31,01:15
14598,650.0,2025-01-31,01:30
14599,650.0,2025-01-31,01:45
14600,640.0,2025-01-31,02:00
14601,650.0,2025-01-31,02:15
14602,650.0,2025-01-31,02:30
14603,650.0,2025-01-31,02:45
14604,650.0,2025-01-31,03:00
14605,650.0,2025-01-31,03:15
14606,650.0,2025-01-31,03:30
14607,650.0,2025-01-31,03:45
14608,650.0,2025-01-31,04:00
14609,650.0,2025-01-31,04:15
14610,650.0,2025-01-31,04:30
14611,650.0,2025-01-31,04:45
14612,650.0,2025-01-31,05:00
14613,650.0,2025-01-31,05:15
14614,650.0,2025-01-31,05:30
14615,650.0,2025-01-31,05:45
14616,650.0,2025-01-31,06:00
14617,650.0,2025-01-31,06:15
14618,640.0,2025-01-31,06:30
14619,650.0,2025-01-31,06:45
14620,650.0,2025-01-31,07:00
14621,650.0,2025-01-31,07:15
14622,650.0,2025-01-31,07:30
14623,650.0,2025-01-31,07:45
14624,650.0,2025-01-31,08:00
14625,650.0,2025-01-31,08:15
14626,650.0,2025-01-31,08:30
14627,649.99,2025-01-31,08:45
14628,639.98,2025-01-31,09:00
14629,599.97,2025-01-31,09:15
14630,597.04,2025-01-31,09:30
14631,499.94,2025-01-31,09:45
14632,449.93,2025-01-31,10:00
14633,319.94,2025-01-31,10:15
14634,319.93,2025-01-31,10:30
14635,40.0,2025-01-31,10:45
14636,40.0,2025-01-31,11:00
14637,40.0,2025-01-31,11:15
14638,40.0,2025-01-31,11:30
14639,40.0,2025-01-31,11:45
14640,40.0,2025-01-31,12:00
14641,40.0,2025-01-31,12:15
14642,40.0,2025-01-31,12:30
14643,40.0,2025-01-31,12:45
14644,40.0,2025-01-31,13:00
14645,40.0,2025-01-31,13:15
14646,40.0,2025-01-31,13:30
14647,40.0,2025-01-31,13:45
14648,40.0,2025-01-31,14:00
14649,40.0,2025-01-31,14:15
14650,40.11,2025-01-31,14:30
14651,40.0,2025-01-31,14:45
14652,40.0,2025-01-31,15:00
14653,40.0,2025-01-31,15:15
14654,40.0,2025-01-31,15:30
14655,40.0,2025-01-31,15:45
14656,40.0,2025-01-31,16:00
14657,40.0,2025-01-31,16:15
14658,40.5,2025-01-31,16:30
14659,40.0,2025-01-31,16:45
14660,40.0,2025-01-31,17:00
14661,40.0,2025-01-31,17:15
14662,630.0,2025-01-31,17:30
14663,650.0,2025-01-31,17:45
14664,650.0,2025-01-31,18:00
14665,650.0,2025-01-31,18:15
14666,650.0,2025-01-31,18:30
14667,650.0,2025-01-31,18:45
14668,650.0,2025-01-31,19:00
14669,650.0,2025-01-31,19:15
14670,650.0,2025-01-31,19:30
14671,650.0,2025-01-31,19:45
14672,650.0,2025-01-31,20:00
14673,650.0,2025-01-31,20:15
14674,650.0,2025-01-31,20:30
14675,650.0,2025-01-31,20:45
14676,650.0,2025-01-31,21:00
14677,650.0,2025-01-31,21:15
14678,650.0,2025-01-31,21:30
14679,650.0,2025-01-31,21:45
14680,650.0,2025-01-31,22:00
14681,600.0,2025-01-31,22:15
14682,600.0,2025-01-31,22:30
14683,600.0,2025-01-31,22:45
14684,530.0,2025-01-31,23:00
14685,510.0,2025-01-31,23:15
14686,510.0,2025-01-31,23:30
14687,500.0,2025-01-31,23:45
14688,530.0,2025-01-31,24:00
14689,650.0,2025-02-01,00:15
14690,650.0,2025-02-01,00:30
14691,650.0,2025-02-01,00:45
14692,650.0,2025-02-01,01:00
14693,600.0,2025-02-01,01:15
14694,650.0,2025-02-01,01:30
14695,650.0,2025-02-01,01:45
14696,650.0,2025-02-01,02:00
14697,650.0,2025-02-01,02:15
14698,650.0,2025-02-01,02:30
14699,650.0,2025-02-01,02:45
14700,610.0,2025-02-01,03:00
14701,650.0,2025-02-01,03:15
14702,650.0,2025-02-01,03:30
14703,600.0,2025-02-01,03:45
14704,630.0,2025-02-01,04:00
14705,600.0,2025-02-01,04:15
14706,600.0,2025-02-01,04:30
14707,600.0,2025-02-01,04:45
14708,600.0,2025-02-01,05:00
14709,550.0,2025-02-01,05:15
14710,510.0,2025-02-01,05:30
14711,520.0,2025-02-01,05:45
14712,510.0,2025-02-01,06:00
14713,600.0,2025-02-01,06:15
14714,540.0,2025-02-01,06:30
14715,630.0,2025-02-01,06:45
14716,650.0,2025-02-01,07:00
14717,600.0,2025-02-01,07:15
14718,600.0,2025-02-01,07:30
14719,600.0,2025-02-01,07:45
14720,600.0,2025-02-01,08:00
14721,590.0,2025-02-01,08:15
14722,599.99,2025-02-01,08:30
14723,599.99,2025-02-01,08:45
14724,589.98,2025-02-01,09:00
14725,589.96,2025-02-01,09:15
14726,599.95,2025-02-01,09:30
14727,499.95,2025-02-01,09:45
14728,349.96,2025-02-01,10:00
14729,329.95,2025-02-01,10:15
14730,40.0,2025-02-01,10:30
14731,40.0,2025-02-01,10:45
14732,40.0,2025-02-01,11:00
14733,40.0,2025-02-01,11:15
14734,40.0,2025-02-01,11:30
14735,40.0,2025-02-01,11:45
14736,40.0,2025-02-01,12:00
14737,40.0,2025-02-01,12:15
14738,40.0,2025-02-01,12:30
14739,40.0,2025-02-01,12:45
14740,40.0,2025-02-01,13:00
14741,40.0,2025-02-01,13:15
14742,40.0,2025-02-01,13:30
14743,40.0,2025-02-01,13:45
14744,40.0,2025-02-01,14:00
14745,40.0,2025-02-01,14:15
14746,40.0,2025-02-01,14:30
14747,40.0,2025-02-01,14:45
14748,40.0,2025-02-01,15:00
14749,40.51,2025-02-01,15:15
14750,40.0,2025-02-01,15:30
14751,40.51,2025-02-01,15:45
14752,40.0,2025-02-01,16:00
14753,40.0,2025-02-01,16:15
14754,40.0,2025-02-01,16:30
14755,40.0,2025-02-01,16:45
14756,40.0,2025-02-01,17:00
14757,246.06,2025-02-01,17:15
14758,360.96,2025-02-01,17:30
14759,450.05,2025-02-01,17:45
14760,479.99,2025-02-01,18:00
14761,480.0,2025-02-01,18:15
14762,410.0,2025-02-01,18:30
14763,350.0,2025-02-01,18:45
14764,340.0,2025-02-01,19:00
14765,40.0,2025-02-01,19:15
14766,40.0,2025-02-01,19:30
14767,310.0,2025-02-01,19:45
14768,330.0,2025-02-01,20:00
14769,340.0,2025-02-01,20:15
14770,340.0,2025-02-01,20:30
14771,400.0,2025-02-01,20:45
14772,440.0,2025-02-01,21:00
14773,450.0,2025-02-01,21:15
14774,520.0,2025-02-01,21:30
14775,490.0,2025-02-01,21:45
14776,500.0,2025-02-01,22:00
14777,450.0,2025-02-01,22:15
14778,500.0,2025-02-01,22:30
14779,400.0,2025-02-01,22:45
14780,400.0,2025-02-01,23:00
14781,452.02,2025-02-01,23:15
14782,350.55,2025-02-01,23:30
14783,359.72,2025-02-01,23:45
14784,461.72,2025-02-01,24:00
14785,470.96,2025-02-02,00:15
14786,442.96,2025-02-02,00:30
14787,461.25,2025-02-02,00:45
14788,470.36,2025-02-02,01:00
14789,553.3,2025-02-02,01:15
14790,600.0,2025-02-02,01:30
14791,600.0,2025-02-02,01:45
14792,600.0,2025-02-02,02:00
14793,554.22,2025-02-02,02:15
14794,650.0,2025-02-02,02:30
14795,650.0,2025-02-02,02:45
14796,650.0,2025-02-02,03:00
14797,500.0,2025-02-02,03:15
14798,590.0,2025-02-02,03:30
14799,600.0,2025-02-02,03:45
14800,590.0,2025-02-02,04:00
14801,650.0,2025-02-02,04:15
14802,650.0,2025-02-02,04:30
14803,650.0,2025-02-02,04:45
14804,650.0,2025-02-02,05:00
14805,650.0,2025-02-02,05:15
14806,650.0,2025-02-02,05:30
14807,650.0,2025-02-02,05:45
14808,650.0,2025-02-02,06:00
14809,650.0,2025-02-02,06:15
14810,650.0,2025-02-02,06:30
14811,650.0,2025-02-02,06:45
14812,650.0,2025-02-02,07:00
14813,650.0,2025-02-02,07:15
14814,650.0,2025-02-02,07:30
14815,650.0,2025-02-02,07:45
14816,650.0,2025-02-02,08:00
14817,650.0,2025-02-02,08:15
14818,649.99,2025-02-02,08:30
14819,649.99,2025-02-02,08:45
14820,649.98,2025-02-02,09:00
14821,555.82,2025-02-02,09:15
14822,556.79,2025-02-02,09:30
14823,499.96,2025-02-02,09:45
14824,489.95,2025-02-02,10:00
14825,399.96,2025-02-02,10:15
14826,40.0,2025-02-02,10:30
14827,40.0,2025-02-02,10:45
14828,40.0,2025-02-02,11:00
14829,40.0,2025-02-02,11:15
14830,40.0,2025-02-02,11:30
14831,40.0,2025-02-02,11:45
14832,40.0,2025-02-02,12:00
14833,40.0,2025-02-02,12:15
14834,40.0,2025-02-02,12:30
14835,40.0,2025-02-02,12:45
14836,40.0,2025-02-02,13:00
14837,40.0,2025-02-02,13:15
14838,40.0,2025-02-02,13:30
14839,40.0,2025-02-02,13:45
14840,40.0,2025-02-02,14:00
14841,40.0,2025-02-02,14:15
14842,40.0,2025-02-02,14:30
14843,40.0,2025-02-02,14:45
14844,40.0,2025-02-02,15:00
14845,40.0,2025-02-02,15:15
14846,40.0,2025-02-02,15:30
14847,40.0,2025-02-02,15:45
14848,40.0,2025-02-02,16:00
14849,40.0,2025-02-02,16:15
14850,40.0,2025-02-02,16:30
14851,40.0,2025-02-02,16:45
14852,40.0,2025-02-02,17:00
14853,40.0,2025-02-02,17:15
14854,40.0,2025-02-02,17:30
14855,40.0,2025-02-02,17:45
14856,40.0,2025-02-02,18:00
14857,40.0,2025-02-02,18:15
14858,40.0,2025-02-02,18:30
14859,40.0,2025-02-02,18:45
14860,40.0,2025-02-02,19:00
14861,40.0,2025-02-02,19:15
14862,40.0,2025-02-02,19:30
14863,40.0,2025-02-02,19:45
14864,310.0,2025-02-02,20:00
14865,40.0,2025-02-02,20:15
14866,130.0,2025-02-02,20:30
14867,330.0,2025-02-02,20:45
14868,350.0,2025-02-02,21:00
14869,350.0,2025-02-02,21:15
14870,400.0,2025-02-02,21:30
14871,450.0,2025-02-02,21:45
14872,400.0,2025-02-02,22:00
14873,500.0,2025-02-02,22:15
14874,500.0,2025-02-02,22:30
14875,500.0,2025-02-02,22:45
14876,510.0,2025-02-02,23:00
14877,600.0,2025-02-02,23:15
14878,590.0,2025-02-02,23:30
14879,600.0,2025-02-02,23:45
14880,640.0,2025-02-02,24:00
14881,650.0,2025-02-03,00:15
14882,650.0,2025-02-03,00:30
14883,650.0,2025-02-03,00:45
14884,650.0,2025-02-03,01:00
14885,650.0,2025-02-03,01:15
14886,650.0,2025-02-03,01:30
14887,650.0,2025-02-03,01:45
14888,650.0,2025-02-03,02:00
14889,600.0,2025-02-03,02:15
14890,650.0,2025-02-03,02:30
14891,650.0,2025-02-03,02:45
14892,650.0,2025-02-03,03:00
14893,650.0,2025-02-03,03:15
14894,650.0,2025-02-03,03:30
14895,650.0,2025-02-03,03:45
14896,650.0,2025-02-03,04:00
14897,650.0,2025-02-03,04:15
14898,650.0,2025-02-03,04:30
14899,650.0,2025-02-03,04:45
14900,650.0,2025-02-03,05:00
14901,650.0,2025-02-03,05:15
14902,650.0,2025-02-03,05:30
14903,650.0,2025-02-03,05:45
14904,650.0,2025-02-03,06:00
14905,650.0,2025-02-03,06:15
14906,650.0,2025-02-03,06:30
14907,650.0,2025-02-03,06:45
14908,650.0,2025-02-03,07:00
14909,650.0,2025-02-03,07:15
14910,650.0,2025-02-03,07:30
14911,650.0,2025-02-03,07:45
14912,650.0,2025-02-03,08:00
14913,650.0,2025-02-03,08:15
14914,650.0,2025-02-03,08:30
14915,649.99,2025-02-03,08:45
14916,609.98,2025-02-03,09:00
14917,579.96,2025-02-03,09:15
14918,476.33,2025-02-03,09:30
14919,109.99,2025-02-03,09:45
14920,40.0,2025-02-03,10:00
14921,40.0,2025-02-03,10:15
14922,40.0,2025-02-03,10:30
14923,40.0,2025-02-03,10:45
14924,40.0,2025-02-03,11:00
14925,40.0,2025-02-03,11:15
14926,40.0,2025-02-03,11:30
14927,40.0,2025-02-03,11:45
14928,40.0,2025-02-03,12:00
14929,40.0,2025-02-03,12:15
14930,40.0,2025-02-03,12:30
14931,40.0,2025-02-03,12:45
14932,40.0,2025-02-03,13:00
14933,40.0,2025-02-03,13:15
14934,40.0,2025-02-03,13:30
14935,40.0,2025-02-03,13:45
14936,40.0,2025-02-03,14:00
14937,40.0,2025-02-03,14:15
14938,40.0,2025-02-03,14:30
14939,40.0,2025-02-03,14:45
14940,40.0,2025-02-03,15:00
14941,40.0,2025-02-03,15:15
14942,40.0,2025-02-03,15:30
14943,40.0,2025-02-03,15:45
14944,40.0,2025-02-03,16:00
14945,40.0,2025-02-03,16:15
14946,40.0,2025-02-03,16:30
14947,40.0,2025-02-03,16:45
14948,40.0,2025-02-03,17:00
14949,40.0,2025-02-03,17:15
14950,40.0,2025-02-03,17:30
14951,40.0,2025-02-03,17:45
14952,355.46,2025-02-03,18:00
14953,326.04,2025-02-03,18:15
14954,305.28,2025-02-03,18:30
14955,40.0,2025-02-03,18:45
14956,40.0,2025-02-03,19:00
14957,40.0,2025-02-03,19:15
14958,40.0,2025-02-03,19:30
14959,400.0,2025-02-03,19:45
14960,450.0,2025-02-03,20:00
14961,450.0,2025-02-03,20:15
14962,450.0,2025-02-03,20:30
14963,500.0,2025-02-03,20:45
14964,510.0,2025-02-03,21:00
14965,510.0,2025-02-03,21:15
14966,510.0,2025-02-03,21:30
14967,530.0,2025-02-03,21:45
14968,550.0,2025-02-03,22:00
14969,590.0,2025-02-03,22:15
14970,600.0,2025-02-03,22:30
14971,600.0,2025-02-03,22:45
14972,600.0,2025-02-03,23:00
14973,620.0,2025-02-03,23:15
14974,650.0,2025-02-03,23:30
14975,600.0,2025-02-03,23:45
14976,600.0,2025-02-03,24:00
14977,650.0,2025-02-04,00:15
14978,650.0,2025-02-04,00:30
14979,650.0,2025-02-04,00:45
14980,650.0,2025-02-04,01:00
14981,650.0,2025-02-04,01:15
14982,650.0,2025-02-04,01:30
14983,650.0,2025-02-04,01:45
14984,650.0,2025-02-04,02:00
14985,650.0,2025-02-04,02:15
14986,650.0,2025-02-04,02:30
14987,650.0,2025-02-04,02:45
14988,650.0,2025-02-04,03:00
14989,650.0,2025-02-04,03:15
14990,650.0,2025-02-04,03:30
14991,650.0,2025-02-04,03:45
14992,650.0,2025-02-04,04:00
14993,650.0,2025-02-04,04:15
14994,650.0,2025-02-04,04:30
14995,650.0,2025-02-04,04:45
14996,650.0,2025-02-04,05:00
14997,650.0,2025-02-04,05:15
14998,650.0,2025-02-04,05:30
14999,650.0,2025-02-04,05:45
15000,650.0,2025-02-04,06:00
15001,650.0,2025-02-04,06:15
15002,650.0,2025-02-04,06:30
15003,650.0,2025-02-04,06:45
15004,650.0,2025-02-04,07:00
15005,650.0,2025-02-04,07:15
15006,650.0,2025-02-04,07:30
15007,650.0,2025-02-04,07:45
15008,650.0,2025-02-04,08:00
15009,650.0,2025-02-04,08:15
15010,630.0,2025-02-04,08:30
15011,629.99,2025-02-04,08:45
15012,609.98,2025-02-04,09:00
15013,399.97,2025-02-04,09:15
15014,339.97,2025-02-04,09:30
15015,40.0,2025-02-04,09:45
15016,40.0,2025-02-04,10:00
15017,40.0,2025-02-04,10:15
15018,40.0,2025-02-04,10:30
15019,40.0,2025-02-04,10:45
15020,40.0,2025-02-04,11:00
15021,40.0,2025-02-04,11:15
15022,40.0,2025-02-04,11:30
15023,40.0,2025-02-04,11:45
15024,40.0,2025-02-04,12:00
15025,40.0,2025-02-04,12:15
15026,40.0,2025-02-04,12:30
15027,40.0,2025-02-04,12:45
15028,40.0,2025-02-04,13:00
15029,40.0,2025-02-04,13:15
15030,40.0,2025-02-04,13:30
15031,40.0,2025-02-04,13:45
15032,40.0,2025-02-04,14:00
15033,40.0,2025-02-04,14:15
15034,40.0,2025-02-04,14:30
15035,40.0,2025-02-04,14:45
15036,40.0,2025-02-04,15:00
15037,40.0,2025-02-04,15:15
15038,40.0,2025-02-04,15:30
15039,40.0,2025-02-04,15:45
15040,40.0,2025-02-04,16:00
15041,40.0,2025-02-04,16:15
15042,40.0,2025-02-04,16:30
15043,40.0,2025-02-04,16:45
15044,40.0,2025-02-04,17:00
15045,40.0,2025-02-04,17:15
15046,40.0,2025-02-04,17:30
15047,40.0,2025-02-04,17:45
15048,40.0,2025-02-04,18:00
15049,562.12,2025-02-04,18:15
15050,559.52,2025-02-04,18:30
15051,559.58,2025-02-04,18:45
15052,559.95,2025-02-04,19:00
15053,590.0,2025-02-04,19:15
15054,550.0,2025-02-04,19:30
15055,590.0,2025-02-04,19:45
15056,590.0,2025-02-04,20:00
15057,590.0,2025-02-04,20:15
15058,640.0,2025-02-04,20:30
15059,480.0,2025-02-04,20:45
15060,510.0,2025-02-04,21:00
15061,510.0,2025-02-04,21:15
15062,500.0,2025-02-04,21:30
15063,400.0,2025-02-04,21:45
15064,40.0,2025-02-04,22:00
15065,40.0,2025-02-04,22:15
15066,40.0,2025-02-04,22:30
15067,350.66,2025-02-04,22:45
15068,40.0,2025-02-04,23:00
15069,40.0,2025-02-04,23:15
15070,121.47,2025-02-04,23:30
15071,121.64,2025-02-04,23:45
15072,40.0,2025-02-04,24:00
15073,40.0,2025-02-05,00:15
15074,40.0,2025-02-05,00:30
15075,40.0,2025-02-05,00:45
15076,280.1,2025-02-05,01:00
15077,318.84,2025-02-05,01:15
15078,282.85,2025-02-05,01:30
15079,40.0,2025-02-05,01:45
15080,40.0,2025-02-05,02:00
15081,214.66,2025-02-05,02:15
15082,250.56,2025-02-05,02:30
15083,40.0,2025-02-05,02:45
15084,282.64,2025-02-05,03:00
15085,40.0,2025-02-05,03:15
15086,130.0,2025-02-05,03:30
15087,320.0,2025-02-05,03:45
15088,340.0,2025-02-05,04:00
15089,40.0,2025-02-05,04:15
15090,320.0,2025-02-05,04:30
15091,40.0,2025-02-05,04:45
15092,310.0,2025-02-05,05:00
15093,330.0,2025-02-05,05:15
15094,380.0,2025-02-05,05:30
15095,400.0,2025-02-05,05:45
15096,400.0,2025-02-05,06:00
15097,400.0,2025-02-05,06:15
15098,400.0,2025-02-05,06:30
15099,400.0,2025-02-05,06:45
15100,430.0,2025-02-05,07:00
15101,440.0,2025-02-05,07:15
15102,500.0,2025-02-05,07:30
15103,530.0,2025-02-05,07:45
15104,490.0,2025-02-05,08:00
15105,500.0,2025-02-05,08:15
15106,400.0,2025-02-05,08:30
15107,389.99,2025-02-05,08:45
15108,349.99,2025-02-05,09:00
15109,40.0,2025-02-05,09:15
15110,40.0,2025-02-05,09:30
15111,40.0,2025-02-05,09:45
15112,40.0,2025-02-05,10:00
15113,40.0,2025-02-05,10:15
15114,40.0,2025-02-05,10:30
15115,40.0,2025-02-05,10:45
15116,40.0,2025-02-05,11:00
15117,40.0,2025-02-05,11:15
15118,40.0,2025-02-05,11:30
15119,40.0,2025-02-05,11:45
15120,40.0,2025-02-05,12:00
15121,40.0,2025-02-05,12:15
15122,40.0,2025-02-05,12:30
15123,40.0,2025-02-05,12:45
15124,40.0,2025-02-05,13:00
15125,40.0,2025-02-05,13:15
15126,40.0,2025-02-05,13:30
15127,40.0,2025-02-05,13:45
15128,40.0,2025-02-05,14:00
15129,40.0,2025-02-05,14:15
15130,40.0,2025-02-05,14:30
15131,40.0,2025-02-05,14:45
15132,40.0,2025-02-05,15:00
15133,40.0,2025-02-05,15:15
15134,40.0,2025-02-05,15:30
15135,40.0,2025-02-05,15:45
15136,40.0,2025-02-05,16:00
15137,40.0,2025-02-05,16:15
15138,40.0,2025-02-05,16:30
15139,40.0,2025-02-05,16:45
15140,40.0,2025-02-05,17:00
15141,175.37,2025-02-05,17:15
15142,198.71,2025-02-05,17:30
15143,165.89,2025-02-05,17:45
15144,130.0,2025-02-05,18:00
15145,439.99,2025-02-05,18:15
15146,550.0,2025-02-05,18:30
15147,600.0,2025-02-05,18:45
15148,390.0,2025-02-05,19:00
15149,390.0,2025-02-05,19:15
15150,340.0,2025-02-05,19:30
15151,334.53,2025-02-05,19:45
15152,362.66,2025-02-05,20:00
15153,382.03,2025-02-05,20:15
15154,372.64,2025-02-05,20:30
15155,362.78,2025-02-05,20:45
15156,372.34,2025-02-05,21:00
15157,380.7,2025-02-05,21:15
15158,380.35,2025-02-05,21:30
15159,400.0,2025-02-05,21:45
15160,320.0,2025-02-05,22:00
15161,396.88,2025-02-05,22:15
15162,396.9,2025-02-05,22:30
15163,446.79,2025-02-05,22:45
15164,437.35,2025-02-05,23:00
15165,490.11,2025-02-05,23:15
15166,376.94,2025-02-05,23:30
15167,291.82,2025-02-05,23:45
15168,356.18,2025-02-05,24:00
15169,440.0,2025-02-06,00:15
15170,394.64,2025-02-06,00:30
15171,495.15,2025-02-06,00:45
15172,543.28,2025-02-06,01:00
15173,500.0,2025-02-06,01:15
15174,450.0,2025-02-06,01:30
15175,463.29,2025-02-06,01:45
15176,463.43,2025-02-06,02:00
15177,416.9,2025-02-06,02:15
15178,416.94,2025-02-06,02:30
15179,462.98,2025-02-06,02:45
15180,462.99,2025-02-06,03:00
15181,416.88,2025-02-06,03:15
15182,463.14,2025-02-06,03:30
15183,463.19,2025-02-06,03:45
15184,463.33,2025-02-06,04:00
15185,462.8,2025-02-06,04:15
15186,416.98,2025-02-06,04:30
15187,417.03,2025-02-06,04:45
15188,410.07,2025-02-06,05:00
15189,432.79,2025-02-06,05:15
15190,434.12,2025-02-06,05:30
15191,478.32,2025-02-06,05:45
15192,435.7,2025-02-06,06:00
15193,479.47,2025-02-06,06:15
15194,479.24,2025-02-06,06:30
15195,435.26,2025-02-06,06:45
15196,383.57,2025-02-06,07:00
15197,348.41,2025-02-06,07:15
15198,347.5,2025-02-06,07:30
15199,348.31,2025-02-06,07:45
15200,347.97,2025-02-06,08:00
15201,392.09,2025-02-06,08:15
15202,393.12,2025-02-06,08:30
15203,439.98,2025-02-06,08:45
15204,459.92,2025-02-06,09:00
15205,300.45,2025-02-06,09:15
15206,40.0,2025-02-06,09:30
15207,40.0,2025-02-06,09:45
15208,40.0,2025-02-06,10:00
15209,40.0,2025-02-06,10:15
15210,40.0,2025-02-06,10:30
15211,40.0,2025-02-06,10:45
15212,40.0,2025-02-06,11:00
15213,40.0,2025-02-06,11:15
15214,40.0,2025-02-06,11:30
15215,40.0,2025-02-06,11:45
15216,40.0,2025-02-06,12:00
15217,40.0,2025-02-06,12:15
15218,40.0,2025-02-06,12:30
15219,40.0,2025-02-06,12:45
15220,40.0,2025-02-06,13:00
15221,40.0,2025-02-06,13:15
15222,40.0,2025-02-06,13:30
15223,40.0,2025-02-06,13:45
15224,40.0,2025-02-06,14:00
15225,40.0,2025-02-06,14:15
15226,40.0,2025-02-06,14:30
15227,40.0,2025-02-06,14:45
15228,40.0,2025-02-06,15:00
15229,40.0,2025-02-06,15:15
15230,40.0,2025-02-06,15:30
15231,40.0,2025-02-06,15:45
15232,40.0,2025-02-06,16:00
15233,40.0,2025-02-06,16:15
15234,40.0,2025-02-06,16:30
15235,40.0,2025-02-06,16:45
15236,40.0,2025-02-06,17:00
15237,40.0,2025-02-06,17:15
15238,40.0,2025-02-06,17:30
15239,40.0,2025-02-06,17:45
15240,40.0,2025-02-06,18:00
15241,563.42,2025-02-06,18:15
15242,552.27,2025-02-06,18:30
15243,562.03,2025-02-06,18:45
15244,600.0,2025-02-06,19:00
15245,590.0,2025-02-06,19:15
15246,467.24,2025-02-06,19:30
15247,500.0,2025-02-06,19:45
15248,500.0,2025-02-06,20:00
15249,500.0,2025-02-06,20:15
15250,500.0,2025-02-06,20:30
15251,500.0,2025-02-06,20:45
15252,440.0,2025-02-06,21:00
15253,440.0,2025-02-06,21:15
15254,450.0,2025-02-06,21:30
15255,400.0,2025-02-06,21:45
15256,450.0,2025-02-06,22:00
15257,340.0,2025-02-06,22:15
15258,350.0,2025-02-06,22:30
15259,130.0,2025-02-06,22:45
15260,500.0,2025-02-06,23:00
15261,500.49,2025-02-06,23:15
15262,440.0,2025-02-06,23:30
15263,130.0,2025-02-06,23:45
15264,310.0,2025-02-06,24:00
15265,380.0,2025-02-07,00:15
15266,400.0,2025-02-07,00:30
15267,276.25,2025-02-07,00:45
15268,364.55,2025-02-07,01:00
15269,363.78,2025-02-07,01:15
15270,355.16,2025-02-07,01:30
15271,348.69,2025-02-07,01:45
15272,456.39,2025-02-07,02:00
15273,359.24,2025-02-07,02:15
15274,394.86,2025-02-07,02:30
15275,396.34,2025-02-07,02:45
15276,397.95,2025-02-07,03:00
15277,386.22,2025-02-07,03:15
15278,387.38,2025-02-07,03:30
15279,486.95,2025-02-07,03:45
15280,488.96,2025-02-07,04:00
15281,402.82,2025-02-07,04:15
15282,402.06,2025-02-07,04:30
15283,349.41,2025-02-07,04:45
15284,357.09,2025-02-07,05:00
15285,393.53,2025-02-07,05:15
15286,363.37,2025-02-07,05:30
15287,441.24,2025-02-07,05:45
15288,399.39,2025-02-07,06:00
15289,386.1,2025-02-07,06:15
15290,568.0,2025-02-07,06:30
15291,550.7,2025-02-07,06:45
15292,480.97,2025-02-07,07:00
15293,586.46,2025-02-07,07:15
15294,597.58,2025-02-07,07:30
15295,598.29,2025-02-07,07:45
15296,596.19,2025-02-07,08:00
15297,617.52,2025-02-07,08:15
15298,619.58,2025-02-07,08:30
15299,621.22,2025-02-07,08:45
15300,611.3,2025-02-07,09:00
15301,624.75,2025-02-07,09:15
15302,578.61,2025-02-07,09:30
15303,197.68,2025-02-07,09:45
15304,88.44,2025-02-07,10:00
15305,245.31,2025-02-07,10:15
15306,40.0,2025-02-07,10:30
15307,40.0,2025-02-07,10:45
15308,40.0,2025-02-07,11:00
15309,40.0,2025-02-07,11:15
15310,40.0,2025-02-07,11:30
15311,40.0,2025-02-07,11:45
15312,40.0,2025-02-07,12:00
15313,40.0,2025-02-07,12:15
15314,40.0,2025-02-07,12:30
15315,40.0,2025-02-07,12:45
15316,40.0,2025-02-07,13:00
15317,40.0,2025-02-07,13:15
15318,40.0,2025-02-07,13:30
15319,40.0,2025-02-07,13:45
15320,40.0,2025-02-07,14:00
15321,40.0,2025-02-07,14:15
15322,40.0,2025-02-07,14:30
15323,40.0,2025-02-07,14:45
15324,40.68,2025-02-07,15:00
15325,40.0,2025-02-07,15:15
15326,40.68,2025-02-07,15:30
15327,81.89,2025-02-07,15:45
15328,183.91,2025-02-07,16:00
15329,211.09,2025-02-07,16:15
15330,303.76,2025-02-07,16:30
15331,340.84,2025-02-07,16:45
15332,353.34,2025-02-07,17:00
15333,403.85,2025-02-07,17:15
15334,403.09,2025-02-07,17:30
15335,496.6,2025-02-07,17:45
15336,493.27,2025-02-07,18:00
15337,499.53,2025-02-07,18:15
15338,650.0,2025-02-07,18:30
15339,582.88,2025-02-07,18:45
15340,582.58,2025-02-07,19:00
15341,550.0,2025-02-07,19:15
15342,590.0,2025-02-07,19:30
15343,550.0,2025-02-07,19:45
15344,440.0,2025-02-07,20:00
15345,530.0,2025-02-07,20:15
15346,421.7,2025-02-07,20:30
15347,427.47,2025-02-07,20:45
15348,535.7,2025-02-07,21:00
15349,596.71,2025-02-07,21:15
15350,566.83,2025-02-07,21:30
15351,560.13,2025-02-07,21:45
15352,550.0,2025-02-07,22:00
15353,600.0,2025-02-07,22:15
15354,596.57,2025-02-07,22:30
15355,600.0,2025-02-07,22:45
15356,600.0,2025-02-07,23:00
15357,580.0,2025-02-07,23:15
15358,396.69,2025-02-07,23:30
15359,500.0,2025-02-07,23:45
15360,600.0,2025-02-07,24:00
15361,335.73,2025-02-08,00:15
15362,343.12,2025-02-08,00:30
15363,550.0,2025-02-08,00:45
15364,535.81,2025-02-08,01:00
15365,471.74,2025-02-08,01:15
15366,476.44,2025-02-08,01:30
15367,454.97,2025-02-08,01:45
15368,568.73,2025-02-08,02:00
15369,457.82,2025-02-08,02:15
15370,458.11,2025-02-08,02:30
15371,600.0,2025-02-08,02:45
15372,600.0,2025-02-08,03:00
15373,526.85,2025-02-08,03:15
15374,530.0,2025-02-08,03:30
15375,500.0,2025-02-08,03:45
15376,500.0,2025-02-08,04:00
15377,403.18,2025-02-08,04:15
15378,500.0,2025-02-08,04:30
15379,500.0,2025-02-08,04:45
15380,500.0,2025-02-08,05:00
15381,500.0,2025-02-08,05:15
15382,500.0,2025-02-08,05:30
15383,510.0,2025-02-08,05:45
15384,550.0,2025-02-08,06:00
15385,400.0,2025-02-08,06:15
15386,500.0,2025-02-08,06:30
15387,500.0,2025-02-08,06:45
15388,490.0,2025-02-08,07:00
15389,550.0,2025-02-08,07:15
15390,590.0,2025-02-08,07:30
15391,590.0,2025-02-08,07:45
15392,600.0,2025-02-08,08:00
15393,600.0,2025-02-08,08:15
15394,599.99,2025-02-08,08:30
15395,629.99,2025-02-08,08:45
15396,599.98,2025-02-08,09:00
15397,549.96,2025-02-08,09:15
15398,399.96,2025-02-08,09:30
15399,119.99,2025-02-08,09:45
15400,40.0,2025-02-08,10:00
15401,40.0,2025-02-08,10:15
15402,40.0,2025-02-08,10:30
15403,40.0,2025-02-08,10:45
15404,40.0,2025-02-08,11:00
15405,40.0,2025-02-08,11:15
15406,40.0,2025-02-08,11:30
15407,40.0,2025-02-08,11:45
15408,40.0,2025-02-08,12:00
15409,40.0,2025-02-08,12:15
15410,40.0,2025-02-08,12:30
15411,40.0,2025-02-08,12:45
15412,40.0,2025-02-08,13:00
15413,40.0,2025-02-08,13:15
15414,40.0,2025-02-08,13:30
15415,40.0,2025-02-08,13:45
15416,40.0,2025-02-08,14:00
15417,40.0,2025-02-08,14:15
15418,40.0,2025-02-08,14:30
15419,40.0,2025-02-08,14:45
15420,40.0,2025-02-08,15:00
15421,40.0,2025-02-08,15:15
15422,40.0,2025-02-08,15:30
15423,40.0,2025-02-08,15:45
15424,40.0,2025-02-08,16:00
15425,83.34,2025-02-08,16:15
15426,248.9,2025-02-08,16:30
15427,309.91,2025-02-08,16:45
15428,323.41,2025-02-08,17:00
15429,352.98,2025-02-08,17:15
15430,491.18,2025-02-08,17:30
15431,520.78,2025-02-08,17:45
15432,494.17,2025-02-08,18:00
15433,493.68,2025-02-08,18:15
15434,481.44,2025-02-08,18:30
15435,470.76,2025-02-08,18:45
15436,473.74,2025-02-08,19:00
15437,420.79,2025-02-08,19:15
15438,538.48,2025-02-08,19:30
15439,491.51,2025-02-08,19:45
15440,441.83,2025-02-08,20:00
15441,355.49,2025-02-08,20:15
15442,305.6,2025-02-08,20:30
15443,400.0,2025-02-08,20:45
15444,450.0,2025-02-08,21:00
15445,400.0,2025-02-08,21:15
15446,440.0,2025-02-08,21:30
15447,450.0,2025-02-08,21:45
15448,500.0,2025-02-08,22:00
15449,550.0,2025-02-08,22:15
15450,550.0,2025-02-08,22:30
15451,590.0,2025-02-08,22:45
15452,585.09,2025-02-08,23:00
15453,586.71,2025-02-08,23:15
15454,586.65,2025-02-08,23:30
15455,585.46,2025-02-08,23:45
15456,585.19,2025-02-08,24:00
15457,600.0,2025-02-09,00:15
15458,600.0,2025-02-09,00:30
15459,600.0,2025-02-09,00:45
15460,600.0,2025-02-09,01:00
15461,600.0,2025-02-09,01:15
15462,600.0,2025-02-09,01:30
15463,600.0,2025-02-09,01:45
15464,590.0,2025-02-09,02:00
15465,600.0,2025-02-09,02:15
15466,600.0,2025-02-09,02:30
15467,600.0,2025-02-09,02:45
15468,600.0,2025-02-09,03:00
15469,600.0,2025-02-09,03:15
15470,600.0,2025-02-09,03:30
15471,590.0,2025-02-09,03:45
15472,530.0,2025-02-09,04:00
15473,550.0,2025-02-09,04:15
15474,530.0,2025-02-09,04:30
15475,530.0,2025-02-09,04:45
15476,500.0,2025-02-09,05:00
15477,510.0,2025-02-09,05:15
15478,500.0,2025-02-09,05:30
15479,500.0,2025-02-09,05:45
15480,500.0,2025-02-09,06:00
15481,500.0,2025-02-09,06:15
15482,530.0,2025-02-09,06:30
15483,530.0,2025-02-09,06:45
15484,500.0,2025-02-09,07:00
15485,500.0,2025-02-09,07:15
15486,600.0,2025-02-09,07:30
15487,600.0,2025-02-09,07:45
15488,520.57,2025-02-09,08:00
15489,650.0,2025-02-09,08:15
15490,629.99,2025-02-09,08:30
15491,599.99,2025-02-09,08:45
15492,369.99,2025-02-09,09:00
15493,40.0,2025-02-09,09:15
15494,129.64,2025-02-09,09:30
15495,139.77,2025-02-09,09:45
15496,113.18,2025-02-09,10:00
15497,40.0,2025-02-09,10:15
15498,40.0,2025-02-09,10:30
15499,40.0,2025-02-09,10:45
15500,40.0,2025-02-09,11:00
15501,40.0,2025-02-09,11:15
15502,40.0,2025-02-09,11:30
15503,40.0,2025-02-09,11:45
15504,40.0,2025-02-09,12:00
15505,40.0,2025-02-09,12:15
15506,40.0,2025-02-09,12:30
15507,40.0,2025-02-09,12:45
15508,40.0,2025-02-09,13:00
15509,40.0,2025-02-09,13:15
15510,40.0,2025-02-09,13:30
15511,40.0,2025-02-09,13:45
15512,40.0,2025-02-09,14:00
15513,40.0,2025-02-09,14:15
15514,40.0,2025-02-09,14:30
15515,40.0,2025-02-09,14:45
15516,40.0,2025-02-09,15:00
15517,40.0,2025-02-09,15:15
15518,40.0,2025-02-09,15:30
15519,169.87,2025-02-09,15:45
15520,179.7,2025-02-09,16:00
15521,253.18,2025-02-09,16:15
15522,302.34,2025-02-09,16:30
15523,301.92,2025-02-09,16:45
15524,328.1,2025-02-09,17:00
15525,345.65,2025-02-09,17:15
15526,360.22,2025-02-09,17:30
15527,366.3,2025-02-09,17:45
15528,362.83,2025-02-09,18:00
15529,435.27,2025-02-09,18:15
15530,459.93,2025-02-09,18:30
15531,439.44,2025-02-09,18:45
15532,409.82,2025-02-09,19:00
15533,298.8,2025-02-09,19:15
15534,376.94,2025-02-09,19:30
15535,400.0,2025-02-09,19:45
15536,260.06,2025-02-09,20:00
15537,323.83,2025-02-09,20:15
15538,340.61,2025-02-09,20:30
15539,399.03,2025-02-09,20:45
15540,462.14,2025-02-09,21:00
15541,400.0,2025-02-09,21:15
15542,500.0,2025-02-09,21:30
15543,500.0,2025-02-09,21:45
15544,550.0,2025-02-09,22:00
15545,600.0,2025-02-09,22:15
15546,600.0,2025-02-09,22:30
15547,600.0,2025-02-09,22:45
15548,600.0,2025-02-09,23:00
15549,600.0,2025-02-09,23:15
15550,600.0,2025-02-09,23:30
15551,600.0,2025-02-09,23:45
15552,530.0,2025-02-09,24:00
15553,650.0,2025-02-10,00:15
15554,650.0,2025-02-10,00:30
15555,597.55,2025-02-10,00:45
15556,571.08,2025-02-10,01:00
15557,553.39,2025-02-10,01:15
15558,552.9,2025-02-10,01:30
15559,552.46,2025-02-10,01:45
15560,593.86,2025-02-10,02:00
15561,600.0,2025-02-10,02:15
15562,564.83,2025-02-10,02:30
15563,551.45,2025-02-10,02:45
15564,565.79,2025-02-10,03:00
15565,600.0,2025-02-10,03:15
15566,600.0,2025-02-10,03:30
15567,600.0,2025-02-10,03:45
15568,565.05,2025-02-10,04:00
15569,525.14,2025-02-10,04:15
15570,513.26,2025-02-10,04:30
15571,504.52,2025-02-10,04:45
15572,495.61,2025-02-10,05:00
15573,550.0,2025-02-10,05:15
15574,590.0,2025-02-10,05:30
15575,515.1,2025-02-10,05:45
15576,463.32,2025-02-10,06:00
15577,455.91,2025-02-10,06:15
15578,477.8,2025-02-10,06:30
15579,470.83,2025-02-10,06:45
15580,497.41,2025-02-10,07:00
15581,500.0,2025-02-10,07:15
15582,530.0,2025-02-10,07:30
15583,590.0,2025-02-10,07:45
15584,550.0,2025-02-10,08:00
15585,600.0,2025-02-10,08:15
15586,599.99,2025-02-10,08:30
15587,599.99,2025-02-10,08:45
15588,599.97,2025-02-10,09:00
15589,489.96,2025-02-10,09:15
15590,329.96,2025-02-10,09:30
15591,319.96,2025-02-10,09:45
15592,121.85,2025-02-10,10:00
15593,40.0,2025-02-10,10:15
15594,40.0,2025-02-10,10:30
15595,40.0,2025-02-10,10:45
15596,40.0,2025-02-10,11:00
15597,40.0,2025-02-10,11:15
15598,40.0,2025-02-10,11:30
15599,40.0,2025-02-10,11:45
15600,40.0,2025-02-10,12:00
15601,40.0,2025-02-10,12:15
15602,40.0,2025-02-10,12:30
15603,40.0,2025-02-10,12:45
15604,40.0,2025-02-10,13:00
15605,40.0,2025-02-10,13:15
15606,40.0,2025-02-10,13:30
15607,40.0,2025-02-10,13:45
15608,40.0,2025-02-10,14:00
15609,40.0,2025-02-10,14:15
15610,40.0,2025-02-10,14:30
15611,40.0,2025-02-10,14:45
15612,40.0,2025-02-10,15:00
15613,40.0,2025-02-10,15:15
15614,40.0,2025-02-10,15:30
15615,40.0,2025-02-10,15:45
15616,40.0,2025-02-10,16:00
15617,40.0,2025-02-10,16:15
15618,160.3,2025-02-10,16:30
15619,358.08,2025-02-10,16:45
15620,376.29,2025-02-10,17:00
15621,333.36,2025-02-10,17:15
15622,330.89,2025-02-10,17:30
15623,411.5,2025-02-10,17:45
15624,404.18,2025-02-10,18:00
15625,354.58,2025-02-10,18:15
15626,440.29,2025-02-10,18:30
15627,431.38,2025-02-10,18:45
15628,375.06,2025-02-10,19:00
15629,319.5,2025-02-10,19:15
15630,268.21,2025-02-10,19:30
15631,268.28,2025-02-10,19:45
15632,340.3,2025-02-10,20:00
15633,317.92,2025-02-10,20:15
15634,313.59,2025-02-10,20:30
15635,361.83,2025-02-10,20:45
15636,258.71,2025-02-10,21:00
15637,204.49,2025-02-10,21:15
15638,175.2,2025-02-10,21:30
15639,172.16,2025-02-10,21:45
15640,40.0,2025-02-10,22:00
15641,185.03,2025-02-10,22:15
15642,171.74,2025-02-10,22:30
15643,40.0,2025-02-10,22:45
15644,40.0,2025-02-10,23:00
15645,374.36,2025-02-10,23:15
15646,361.49,2025-02-10,23:30
15647,360.68,2025-02-10,23:45
15648,451.15,2025-02-10,24:00
15649,270.63,2025-02-11,00:15
15650,313.76,2025-02-11,00:30
15651,325.38,2025-02-11,00:45
15652,249.12,2025-02-11,01:00
15653,288.37,2025-02-11,01:15
15654,285.18,2025-02-11,01:30
15655,424.2,2025-02-11,01:45
15656,433.72,2025-02-11,02:00
15657,347.01,2025-02-11,02:15
15658,272.83,2025-02-11,02:30
15659,273.47,2025-02-11,02:45
15660,275.58,2025-02-11,03:00
15661,249.73,2025-02-11,03:15
15662,241.54,2025-02-11,03:30
15663,240.54,2025-02-11,03:45
15664,307.55,2025-02-11,04:00
15665,350.0,2025-02-11,04:15
15666,350.0,2025-02-11,04:30
15667,400.0,2025-02-11,04:45
15668,400.0,2025-02-11,05:00
15669,440.0,2025-02-11,05:15
15670,450.0,2025-02-11,05:30
15671,500.0,2025-02-11,05:45
15672,500.0,2025-02-11,06:00
15673,550.0,2025-02-11,06:15
15674,600.0,2025-02-11,06:30
15675,550.0,2025-02-11,06:45
15676,520.0,2025-02-11,07:00
15677,440.0,2025-02-11,07:15
15678,500.0,2025-02-11,07:30
15679,540.0,2025-02-11,07:45
15680,600.0,2025-02-11,08:00
15681,520.0,2025-02-11,08:15
15682,499.99,2025-02-11,08:30
15683,499.99,2025-02-11,08:45
15684,433.35,2025-02-11,09:00
15685,407.31,2025-02-11,09:15
15686,334.58,2025-02-11,09:30
15687,307.72,2025-02-11,09:45
15688,40.0,2025-02-11,10:00
15689,291.28,2025-02-11,10:15
15690,40.0,2025-02-11,10:30
15691,40.0,2025-02-11,10:45
15692,40.0,2025-02-11,11:00
15693,40.0,2025-02-11,11:15
15694,40.0,2025-02-11,11:30
15695,40.0,2025-02-11,11:45
15696,40.0,2025-02-11,12:00
15697,40.0,2025-02-11,12:15
15698,40.0,2025-02-11,12:30
15699,40.0,2025-02-11,12:45
15700,40.0,2025-02-11,13:00
15701,40.0,2025-02-11,13:15
15702,40.0,2025-02-11,13:30
15703,40.0,2025-02-11,13:45
15704,40.0,2025-02-11,14:00
15705,40.0,2025-02-11,14:15
15706,40.0,2025-02-11,14:30
15707,40.0,2025-02-11,14:45
15708,40.41,2025-02-11,15:00
15709,40.41,2025-02-11,15:15
15710,40.41,2025-02-11,15:30
15711,40.41,2025-02-11,15:45
15712,40.0,2025-02-11,16:00
15713,40.0,2025-02-11,16:15
15714,40.37,2025-02-11,16:30
15715,151.45,2025-02-11,16:45
15716,217.01,2025-02-11,17:00
15717,158.7,2025-02-11,17:15
15718,40.0,2025-02-11,17:30
15719,40.0,2025-02-11,17:45
15720,40.0,2025-02-11,18:00
15721,40.0,2025-02-11,18:15
15722,314.18,2025-02-11,18:30
15723,310.97,2025-02-11,18:45
15724,40.0,2025-02-11,19:00
15725,310.96,2025-02-11,19:15
15726,310.82,2025-02-11,19:30
15727,310.5,2025-02-11,19:45
15728,281.56,2025-02-11,20:00
15729,327.95,2025-02-11,20:15
15730,374.2,2025-02-11,20:30
15731,374.98,2025-02-11,20:45
15732,375.06,2025-02-11,21:00
15733,412.08,2025-02-11,21:15
15734,411.31,2025-02-11,21:30
15735,373.27,2025-02-11,21:45
15736,410.93,2025-02-11,22:00
15737,467.59,2025-02-11,22:15
15738,504.54,2025-02-11,22:30
15739,503.79,2025-02-11,22:45
15740,420.22,2025-02-11,23:00
15741,513.95,2025-02-11,23:15
15742,560.37,2025-02-11,23:30
15743,559.84,2025-02-11,23:45
15744,558.12,2025-02-11,24:00
15745,462.9,2025-02-12,00:15
15746,461.62,2025-02-12,00:30
15747,498.99,2025-02-12,00:45
15748,498.74,2025-02-12,01:00
15749,461.07,2025-02-12,01:15
15750,461.08,2025-02-12,01:30
15751,460.9,2025-02-12,01:45
15752,460.64,2025-02-12,02:00
15753,506.9,2025-02-12,02:15
15754,414.33,2025-02-12,02:30
15755,450.85,2025-02-12,02:45
15756,506.99,2025-02-12,03:00
15757,497.13,2025-02-12,03:15
15758,542.55,2025-02-12,03:30
15759,542.57,2025-02-12,03:45
15760,590.0,2025-02-12,04:00
15761,600.0,2025-02-12,04:15
15762,600.0,2025-02-12,04:30
15763,600.0,2025-02-12,04:45
15764,600.0,2025-02-12,05:00
15765,620.0,2025-02-12,05:15
15766,650.0,2025-02-12,05:30
15767,650.0,2025-02-12,05:45
15768,650.0,2025-02-12,06:00
15769,650.0,2025-02-12,06:15
15770,650.0,2025-02-12,06:30
15771,650.0,2025-02-12,06:45
15772,650.0,2025-02-12,07:00
15773,650.0,2025-02-12,07:15
15774,650.0,2025-02-12,07:30
15775,650.0,2025-02-12,07:45
15776,650.0,2025-02-12,08:00
15777,649.99,2025-02-12,08:15
15778,649.99,2025-02-12,08:30
15779,649.98,2025-02-12,08:45
15780,609.96,2025-02-12,09:00
15781,599.95,2025-02-12,09:15
15782,639.93,2025-02-12,09:30
15783,599.92,2025-02-12,09:45
15784,499.92,2025-02-12,10:00
15785,342.88,2025-02-12,10:15
15786,280.32,2025-02-12,10:30
15787,40.0,2025-02-12,10:45
15788,200.84,2025-02-12,11:00
15789,40.0,2025-02-12,11:15
15790,40.0,2025-02-12,11:30
15791,40.0,2025-02-12,11:45
15792,40.0,2025-02-12,12:00
15793,40.0,2025-02-12,12:15
15794,40.0,2025-02-12,12:30
15795,40.0,2025-02-12,12:45
15796,40.0,2025-02-12,13:00
15797,40.0,2025-02-12,13:15
15798,40.0,2025-02-12,13:30
15799,40.0,2025-02-12,13:45
15800,40.0,2025-02-12,14:00
15801,40.0,2025-02-12,14:15
15802,40.0,2025-02-12,14:30
15803,40.0,2025-02-12,14:45
15804,40.0,2025-02-12,15:00
15805,40.0,2025-02-12,15:15
15806,40.0,2025-02-12,15:30
15807,40.0,2025-02-12,15:45
15808,40.0,2025-02-12,16:00
15809,40.0,2025-02-12,16:15
15810,166.81,2025-02-12,16:30
15811,245.36,2025-02-12,16:45
15812,186.55,2025-02-12,17:00
15813,229.08,2025-02-12,17:15
15814,40.0,2025-02-12,17:30
15815,329.99,2025-02-12,17:45
15816,499.99,2025-02-12,18:00
15817,649.99,2025-02-12,18:15
15818,649.99,2025-02-12,18:30
15819,650.0,2025-02-12,18:45
15820,650.0,2025-02-12,19:00
15821,640.0,2025-02-12,19:15
15822,600.0,2025-02-12,19:30
15823,620.0,2025-02-12,19:45
15824,600.0,2025-02-12,20:00
15825,600.0,2025-02-12,20:15
15826,640.0,2025-02-12,20:30
15827,650.0,2025-02-12,20:45
15828,650.0,2025-02-12,21:00
15829,650.0,2025-02-12,21:15
15830,650.0,2025-02-12,21:30
15831,650.0,2025-02-12,21:45
15832,650.0,2025-02-12,22:00
15833,650.0,2025-02-12,22:15
15834,650.0,2025-02-12,22:30
15835,650.0,2025-02-12,22:45
15836,650.0,2025-02-12,23:00
15837,600.0,2025-02-12,23:15
15838,620.0,2025-02-12,23:30
15839,600.0,2025-02-12,23:45
15840,600.16,2025-02-12,24:00
15841,600.0,2025-02-13,00:15
15842,610.0,2025-02-13,00:30
15843,650.0,2025-02-13,00:45
15844,640.0,2025-02-13,01:00
15845,650.0,2025-02-13,01:15
15846,650.0,2025-02-13,01:30
15847,630.03,2025-02-13,01:45
15848,630.0,2025-02-13,02:00
15849,610.0,2025-02-13,02:15
15850,600.0,2025-02-13,02:30
15851,600.0,2025-02-13,02:45
15852,600.0,2025-02-13,03:00
15853,610.0,2025-02-13,03:15
15854,640.0,2025-02-13,03:30
15855,630.0,2025-02-13,03:45
15856,630.0,2025-02-13,04:00
15857,640.0,2025-02-13,04:15
15858,650.0,2025-02-13,04:30
15859,640.0,2025-02-13,04:45
15860,640.0,2025-02-13,05:00
15861,640.0,2025-02-13,05:15
15862,640.0,2025-02-13,05:30
15863,630.0,2025-02-13,05:45
15864,610.0,2025-02-13,06:00
15865,650.0,2025-02-13,06:15
15866,650.0,2025-02-13,06:30
15867,650.0,2025-02-13,06:45
15868,640.0,2025-02-13,07:00
15869,630.0,2025-02-13,07:15
15870,600.0,2025-02-13,07:30
15871,610.0,2025-02-13,07:45
15872,600.0,2025-02-13,08:00
15873,610.0,2025-02-13,08:15
15874,599.99,2025-02-13,08:30
15875,629.98,2025-02-13,08:45
15876,549.97,2025-02-13,09:00
15877,399.97,2025-02-13,09:15
15878,329.96,2025-02-13,09:30
15879,319.95,2025-02-13,09:45
15880,230.36,2025-02-13,10:00
15881,40.0,2025-02-13,10:15
15882,149.04,2025-02-13,10:30
15883,131.52,2025-02-13,10:45
15884,40.0,2025-02-13,11:00
15885,40.0,2025-02-13,11:15
15886,40.0,2025-02-13,11:30
15887,40.0,2025-02-13,11:45
15888,40.0,2025-02-13,12:00
15889,40.0,2025-02-13,12:15
15890,40.0,2025-02-13,12:30
15891,40.0,2025-02-13,12:45
15892,40.0,2025-02-13,13:00
15893,40.0,2025-02-13,13:15
15894,40.0,2025-02-13,13:30
15895,40.0,2025-02-13,13:45
15896,40.0,2025-02-13,14:00
15897,40.0,2025-02-13,14:15
15898,40.0,2025-02-13,14:30
15899,40.0,2025-02-13,14:45
15900,40.46,2025-02-13,15:00
15901,40.48,2025-02-13,15:15
15902,40.5,2025-02-13,15:30
15903,40.52,2025-02-13,15:45
15904,80.34,2025-02-13,16:00
15905,226.46,2025-02-13,16:15
15906,301.61,2025-02-13,16:30
15907,334.73,2025-02-13,16:45
15908,322.71,2025-02-13,17:00
15909,324.18,2025-02-13,17:15
15910,320.18,2025-02-13,17:30
15911,373.99,2025-02-13,17:45
15912,369.67,2025-02-13,18:00
15913,381.0,2025-02-13,18:15
15914,388.21,2025-02-13,18:30
15915,402.96,2025-02-13,18:45
15916,402.29,2025-02-13,19:00
15917,342.66,2025-02-13,19:15
15918,312.29,2025-02-13,19:30
15919,321.0,2025-02-13,19:45
15920,399.92,2025-02-13,20:00
15921,418.42,2025-02-13,20:15
15922,244.95,2025-02-13,20:30
15923,338.26,2025-02-13,20:45
15924,481.58,2025-02-13,21:00
15925,335.11,2025-02-13,21:15
15926,303.0,2025-02-13,21:30
15927,279.21,2025-02-13,21:45
15928,329.62,2025-02-13,22:00
15929,518.26,2025-02-13,22:15
15930,517.8,2025-02-13,22:30
15931,519.28,2025-02-13,22:45
15932,249.99,2025-02-13,23:00
15933,463.54,2025-02-13,23:15
15934,402.36,2025-02-13,23:30
15935,459.87,2025-02-13,23:45
15936,468.91,2025-02-13,24:00
15937,384.59,2025-02-14,00:15
15938,413.31,2025-02-14,00:30
15939,507.71,2025-02-14,00:45
15940,516.08,2025-02-14,01:00
15941,563.7,2025-02-14,01:15
15942,564.93,2025-02-14,01:30
15943,566.15,2025-02-14,01:45
15944,566.6,2025-02-14,02:00
15945,557.2,2025-02-14,02:15
15946,566.36,2025-02-14,02:30
15947,566.23,2025-02-14,02:45
15948,566.67,2025-02-14,03:00
15949,567.4,2025-02-14,03:15
15950,568.23,2025-02-14,03:30
15951,577.22,2025-02-14,03:45
15952,567.66,2025-02-14,04:00
15953,567.28,2025-02-14,04:15
15954,566.8,2025-02-14,04:30
15955,566.36,2025-02-14,04:45
15956,566.22,2025-02-14,05:00
15957,547.64,2025-02-14,05:15
15958,566.22,2025-02-14,05:30
15959,565.97,2025-02-14,05:45
15960,556.77,2025-02-14,06:00
15961,565.72,2025-02-14,06:15
15962,546.51,2025-02-14,06:30
15963,517.69,2025-02-14,06:45
15964,471.25,2025-02-14,07:00
15965,471.37,2025-02-14,07:15
15966,519.21,2025-02-14,07:30
15967,519.18,2025-02-14,07:45
15968,566.1,2025-02-14,08:00
15969,566.81,2025-02-14,08:15
15970,586.19,2025-02-14,08:30
15971,568.57,2025-02-14,08:45
15972,474.26,2025-02-14,09:00
15973,339.98,2025-02-14,09:15
15974,281.79,2025-02-14,09:30
15975,40.44,2025-02-14,09:45
15976,156.08,2025-02-14,10:00
15977,171.71,2025-02-14,10:15
15978,160.19,2025-02-14,10:30
15979,154.85,2025-02-14,10:45
15980,40.0,2025-02-14,11:00
15981,40.0,2025-02-14,11:15
15982,40.0,2025-02-14,11:30
15983,40.0,2025-02-14,11:45
15984,40.0,2025-02-14,12:00
15985,40.0,2025-02-14,12:15
15986,40.0,2025-02-14,12:30
15987,40.0,2025-02-14,12:45
15988,40.0,2025-02-14,13:00
15989,40.0,2025-02-14,13:15
15990,40.0,2025-02-14,13:30
15991,40.0,2025-02-14,13:45
15992,40.0,2025-02-14,14:00
15993,40.0,2025-02-14,14:15
15994,40.0,2025-02-14,14:30
15995,40.0,2025-02-14,14:45
15996,40.0,2025-02-14,15:00
15997,40.0,2025-02-14,15:15
15998,40.0,2025-02-14,15:30
15999,40.0,2025-02-14,15:45
16000,40.0,2025-02-14,16:00
16001,154.05,2025-02-14,16:15
16002,173.2,2025-02-14,16:30
16003,230.33,2025-02-14,16:45
16004,273.67,2025-02-14,17:00
16005,289.57,2025-02-14,17:15
16006,287.88,2025-02-14,17:30
16007,290.05,2025-02-14,17:45
16008,277.03,2025-02-14,18:00
16009,265.52,2025-02-14,18:15
16010,272.79,2025-02-14,18:30
16011,441.41,2025-02-14,18:45
16012,449.33,2025-02-14,19:00
16013,489.54,2025-02-14,19:15
16014,447.71,2025-02-14,19:30
16015,447.97,2025-02-14,19:45
16016,375.51,2025-02-14,20:00
16017,201.63,2025-02-14,20:15
16018,227.31,2025-02-14,20:30
16019,229.74,2025-02-14,20:45
16020,415.16,2025-02-14,21:00
16021,377.34,2025-02-14,21:15
16022,219.27,2025-02-14,21:30
16023,377.89,2025-02-14,21:45
16024,520.49,2025-02-14,22:00
16025,454.07,2025-02-14,22:15
16026,253.74,2025-02-14,22:30
16027,255.7,2025-02-14,22:45
16028,248.33,2025-02-14,23:00
16029,248.54,2025-02-14,23:15
16030,349.46,2025-02-14,23:30
16031,377.14,2025-02-14,23:45
16032,310.24,2025-02-14,24:00
16033,456.97,2025-02-15,00:15
16034,412.09,2025-02-15,00:30
16035,457.7,2025-02-15,00:45
16036,509.17,2025-02-15,01:00
16037,458.9,2025-02-15,01:15
16038,510.83,2025-02-15,01:30
16039,558.09,2025-02-15,01:45
16040,541.59,2025-02-15,02:00
16041,546.75,2025-02-15,02:15
16042,507.92,2025-02-15,02:30
16043,456.46,2025-02-15,02:45
16044,470.66,2025-02-15,03:00
16045,470.54,2025-02-15,03:15
16046,509.03,2025-02-15,03:30
16047,556.26,2025-02-15,03:45
16048,555.71,2025-02-15,04:00
16049,413.67,2025-02-15,04:15
16050,413.89,2025-02-15,04:30
16051,422.56,2025-02-15,04:45
16052,413.64,2025-02-15,05:00
16053,413.58,2025-02-15,05:15
16054,376.73,2025-02-15,05:30
16055,414.57,2025-02-15,05:45
16056,376.88,2025-02-15,06:00
16057,310.14,2025-02-15,06:15
16058,319.03,2025-02-15,06:30
16059,318.39,2025-02-15,06:45
16060,259.59,2025-02-15,07:00
16061,364.89,2025-02-15,07:15
16062,411.69,2025-02-15,07:30
16063,373.3,2025-02-15,07:45
16064,411.41,2025-02-15,08:00
16065,553.17,2025-02-15,08:15
16066,517.4,2025-02-15,08:30
16067,566.95,2025-02-15,08:45
16068,568.61,2025-02-15,09:00
16069,381.0,2025-02-15,09:15
16070,40.0,2025-02-15,09:30
16071,40.43,2025-02-15,09:45
16072,40.0,2025-02-15,10:00
16073,140.63,2025-02-15,10:15
16074,103.41,2025-02-15,10:30
16075,111.48,2025-02-15,10:45
16076,40.0,2025-02-15,11:00
16077,95.3,2025-02-15,11:15
16078,40.0,2025-02-15,11:30
16079,40.0,2025-02-15,11:45
16080,40.0,2025-02-15,12:00
16081,40.0,2025-02-15,12:15
16082,40.0,2025-02-15,12:30
16083,40.0,2025-02-15,12:45
16084,40.0,2025-02-15,13:00
16085,40.0,2025-02-15,13:15
16086,40.0,2025-02-15,13:30
16087,40.0,2025-02-15,13:45
16088,40.0,2025-02-15,14:00
16089,40.1,2025-02-15,14:15
16090,40.0,2025-02-15,14:30
16091,40.0,2025-02-15,14:45
16092,40.0,2025-02-15,15:00
16093,40.0,2025-02-15,15:15
16094,40.0,2025-02-15,15:30
16095,40.49,2025-02-15,15:45
16096,40.0,2025-02-15,16:00
16097,222.68,2025-02-15,16:15
16098,183.82,2025-02-15,16:30
16099,180.5,2025-02-15,16:45
16100,196.42,2025-02-15,17:00
16101,288.42,2025-02-15,17:15
16102,169.34,2025-02-15,17:30
16103,159.75,2025-02-15,17:45
16104,178.14,2025-02-15,18:00
16105,181.82,2025-02-15,18:15
16106,245.66,2025-02-15,18:30
16107,400.0,2025-02-15,18:45
16108,400.0,2025-02-15,19:00
16109,400.0,2025-02-15,19:15
16110,400.0,2025-02-15,19:30
16111,440.0,2025-02-15,19:45
16112,440.0,2025-02-15,20:00
16113,440.0,2025-02-15,20:15
16114,480.0,2025-02-15,20:30
16115,550.0,2025-02-15,20:45
16116,560.0,2025-02-15,21:00
16117,600.0,2025-02-15,21:15
16118,600.0,2025-02-15,21:30
16119,600.0,2025-02-15,21:45
16120,600.0,2025-02-15,22:00
16121,600.0,2025-02-15,22:15
16122,600.0,2025-02-15,22:30
16123,600.0,2025-02-15,22:45
16124,600.0,2025-02-15,23:00
16125,600.0,2025-02-15,23:15
16126,640.0,2025-02-15,23:30
16127,630.0,2025-02-15,23:45
16128,630.0,2025-02-15,24:00
16129,600.0,2025-02-16,00:15
16130,600.0,2025-02-16,00:30
16131,630.0,2025-02-16,00:45
16132,640.0,2025-02-16,01:00
16133,650.0,2025-02-16,01:15
16134,650.0,2025-02-16,01:30
16135,640.0,2025-02-16,01:45
16136,610.0,2025-02-16,02:00
16137,630.0,2025-02-16,02:15
16138,600.0,2025-02-16,02:30
16139,600.0,2025-02-16,02:45
16140,600.0,2025-02-16,03:00
16141,600.0,2025-02-16,03:15
16142,600.0,2025-02-16,03:30
16143,600.0,2025-02-16,03:45
16144,600.0,2025-02-16,04:00
16145,630.0,2025-02-16,04:15
16146,630.0,2025-02-16,04:30
16147,630.0,2025-02-16,04:45
16148,640.0,2025-02-16,05:00
16149,650.0,2025-02-16,05:15
16150,640.0,2025-02-16,05:30
16151,650.0,2025-02-16,05:45
16152,650.0,2025-02-16,06:00
16153,650.0,2025-02-16,06:15
16154,600.0,2025-02-16,06:30
16155,600.0,2025-02-16,06:45
16156,600.0,2025-02-16,07:00
16157,600.0,2025-02-16,07:15
16158,630.0,2025-02-16,07:30
16159,630.0,2025-02-16,07:45
16160,650.0,2025-02-16,08:00
16161,649.99,2025-02-16,08:15
16162,649.98,2025-02-16,08:30
16163,649.97,2025-02-16,08:45
16164,629.96,2025-02-16,09:00
16165,551.13,2025-02-16,09:15
16166,301.0,2025-02-16,09:30
16167,381.89,2025-02-16,09:45
16168,386.66,2025-02-16,10:00
16169,281.47,2025-02-16,10:15
16170,40.0,2025-02-16,10:30
16171,40.0,2025-02-16,10:45
16172,47.38,2025-02-16,11:00
16173,40.0,2025-02-16,11:15
16174,40.0,2025-02-16,11:30
16175,40.0,2025-02-16,11:45
16176,40.0,2025-02-16,12:00
16177,40.0,2025-02-16,12:15
16178,40.0,2025-02-16,12:30
16179,40.0,2025-02-16,12:45
16180,40.0,2025-02-16,13:00
16181,40.0,2025-02-16,13:15
16182,40.0,2025-02-16,13:30
16183,40.44,2025-02-16,13:45
16184,40.43,2025-02-16,14:00
16185,40.44,2025-02-16,14:15
16186,40.0,2025-02-16,14:30
16187,40.0,2025-02-16,14:45
16188,40.44,2025-02-16,15:00
16189,40.44,2025-02-16,15:15
16190,40.43,2025-02-16,15:30
16191,40.41,2025-02-16,15:45
16192,52.14,2025-02-16,16:00
16193,142.95,2025-02-16,16:15
16194,96.22,2025-02-16,16:30
16195,40.0,2025-02-16,16:45
16196,98.08,2025-02-16,17:00
16197,190.55,2025-02-16,17:15
16198,166.79,2025-02-16,17:30
16199,87.63,2025-02-16,17:45
16200,40.0,2025-02-16,18:00
16201,310.0,2025-02-16,18:15
16202,600.0,2025-02-16,18:30
16203,630.0,2025-02-16,18:45
16204,650.0,2025-02-16,19:00
16205,650.0,2025-02-16,19:15
16206,650.0,2025-02-16,19:30
16207,650.0,2025-02-16,19:45
16208,650.0,2025-02-16,20:00
16209,650.0,2025-02-16,20:15
16210,650.0,2025-02-16,20:30
16211,650.0,2025-02-16,20:45
16212,630.97,2025-02-16,21:00
16213,640.0,2025-02-16,21:15
16214,650.0,2025-02-16,21:30
16215,650.0,2025-02-16,21:45
16216,650.0,2025-02-16,22:00
16217,650.0,2025-02-16,22:15
16218,640.0,2025-02-16,22:30
16219,640.0,2025-02-16,22:45
16220,650.0,2025-02-16,23:00
16221,650.0,2025-02-16,23:15
16222,640.0,2025-02-16,23:30
16223,610.0,2025-02-16,23:45
16224,600.0,2025-02-16,24:00
16225,600.0,2025-02-17,00:15
16226,600.0,2025-02-17,00:30
16227,600.0,2025-02-17,00:45
16228,600.0,2025-02-17,01:00
16229,600.0,2025-02-17,01:15
16230,600.0,2025-02-17,01:30
16231,590.0,2025-02-17,01:45
16232,600.0,2025-02-17,02:00
16233,600.0,2025-02-17,02:15
16234,590.0,2025-02-17,02:30
16235,600.0,2025-02-17,02:45
16236,560.0,2025-02-17,03:00
16237,550.0,2025-02-17,03:15
16238,550.0,2025-02-17,03:30
16239,540.0,2025-02-17,03:45
16240,500.0,2025-02-17,04:00
16241,450.0,2025-02-17,04:15
16242,400.0,2025-02-17,04:30
16243,360.0,2025-02-17,04:45
16244,340.0,2025-02-17,05:00
16245,400.0,2025-02-17,05:15
16246,390.0,2025-02-17,05:30
16247,330.0,2025-02-17,05:45
16248,330.0,2025-02-17,06:00
16249,330.0,2025-02-17,06:15
16250,330.0,2025-02-17,06:30
16251,320.0,2025-02-17,06:45
16252,320.0,2025-02-17,07:00
16253,310.0,2025-02-17,07:15
16254,320.0,2025-02-17,07:30
16255,330.0,2025-02-17,07:45
16256,330.0,2025-02-17,08:00
16257,328.96,2025-02-17,08:15
16258,314.6,2025-02-17,08:30
16259,106.46,2025-02-17,08:45
16260,40.49,2025-02-17,09:00
16261,139.97,2025-02-17,09:15
16262,132.59,2025-02-17,09:30
16263,102.86,2025-02-17,09:45
16264,40.0,2025-02-17,10:00
16265,40.0,2025-02-17,10:15
16266,40.0,2025-02-17,10:30
16267,40.0,2025-02-17,10:45
16268,40.0,2025-02-17,11:00
16269,40.0,2025-02-17,11:15
16270,40.0,2025-02-17,11:30
16271,40.0,2025-02-17,11:45
16272,40.0,2025-02-17,12:00
16273,40.0,2025-02-17,12:15
16274,40.0,2025-02-17,12:30
16275,40.0,2025-02-17,12:45
16276,40.0,2025-02-17,13:00
16277,40.0,2025-02-17,13:15
16278,40.0,2025-02-17,13:30
16279,40.11,2025-02-17,13:45
16280,40.0,2025-02-17,14:00
16281,40.0,2025-02-17,14:15
16282,40.1,2025-02-17,14:30
16283,40.0,2025-02-17,14:45
16284,40.46,2025-02-17,15:00
16285,40.47,2025-02-17,15:15
16286,50.9,2025-02-17,15:30
16287,51.06,2025-02-17,15:45
16288,53.7,2025-02-17,16:00
16289,48.48,2025-02-17,16:15
16290,93.9,2025-02-17,16:30
16291,54.84,2025-02-17,16:45
16292,177.49,2025-02-17,17:00
16293,247.07,2025-02-17,17:15
16294,326.45,2025-02-17,17:30
16295,319.07,2025-02-17,17:45
16296,227.8,2025-02-17,18:00
16297,109.22,2025-02-17,18:15
16298,222.87,2025-02-17,18:30
16299,288.61,2025-02-17,18:45
16300,298.5,2025-02-17,19:00
16301,277.49,2025-02-17,19:15
16302,325.64,2025-02-17,19:30
16303,282.97,2025-02-17,19:45
16304,290.65,2025-02-17,20:00
16305,231.27,2025-02-17,20:15
16306,211.68,2025-02-17,20:30
16307,274.64,2025-02-17,20:45
16308,242.27,2025-02-17,21:00
16309,269.37,2025-02-17,21:15
16310,265.31,2025-02-17,21:30
16311,377.79,2025-02-17,21:45
16312,321.67,2025-02-17,22:00
16313,190.67,2025-02-17,22:15
16314,310.0,2025-02-17,22:30
16315,140.0,2025-02-17,22:45
16316,320.0,2025-02-17,23:00
16317,310.0,2025-02-17,23:15
16318,440.0,2025-02-17,23:30
16319,420.0,2025-02-17,23:45
16320,330.0,2025-02-17,24:00
16321,83.84,2025-02-18,00:15
16322,100.0,2025-02-18,00:30
16323,330.0,2025-02-18,00:45
16324,360.0,2025-02-18,01:00
16325,450.0,2025-02-18,01:15
16326,450.0,2025-02-18,01:30
16327,540.0,2025-02-18,01:45
16328,550.0,2025-02-18,02:00
16329,540.0,2025-02-18,02:15
16330,550.0,2025-02-18,02:30
16331,540.0,2025-02-18,02:45
16332,500.0,2025-02-18,03:00
16333,450.0,2025-02-18,03:15
16334,400.0,2025-02-18,03:30
16335,450.0,2025-02-18,03:45
16336,440.0,2025-02-18,04:00
16337,450.0,2025-02-18,04:15
16338,450.0,2025-02-18,04:30
16339,450.0,2025-02-18,04:45
16340,450.0,2025-02-18,05:00
16341,450.0,2025-02-18,05:15
16342,450.0,2025-02-18,05:30
16343,500.0,2025-02-18,05:45
16344,500.0,2025-02-18,06:00
16345,500.0,2025-02-18,06:15
16346,500.0,2025-02-18,06:30
16347,500.0,2025-02-18,06:45
16348,500.0,2025-02-18,07:00
16349,500.0,2025-02-18,07:15
16350,550.0,2025-02-18,07:30
16351,580.0,2025-02-18,07:45
16352,580.0,2025-02-18,08:00
16353,599.99,2025-02-18,08:15
16354,599.99,2025-02-18,08:30
16355,589.98,2025-02-18,08:45
16356,549.97,2025-02-18,09:00
16357,448.19,2025-02-18,09:15
16358,449.93,2025-02-18,09:30
16359,427.33,2025-02-18,09:45
16360,374.0,2025-02-18,10:00
16361,216.87,2025-02-18,10:15
16362,199.42,2025-02-18,10:30
16363,159.85,2025-02-18,10:45
16364,145.93,2025-02-18,11:00
16365,55.89,2025-02-18,11:15
16366,54.32,2025-02-18,11:30
16367,52.27,2025-02-18,11:45
16368,40.0,2025-02-18,12:00
16369,40.0,2025-02-18,12:15
16370,49.77,2025-02-18,12:30
16371,40.0,2025-02-18,12:45
16372,48.47,2025-02-18,13:00
16373,48.49,2025-02-18,13:15
16374,40.0,2025-02-18,13:30
16375,48.25,2025-02-18,13:45
16376,40.0,2025-02-18,14:00
16377,40.0,2025-02-18,14:15
16378,40.0,2025-02-18,14:30
16379,40.0,2025-02-18,14:45
16380,40.0,2025-02-18,15:00
16381,40.0,2025-02-18,15:15
16382,40.0,2025-02-18,15:30
16383,40.0,2025-02-18,15:45
16384,40.0,2025-02-18,16:00
16385,40.0,2025-02-18,16:15
16386,40.0,2025-02-18,16:30
16387,40.0,2025-02-18,16:45
16388,350.4,2025-02-18,17:00
16389,40.0,2025-02-18,17:15
16390,40.0,2025-02-18,17:30
16391,414.66,2025-02-18,17:45
16392,410.64,2025-02-18,18:00
16393,507.72,2025-02-18,18:15
16394,542.04,2025-02-18,18:30
16395,548.36,2025-02-18,18:45
16396,547.19,2025-02-18,19:00
16397,552.36,2025-02-18,19:15
16398,546.77,2025-02-18,19:30
16399,533.6,2025-02-18,19:45
16400,551.77,2025-02-18,20:00
16401,554.89,2025-02-18,20:15
16402,591.65,2025-02-18,20:30
16403,600.0,2025-02-18,20:45
16404,600.0,2025-02-18,21:00
16405,600.0,2025-02-18,21:15
16406,610.0,2025-02-18,21:30
16407,630.0,2025-02-18,21:45
16408,640.0,2025-02-18,22:00
16409,650.0,2025-02-18,22:15
16410,650.0,2025-02-18,22:30
16411,650.0,2025-02-18,22:45
16412,650.0,2025-02-18,23:00
16413,630.0,2025-02-18,23:15
16414,600.0,2025-02-18,23:30
16415,600.0,2025-02-18,23:45
16416,600.0,2025-02-18,24:00
16417,600.0,2025-02-19,00:15
16418,600.0,2025-02-19,00:30
16419,600.0,2025-02-19,00:45
16420,590.0,2025-02-19,01:00
16421,550.0,2025-02-19,01:15
16422,500.0,2025-02-19,01:30
16423,490.0,2025-02-19,01:45
16424,530.0,2025-02-19,02:00
16425,500.0,2025-02-19,02:15
16426,500.0,2025-02-19,02:30
16427,500.0,2025-02-19,02:45
16428,460.0,2025-02-19,03:00
16429,470.0,2025-02-19,03:15
16430,450.0,2025-02-19,03:30
16431,450.0,2025-02-19,03:45
16432,450.0,2025-02-19,04:00
16433,311.86,2025-02-19,04:15
16434,360.0,2025-02-19,04:30
16435,400.0,2025-02-19,04:45
16436,500.19,2025-02-19,05:00
16437,500.19,2025-02-19,05:15
16438,500.0,2025-02-19,05:30
16439,500.0,2025-02-19,05:45
16440,500.0,2025-02-19,06:00
16441,363.18,2025-02-19,06:15
16442,398.41,2025-02-19,06:30
16443,403.37,2025-02-19,06:45
16444,600.0,2025-02-19,07:00
16445,465.12,2025-02-19,07:15
16446,500.0,2025-02-19,07:30
16447,560.0,2025-02-19,07:45
16448,580.0,2025-02-19,08:00
16449,599.99,2025-02-19,08:15
16450,599.99,2025-02-19,08:30
16451,599.98,2025-02-19,08:45
16452,549.97,2025-02-19,09:00
16453,456.72,2025-02-19,09:15
16454,390.93,2025-02-19,09:30
16455,361.57,2025-02-19,09:45
16456,349.53,2025-02-19,10:00
16457,348.36,2025-02-19,10:15
16458,338.57,2025-02-19,10:30
16459,162.99,2025-02-19,10:45
16460,146.86,2025-02-19,11:00
16461,146.86,2025-02-19,11:15
16462,144.25,2025-02-19,11:30
16463,145.31,2025-02-19,11:45
16464,141.24,2025-02-19,12:00
16465,192.39,2025-02-19,12:15
16466,177.62,2025-02-19,12:30
16467,161.02,2025-02-19,12:45
16468,161.48,2025-02-19,13:00
16469,162.57,2025-02-19,13:15
16470,158.97,2025-02-19,13:30
16471,50.36,2025-02-19,13:45
16472,160.49,2025-02-19,14:00
16473,138.4,2025-02-19,14:15
16474,153.43,2025-02-19,14:30
16475,182.03,2025-02-19,14:45
16476,183.97,2025-02-19,15:00
16477,196.57,2025-02-19,15:15
16478,205.95,2025-02-19,15:30
16479,204.82,2025-02-19,15:45
16480,199.98,2025-02-19,16:00
16481,206.12,2025-02-19,16:15
16482,256.43,2025-02-19,16:30
16483,274.17,2025-02-19,16:45
16484,506.9,2025-02-19,17:00
16485,497.66,2025-02-19,17:15
16486,508.94,2025-02-19,17:30
16487,517.6,2025-02-19,17:45
16488,533.5,2025-02-19,18:00
16489,601.18,2025-02-19,18:15
16490,598.12,2025-02-19,18:30
16491,650.0,2025-02-19,18:45
16492,637.56,2025-02-19,19:00
16493,591.84,2025-02-19,19:15
16494,597.49,2025-02-19,19:30
16495,585.41,2025-02-19,19:45
16496,507.13,2025-02-19,20:00
16497,560.57,2025-02-19,20:15
16498,590.0,2025-02-19,20:30
16499,590.0,2025-02-19,20:45
16500,560.0,2025-02-19,21:00
16501,600.0,2025-02-19,21:15
16502,600.0,2025-02-19,21:30
16503,600.0,2025-02-19,21:45
16504,590.0,2025-02-19,22:00
16505,600.0,2025-02-19,22:15
16506,600.0,2025-02-19,22:30
16507,590.0,2025-02-19,22:45
16508,580.0,2025-02-19,23:00
16509,600.0,2025-02-19,23:15
16510,600.0,2025-02-19,23:30
16511,590.0,2025-02-19,23:45
16512,580.0,2025-02-19,24:00
16513,560.0,2025-02-20,00:15
16514,590.0,2025-02-20,00:30
16515,580.0,2025-02-20,00:45
16516,560.0,2025-02-20,01:00
16517,560.0,2025-02-20,01:15
16518,560.0,2025-02-20,01:30
16519,560.0,2025-02-20,01:45
16520,500.0,2025-02-20,02:00
16521,580.0,2025-02-20,02:15
16522,590.0,2025-02-20,02:30
16523,600.0,2025-02-20,02:45
16524,600.0,2025-02-20,03:00
16525,590.0,2025-02-20,03:15
16526,590.0,2025-02-20,03:30
16527,580.0,2025-02-20,03:45
16528,500.0,2025-02-20,04:00
16529,500.0,2025-02-20,04:15
16530,500.0,2025-02-20,04:30
16531,500.0,2025-02-20,04:45
16532,500.0,2025-02-20,05:00
16533,500.0,2025-02-20,05:15
16534,500.0,2025-02-20,05:30
16535,500.0,2025-02-20,05:45
16536,500.0,2025-02-20,06:00
16537,500.0,2025-02-20,06:15
16538,580.0,2025-02-20,06:30
16539,580.0,2025-02-20,06:45
16540,560.0,2025-02-20,07:00
16541,580.0,2025-02-20,07:15
16542,560.0,2025-02-20,07:30
16543,590.0,2025-02-20,07:45
16544,590.0,2025-02-20,08:00
16545,599.99,2025-02-20,08:15
16546,589.99,2025-02-20,08:30
16547,499.98,2025-02-20,08:45
16548,399.97,2025-02-20,09:00
16549,366.14,2025-02-20,09:15
16550,163.82,2025-02-20,09:30
16551,158.77,2025-02-20,09:45
16552,158.88,2025-02-20,10:00
16553,145.06,2025-02-20,10:15
16554,143.7,2025-02-20,10:30
16555,141.33,2025-02-20,10:45
16556,54.59,2025-02-20,11:00
16557,53.18,2025-02-20,11:15
16558,149.26,2025-02-20,11:30
16559,128.94,2025-02-20,11:45
16560,48.92,2025-02-20,12:00
16561,50.66,2025-02-20,12:15
16562,48.94,2025-02-20,12:30
16563,49.03,2025-02-20,12:45
16564,49.0,2025-02-20,13:00
16565,47.7,2025-02-20,13:15
16566,51.02,2025-02-20,13:30
16567,49.67,2025-02-20,13:45
16568,40.0,2025-02-20,14:00
16569,125.89,2025-02-20,14:15
16570,124.51,2025-02-20,14:30
16571,40.0,2025-02-20,14:45
16572,87.35,2025-02-20,15:00
16573,121.91,2025-02-20,15:15
16574,52.39,2025-02-20,15:30
16575,115.47,2025-02-20,15:45
16576,122.14,2025-02-20,16:00
16577,155.61,2025-02-20,16:15
16578,145.55,2025-02-20,16:30
16579,147.63,2025-02-20,16:45
16580,151.07,2025-02-20,17:00
16581,149.47,2025-02-20,17:15
16582,130.0,2025-02-20,17:30
16583,150.0,2025-02-20,17:45
16584,416.54,2025-02-20,18:00
16585,511.38,2025-02-20,18:15
16586,600.15,2025-02-20,18:30
16587,600.07,2025-02-20,18:45
16588,623.02,2025-02-20,19:00
16589,540.92,2025-02-20,19:15
16590,450.11,2025-02-20,19:30
16591,442.06,2025-02-20,19:45
16592,384.61,2025-02-20,20:00
16593,413.12,2025-02-20,20:15
16594,411.29,2025-02-20,20:30
16595,261.6,2025-02-20,20:45
16596,230.48,2025-02-20,21:00
16597,360.2,2025-02-20,21:15
16598,330.15,2025-02-20,21:30
16599,360.03,2025-02-20,21:45
16600,350.03,2025-02-20,22:00
16601,450.13,2025-02-20,22:15
16602,360.02,2025-02-20,22:30
16603,340.02,2025-02-20,22:45
16604,146.77,2025-02-20,23:00
16605,194.17,2025-02-20,23:15
16606,192.33,2025-02-20,23:30
16607,188.65,2025-02-20,23:45
16608,194.17,2025-02-20,24:00
16609,400.0,2025-02-21,00:15
16610,400.0,2025-02-21,00:30
16611,301.39,2025-02-21,00:45
16612,301.92,2025-02-21,01:00
16613,344.1,2025-02-21,01:15
16614,347.15,2025-02-21,01:30
16615,259.71,2025-02-21,01:45
16616,288.33,2025-02-21,02:00
16617,358.04,2025-02-21,02:15
16618,397.13,2025-02-21,02:30
16619,436.95,2025-02-21,02:45
16620,446.6,2025-02-21,03:00
16621,445.55,2025-02-21,03:15
16622,446.04,2025-02-21,03:30
16623,446.74,2025-02-21,03:45
16624,449.46,2025-02-21,04:00
16625,449.7,2025-02-21,04:15
16626,449.36,2025-02-21,04:30
16627,384.74,2025-02-21,04:45
16628,362.77,2025-02-21,05:00
16629,449.77,2025-02-21,05:15
16630,382.96,2025-02-21,05:30
16631,426.73,2025-02-21,05:45
16632,531.06,2025-02-21,06:00
16633,552.52,2025-02-21,06:15
16634,552.73,2025-02-21,06:30
16635,553.72,2025-02-21,06:45
16636,553.87,2025-02-21,07:00
16637,554.48,2025-02-21,07:15
16638,553.59,2025-02-21,07:30
16639,437.14,2025-02-21,07:45
16640,459.61,2025-02-21,08:00
16641,544.12,2025-02-21,08:15
16642,462.79,2025-02-21,08:30
16643,416.43,2025-02-21,08:45
16644,465.62,2025-02-21,09:00
16645,203.91,2025-02-21,09:15
16646,172.39,2025-02-21,09:30
16647,294.06,2025-02-21,09:45
16648,293.5,2025-02-21,10:00
16649,306.09,2025-02-21,10:15
16650,256.92,2025-02-21,10:30
16651,236.14,2025-02-21,10:45
16652,222.53,2025-02-21,11:00
16653,287.92,2025-02-21,11:15
16654,255.37,2025-02-21,11:30
16655,207.84,2025-02-21,11:45
16656,146.8,2025-02-21,12:00
16657,144.51,2025-02-21,12:15
16658,154.68,2025-02-21,12:30
16659,144.62,2025-02-21,12:45
16660,54.33,2025-02-21,13:00
16661,135.23,2025-02-21,13:15
16662,52.96,2025-02-21,13:30
16663,52.97,2025-02-21,13:45
16664,52.97,2025-02-21,14:00
16665,54.72,2025-02-21,14:15
16666,56.41,2025-02-21,14:30
16667,171.3,2025-02-21,14:45
16668,178.31,2025-02-21,15:00
16669,216.77,2025-02-21,15:15
16670,223.99,2025-02-21,15:30
16671,251.64,2025-02-21,15:45
16672,270.79,2025-02-21,16:00
16673,314.99,2025-02-21,16:15
16674,319.19,2025-02-21,16:30
16675,331.17,2025-02-21,16:45
16676,331.72,2025-02-21,17:00
16677,323.45,2025-02-21,17:15
16678,321.22,2025-02-21,17:30
16679,390.24,2025-02-21,17:45
16680,390.92,2025-02-21,18:00
16681,381.99,2025-02-21,18:15
16682,381.36,2025-02-21,18:30
16683,335.56,2025-02-21,18:45
16684,333.34,2025-02-21,19:00
16685,456.85,2025-02-21,19:15
16686,408.35,2025-02-21,19:30
16687,274.13,2025-02-21,19:45
16688,321.97,2025-02-21,20:00
16689,264.92,2025-02-21,20:15
16690,270.38,2025-02-21,20:30
16691,299.5,2025-02-21,20:45
16692,345.56,2025-02-21,21:00
16693,338.16,2025-02-21,21:15
16694,245.13,2025-02-21,21:30
16695,338.42,2025-02-21,21:45
16696,314.96,2025-02-21,22:00
16697,198.04,2025-02-21,22:15
16698,203.24,2025-02-21,22:30
16699,295.54,2025-02-21,22:45
16700,274.74,2025-02-21,23:00
16701,182.01,2025-02-21,23:15
16702,177.16,2025-02-21,23:30
16703,180.62,2025-02-21,23:45
16704,173.08,2025-02-21,24:00
16705,262.48,2025-02-22,00:15
16706,334.14,2025-02-22,00:30
16707,389.7,2025-02-22,00:45
16708,398.34,2025-02-22,01:00
16709,325.92,2025-02-22,01:15
16710,218.26,2025-02-22,01:30
16711,252.39,2025-02-22,01:45
16712,254.26,2025-02-22,02:00
16713,251.59,2025-02-22,02:15
16714,203.96,2025-02-22,02:30
16715,274.78,2025-02-22,02:45
16716,400.82,2025-02-22,03:00
16717,359.83,2025-02-22,03:15
16718,360.6,2025-02-22,03:30
16719,361.7,2025-02-22,03:45
16720,329.14,2025-02-22,04:00
16721,313.4,2025-02-22,04:15
16722,368.96,2025-02-22,04:30
16723,414.88,2025-02-22,04:45
16724,416.17,2025-02-22,05:00
16725,415.91,2025-02-22,05:15
16726,368.4,2025-02-22,05:30
16727,415.2,2025-02-22,05:45
16728,451.66,2025-02-22,06:00
16729,414.15,2025-02-22,06:15
16730,414.18,2025-02-22,06:30
16731,414.13,2025-02-22,06:45
16732,371.14,2025-02-22,07:00
16733,470.34,2025-02-22,07:15
16734,397.42,2025-02-22,07:30
16735,375.89,2025-02-22,07:45
16736,422.81,2025-02-22,08:00
16737,423.65,2025-02-22,08:15
16738,471.02,2025-02-22,08:30
16739,423.6,2025-02-22,08:45
16740,311.18,2025-02-22,09:00
16741,232.3,2025-02-22,09:15
16742,210.29,2025-02-22,09:30
16743,184.1,2025-02-22,09:45
16744,250.59,2025-02-22,10:00
16745,157.97,2025-02-22,10:15
16746,157.54,2025-02-22,10:30
16747,160.05,2025-02-22,10:45
16748,248.96,2025-02-22,11:00
16749,276.7,2025-02-22,11:15
16750,261.52,2025-02-22,11:30
16751,207.74,2025-02-22,11:45
16752,260.75,2025-02-22,12:00
16753,54.77,2025-02-22,12:15
16754,54.86,2025-02-22,12:30
16755,54.96,2025-02-22,12:45
16756,153.46,2025-02-22,13:00
16757,153.3,2025-02-22,13:15
16758,53.28,2025-02-22,13:30
16759,55.06,2025-02-22,13:45
16760,40.0,2025-02-22,14:00
16761,190.72,2025-02-22,14:15
16762,155.16,2025-02-22,14:30
16763,151.18,2025-02-22,14:45
16764,256.86,2025-02-22,15:00
16765,162.88,2025-02-22,15:15
16766,207.59,2025-02-22,15:30
16767,284.82,2025-02-22,15:45
16768,317.45,2025-02-22,16:00
16769,340.08,2025-02-22,16:15
16770,338.05,2025-02-22,16:30
16771,335.45,2025-02-22,16:45
16772,339.04,2025-02-22,17:00
16773,340.35,2025-02-22,17:15
16774,324.22,2025-02-22,17:30
16775,370.08,2025-02-22,17:45
16776,319.6,2025-02-22,18:00
16777,301.88,2025-02-22,18:15
16778,304.1,2025-02-22,18:30
16779,337.51,2025-02-22,18:45
16780,453.85,2025-02-22,19:00
16781,391.34,2025-02-22,19:15
16782,283.36,2025-02-22,19:30
16783,217.62,2025-02-22,19:45
16784,326.65,2025-02-22,20:00
16785,311.96,2025-02-22,20:15
16786,337.93,2025-02-22,20:30
16787,406.83,2025-02-22,20:45
16788,372.05,2025-02-22,21:00
16789,339.56,2025-02-22,21:15
16790,325.74,2025-02-22,21:30
16791,282.52,2025-02-22,21:45
16792,297.09,2025-02-22,22:00
16793,316.38,2025-02-22,22:15
16794,368.92,2025-02-22,22:30
16795,337.55,2025-02-22,22:45
16796,296.1,2025-02-22,23:00
16797,207.62,2025-02-22,23:15
16798,305.16,2025-02-22,23:30
16799,302.63,2025-02-22,23:45
16800,240.9,2025-02-22,24:00
16801,358.07,2025-02-23,00:15
16802,302.84,2025-02-23,00:30
16803,384.19,2025-02-23,00:45
16804,416.62,2025-02-23,01:00
16805,417.47,2025-02-23,01:15
16806,288.34,2025-02-23,01:30
16807,321.59,2025-02-23,01:45
16808,396.99,2025-02-23,02:00
16809,398.53,2025-02-23,02:15
16810,420.41,2025-02-23,02:30
16811,389.12,2025-02-23,02:45
16812,414.66,2025-02-23,03:00
16813,415.04,2025-02-23,03:15
16814,437.22,2025-02-23,03:30
16815,424.57,2025-02-23,03:45
16816,409.08,2025-02-23,04:00
16817,391.0,2025-02-23,04:15
16818,404.42,2025-02-23,04:30
16819,437.24,2025-02-23,04:45
16820,402.77,2025-02-23,05:00
16821,424.14,2025-02-23,05:15
16822,403.63,2025-02-23,05:30
16823,420.46,2025-02-23,05:45
16824,499.37,2025-02-23,06:00
16825,311.01,2025-02-23,06:15
16826,343.09,2025-02-23,06:30
16827,341.29,2025-02-23,06:45
16828,429.57,2025-02-23,07:00
16829,547.84,2025-02-23,07:15
16830,587.07,2025-02-23,07:30
16831,567.75,2025-02-23,07:45
16832,606.6,2025-02-23,08:00
16833,568.41,2025-02-23,08:15
16834,568.91,2025-02-23,08:30
16835,560.18,2025-02-23,08:45
16836,467.38,2025-02-23,09:00
16837,231.4,2025-02-23,09:15
16838,228.88,2025-02-23,09:30
16839,218.34,2025-02-23,09:45
16840,263.91,2025-02-23,10:00
16841,161.77,2025-02-23,10:15
16842,57.59,2025-02-23,10:30
16843,56.89,2025-02-23,10:45
16844,56.8,2025-02-23,11:00
16845,149.82,2025-02-23,11:15
16846,58.64,2025-02-23,11:30
16847,55.55,2025-02-23,11:45
16848,54.07,2025-02-23,12:00
16849,51.01,2025-02-23,12:15
16850,48.04,2025-02-23,12:30
16851,49.43,2025-02-23,12:45
16852,51.02,2025-02-23,13:00
16853,49.56,2025-02-23,13:15
16854,40.06,2025-02-23,13:30
16855,40.06,2025-02-23,13:45
16856,40.0,2025-02-23,14:00
16857,40.06,2025-02-23,14:15
16858,40.4,2025-02-23,14:30
16859,47.55,2025-02-23,14:45
16860,50.06,2025-02-23,15:00
16861,50.04,2025-02-23,15:15
16862,51.61,2025-02-23,15:30
16863,40.0,2025-02-23,15:45
16864,162.53,2025-02-23,16:00
16865,236.27,2025-02-23,16:15
16866,278.33,2025-02-23,16:30
16867,298.12,2025-02-23,16:45
16868,529.12,2025-02-23,17:00
16869,293.53,2025-02-23,17:15
16870,302.61,2025-02-23,17:30
16871,150.0,2025-02-23,17:45
16872,629.98,2025-02-23,18:00
16873,549.99,2025-02-23,18:15
16874,649.99,2025-02-23,18:30
16875,650.0,2025-02-23,18:45
16876,650.0,2025-02-23,19:00
16877,650.0,2025-02-23,19:15
16878,610.0,2025-02-23,19:30
16879,600.0,2025-02-23,19:45
16880,580.0,2025-02-23,20:00
16881,590.0,2025-02-23,20:15
16882,590.0,2025-02-23,20:30
16883,600.0,2025-02-23,20:45
16884,600.0,2025-02-23,21:00
16885,600.0,2025-02-23,21:15
16886,600.0,2025-02-23,21:30
16887,640.0,2025-02-23,21:45
16888,650.0,2025-02-23,22:00
16889,650.0,2025-02-23,22:15
16890,650.0,2025-02-23,22:30
16891,650.0,2025-02-23,22:45
16892,650.0,2025-02-23,23:00
16893,650.0,2025-02-23,23:15
16894,650.0,2025-02-23,23:30
16895,650.0,2025-02-23,23:45
16896,650.0,2025-02-23,24:00
16897,650.0,2025-02-24,00:15
16898,650.0,2025-02-24,00:30
16899,650.0,2025-02-24,00:45
16900,650.0,2025-02-24,01:00
16901,650.0,2025-02-24,01:15
16902,650.0,2025-02-24,01:30
16903,610.0,2025-02-24,01:45
16904,630.0,2025-02-24,02:00
16905,630.0,2025-02-24,02:15
16906,630.0,2025-02-24,02:30
16907,610.0,2025-02-24,02:45
16908,600.0,2025-02-24,03:00
16909,600.0,2025-02-24,03:15
16910,600.0,2025-02-24,03:30
16911,600.0,2025-02-24,03:45
16912,600.0,2025-02-24,04:00
16913,600.0,2025-02-24,04:15
16914,600.0,2025-02-24,04:30
16915,600.0,2025-02-24,04:45
16916,600.0,2025-02-24,05:00
16917,600.0,2025-02-24,05:15
16918,610.0,2025-02-24,05:30
16919,630.0,2025-02-24,05:45
16920,630.0,2025-02-24,06:00
16921,600.0,2025-02-24,06:15
16922,610.0,2025-02-24,06:30
16923,630.0,2025-02-24,06:45
16924,630.0,2025-02-24,07:00
16925,650.0,2025-02-24,07:15
16926,650.0,2025-02-24,07:30
16927,650.0,2025-02-24,07:45
16928,649.99,2025-02-24,08:00
16929,649.99,2025-02-24,08:15
16930,649.98,2025-02-24,08:30
16931,649.98,2025-02-24,08:45
16932,589.97,2025-02-24,09:00
16933,324.61,2025-02-24,09:15
16934,266.91,2025-02-24,09:30
16935,578.73,2025-02-24,09:45
16936,580.21,2025-02-24,10:00
16937,502.43,2025-02-24,10:15
16938,473.4,2025-02-24,10:30
16939,264.16,2025-02-24,10:45
16940,273.07,2025-02-24,11:00
16941,259.54,2025-02-24,11:15
16942,275.98,2025-02-24,11:30
16943,261.66,2025-02-24,11:45
16944,155.5,2025-02-24,12:00
16945,149.47,2025-02-24,12:15
16946,144.04,2025-02-24,12:30
16947,143.0,2025-02-24,12:45
16948,59.67,2025-02-24,13:00
16949,147.32,2025-02-24,13:15
16950,194.77,2025-02-24,13:30
16951,170.84,2025-02-24,13:45
16952,105.17,2025-02-24,14:00
16953,162.31,2025-02-24,14:15
16954,153.23,2025-02-24,14:30
16955,153.01,2025-02-24,14:45
16956,52.08,2025-02-24,15:00
16957,158.59,2025-02-24,15:15
16958,155.82,2025-02-24,15:30
16959,167.84,2025-02-24,15:45
16960,257.1,2025-02-24,16:00
16961,317.14,2025-02-24,16:15
16962,373.0,2025-02-24,16:30
16963,352.35,2025-02-24,16:45
16964,350.95,2025-02-24,17:00
16965,345.81,2025-02-24,17:15
16966,363.0,2025-02-24,17:30
16967,367.91,2025-02-24,17:45
16968,400.53,2025-02-24,18:00
16969,423.22,2025-02-24,18:15
16970,439.55,2025-02-24,18:30
16971,497.31,2025-02-24,18:45
16972,432.55,2025-02-24,19:00
16973,401.04,2025-02-24,19:15
16974,321.32,2025-02-24,19:30
16975,277.39,2025-02-24,19:45
16976,304.34,2025-02-24,20:00
16977,332.35,2025-02-24,20:15
16978,332.46,2025-02-24,20:30
16979,307.77,2025-02-24,20:45
16980,312.04,2025-02-24,21:00
16981,471.67,2025-02-24,21:15
16982,575.19,2025-02-24,21:30
16983,490.09,2025-02-24,21:45
16984,360.0,2025-02-24,22:00
16985,360.0,2025-02-24,22:15
16986,300.0,2025-02-24,22:30
16987,300.0,2025-02-24,22:45
16988,260.0,2025-02-24,23:00
16989,130.0,2025-02-24,23:15
16990,433.94,2025-02-24,23:30
16991,443.47,2025-02-24,23:45
16992,489.94,2025-02-24,24:00
16993,427.88,2025-02-25,00:15
16994,280.24,2025-02-25,00:30
16995,492.98,2025-02-25,00:45
16996,500.0,2025-02-25,01:00
16997,550.0,2025-02-25,01:15
16998,550.0,2025-02-25,01:30
16999,590.0,2025-02-25,01:45
17000,580.0,2025-02-25,02:00
17001,590.0,2025-02-25,02:15
17002,590.0,2025-02-25,02:30
17003,590.0,2025-02-25,02:45
17004,590.0,2025-02-25,03:00
17005,590.0,2025-02-25,03:15
17006,590.0,2025-02-25,03:30
17007,600.0,2025-02-25,03:45
17008,600.0,2025-02-25,04:00
17009,600.0,2025-02-25,04:15
17010,590.0,2025-02-25,04:30
17011,600.0,2025-02-25,04:45
17012,600.0,2025-02-25,05:00
17013,630.0,2025-02-25,05:15
17014,650.0,2025-02-25,05:30
17015,630.0,2025-02-25,05:45
17016,630.0,2025-02-25,06:00
17017,650.0,2025-02-25,06:15
17018,650.0,2025-02-25,06:30
17019,650.0,2025-02-25,06:45
17020,650.0,2025-02-25,07:00
17021,650.0,2025-02-25,07:15
17022,650.0,2025-02-25,07:30
17023,650.0,2025-02-25,07:45
17024,649.99,2025-02-25,08:00
17025,649.99,2025-02-25,08:15
17026,649.98,2025-02-25,08:30
17027,649.96,2025-02-25,08:45
17028,599.95,2025-02-25,09:00
17029,396.75,2025-02-25,09:15
17030,278.05,2025-02-25,09:30
17031,384.27,2025-02-25,09:45
17032,179.6,2025-02-25,10:00
17033,98.3,2025-02-25,10:15
17034,40.0,2025-02-25,10:30
17035,40.0,2025-02-25,10:45
17036,40.0,2025-02-25,11:00
17037,98.03,2025-02-25,11:15
17038,40.0,2025-02-25,11:30
17039,40.0,2025-02-25,11:45
17040,40.0,2025-02-25,12:00
17041,40.0,2025-02-25,12:15
17042,40.0,2025-02-25,12:30
17043,40.0,2025-02-25,12:45
17044,40.0,2025-02-25,13:00
17045,40.0,2025-02-25,13:15
17046,40.0,2025-02-25,13:30
17047,40.0,2025-02-25,13:45
17048,40.0,2025-02-25,14:00
17049,40.0,2025-02-25,14:15
17050,40.0,2025-02-25,14:30
17051,40.0,2025-02-25,14:45
17052,40.0,2025-02-25,15:00
17053,40.0,2025-02-25,15:15
17054,40.0,2025-02-25,15:30
17055,40.0,2025-02-25,15:45
17056,40.0,2025-02-25,16:00
17057,40.0,2025-02-25,16:15
17058,40.0,2025-02-25,16:30
17059,40.0,2025-02-25,16:45
17060,143.4,2025-02-25,17:00
17061,151.28,2025-02-25,17:15
17062,177.82,2025-02-25,17:30
17063,159.66,2025-02-25,17:45
17064,203.85,2025-02-25,18:00
17065,202.13,2025-02-25,18:15
17066,290.27,2025-02-25,18:30
17067,460.44,2025-02-25,18:45
17068,510.5,2025-02-25,19:00
17069,347.02,2025-02-25,19:15
17070,450.0,2025-02-25,19:30
17071,437.57,2025-02-25,19:45
17072,480.86,2025-02-25,20:00
17073,500.0,2025-02-25,20:15
17074,500.0,2025-02-25,20:30
17075,500.0,2025-02-25,20:45
17076,500.0,2025-02-25,21:00
17077,590.0,2025-02-25,21:15
17078,590.0,2025-02-25,21:30
17079,583.48,2025-02-25,21:45
17080,500.0,2025-02-25,22:00
17081,500.0,2025-02-25,22:15
17082,500.0,2025-02-25,22:30
17083,550.0,2025-02-25,22:45
17084,590.0,2025-02-25,23:00
17085,600.0,2025-02-25,23:15
17086,600.0,2025-02-25,23:30
17087,600.0,2025-02-25,23:45
17088,600.0,2025-02-25,24:00
17089,650.0,2025-02-26,00:15
17090,650.0,2025-02-26,00:30
17091,650.0,2025-02-26,00:45
17092,650.0,2025-02-26,01:00
17093,650.0,2025-02-26,01:15
17094,650.0,2025-02-26,01:30
17095,620.0,2025-02-26,01:45
17096,600.0,2025-02-26,02:00
17097,600.0,2025-02-26,02:15
17098,600.0,2025-02-26,02:30
17099,600.0,2025-02-26,02:45
17100,610.0,2025-02-26,03:00
17101,610.0,2025-02-26,03:15
17102,600.0,2025-02-26,03:30
17103,600.0,2025-02-26,03:45
17104,600.0,2025-02-26,04:00
17105,600.0,2025-02-26,04:15
17106,600.0,2025-02-26,04:30
17107,600.0,2025-02-26,04:45
17108,600.0,2025-02-26,05:00
17109,600.0,2025-02-26,05:15
17110,590.0,2025-02-26,05:30
17111,590.0,2025-02-26,05:45
17112,550.0,2025-02-26,06:00
17113,500.0,2025-02-26,06:15
17114,540.0,2025-02-26,06:30
17115,500.0,2025-02-26,06:45
17116,500.0,2025-02-26,07:00
17117,410.89,2025-02-26,07:15
17118,580.0,2025-02-26,07:30
17119,590.0,2025-02-26,07:45
17120,600.0,2025-02-26,08:00
17121,499.99,2025-02-26,08:15
17122,449.98,2025-02-26,08:30
17123,114.02,2025-02-26,08:45
17124,257.14,2025-02-26,09:00
17125,209.83,2025-02-26,09:15
17126,216.01,2025-02-26,09:30
17127,136.95,2025-02-26,09:45
17128,140.63,2025-02-26,10:00
17129,95.02,2025-02-26,10:15
17130,92.72,2025-02-26,10:30
17131,40.0,2025-02-26,10:45
17132,40.0,2025-02-26,11:00
17133,72.2,2025-02-26,11:15
17134,40.0,2025-02-26,11:30
17135,40.0,2025-02-26,11:45
17136,40.0,2025-02-26,12:00
17137,40.0,2025-02-26,12:15
17138,40.0,2025-02-26,12:30
17139,40.0,2025-02-26,12:45
17140,40.0,2025-02-26,13:00
17141,40.0,2025-02-26,13:15
17142,40.0,2025-02-26,13:30
17143,40.0,2025-02-26,13:45
17144,40.0,2025-02-26,14:00
17145,40.0,2025-02-26,14:15
17146,40.0,2025-02-26,14:30
17147,40.0,2025-02-26,14:45
17148,40.0,2025-02-26,15:00
17149,49.22,2025-02-26,15:15
17150,49.2,2025-02-26,15:30
17151,49.18,2025-02-26,15:45
17152,47.82,2025-02-26,16:00
17153,40.0,2025-02-26,16:15
17154,65.81,2025-02-26,16:30
17155,40.0,2025-02-26,16:45
17156,40.0,2025-02-26,17:00
17157,40.0,2025-02-26,17:15
17158,40.0,2025-02-26,17:30
17159,40.0,2025-02-26,17:45
17160,439.99,2025-02-26,18:00
17161,439.99,2025-02-26,18:15
17162,499.99,2025-02-26,18:30
17163,600.0,2025-02-26,18:45
17164,600.0,2025-02-26,19:00
17165,600.0,2025-02-26,19:15
17166,600.0,2025-02-26,19:30
17167,600.0,2025-02-26,19:45
17168,600.0,2025-02-26,20:00
17169,600.0,2025-02-26,20:15
17170,600.0,2025-02-26,20:30
17171,600.0,2025-02-26,20:45
17172,600.0,2025-02-26,21:00
17173,600.0,2025-02-26,21:15
17174,600.0,2025-02-26,21:30
17175,600.0,2025-02-26,21:45
17176,600.0,2025-02-26,22:00
17177,600.0,2025-02-26,22:15
17178,600.0,2025-02-26,22:30
17179,600.0,2025-02-26,22:45
17180,590.0,2025-02-26,23:00
17181,590.0,2025-02-26,23:15
17182,550.0,2025-02-26,23:30
17183,500.0,2025-02-26,23:45
17184,450.0,2025-02-26,24:00
17185,500.0,2025-02-27,00:15
17186,450.0,2025-02-27,00:30
17187,400.0,2025-02-27,00:45
17188,450.0,2025-02-27,01:00
17189,400.0,2025-02-27,01:15
17190,400.0,2025-02-27,01:30
17191,400.0,2025-02-27,01:45
17192,360.0,2025-02-27,02:00
17193,400.0,2025-02-27,02:15
17194,400.65,2025-02-27,02:30
17195,400.0,2025-02-27,02:45
17196,400.0,2025-02-27,03:00
17197,400.0,2025-02-27,03:15
17198,450.0,2025-02-27,03:30
17199,450.0,2025-02-27,03:45
17200,500.0,2025-02-27,04:00
17201,500.0,2025-02-27,04:15
17202,550.0,2025-02-27,04:30
17203,590.0,2025-02-27,04:45
17204,590.0,2025-02-27,05:00
17205,600.0,2025-02-27,05:15
17206,600.0,2025-02-27,05:30
17207,600.0,2025-02-27,05:45
17208,600.0,2025-02-27,06:00
17209,600.0,2025-02-27,06:15
17210,600.0,2025-02-27,06:30
17211,620.0,2025-02-27,06:45
17212,610.0,2025-02-27,07:00
17213,610.0,2025-02-27,07:15
17214,589.35,2025-02-27,07:30
17215,601.0,2025-02-27,07:45
17216,612.76,2025-02-27,08:00
17217,639.99,2025-02-27,08:15
17218,629.98,2025-02-27,08:30
17219,599.96,2025-02-27,08:45
17220,450.4,2025-02-27,09:00
17221,441.11,2025-02-27,09:15
17222,362.57,2025-02-27,09:30
17223,171.42,2025-02-27,09:45
17224,199.81,2025-02-27,10:00
17225,147.21,2025-02-27,10:15
17226,77.94,2025-02-27,10:30
17227,51.54,2025-02-27,10:45
17228,51.29,2025-02-27,11:00
17229,48.12,2025-02-27,11:15
17230,49.0,2025-02-27,11:30
17231,49.39,2025-02-27,11:45
17232,40.0,2025-02-27,12:00
17233,40.0,2025-02-27,12:15
17234,40.0,2025-02-27,12:30
17235,40.0,2025-02-27,12:45
17236,40.0,2025-02-27,13:00
17237,40.0,2025-02-27,13:15
17238,40.0,2025-02-27,13:30
17239,40.0,2025-02-27,13:45
17240,40.0,2025-02-27,14:00
17241,40.0,2025-02-27,14:15
17242,40.0,2025-02-27,14:30
17243,40.0,2025-02-27,14:45
17244,40.0,2025-02-27,15:00
17245,40.0,2025-02-27,15:15
17246,40.0,2025-02-27,15:30
17247,40.0,2025-02-27,15:45
17248,40.0,2025-02-27,16:00
17249,49.12,2025-02-27,16:15
17250,48.94,2025-02-27,16:30
17251,40.0,2025-02-27,16:45
17252,40.0,2025-02-27,17:00
17253,40.0,2025-02-27,17:15
17254,40.0,2025-02-27,17:30
17255,40.0,2025-02-27,17:45
17256,500.0,2025-02-27,18:00
17257,300.0,2025-02-27,18:15
17258,500.0,2025-02-27,18:30
17259,600.0,2025-02-27,18:45
17260,620.0,2025-02-27,19:00
17261,600.0,2025-02-27,19:15
17262,600.0,2025-02-27,19:30
17263,600.0,2025-02-27,19:45
17264,590.0,2025-02-27,20:00
17265,590.0,2025-02-27,20:15
17266,600.0,2025-02-27,20:30
17267,600.0,2025-02-27,20:45
17268,600.0,2025-02-27,21:00
17269,600.0,2025-02-27,21:15
17270,600.0,2025-02-27,21:30
17271,600.0,2025-02-27,21:45
17272,600.0,2025-02-27,22:00
17273,600.0,2025-02-27,22:15
17274,600.0,2025-02-27,22:30
17275,600.0,2025-02-27,22:45
17276,600.0,2025-02-27,23:00
17277,600.0,2025-02-27,23:15
17278,600.0,2025-02-27,23:30
17279,600.0,2025-02-27,23:45
17280,600.0,2025-02-27,24:00
17281,600.0,2025-02-28,00:15
17282,600.0,2025-02-28,00:30
17283,600.0,2025-02-28,00:45
17284,500.0,2025-02-28,01:00
17285,500.0,2025-02-28,01:15
17286,450.0,2025-02-28,01:30
17287,430.0,2025-02-28,01:45
17288,400.0,2025-02-28,02:00
17289,400.0,2025-02-28,02:15
17290,400.0,2025-02-28,02:30
17291,360.0,2025-02-28,02:45
17292,360.0,2025-02-28,03:00
17293,350.0,2025-02-28,03:15
17294,340.0,2025-02-28,03:30
17295,320.0,2025-02-28,03:45
17296,310.0,2025-02-28,04:00
17297,320.0,2025-02-28,04:15
17298,320.0,2025-02-28,04:30
17299,320.0,2025-02-28,04:45
17300,320.0,2025-02-28,05:00
17301,320.0,2025-02-28,05:15
17302,320.0,2025-02-28,05:30
17303,317.76,2025-02-28,05:45
17304,268.19,2025-02-28,06:00
17305,240.33,2025-02-28,06:15
17306,239.79,2025-02-28,06:30
17307,231.02,2025-02-28,06:45
17308,40.0,2025-02-28,07:00
17309,100.0,2025-02-28,07:15
17310,40.0,2025-02-28,07:30
17311,40.0,2025-02-28,07:45
17312,308.22,2025-02-28,08:00
17313,197.2,2025-02-28,08:15
17314,40.0,2025-02-28,08:30
17315,40.0,2025-02-28,08:45
17316,40.0,2025-02-28,09:00
17317,40.0,2025-02-28,09:15
17318,40.0,2025-02-28,09:30
17319,40.0,2025-02-28,09:45
17320,40.0,2025-02-28,10:00
17321,40.0,2025-02-28,10:15
17322,40.0,2025-02-28,10:30
17323,40.0,2025-02-28,10:45
17324,40.0,2025-02-28,11:00
17325,40.0,2025-02-28,11:15
17326,40.0,2025-02-28,11:30
17327,40.0,2025-02-28,11:45
17328,40.0,2025-02-28,12:00
17329,40.0,2025-02-28,12:15
17330,40.0,2025-02-28,12:30
17331,40.0,2025-02-28,12:45
17332,40.51,2025-02-28,13:00
17333,40.52,2025-02-28,13:15
17334,40.52,2025-02-28,13:30
17335,40.53,2025-02-28,13:45
17336,40.54,2025-02-28,14:00
17337,40.54,2025-02-28,14:15
17338,40.53,2025-02-28,14:30
17339,40.53,2025-02-28,14:45
17340,41.44,2025-02-28,15:00
17341,40.51,2025-02-28,15:15
17342,40.49,2025-02-28,15:30
17343,40.0,2025-02-28,15:45
17344,40.0,2025-02-28,16:00
17345,152.71,2025-02-28,16:15
17346,157.73,2025-02-28,16:30
17347,40.0,2025-02-28,16:45
17348,87.18,2025-02-28,17:00
17349,153.12,2025-02-28,17:15
17350,220.49,2025-02-28,17:30
17351,370.25,2025-02-28,17:45
17352,252.92,2025-02-28,18:00
17353,333.93,2025-02-28,18:15
17354,319.69,2025-02-28,18:30
17355,312.38,2025-02-28,18:45
17356,274.95,2025-02-28,19:00
17357,276.94,2025-02-28,19:15
17358,310.13,2025-02-28,19:30
17359,314.74,2025-02-28,19:45
17360,305.99,2025-02-28,20:00
17361,288.92,2025-02-28,20:15
17362,291.82,2025-02-28,20:30
17363,375.89,2025-02-28,20:45
17364,356.15,2025-02-28,21:00
17365,373.65,2025-02-28,21:15
17366,377.46,2025-02-28,21:30
17367,445.49,2025-02-28,21:45
17368,491.33,2025-02-28,22:00
17369,447.13,2025-02-28,22:15
17370,400.0,2025-02-28,22:30
17371,436.44,2025-02-28,22:45
17372,400.0,2025-02-28,23:00
17373,528.79,2025-02-28,23:15
17374,600.0,2025-02-28,23:30
17375,550.0,2025-02-28,23:45
17376,440.51,2025-02-28,24:00
17377,450.47,2025-03-01,00:15
17378,456.74,2025-03-01,00:30
17379,497.61,2025-03-01,00:45
17380,511.98,2025-03-01,01:00
17381,525.56,2025-03-01,01:15
17382,600.0,2025-03-01,01:30
17383,600.0,2025-03-01,01:45
17384,600.0,2025-03-01,02:00
17385,620.0,2025-03-01,02:15
17386,600.0,2025-03-01,02:30
17387,650.0,2025-03-01,02:45
17388,640.0,2025-03-01,03:00
17389,650.0,2025-03-01,03:15
17390,650.0,2025-03-01,03:30
17391,650.0,2025-03-01,03:45
17392,650.0,2025-03-01,04:00
17393,650.0,2025-03-01,04:15
17394,650.0,2025-03-01,04:30
17395,650.0,2025-03-01,04:45
17396,650.0,2025-03-01,05:00
17397,650.0,2025-03-01,05:15
17398,650.0,2025-03-01,05:30
17399,650.0,2025-03-01,05:45
17400,650.0,2025-03-01,06:00
17401,650.0,2025-03-01,06:15
17402,620.0,2025-03-01,06:30
17403,600.0,2025-03-01,06:45
17404,650.0,2025-03-01,07:00
17405,650.0,2025-03-01,07:15
17406,650.0,2025-03-01,07:30
17407,650.0,2025-03-01,07:45
17408,599.99,2025-03-01,08:00
17409,589.98,2025-03-01,08:15
17410,579.97,2025-03-01,08:30
17411,549.97,2025-03-01,08:45
17412,499.96,2025-03-01,09:00
17413,443.86,2025-03-01,09:15
17414,335.24,2025-03-01,09:30
17415,329.97,2025-03-01,09:45
17416,449.19,2025-03-01,10:00
17417,449.67,2025-03-01,10:15
17418,453.56,2025-03-01,10:30
17419,378.74,2025-03-01,10:45
17420,367.76,2025-03-01,11:00
17421,437.74,2025-03-01,11:15
17422,392.26,2025-03-01,11:30
17423,382.06,2025-03-01,11:45
17424,310.74,2025-03-01,12:00
17425,184.28,2025-03-01,12:15
17426,393.56,2025-03-01,12:30
17427,389.71,2025-03-01,12:45
17428,366.0,2025-03-01,13:00
17429,226.96,2025-03-01,13:15
17430,381.93,2025-03-01,13:30
17431,260.49,2025-03-01,13:45
17432,363.58,2025-03-01,14:00
17433,214.98,2025-03-01,14:15
17434,216.06,2025-03-01,14:30
17435,265.35,2025-03-01,14:45
17436,272.05,2025-03-01,15:00
17437,251.78,2025-03-01,15:15
17438,371.76,2025-03-01,15:30
17439,297.64,2025-03-01,15:45
17440,371.33,2025-03-01,16:00
17441,333.78,2025-03-01,16:15
17442,350.39,2025-03-01,16:30
17443,358.46,2025-03-01,16:45
17444,410.37,2025-03-01,17:00
17445,439.23,2025-03-01,17:15
17446,391.4,2025-03-01,17:30
17447,333.35,2025-03-01,17:45
17448,346.68,2025-03-01,18:00
17449,284.04,2025-03-01,18:15
17450,357.48,2025-03-01,18:30
17451,412.54,2025-03-01,18:45
17452,408.78,2025-03-01,19:00
17453,412.19,2025-03-01,19:15
17454,366.0,2025-03-01,19:30
17455,365.14,2025-03-01,19:45
17456,342.87,2025-03-01,20:00
17457,334.76,2025-03-01,20:15
17458,342.33,2025-03-01,20:30
17459,363.25,2025-03-01,20:45
17460,342.88,2025-03-01,21:00
17461,358.59,2025-03-01,21:15
17462,336.38,2025-03-01,21:30
17463,304.79,2025-03-01,21:45
17464,147.87,2025-03-01,22:00
17465,282.52,2025-03-01,22:15
17466,277.95,2025-03-01,22:30
17467,225.43,2025-03-01,22:45
17468,277.0,2025-03-01,23:00
17469,331.35,2025-03-01,23:15
17470,305.82,2025-03-01,23:30
17471,298.32,2025-03-01,23:45
17472,314.81,2025-03-01,24:00
17473,332.55,2025-03-02,00:15
17474,314.29,2025-03-02,00:30
17475,350.04,2025-03-02,00:45
17476,342.39,2025-03-02,01:00
17477,344.08,2025-03-02,01:15
17478,351.24,2025-03-02,01:30
17479,380.95,2025-03-02,01:45
17480,346.11,2025-03-02,02:00
17481,395.63,2025-03-02,02:15
17482,405.08,2025-03-02,02:30
17483,378.88,2025-03-02,02:45
17484,404.95,2025-03-02,03:00
17485,417.61,2025-03-02,03:15
17486,417.75,2025-03-02,03:30
17487,440.0,2025-03-02,03:45
17488,390.96,2025-03-02,04:00
17489,400.0,2025-03-02,04:15
17490,400.0,2025-03-02,04:30
17491,410.0,2025-03-02,04:45
17492,400.0,2025-03-02,05:00
17493,400.0,2025-03-02,05:15
17494,380.0,2025-03-02,05:30
17495,400.0,2025-03-02,05:45
17496,380.0,2025-03-02,06:00
17497,400.0,2025-03-02,06:15
17498,371.37,2025-03-02,06:30
17499,410.0,2025-03-02,06:45
17500,400.0,2025-03-02,07:00
17501,400.0,2025-03-02,07:15
17502,350.0,2025-03-02,07:30
17503,410.0,2025-03-02,07:45
17504,400.0,2025-03-02,08:00
17505,449.99,2025-03-02,08:15
17506,449.99,2025-03-02,08:30
17507,449.98,2025-03-02,08:45
17508,420.73,2025-03-02,09:00
17509,411.68,2025-03-02,09:15
17510,374.82,2025-03-02,09:30
17511,385.79,2025-03-02,09:45
17512,471.67,2025-03-02,10:00
17513,476.88,2025-03-02,10:15
17514,429.7,2025-03-02,10:30
17515,412.47,2025-03-02,10:45
17516,388.46,2025-03-02,11:00
17517,274.87,2025-03-02,11:15
17518,423.54,2025-03-02,11:30
17519,341.21,2025-03-02,11:45
17520,271.05,2025-03-02,12:00
17521,355.13,2025-03-02,12:15
17522,350.96,2025-03-02,12:30
17523,184.99,2025-03-02,12:45
17524,271.1,2025-03-02,13:00
17525,404.24,2025-03-02,13:15
17526,219.88,2025-03-02,13:30
17527,221.39,2025-03-02,13:45
17528,228.67,2025-03-02,14:00
17529,227.62,2025-03-02,14:15
17530,258.72,2025-03-02,14:30
17531,353.71,2025-03-02,14:45
17532,358.5,2025-03-02,15:00
17533,340.01,2025-03-02,15:15
17534,333.99,2025-03-02,15:30
17535,380.71,2025-03-02,15:45
17536,368.8,2025-03-02,16:00
17537,384.56,2025-03-02,16:15
17538,341.3,2025-03-02,16:30
17539,371.73,2025-03-02,16:45
17540,411.56,2025-03-02,17:00
17541,454.9,2025-03-02,17:15
17542,413.1,2025-03-02,17:30
17543,416.02,2025-03-02,17:45
17544,392.27,2025-03-02,18:00
17545,377.46,2025-03-02,18:15
17546,400.18,2025-03-02,18:30
17547,399.14,2025-03-02,18:45
17548,282.12,2025-03-02,19:00
17549,323.87,2025-03-02,19:15
17550,287.4,2025-03-02,19:30
17551,268.12,2025-03-02,19:45
17552,242.24,2025-03-02,20:00
17553,274.32,2025-03-02,20:15
17554,271.46,2025-03-02,20:30
17555,288.84,2025-03-02,20:45
17556,500.0,2025-03-02,21:00
17557,580.0,2025-03-02,21:15
17558,570.0,2025-03-02,21:30
17559,550.0,2025-03-02,21:45
17560,580.0,2025-03-02,22:00
17561,590.0,2025-03-02,22:15
17562,590.0,2025-03-02,22:30
17563,580.0,2025-03-02,22:45
17564,580.0,2025-03-02,23:00
17565,580.0,2025-03-02,23:15
17566,580.0,2025-03-02,23:30
17567,570.0,2025-03-02,23:45
17568,580.0,2025-03-02,24:00
17569,600.0,2025-03-03,00:15
17570,590.0,2025-03-03,00:30
17571,600.0,2025-03-03,00:45
17572,600.0,2025-03-03,01:00
17573,600.0,2025-03-03,01:15
17574,630.0,2025-03-03,01:30
17575,650.0,2025-03-03,01:45
17576,640.0,2025-03-03,02:00
17577,650.0,2025-03-03,02:15
17578,640.0,2025-03-03,02:30
17579,650.0,2025-03-03,02:45
17580,650.0,2025-03-03,03:00
17581,650.0,2025-03-03,03:15
17582,650.0,2025-03-03,03:30
17583,650.0,2025-03-03,03:45
17584,640.0,2025-03-03,04:00
17585,600.0,2025-03-03,04:15
17586,610.0,2025-03-03,04:30
17587,620.0,2025-03-03,04:45
17588,600.0,2025-03-03,05:00
17589,610.0,2025-03-03,05:15
17590,650.0,2025-03-03,05:30
17591,650.0,2025-03-03,05:45
17592,650.0,2025-03-03,06:00
17593,650.0,2025-03-03,06:15
17594,650.0,2025-03-03,06:30
17595,650.0,2025-03-03,06:45
17596,640.0,2025-03-03,07:00
17597,650.0,2025-03-03,07:15
17598,650.0,2025-03-03,07:30
17599,650.0,2025-03-03,07:45
17600,649.99,2025-03-03,08:00
17601,649.98,2025-03-03,08:15
17602,649.97,2025-03-03,08:30
17603,619.95,2025-03-03,08:45
17604,589.94,2025-03-03,09:00
17605,469.72,2025-03-03,09:15
17606,468.74,2025-03-03,09:30
17607,403.71,2025-03-03,09:45
17608,351.62,2025-03-03,10:00
17609,392.74,2025-03-03,10:15
17610,178.9,2025-03-03,10:30
17611,157.77,2025-03-03,10:45
17612,108.22,2025-03-03,11:00
17613,173.7,2025-03-03,11:15
17614,100.74,2025-03-03,11:30
17615,94.57,2025-03-03,11:45
17616,92.63,2025-03-03,12:00
17617,116.38,2025-03-03,12:15
17618,115.36,2025-03-03,12:30
17619,115.99,2025-03-03,12:45
17620,112.48,2025-03-03,13:00
17621,65.54,2025-03-03,13:15
17622,65.4,2025-03-03,13:30
17623,47.83,2025-03-03,13:45
17624,47.96,2025-03-03,14:00
17625,47.9,2025-03-03,14:15
17626,40.0,2025-03-03,14:30
17627,40.0,2025-03-03,14:45
17628,40.0,2025-03-03,15:00
17629,40.0,2025-03-03,15:15
17630,83.76,2025-03-03,15:30
17631,40.0,2025-03-03,15:45
17632,90.02,2025-03-03,16:00
17633,78.72,2025-03-03,16:15
17634,40.0,2025-03-03,16:30
17635,184.33,2025-03-03,16:45
17636,248.2,2025-03-03,17:00
17637,310.92,2025-03-03,17:15
17638,337.2,2025-03-03,17:30
17639,303.52,2025-03-03,17:45
17640,379.56,2025-03-03,18:00
17641,360.0,2025-03-03,18:15
17642,590.0,2025-03-03,18:30
17643,620.0,2025-03-03,18:45
17644,640.0,2025-03-03,19:00
17645,630.0,2025-03-03,19:15
17646,600.0,2025-03-03,19:30
17647,600.0,2025-03-03,19:45
17648,600.0,2025-03-03,20:00
17649,590.0,2025-03-03,20:15
17650,590.0,2025-03-03,20:30
17651,590.0,2025-03-03,20:45
17652,600.0,2025-03-03,21:00
17653,600.0,2025-03-03,21:15
17654,600.0,2025-03-03,21:30
17655,600.0,2025-03-03,21:45
17656,630.0,2025-03-03,22:00
17657,620.0,2025-03-03,22:15
17658,600.0,2025-03-03,22:30
17659,600.0,2025-03-03,22:45
17660,620.0,2025-03-03,23:00
17661,630.0,2025-03-03,23:15
17662,640.0,2025-03-03,23:30
17663,640.0,2025-03-03,23:45
17664,600.0,2025-03-03,24:00
17665,650.0,2025-03-04,00:15
17666,650.0,2025-03-04,00:30
17667,650.0,2025-03-04,00:45
17668,640.0,2025-03-04,01:00
17669,630.0,2025-03-04,01:15
17670,620.0,2025-03-04,01:30
17671,600.0,2025-03-04,01:45
17672,600.0,2025-03-04,02:00
17673,580.0,2025-03-04,02:15
17674,490.0,2025-03-04,02:30
17675,450.0,2025-03-04,02:45
17676,400.0,2025-03-04,03:00
17677,359.69,2025-03-04,03:15
17678,570.0,2025-03-04,03:30
17679,590.0,2025-03-04,03:45
17680,590.0,2025-03-04,04:00
17681,600.0,2025-03-04,04:15
17682,600.0,2025-03-04,04:30
17683,600.0,2025-03-04,04:45
17684,590.0,2025-03-04,05:00
17685,490.0,2025-03-04,05:15
17686,426.9,2025-03-04,05:30
17687,540.0,2025-03-04,05:45
17688,413.6,2025-03-04,06:00
17689,489.8,2025-03-04,06:15
17690,491.69,2025-03-04,06:30
17691,399.27,2025-03-04,06:45
17692,375.05,2025-03-04,07:00
17693,543.95,2025-03-04,07:15
17694,545.08,2025-03-04,07:30
17695,516.89,2025-03-04,07:45
17696,491.44,2025-03-04,08:00
17697,411.24,2025-03-04,08:15
17698,347.91,2025-03-04,08:30
17699,284.24,2025-03-04,08:45
17700,94.42,2025-03-04,09:00
17701,83.97,2025-03-04,09:15
17702,184.83,2025-03-04,09:30
17703,166.23,2025-03-04,09:45
17704,86.68,2025-03-04,10:00
17705,171.08,2025-03-04,10:15
17706,189.78,2025-03-04,10:30
17707,296.26,2025-03-04,10:45
17708,292.51,2025-03-04,11:00
17709,311.92,2025-03-04,11:15
17710,295.21,2025-03-04,11:30
17711,274.47,2025-03-04,11:45
17712,263.24,2025-03-04,12:00
17713,251.07,2025-03-04,12:15
17714,250.87,2025-03-04,12:30
17715,251.25,2025-03-04,12:45
17716,277.93,2025-03-04,13:00
17717,223.45,2025-03-04,13:15
17718,223.77,2025-03-04,13:30
17719,261.73,2025-03-04,13:45
17720,261.06,2025-03-04,14:00
17721,219.67,2025-03-04,14:15
17722,283.3,2025-03-04,14:30
17723,299.51,2025-03-04,14:45
17724,324.14,2025-03-04,15:00
17725,305.21,2025-03-04,15:15
17726,290.58,2025-03-04,15:30
17727,250.46,2025-03-04,15:45
17728,259.76,2025-03-04,16:00
17729,320.95,2025-03-04,16:15
17730,214.82,2025-03-04,16:30
17731,315.96,2025-03-04,16:45
17732,328.81,2025-03-04,17:00
17733,380.98,2025-03-04,17:15
17734,387.37,2025-03-04,17:30
17735,426.28,2025-03-04,17:45
17736,393.45,2025-03-04,18:00
17737,398.26,2025-03-04,18:15
17738,401.54,2025-03-04,18:30
17739,414.26,2025-03-04,18:45
17740,378.39,2025-03-04,19:00
17741,398.79,2025-03-04,19:15
17742,522.09,2025-03-04,19:30
17743,525.51,2025-03-04,19:45
17744,527.43,2025-03-04,20:00
17745,528.39,2025-03-04,20:15
17746,528.25,2025-03-04,20:30
17747,433.99,2025-03-04,20:45
17748,347.98,2025-03-04,21:00
17749,423.05,2025-03-04,21:15
17750,446.33,2025-03-04,21:30
17751,488.05,2025-03-04,21:45
17752,387.55,2025-03-04,22:00
17753,363.17,2025-03-04,22:15
17754,361.7,2025-03-04,22:30
17755,363.23,2025-03-04,22:45
17756,334.21,2025-03-04,23:00
17757,356.98,2025-03-04,23:15
17758,325.0,2025-03-04,23:30
17759,313.16,2025-03-04,23:45
17760,344.72,2025-03-04,24:00
17761,364.35,2025-03-05,00:15
17762,416.91,2025-03-05,00:30
17763,339.16,2025-03-05,00:45
17764,349.13,2025-03-05,01:00
17765,355.46,2025-03-05,01:15
17766,374.74,2025-03-05,01:30
17767,580.38,2025-03-05,01:45
17768,394.63,2025-03-05,02:00
17769,386.1,2025-03-05,02:15
17770,384.5,2025-03-05,02:30
17771,383.33,2025-03-05,02:45
17772,382.87,2025-03-05,03:00
17773,383.71,2025-03-05,03:15
17774,380.56,2025-03-05,03:30
17775,380.47,2025-03-05,03:45
17776,405.94,2025-03-05,04:00
17777,415.78,2025-03-05,04:15
17778,398.72,2025-03-05,04:30
17779,399.17,2025-03-05,04:45
17780,398.79,2025-03-05,05:00
17781,399.56,2025-03-05,05:15
17782,398.81,2025-03-05,05:30
17783,400.06,2025-03-05,05:45
17784,402.5,2025-03-05,06:00
17785,429.04,2025-03-05,06:15
17786,425.36,2025-03-05,06:30
17787,425.54,2025-03-05,06:45
17788,420.07,2025-03-05,07:00
17789,483.71,2025-03-05,07:15
17790,595.58,2025-03-05,07:30
17791,587.04,2025-03-05,07:45
17792,466.78,2025-03-05,08:00
17793,419.8,2025-03-05,08:15
17794,402.01,2025-03-05,08:30
17795,312.99,2025-03-05,08:45
17796,231.86,2025-03-05,09:00
17797,414.71,2025-03-05,09:15
17798,265.09,2025-03-05,09:30
17799,334.88,2025-03-05,09:45
17800,344.17,2025-03-05,10:00
17801,349.43,2025-03-05,10:15
17802,333.76,2025-03-05,10:30
17803,318.86,2025-03-05,10:45
17804,321.79,2025-03-05,11:00
17805,347.71,2025-03-05,11:15
17806,342.48,2025-03-05,11:30
17807,333.16,2025-03-05,11:45
17808,322.43,2025-03-05,12:00
17809,307.37,2025-03-05,12:15
17810,313.43,2025-03-05,12:30
17811,304.75,2025-03-05,12:45
17812,303.95,2025-03-05,13:00
17813,306.97,2025-03-05,13:15
17814,313.41,2025-03-05,13:30
17815,315.95,2025-03-05,13:45
17816,313.92,2025-03-05,14:00
17817,328.44,2025-03-05,14:15
17818,330.42,2025-03-05,14:30
17819,333.54,2025-03-05,14:45
17820,336.62,2025-03-05,15:00
17821,326.12,2025-03-05,15:15
17822,331.7,2025-03-05,15:30
17823,331.26,2025-03-05,15:45
17824,328.79,2025-03-05,16:00
17825,327.74,2025-03-05,16:15
17826,265.88,2025-03-05,16:30
17827,348.87,2025-03-05,16:45
17828,335.53,2025-03-05,17:00
17829,345.53,2025-03-05,17:15
17830,441.32,2025-03-05,17:30
17831,420.01,2025-03-05,17:45
17832,329.78,2025-03-05,18:00
17833,286.65,2025-03-05,18:15
17834,400.0,2025-03-05,18:30
17835,516.85,2025-03-05,18:45
17836,570.0,2025-03-05,19:00
17837,553.9,2025-03-05,19:15
17838,594.09,2025-03-05,19:30
17839,600.0,2025-03-05,19:45
17840,600.0,2025-03-05,20:00
17841,600.0,2025-03-05,20:15
17842,594.15,2025-03-05,20:30
17843,594.1,2025-03-05,20:45
17844,546.15,2025-03-05,21:00
17845,524.31,2025-03-05,21:15
17846,544.06,2025-03-05,21:30
17847,477.17,2025-03-05,21:45
17848,504.33,2025-03-05,22:00
17849,538.26,2025-03-05,22:15
17850,546.22,2025-03-05,22:30
17851,593.85,2025-03-05,22:45
17852,521.94,2025-03-05,23:00
17853,511.5,2025-03-05,23:15
17854,610.0,2025-03-05,23:30
17855,548.04,2025-03-05,23:45
17856,522.37,2025-03-05,24:00
17857,498.77,2025-03-06,00:15
17858,499.37,2025-03-06,00:30
17859,590.0,2025-03-06,00:45
17860,590.0,2025-03-06,01:00
17861,562.04,2025-03-06,01:15
17862,600.0,2025-03-06,01:30
17863,590.0,2025-03-06,01:45
17864,590.0,2025-03-06,02:00
17865,515.32,2025-03-06,02:15
17866,560.0,2025-03-06,02:30
17867,548.88,2025-03-06,02:45
17868,590.0,2025-03-06,03:00
17869,590.0,2025-03-06,03:15
17870,600.0,2025-03-06,03:30
17871,600.0,2025-03-06,03:45
17872,620.0,2025-03-06,04:00
17873,640.0,2025-03-06,04:15
17874,600.0,2025-03-06,04:30
17875,610.0,2025-03-06,04:45
17876,600.0,2025-03-06,05:00
17877,600.0,2025-03-06,05:15
17878,600.0,2025-03-06,05:30
17879,610.0,2025-03-06,05:45
17880,610.0,2025-03-06,06:00
17881,620.0,2025-03-06,06:15
17882,600.0,2025-03-06,06:30
17883,600.0,2025-03-06,06:45
17884,620.0,2025-03-06,07:00
17885,650.0,2025-03-06,07:15
17886,640.0,2025-03-06,07:30
17887,620.0,2025-03-06,07:45
17888,649.99,2025-03-06,08:00
17889,599.99,2025-03-06,08:15
17890,599.98,2025-03-06,08:30
17891,599.97,2025-03-06,08:45
17892,529.97,2025-03-06,09:00
17893,489.97,2025-03-06,09:15
17894,499.96,2025-03-06,09:30
17895,399.96,2025-03-06,09:45
17896,389.96,2025-03-06,10:00
17897,452.77,2025-03-06,10:15
17898,375.75,2025-03-06,10:30
17899,358.58,2025-03-06,10:45
17900,343.49,2025-03-06,11:00
17901,343.92,2025-03-06,11:15
17902,322.7,2025-03-06,11:30
17903,174.7,2025-03-06,11:45
17904,40.0,2025-03-06,12:00
17905,40.0,2025-03-06,12:15
17906,40.0,2025-03-06,12:30
17907,40.0,2025-03-06,12:45
17908,40.0,2025-03-06,13:00
17909,40.0,2025-03-06,13:15
17910,40.0,2025-03-06,13:30
17911,40.0,2025-03-06,13:45
17912,40.0,2025-03-06,14:00
17913,162.34,2025-03-06,14:15
17914,174.56,2025-03-06,14:30
17915,226.38,2025-03-06,14:45
17916,222.42,2025-03-06,15:00
17917,222.84,2025-03-06,15:15
17918,245.52,2025-03-06,15:30
17919,311.91,2025-03-06,15:45
17920,291.73,2025-03-06,16:00
17921,294.23,2025-03-06,16:15
17922,340.98,2025-03-06,16:30
17923,359.26,2025-03-06,16:45
17924,418.52,2025-03-06,17:00
17925,444.31,2025-03-06,17:15
17926,454.17,2025-03-06,17:30
17927,411.29,2025-03-06,17:45
17928,324.84,2025-03-06,18:00
17929,286.14,2025-03-06,18:15
17930,327.98,2025-03-06,18:30
17931,467.03,2025-03-06,18:45
17932,450.0,2025-03-06,19:00
17933,590.0,2025-03-06,19:15
17934,590.0,2025-03-06,19:30
17935,590.0,2025-03-06,19:45
17936,590.0,2025-03-06,20:00
17937,590.0,2025-03-06,20:15
17938,590.0,2025-03-06,20:30
17939,600.0,2025-03-06,20:45
17940,600.0,2025-03-06,21:00
17941,600.0,2025-03-06,21:15
17942,600.0,2025-03-06,21:30
17943,620.0,2025-03-06,21:45
17944,600.0,2025-03-06,22:00
17945,600.0,2025-03-06,22:15
17946,620.0,2025-03-06,22:30
17947,620.0,2025-03-06,22:45
17948,650.0,2025-03-06,23:00
17949,650.0,2025-03-06,23:15
17950,650.0,2025-03-06,23:30
17951,650.0,2025-03-06,23:45
17952,650.0,2025-03-06,24:00
17953,650.0,2025-03-07,00:15
17954,650.0,2025-03-07,00:30
17955,650.0,2025-03-07,00:45
17956,650.0,2025-03-07,01:00
17957,650.0,2025-03-07,01:15
17958,650.0,2025-03-07,01:30
17959,650.0,2025-03-07,01:45
17960,650.0,2025-03-07,02:00
17961,650.0,2025-03-07,02:15
17962,650.0,2025-03-07,02:30
17963,650.0,2025-03-07,02:45
17964,650.0,2025-03-07,03:00
17965,650.0,2025-03-07,03:15
17966,650.0,2025-03-07,03:30
17967,650.0,2025-03-07,03:45
17968,650.0,2025-03-07,04:00
17969,650.0,2025-03-07,04:15
17970,650.0,2025-03-07,04:30
17971,650.0,2025-03-07,04:45
17972,650.0,2025-03-07,05:00
17973,650.0,2025-03-07,05:15
17974,650.0,2025-03-07,05:30
17975,650.0,2025-03-07,05:45
17976,650.0,2025-03-07,06:00
17977,650.0,2025-03-07,06:15
17978,650.0,2025-03-07,06:30
17979,650.0,2025-03-07,06:45
17980,650.0,2025-03-07,07:00
17981,650.0,2025-03-07,07:15
17982,650.0,2025-03-07,07:30
17983,649.99,2025-03-07,07:45
17984,649.99,2025-03-07,08:00
17985,649.98,2025-03-07,08:15
17986,619.97,2025-03-07,08:30
17987,599.96,2025-03-07,08:45
17988,489.95,2025-03-07,09:00
17989,379.95,2025-03-07,09:15
17990,329.95,2025-03-07,09:30
17991,241.76,2025-03-07,09:45
17992,212.52,2025-03-07,10:00
17993,170.8,2025-03-07,10:15
17994,152.99,2025-03-07,10:30
17995,96.7,2025-03-07,10:45
17996,40.0,2025-03-07,11:00
17997,85.97,2025-03-07,11:15
17998,40.0,2025-03-07,11:30
17999,40.0,2025-03-07,11:45
18000,40.0,2025-03-07,12:00
18001,40.0,2025-03-07,12:15
18002,40.0,2025-03-07,12:30
18003,40.0,2025-03-07,12:45
18004,40.0,2025-03-07,13:00
18005,40.0,2025-03-07,13:15
18006,40.0,2025-03-07,13:30
18007,40.0,2025-03-07,13:45
18008,40.0,2025-03-07,14:00
18009,40.0,2025-03-07,14:15
18010,40.0,2025-03-07,14:30
18011,40.0,2025-03-07,14:45
18012,40.0,2025-03-07,15:00
18013,40.0,2025-03-07,15:15
18014,40.0,2025-03-07,15:30
18015,40.0,2025-03-07,15:45
18016,40.0,2025-03-07,16:00
18017,162.53,2025-03-07,16:15
18018,174.49,2025-03-07,16:30
18019,224.79,2025-03-07,16:45
18020,253.45,2025-03-07,17:00
18021,386.06,2025-03-07,17:15
18022,376.08,2025-03-07,17:30
18023,353.74,2025-03-07,17:45
18024,340.35,2025-03-07,18:00
18025,330.12,2025-03-07,18:15
18026,360.0,2025-03-07,18:30
18027,589.99,2025-03-07,18:45
18028,600.0,2025-03-07,19:00
18029,640.0,2025-03-07,19:15
18030,650.0,2025-03-07,19:30
18031,650.0,2025-03-07,19:45
18032,650.0,2025-03-07,20:00
18033,650.0,2025-03-07,20:15
18034,610.0,2025-03-07,20:30
18035,610.0,2025-03-07,20:45
18036,600.0,2025-03-07,21:00
18037,620.0,2025-03-07,21:15
18038,620.0,2025-03-07,21:30
18039,610.0,2025-03-07,21:45
18040,600.0,2025-03-07,22:00
18041,600.0,2025-03-07,22:15
18042,610.0,2025-03-07,22:30
18043,620.0,2025-03-07,22:45
18044,610.0,2025-03-07,23:00
18045,610.0,2025-03-07,23:15
18046,600.0,2025-03-07,23:30
18047,600.0,2025-03-07,23:45
18048,560.0,2025-03-07,24:00
18049,600.0,2025-03-08,00:15
18050,580.0,2025-03-08,00:30
18051,490.0,2025-03-08,00:45
18052,500.0,2025-03-08,01:00
18053,400.0,2025-03-08,01:15
18054,400.0,2025-03-08,01:30
18055,380.0,2025-03-08,01:45
18056,380.0,2025-03-08,02:00
18057,360.0,2025-03-08,02:15
18058,350.0,2025-03-08,02:30
18059,330.0,2025-03-08,02:45
18060,340.0,2025-03-08,03:00
18061,330.0,2025-03-08,03:15
18062,320.0,2025-03-08,03:30
18063,310.0,2025-03-08,03:45
18064,310.0,2025-03-08,04:00
18065,300.0,2025-03-08,04:15
18066,300.0,2025-03-08,04:30
18067,310.0,2025-03-08,04:45
18068,310.0,2025-03-08,05:00
18069,320.0,2025-03-08,05:15
18070,330.0,2025-03-08,05:30
18071,350.0,2025-03-08,05:45
18072,350.0,2025-03-08,06:00
18073,350.0,2025-03-08,06:15
18074,340.0,2025-03-08,06:30
18075,340.0,2025-03-08,06:45
18076,340.0,2025-03-08,07:00
18077,340.0,2025-03-08,07:15
18078,330.0,2025-03-08,07:30
18079,330.0,2025-03-08,07:45
18080,313.04,2025-03-08,08:00
18081,332.42,2025-03-08,08:15
18082,318.79,2025-03-08,08:30
18083,143.7,2025-03-08,08:45
18084,296.26,2025-03-08,09:00
18085,40.0,2025-03-08,09:15
18086,40.0,2025-03-08,09:30
18087,40.0,2025-03-08,09:45
18088,40.0,2025-03-08,10:00
18089,40.0,2025-03-08,10:15
18090,40.0,2025-03-08,10:30
18091,40.0,2025-03-08,10:45
18092,40.0,2025-03-08,11:00
18093,40.0,2025-03-08,11:15
18094,40.0,2025-03-08,11:30
18095,40.0,2025-03-08,11:45
18096,40.0,2025-03-08,12:00
18097,40.0,2025-03-08,12:15
18098,40.0,2025-03-08,12:30
18099,40.0,2025-03-08,12:45
18100,40.0,2025-03-08,13:00
18101,40.0,2025-03-08,13:15
18102,40.0,2025-03-08,13:30
18103,40.0,2025-03-08,13:45
18104,40.0,2025-03-08,14:00
18105,40.0,2025-03-08,14:15
18106,40.0,2025-03-08,14:30
18107,40.0,2025-03-08,14:45
18108,40.0,2025-03-08,15:00
18109,40.0,2025-03-08,15:15
18110,40.0,2025-03-08,15:30
18111,40.0,2025-03-08,15:45
18112,40.0,2025-03-08,16:00
18113,40.0,2025-03-08,16:15
18114,40.0,2025-03-08,16:30
18115,40.0,2025-03-08,16:45
18116,40.0,2025-03-08,17:00
18117,301.34,2025-03-08,17:15
18118,219.32,2025-03-08,17:30
18119,156.04,2025-03-08,17:45
18120,40.0,2025-03-08,18:00
18121,225.06,2025-03-08,18:15
18122,245.08,2025-03-08,18:30
18123,245.32,2025-03-08,18:45
18124,244.96,2025-03-08,19:00
18125,193.54,2025-03-08,19:15
18126,187.66,2025-03-08,19:30
18127,160.5,2025-03-08,19:45
18128,165.63,2025-03-08,20:00
18129,210.28,2025-03-08,20:15
18130,249.51,2025-03-08,20:30
18131,297.08,2025-03-08,20:45
18132,285.0,2025-03-08,21:00
18133,298.36,2025-03-08,21:15
18134,267.02,2025-03-08,21:30
18135,248.48,2025-03-08,21:45
18136,213.73,2025-03-08,22:00
18137,283.45,2025-03-08,22:15
18138,332.0,2025-03-08,22:30
18139,282.69,2025-03-08,22:45
18140,275.42,2025-03-08,23:00
18141,507.01,2025-03-08,23:15
18142,505.18,2025-03-08,23:30
18143,453.2,2025-03-08,23:45
18144,368.45,2025-03-08,24:00
18145,414.42,2025-03-09,00:15
18146,442.4,2025-03-09,00:30
18147,555.72,2025-03-09,00:45
18148,574.73,2025-03-09,01:00
18149,565.45,2025-03-09,01:15
18150,536.23,2025-03-09,01:30
18151,569.2,2025-03-09,01:45
18152,585.33,2025-03-09,02:00
18153,518.5,2025-03-09,02:15
18154,491.51,2025-03-09,02:30
18155,573.29,2025-03-09,02:45
18156,563.49,2025-03-09,03:00
18157,592.23,2025-03-09,03:15
18158,580.0,2025-03-09,03:30
18159,600.0,2025-03-09,03:45
18160,600.0,2025-03-09,04:00
18161,620.0,2025-03-09,04:15
18162,610.0,2025-03-09,04:30
18163,650.0,2025-03-09,04:45
18164,610.0,2025-03-09,05:00
18165,620.0,2025-03-09,05:15
18166,600.0,2025-03-09,05:30
18167,600.0,2025-03-09,05:45
18168,600.0,2025-03-09,06:00
18169,620.0,2025-03-09,06:15
18170,650.0,2025-03-09,06:30
18171,620.0,2025-03-09,06:45
18172,620.0,2025-03-09,07:00
18173,650.0,2025-03-09,07:15
18174,650.0,2025-03-09,07:30
18175,649.99,2025-03-09,07:45
18176,649.99,2025-03-09,08:00
18177,649.98,2025-03-09,08:15
18178,649.97,2025-03-09,08:30
18179,599.96,2025-03-09,08:45
18180,389.96,2025-03-09,09:00
18181,149.98,2025-03-09,09:15
18182,108.65,2025-03-09,09:30
18183,189.97,2025-03-09,09:45
18184,167.97,2025-03-09,10:00
18185,167.06,2025-03-09,10:15
18186,40.0,2025-03-09,10:30
18187,40.0,2025-03-09,10:45
18188,160.32,2025-03-09,11:00
18189,40.0,2025-03-09,11:15
18190,40.0,2025-03-09,11:30
18191,40.0,2025-03-09,11:45
18192,40.0,2025-03-09,12:00
18193,40.0,2025-03-09,12:15
18194,40.0,2025-03-09,12:30
18195,40.0,2025-03-09,12:45
18196,40.0,2025-03-09,13:00
18197,40.0,2025-03-09,13:15
18198,40.0,2025-03-09,13:30
18199,40.0,2025-03-09,13:45
18200,40.0,2025-03-09,14:00
18201,40.0,2025-03-09,14:15
18202,40.0,2025-03-09,14:30
18203,40.0,2025-03-09,14:45
18204,40.43,2025-03-09,15:00
18205,40.41,2025-03-09,15:15
18206,40.41,2025-03-09,15:30
18207,40.41,2025-03-09,15:45
18208,40.0,2025-03-09,16:00
18209,175.34,2025-03-09,16:15
18210,229.36,2025-03-09,16:30
18211,321.73,2025-03-09,16:45
18212,329.9,2025-03-09,17:00
18213,373.1,2025-03-09,17:15
18214,367.82,2025-03-09,17:30
18215,361.06,2025-03-09,17:45
18216,474.33,2025-03-09,18:00
18217,472.01,2025-03-09,18:15
18218,478.72,2025-03-09,18:30
18219,483.5,2025-03-09,18:45
18220,488.44,2025-03-09,19:00
18221,460.77,2025-03-09,19:15
18222,460.76,2025-03-09,19:30
18223,454.65,2025-03-09,19:45
18224,441.8,2025-03-09,20:00
18225,466.18,2025-03-09,20:15
18226,650.0,2025-03-09,20:30
18227,650.0,2025-03-09,20:45
18228,580.0,2025-03-09,21:00
18229,550.0,2025-03-09,21:15
18230,600.0,2025-03-09,21:30
18231,600.0,2025-03-09,21:45
18232,620.0,2025-03-09,22:00
18233,650.0,2025-03-09,22:15
18234,640.0,2025-03-09,22:30
18235,650.0,2025-03-09,22:45
18236,650.0,2025-03-09,23:00
18237,650.0,2025-03-09,23:15
18238,650.0,2025-03-09,23:30
18239,650.0,2025-03-09,23:45
18240,620.0,2025-03-09,24:00
18241,640.0,2025-03-10,00:15
18242,646.45,2025-03-10,00:30
18243,370.79,2025-03-10,00:45
18244,412.67,2025-03-10,01:00
18245,422.97,2025-03-10,01:15
18246,461.6,2025-03-10,01:30
18247,462.44,2025-03-10,01:45
18248,378.07,2025-03-10,02:00
18249,569.5,2025-03-10,02:15
18250,560.18,2025-03-10,02:30
18251,570.85,2025-03-10,02:45
18252,570.71,2025-03-10,03:00
18253,570.14,2025-03-10,03:15
18254,569.57,2025-03-10,03:30
18255,568.59,2025-03-10,03:45
18256,548.72,2025-03-10,04:00
18257,616.87,2025-03-10,04:15
18258,641.56,2025-03-10,04:30
18259,580.0,2025-03-10,04:45
18260,550.0,2025-03-10,05:00
18261,550.0,2025-03-10,05:15
18262,550.0,2025-03-10,05:30
18263,550.0,2025-03-10,05:45
18264,450.0,2025-03-10,06:00
18265,400.0,2025-03-10,06:15
18266,459.86,2025-03-10,06:30
18267,620.0,2025-03-10,06:45
18268,580.0,2025-03-10,07:00
18269,600.0,2025-03-10,07:15
18270,600.0,2025-03-10,07:30
18271,599.99,2025-03-10,07:45
18272,599.99,2025-03-10,08:00
18273,599.98,2025-03-10,08:15
18274,599.97,2025-03-10,08:30
18275,439.96,2025-03-10,08:45
18276,349.96,2025-03-10,09:00
18277,339.95,2025-03-10,09:15
18278,300.19,2025-03-10,09:30
18279,180.28,2025-03-10,09:45
18280,40.0,2025-03-10,10:00
18281,40.0,2025-03-10,10:15
18282,40.0,2025-03-10,10:30
18283,40.0,2025-03-10,10:45
18284,40.0,2025-03-10,11:00
18285,40.0,2025-03-10,11:15
18286,40.0,2025-03-10,11:30
18287,40.0,2025-03-10,11:45
18288,40.0,2025-03-10,12:00
18289,40.0,2025-03-10,12:15
18290,40.0,2025-03-10,12:30
18291,40.0,2025-03-10,12:45
18292,40.0,2025-03-10,13:00
18293,40.0,2025-03-10,13:15
18294,40.0,2025-03-10,13:30
18295,40.0,2025-03-10,13:45
18296,40.0,2025-03-10,14:00
18297,40.0,2025-03-10,14:15
18298,40.0,2025-03-10,14:30
18299,40.0,2025-03-10,14:45
18300,40.0,2025-03-10,15:00
18301,40.0,2025-03-10,15:15
18302,40.0,2025-03-10,15:30
18303,40.0,2025-03-10,15:45
18304,40.0,2025-03-10,16:00
18305,40.0,2025-03-10,16:15
18306,187.41,2025-03-10,16:30
18307,324.5,2025-03-10,16:45
18308,219.9,2025-03-10,17:00
18309,384.33,2025-03-10,17:15
18310,382.53,2025-03-10,17:30
18311,378.23,2025-03-10,17:45
18312,333.01,2025-03-10,18:00
18313,361.11,2025-03-10,18:15
18314,390.0,2025-03-10,18:30
18315,441.74,2025-03-10,18:45
18316,407.33,2025-03-10,19:00
18317,405.81,2025-03-10,19:15
18318,383.56,2025-03-10,19:30
18319,376.53,2025-03-10,19:45
18320,376.64,2025-03-10,20:00
18321,270.05,2025-03-10,20:15
18322,272.01,2025-03-10,20:30
18323,356.18,2025-03-10,20:45
18324,321.42,2025-03-10,21:00
18325,323.36,2025-03-10,21:15
18326,341.89,2025-03-10,21:30
18327,465.22,2025-03-10,21:45
18328,461.23,2025-03-10,22:00
18329,552.74,2025-03-10,22:15
18330,586.62,2025-03-10,22:30
18331,586.64,2025-03-10,22:45
18332,552.25,2025-03-10,23:00
18333,568.1,2025-03-10,23:15
18334,569.52,2025-03-10,23:30
18335,569.79,2025-03-10,23:45
18336,569.12,2025-03-10,24:00
18337,583.63,2025-03-11,00:15
18338,543.47,2025-03-11,00:30
18339,564.95,2025-03-11,00:45
18340,584.33,2025-03-11,01:00
18341,575.24,2025-03-11,01:15
18342,578.03,2025-03-11,01:30
18343,590.0,2025-03-11,01:45
18344,580.0,2025-03-11,02:00
18345,590.0,2025-03-11,02:15
18346,590.0,2025-03-11,02:30
18347,550.0,2025-03-11,02:45
18348,530.0,2025-03-11,03:00
18349,550.0,2025-03-11,03:15
18350,500.0,2025-03-11,03:30
18351,490.0,2025-03-11,03:45
18352,450.0,2025-03-11,04:00
18353,590.0,2025-03-11,04:15
18354,590.0,2025-03-11,04:30
18355,600.0,2025-03-11,04:45
18356,600.0,2025-03-11,05:00
18357,600.0,2025-03-11,05:15
18358,590.0,2025-03-11,05:30
18359,600.0,2025-03-11,05:45
18360,590.0,2025-03-11,06:00
18361,590.0,2025-03-11,06:15
18362,530.0,2025-03-11,06:30
18363,461.19,2025-03-11,06:45
18364,460.58,2025-03-11,07:00
18365,460.25,2025-03-11,07:15
18366,497.6,2025-03-11,07:30
18367,554.49,2025-03-11,07:45
18368,564.71,2025-03-11,08:00
18369,584.29,2025-03-11,08:15
18370,565.8,2025-03-11,08:30
18371,557.61,2025-03-11,08:45
18372,521.22,2025-03-11,09:00
18373,162.29,2025-03-11,09:15
18374,143.77,2025-03-11,09:30
18375,40.0,2025-03-11,09:45
18376,40.37,2025-03-11,10:00
18377,40.0,2025-03-11,10:15
18378,40.0,2025-03-11,10:30
18379,40.0,2025-03-11,10:45
18380,40.0,2025-03-11,11:00
18381,40.0,2025-03-11,11:15
18382,40.0,2025-03-11,11:30
18383,40.0,2025-03-11,11:45
18384,40.0,2025-03-11,12:00
18385,40.0,2025-03-11,12:15
18386,40.0,2025-03-11,12:30
18387,40.0,2025-03-11,12:45
18388,40.0,2025-03-11,13:00
18389,40.0,2025-03-11,13:15
18390,40.0,2025-03-11,13:30
18391,40.0,2025-03-11,13:45
18392,40.0,2025-03-11,14:00
18393,40.0,2025-03-11,14:15
18394,40.0,2025-03-11,14:30
18395,40.0,2025-03-11,14:45
18396,40.0,2025-03-11,15:00
18397,40.0,2025-03-11,15:15
18398,40.0,2025-03-11,15:30
18399,40.0,2025-03-11,15:45
18400,40.0,2025-03-11,16:00
18401,40.0,2025-03-11,16:15
18402,40.0,2025-03-11,16:30
18403,40.54,2025-03-11,16:45
18404,40.58,2025-03-11,17:00
18405,40.0,2025-03-11,17:15
18406,219.48,2025-03-11,17:30
18407,40.0,2025-03-11,17:45
18408,40.0,2025-03-11,18:00
18409,140.0,2025-03-11,18:15
18410,399.99,2025-03-11,18:30
18411,489.99,2025-03-11,18:45
18412,620.0,2025-03-11,19:00
18413,650.0,2025-03-11,19:15
18414,640.0,2025-03-11,19:30
18415,650.0,2025-03-11,19:45
18416,600.0,2025-03-11,20:00
18417,610.0,2025-03-11,20:15
18418,640.0,2025-03-11,20:30
18419,600.0,2025-03-11,20:45
18420,650.0,2025-03-11,21:00
18421,650.0,2025-03-11,21:15
18422,650.0,2025-03-11,21:30
18423,650.0,2025-03-11,21:45
18424,650.0,2025-03-11,22:00
18425,640.0,2025-03-11,22:15
18426,600.0,2025-03-11,22:30
18427,600.0,2025-03-11,22:45
18428,600.0,2025-03-11,23:00
18429,600.0,2025-03-11,23:15
18430,600.0,2025-03-11,23:30
18431,600.0,2025-03-11,23:45
18432,580.0,2025-03-11,24:00
18433,650.0,2025-03-12,00:15
18434,650.0,2025-03-12,00:30
18435,620.0,2025-03-12,00:45
18436,630.0,2025-03-12,01:00
18437,620.0,2025-03-12,01:15
18438,600.0,2025-03-12,01:30
18439,620.0,2025-03-12,01:45
18440,610.0,2025-03-12,02:00
18441,610.0,2025-03-12,02:15
18442,620.0,2025-03-12,02:30
18443,630.0,2025-03-12,02:45
18444,620.0,2025-03-12,03:00
18445,620.0,2025-03-12,03:15
18446,640.0,2025-03-12,03:30
18447,600.0,2025-03-12,03:45
18448,620.0,2025-03-12,04:00
18449,600.0,2025-03-12,04:15
18450,620.0,2025-03-12,04:30
18451,620.0,2025-03-12,04:45
18452,600.0,2025-03-12,05:00
18453,590.0,2025-03-12,05:15
18454,580.0,2025-03-12,05:30
18455,590.0,2025-03-12,05:45
18456,530.0,2025-03-12,06:00
18457,530.0,2025-03-12,06:15
18458,580.0,2025-03-12,06:30
18459,590.0,2025-03-12,06:45
18460,590.0,2025-03-12,07:00
18461,600.0,2025-03-12,07:15
18462,600.0,2025-03-12,07:30
18463,599.99,2025-03-12,07:45
18464,599.99,2025-03-12,08:00
18465,609.98,2025-03-12,08:15
18466,579.97,2025-03-12,08:30
18467,439.97,2025-03-12,08:45
18468,379.97,2025-03-12,09:00
18469,349.97,2025-03-12,09:15
18470,289.97,2025-03-12,09:30
18471,299.96,2025-03-12,09:45
18472,313.85,2025-03-12,10:00
18473,184.23,2025-03-12,10:15
18474,180.07,2025-03-12,10:30
18475,160.39,2025-03-12,10:45
18476,179.58,2025-03-12,11:00
18477,293.75,2025-03-12,11:15
18478,205.12,2025-03-12,11:30
18479,40.0,2025-03-12,11:45
18480,40.0,2025-03-12,12:00
18481,40.0,2025-03-12,12:15
18482,106.3,2025-03-12,12:30
18483,161.89,2025-03-12,12:45
18484,40.0,2025-03-12,13:00
18485,40.0,2025-03-12,13:15
18486,40.0,2025-03-12,13:30
18487,40.0,2025-03-12,13:45
18488,40.0,2025-03-12,14:00
18489,102.96,2025-03-12,14:15
18490,173.96,2025-03-12,14:30
18491,190.11,2025-03-12,14:45
18492,197.86,2025-03-12,15:00
18493,198.59,2025-03-12,15:15
18494,191.48,2025-03-12,15:30
18495,114.11,2025-03-12,15:45
18496,198.9,2025-03-12,16:00
18497,112.6,2025-03-12,16:15
18498,217.29,2025-03-12,16:30
18499,258.53,2025-03-12,16:45
18500,314.01,2025-03-12,17:00
18501,410.26,2025-03-12,17:15
18502,407.9,2025-03-12,17:30
18503,386.7,2025-03-12,17:45
18504,426.27,2025-03-12,18:00
18505,434.48,2025-03-12,18:15
18506,444.53,2025-03-12,18:30
18507,449.86,2025-03-12,18:45
18508,456.22,2025-03-12,19:00
18509,490.75,2025-03-12,19:15
18510,443.6,2025-03-12,19:30
18511,494.98,2025-03-12,19:45
18512,440.11,2025-03-12,20:00
18513,489.97,2025-03-12,20:15
18514,474.09,2025-03-12,20:30
18515,435.46,2025-03-12,20:45
18516,509.98,2025-03-12,21:00
18517,502.61,2025-03-12,21:15
18518,488.33,2025-03-12,21:30
18519,511.44,2025-03-12,21:45
18520,492.8,2025-03-12,22:00
18521,477.65,2025-03-12,22:15
18522,459.43,2025-03-12,22:30
18523,348.07,2025-03-12,22:45
18524,339.9,2025-03-12,23:00
18525,394.19,2025-03-12,23:15
18526,346.54,2025-03-12,23:30
18527,348.39,2025-03-12,23:45
18528,416.14,2025-03-12,24:00
18529,341.81,2025-03-13,00:15
18530,339.88,2025-03-13,00:30
18531,469.87,2025-03-13,00:45
18532,472.22,2025-03-13,01:00
18533,431.07,2025-03-13,01:15
18534,426.55,2025-03-13,01:30
18535,405.87,2025-03-13,01:45
18536,473.3,2025-03-13,02:00
18537,448.49,2025-03-13,02:15
18538,458.58,2025-03-13,02:30
18539,447.23,2025-03-13,02:45
18540,481.09,2025-03-13,03:00
18541,487.51,2025-03-13,03:15
18542,432.31,2025-03-13,03:30
18543,434.64,2025-03-13,03:45
18544,442.69,2025-03-13,04:00
18545,430.8,2025-03-13,04:15
18546,423.48,2025-03-13,04:30
18547,394.05,2025-03-13,04:45
18548,429.2,2025-03-13,05:00
18549,467.96,2025-03-13,05:15
18550,462.03,2025-03-13,05:30
18551,458.01,2025-03-13,05:45
18552,449.51,2025-03-13,06:00
18553,445.86,2025-03-13,06:15
18554,431.87,2025-03-13,06:30
18555,447.33,2025-03-13,06:45
18556,427.3,2025-03-13,07:00
18557,424.21,2025-03-13,07:15
18558,423.78,2025-03-13,07:30
18559,401.77,2025-03-13,07:45
18560,425.04,2025-03-13,08:00
18561,402.49,2025-03-13,08:15
18562,400.43,2025-03-13,08:30
18563,423.42,2025-03-13,08:45
18564,311.88,2025-03-13,09:00
18565,358.31,2025-03-13,09:15
18566,206.28,2025-03-13,09:30
18567,40.0,2025-03-13,09:45
18568,179.68,2025-03-13,10:00
18569,271.96,2025-03-13,10:15
18570,203.85,2025-03-13,10:30
18571,180.32,2025-03-13,10:45
18572,152.3,2025-03-13,11:00
18573,111.41,2025-03-13,11:15
18574,189.15,2025-03-13,11:30
18575,40.0,2025-03-13,11:45
18576,40.0,2025-03-13,12:00
18577,40.0,2025-03-13,12:15
18578,40.0,2025-03-13,12:30
18579,40.0,2025-03-13,12:45
18580,40.0,2025-03-13,13:00
18581,194.51,2025-03-13,13:15
18582,40.0,2025-03-13,13:30
18583,40.0,2025-03-13,13:45
18584,40.0,2025-03-13,14:00
18585,40.0,2025-03-13,14:15
18586,40.0,2025-03-13,14:30
18587,40.0,2025-03-13,14:45
18588,40.0,2025-03-13,15:00
18589,164.92,2025-03-13,15:15
18590,103.27,2025-03-13,15:30
18591,40.0,2025-03-13,15:45
18592,40.0,2025-03-13,16:00
18593,324.26,2025-03-13,16:15
18594,361.27,2025-03-13,16:30
18595,382.73,2025-03-13,16:45
18596,375.09,2025-03-13,17:00
18597,387.55,2025-03-13,17:15
18598,410.66,2025-03-13,17:30
18599,420.52,2025-03-13,17:45
18600,484.43,2025-03-13,18:00
18601,481.57,2025-03-13,18:15
18602,498.71,2025-03-13,18:30
18603,509.48,2025-03-13,18:45
18604,501.68,2025-03-13,19:00
18605,475.76,2025-03-13,19:15
18606,502.66,2025-03-13,19:30
18607,398.11,2025-03-13,19:45
18608,436.47,2025-03-13,20:00
18609,436.78,2025-03-13,20:15
18610,406.04,2025-03-13,20:30
18611,388.41,2025-03-13,20:45
18612,446.1,2025-03-13,21:00
18613,447.01,2025-03-13,21:15
18614,435.9,2025-03-13,21:30
18615,464.45,2025-03-13,21:45
18616,457.13,2025-03-13,22:00
18617,459.26,2025-03-13,22:15
18618,465.41,2025-03-13,22:30
18619,464.82,2025-03-13,22:45
18620,440.86,2025-03-13,23:00
18621,440.17,2025-03-13,23:15
18622,400.87,2025-03-13,23:30
18623,397.76,2025-03-13,23:45
18624,417.09,2025-03-13,24:00
18625,369.84,2025-03-14,00:15
18626,405.25,2025-03-14,00:30
18627,406.93,2025-03-14,00:45
18628,584.03,2025-03-14,01:00
18629,380.35,2025-03-14,01:15
18630,406.45,2025-03-14,01:30
18631,399.31,2025-03-14,01:45
18632,388.95,2025-03-14,02:00
18633,486.67,2025-03-14,02:15
18634,462.37,2025-03-14,02:30
18635,421.79,2025-03-14,02:45
18636,419.9,2025-03-14,03:00
18637,420.96,2025-03-14,03:15
18638,416.85,2025-03-14,03:30
18639,428.13,2025-03-14,03:45
18640,426.55,2025-03-14,04:00
18641,416.65,2025-03-14,04:15
18642,426.57,2025-03-14,04:30
18643,430.84,2025-03-14,04:45
18644,451.99,2025-03-14,05:00
18645,450.58,2025-03-14,05:15
18646,436.0,2025-03-14,05:30
18647,429.32,2025-03-14,05:45
18648,429.84,2025-03-14,06:00
18649,463.34,2025-03-14,06:15
18650,458.14,2025-03-14,06:30
18651,451.79,2025-03-14,06:45
18652,417.4,2025-03-14,07:00
18653,424.12,2025-03-14,07:15
18654,368.95,2025-03-14,07:30
18655,358.37,2025-03-14,07:45
18656,430.29,2025-03-14,08:00
18657,386.8,2025-03-14,08:15
18658,391.59,2025-03-14,08:30
18659,330.12,2025-03-14,08:45
18660,399.95,2025-03-14,09:00
18661,439.97,2025-03-14,09:15
18662,434.8,2025-03-14,09:30
18663,339.97,2025-03-14,09:45
18664,314.56,2025-03-14,10:00
18665,308.45,2025-03-14,10:15
18666,306.5,2025-03-14,10:30
18667,359.8,2025-03-14,10:45
18668,346.03,2025-03-14,11:00
18669,198.99,2025-03-14,11:15
18670,166.67,2025-03-14,11:30
18671,109.68,2025-03-14,11:45
18672,224.14,2025-03-14,12:00
18673,309.33,2025-03-14,12:15
18674,220.14,2025-03-14,12:30
18675,173.85,2025-03-14,12:45
18676,168.48,2025-03-14,13:00
18677,216.95,2025-03-14,13:15
18678,163.39,2025-03-14,13:30
18679,296.29,2025-03-14,13:45
18680,285.21,2025-03-14,14:00
18681,226.18,2025-03-14,14:15
18682,226.11,2025-03-14,14:30
18683,221.37,2025-03-14,14:45
18684,221.03,2025-03-14,15:00
18685,101.54,2025-03-14,15:15
18686,196.13,2025-03-14,15:30
18687,307.18,2025-03-14,15:45
18688,315.42,2025-03-14,16:00
18689,320.7,2025-03-14,16:15
18690,325.98,2025-03-14,16:30
18691,321.28,2025-03-14,16:45
18692,392.3,2025-03-14,17:00
18693,501.6,2025-03-14,17:15
18694,479.39,2025-03-14,17:30
18695,439.17,2025-03-14,17:45
18696,446.4,2025-03-14,18:00
18697,508.59,2025-03-14,18:15
18698,493.6,2025-03-14,18:30
18699,480.26,2025-03-14,18:45
18700,550.87,2025-03-14,19:00
18701,545.86,2025-03-14,19:15
18702,421.21,2025-03-14,19:30
18703,460.52,2025-03-14,19:45
18704,421.49,2025-03-14,20:00
18705,480.76,2025-03-14,20:15
18706,420.92,2025-03-14,20:30
18707,378.71,2025-03-14,20:45
18708,403.44,2025-03-14,21:00
18709,363.61,2025-03-14,21:15
18710,323.32,2025-03-14,21:30
18711,328.9,2025-03-14,21:45
18712,359.26,2025-03-14,22:00
18713,295.31,2025-03-14,22:15
18714,245.39,2025-03-14,22:30
18715,40.0,2025-03-14,22:45
18716,261.27,2025-03-14,23:00
18717,271.17,2025-03-14,23:15
18718,212.09,2025-03-14,23:30
18719,41.54,2025-03-14,23:45
18720,41.56,2025-03-14,24:00
18721,293.05,2025-03-15,00:15
18722,275.05,2025-03-15,00:30
18723,283.74,2025-03-15,00:45
18724,301.42,2025-03-15,01:00
18725,342.44,2025-03-15,01:15
18726,385.4,2025-03-15,01:30
18727,385.65,2025-03-15,01:45
18728,384.75,2025-03-15,02:00
18729,453.39,2025-03-15,02:15
18730,385.78,2025-03-15,02:30
18731,386.09,2025-03-15,02:45
18732,344.33,2025-03-15,03:00
18733,262.61,2025-03-15,03:15
18734,288.07,2025-03-15,03:30
18735,293.07,2025-03-15,03:45
18736,340.04,2025-03-15,04:00
18737,324.08,2025-03-15,04:15
18738,417.8,2025-03-15,04:30
18739,440.4,2025-03-15,04:45
18740,441.98,2025-03-15,05:00
18741,429.29,2025-03-15,05:15
18742,438.89,2025-03-15,05:30
18743,431.44,2025-03-15,05:45
18744,425.99,2025-03-15,06:00
18745,517.93,2025-03-15,06:15
18746,518.25,2025-03-15,06:30
18747,517.75,2025-03-15,06:45
18748,529.63,2025-03-15,07:00
18749,529.73,2025-03-15,07:15
18750,519.26,2025-03-15,07:30
18751,466.48,2025-03-15,07:45
18752,441.92,2025-03-15,08:00
18753,544.04,2025-03-15,08:15
18754,565.49,2025-03-15,08:30
18755,533.55,2025-03-15,08:45
18756,300.29,2025-03-15,09:00
18757,170.33,2025-03-15,09:15
18758,40.0,2025-03-15,09:30
18759,159.29,2025-03-15,09:45
18760,179.05,2025-03-15,10:00
18761,182.72,2025-03-15,10:15
18762,177.02,2025-03-15,10:30
18763,166.8,2025-03-15,10:45
18764,108.2,2025-03-15,11:00
18765,103.23,2025-03-15,11:15
18766,40.0,2025-03-15,11:30
18767,40.0,2025-03-15,11:45
18768,40.0,2025-03-15,12:00
18769,40.0,2025-03-15,12:15
18770,40.0,2025-03-15,12:30
18771,40.0,2025-03-15,12:45
18772,40.0,2025-03-15,13:00
18773,40.0,2025-03-15,13:15
18774,40.0,2025-03-15,13:30
18775,40.0,2025-03-15,13:45
18776,40.0,2025-03-15,14:00
18777,40.0,2025-03-15,14:15
18778,40.0,2025-03-15,14:30
18779,40.0,2025-03-15,14:45
18780,40.0,2025-03-15,15:00
18781,40.0,2025-03-15,15:15
18782,40.0,2025-03-15,15:30
18783,40.0,2025-03-15,15:45
18784,40.0,2025-03-15,16:00
18785,40.0,2025-03-15,16:15
18786,40.0,2025-03-15,16:30
18787,105.4,2025-03-15,16:45
18788,169.93,2025-03-15,17:00
18789,181.8,2025-03-15,17:15
18790,208.29,2025-03-15,17:30
18791,235.1,2025-03-15,17:45
18792,282.66,2025-03-15,18:00
18793,265.86,2025-03-15,18:15
18794,128.27,2025-03-15,18:30
18795,233.63,2025-03-15,18:45
18796,399.33,2025-03-15,19:00
18797,489.16,2025-03-15,19:15
18798,536.03,2025-03-15,19:30
18799,530.47,2025-03-15,19:45
18800,521.94,2025-03-15,20:00
18801,521.29,2025-03-15,20:15
18802,520.19,2025-03-15,20:30
18803,518.51,2025-03-15,20:45
18804,516.91,2025-03-15,21:00
18805,524.77,2025-03-15,21:15
18806,524.82,2025-03-15,21:30
18807,398.13,2025-03-15,21:45
18808,400.93,2025-03-15,22:00
18809,400.29,2025-03-15,22:15
18810,403.91,2025-03-15,22:30
18811,416.6,2025-03-15,22:45
18812,410.61,2025-03-15,23:00
18813,447.73,2025-03-15,23:15
18814,437.21,2025-03-15,23:30
18815,445.49,2025-03-15,23:45
18816,453.15,2025-03-15,24:00
18817,534.65,2025-03-16,00:15
18818,533.12,2025-03-16,00:30
18819,562.91,2025-03-16,00:45
18820,571.88,2025-03-16,01:00
18821,512.93,2025-03-16,01:15
18822,369.71,2025-03-16,01:30
18823,381.48,2025-03-16,01:45
18824,374.47,2025-03-16,02:00
18825,584.71,2025-03-16,02:15
18826,594.21,2025-03-16,02:30
18827,575.84,2025-03-16,02:45
18828,585.02,2025-03-16,03:00
18829,473.72,2025-03-16,03:15
18830,594.31,2025-03-16,03:30
18831,594.42,2025-03-16,03:45
18832,594.39,2025-03-16,04:00
18833,592.72,2025-03-16,04:15
18834,592.62,2025-03-16,04:30
18835,590.77,2025-03-16,04:45
18836,589.93,2025-03-16,05:00
18837,571.37,2025-03-16,05:15
18838,482.06,2025-03-16,05:30
18839,589.22,2025-03-16,05:45
18840,579.05,2025-03-16,06:00
18841,488.46,2025-03-16,06:15
18842,491.87,2025-03-16,06:30
18843,494.04,2025-03-16,06:45
18844,487.89,2025-03-16,07:00
18845,597.1,2025-03-16,07:15
18846,586.92,2025-03-16,07:30
18847,549.66,2025-03-16,07:45
18848,570.3,2025-03-16,08:00
18849,449.93,2025-03-16,08:15
18850,367.93,2025-03-16,08:30
18851,554.57,2025-03-16,08:45
18852,576.26,2025-03-16,09:00
18853,180.18,2025-03-16,09:15
18854,182.05,2025-03-16,09:30
18855,210.67,2025-03-16,09:45
18856,196.23,2025-03-16,10:00
18857,302.86,2025-03-16,10:15
18858,278.83,2025-03-16,10:30
18859,252.79,2025-03-16,10:45
18860,270.54,2025-03-16,11:00
18861,187.9,2025-03-16,11:15
18862,196.98,2025-03-16,11:30
18863,144.27,2025-03-16,11:45
18864,40.0,2025-03-16,12:00
18865,40.0,2025-03-16,12:15
18866,40.0,2025-03-16,12:30
18867,40.0,2025-03-16,12:45
18868,40.0,2025-03-16,13:00
18869,155.23,2025-03-16,13:15
18870,148.05,2025-03-16,13:30
18871,40.39,2025-03-16,13:45
18872,40.0,2025-03-16,14:00
18873,40.0,2025-03-16,14:15
18874,40.0,2025-03-16,14:30
18875,40.0,2025-03-16,14:45
18876,83.32,2025-03-16,15:00
18877,40.0,2025-03-16,15:15
18878,122.22,2025-03-16,15:30
18879,224.88,2025-03-16,15:45
18880,257.37,2025-03-16,16:00
18881,133.09,2025-03-16,16:15
18882,102.94,2025-03-16,16:30
18883,40.0,2025-03-16,16:45
18884,40.0,2025-03-16,17:00
18885,168.18,2025-03-16,17:15
18886,84.92,2025-03-16,17:30
18887,40.0,2025-03-16,17:45
18888,383.05,2025-03-16,18:00
18889,349.99,2025-03-16,18:15
18890,529.99,2025-03-16,18:30
18891,649.99,2025-03-16,18:45
18892,650.0,2025-03-16,19:00
18893,650.0,2025-03-16,19:15
18894,650.0,2025-03-16,19:30
18895,640.07,2025-03-16,19:45
18896,640.33,2025-03-16,20:00
18897,630.0,2025-03-16,20:15
18898,640.0,2025-03-16,20:30
18899,630.0,2025-03-16,20:45
18900,650.0,2025-03-16,21:00
18901,640.0,2025-03-16,21:15
18902,650.0,2025-03-16,21:30
18903,650.0,2025-03-16,21:45
18904,650.0,2025-03-16,22:00
18905,650.0,2025-03-16,22:15
18906,650.0,2025-03-16,22:30
18907,650.0,2025-03-16,22:45
18908,610.81,2025-03-16,23:00
18909,601.09,2025-03-16,23:15
18910,630.44,2025-03-16,23:30
18911,630.47,2025-03-16,23:45
18912,640.24,2025-03-16,24:00
18913,650.0,2025-03-17,00:15
18914,650.0,2025-03-17,00:30
18915,650.0,2025-03-17,00:45
18916,650.0,2025-03-17,01:00
18917,650.0,2025-03-17,01:15
18918,650.0,2025-03-17,01:30
18919,650.0,2025-03-17,01:45
18920,650.0,2025-03-17,02:00
18921,650.0,2025-03-17,02:15
18922,650.0,2025-03-17,02:30
18923,650.0,2025-03-17,02:45
18924,650.0,2025-03-17,03:00
18925,650.0,2025-03-17,03:15
18926,650.0,2025-03-17,03:30
18927,650.0,2025-03-17,03:45
18928,650.0,2025-03-17,04:00
18929,650.0,2025-03-17,04:15
18930,650.0,2025-03-17,04:30
18931,650.0,2025-03-17,04:45
18932,650.0,2025-03-17,05:00
18933,650.0,2025-03-17,05:15
18934,650.0,2025-03-17,05:30
18935,650.0,2025-03-17,05:45
18936,650.0,2025-03-17,06:00
18937,650.0,2025-03-17,06:15
18938,650.0,2025-03-17,06:30
18939,623.29,2025-03-17,06:45
18940,621.63,2025-03-17,07:00
18941,621.38,2025-03-17,07:15
18942,649.99,2025-03-17,07:30
18943,649.99,2025-03-17,07:45
18944,649.98,2025-03-17,08:00
18945,590.25,2025-03-17,08:15
18946,599.96,2025-03-17,08:30
18947,579.95,2025-03-17,08:45
18948,529.94,2025-03-17,09:00
18949,329.05,2025-03-17,09:15
18950,299.95,2025-03-17,09:30
18951,326.48,2025-03-17,09:45
18952,261.49,2025-03-17,10:00
18953,221.42,2025-03-17,10:15
18954,40.0,2025-03-17,10:30
18955,40.0,2025-03-17,10:45
18956,40.0,2025-03-17,11:00
18957,40.0,2025-03-17,11:15
18958,40.0,2025-03-17,11:30
18959,40.0,2025-03-17,11:45
18960,40.0,2025-03-17,12:00
18961,40.0,2025-03-17,12:15
18962,40.0,2025-03-17,12:30
18963,40.0,2025-03-17,12:45
18964,108.93,2025-03-17,13:00
18965,118.42,2025-03-17,13:15
18966,40.0,2025-03-17,13:30
18967,40.0,2025-03-17,13:45
18968,40.0,2025-03-17,14:00
18969,40.0,2025-03-17,14:15
18970,40.0,2025-03-17,14:30
18971,40.0,2025-03-17,14:45
18972,40.0,2025-03-17,15:00
18973,111.65,2025-03-17,15:15
18974,93.01,2025-03-17,15:30
18975,239.89,2025-03-17,15:45
18976,40.0,2025-03-17,16:00
18977,151.09,2025-03-17,16:15
18978,173.21,2025-03-17,16:30
18979,203.89,2025-03-17,16:45
18980,40.0,2025-03-17,17:00
18981,421.49,2025-03-17,17:15
18982,40.0,2025-03-17,17:30
18983,355.35,2025-03-17,17:45
18984,376.55,2025-03-17,18:00
18985,40.0,2025-03-17,18:15
18986,387.12,2025-03-17,18:30
18987,550.0,2025-03-17,18:45
18988,550.0,2025-03-17,19:00
18989,550.0,2025-03-17,19:15
18990,550.37,2025-03-17,19:30
18991,541.12,2025-03-17,19:45
18992,550.65,2025-03-17,20:00
18993,550.34,2025-03-17,20:15
18994,550.34,2025-03-17,20:30
18995,590.2,2025-03-17,20:45
18996,550.44,2025-03-17,21:00
18997,580.31,2025-03-17,21:15
18998,550.44,2025-03-17,21:30
18999,580.31,2025-03-17,21:45
19000,600.22,2025-03-17,22:00
19001,600.06,2025-03-17,22:15
19002,600.03,2025-03-17,22:30
19003,600.02,2025-03-17,22:45
19004,550.01,2025-03-17,23:00
19005,590.01,2025-03-17,23:15
19006,580.01,2025-03-17,23:30
19007,550.01,2025-03-17,23:45
19008,600.01,2025-03-17,24:00
19009,580.01,2025-03-18,00:15
19010,580.01,2025-03-18,00:30
19011,599.65,2025-03-18,00:45
19012,600.0,2025-03-18,01:00
19013,590.01,2025-03-18,01:15
19014,580.01,2025-03-18,01:30
19015,590.01,2025-03-18,01:45
19016,590.01,2025-03-18,02:00
19017,590.01,2025-03-18,02:15
19018,580.01,2025-03-18,02:30
19019,590.0,2025-03-18,02:45
19020,600.0,2025-03-18,03:00
19021,590.0,2025-03-18,03:15
19022,607.21,2025-03-18,03:30
19023,607.09,2025-03-18,03:45
19024,607.03,2025-03-18,04:00
19025,598.58,2025-03-18,04:15
19026,598.61,2025-03-18,04:30
19027,598.85,2025-03-18,04:45
19028,550.0,2025-03-18,05:00
19029,600.01,2025-03-18,05:15
19030,600.01,2025-03-18,05:30
19031,590.01,2025-03-18,05:45
19032,620.0,2025-03-18,06:00
19033,650.0,2025-03-18,06:15
19034,650.0,2025-03-18,06:30
19035,650.0,2025-03-18,06:45
19036,640.0,2025-03-18,07:00
19037,630.03,2025-03-18,07:15
19038,630.04,2025-03-18,07:30
19039,634.72,2025-03-18,07:45
19040,550.22,2025-03-18,08:00
19041,585.87,2025-03-18,08:15
19042,589.97,2025-03-18,08:30
19043,599.44,2025-03-18,08:45
19044,594.5,2025-03-18,09:00
19045,497.58,2025-03-18,09:15
19046,315.87,2025-03-18,09:30
19047,40.0,2025-03-18,09:45
19048,299.04,2025-03-18,10:00
19049,377.22,2025-03-18,10:15
19050,382.32,2025-03-18,10:30
19051,227.72,2025-03-18,10:45
19052,197.29,2025-03-18,11:00
19053,123.09,2025-03-18,11:15
19054,204.75,2025-03-18,11:30
19055,130.03,2025-03-18,11:45
19056,40.0,2025-03-18,12:00
19057,177.28,2025-03-18,12:15
19058,173.97,2025-03-18,12:30
19059,40.0,2025-03-18,12:45
19060,40.0,2025-03-18,13:00
19061,177.97,2025-03-18,13:15
19062,107.59,2025-03-18,13:30
19063,149.81,2025-03-18,13:45
19064,40.0,2025-03-18,14:00
19065,40.0,2025-03-18,14:15
19066,40.0,2025-03-18,14:30
19067,40.0,2025-03-18,14:45
19068,40.0,2025-03-18,15:00
19069,40.0,2025-03-18,15:15
19070,40.0,2025-03-18,15:30
19071,95.19,2025-03-18,15:45
19072,170.22,2025-03-18,16:00
19073,184.81,2025-03-18,16:15
19074,179.9,2025-03-18,16:30
19075,40.0,2025-03-18,16:45
19076,209.91,2025-03-18,17:00
19077,314.0,2025-03-18,17:15
19078,327.47,2025-03-18,17:30
19079,278.54,2025-03-18,17:45
19080,363.24,2025-03-18,18:00
19081,392.86,2025-03-18,18:15
19082,447.9,2025-03-18,18:30
19083,430.56,2025-03-18,18:45
19084,420.25,2025-03-18,19:00
19085,447.48,2025-03-18,19:15
19086,590.07,2025-03-18,19:30
19087,501.4,2025-03-18,19:45
19088,484.56,2025-03-18,20:00
19089,467.75,2025-03-18,20:15
19090,499.37,2025-03-18,20:30
19091,487.44,2025-03-18,20:45
19092,476.52,2025-03-18,21:00
19093,547.23,2025-03-18,21:15
19094,550.83,2025-03-18,21:30
19095,550.81,2025-03-18,21:45
19096,580.29,2025-03-18,22:00
19097,580.27,2025-03-18,22:15
19098,580.27,2025-03-18,22:30
19099,584.59,2025-03-18,22:45
19100,584.41,2025-03-18,23:00
19101,593.77,2025-03-18,23:15
19102,599.41,2025-03-18,23:30
19103,620.0,2025-03-18,23:45
19104,620.0,2025-03-18,24:00
19105,607.73,2025-03-19,00:15
19106,600.0,2025-03-19,00:30
19107,620.0,2025-03-19,00:45
19108,610.01,2025-03-19,01:00
19109,620.0,2025-03-19,01:15
19110,620.0,2025-03-19,01:30
19111,610.01,2025-03-19,01:45
19112,610.0,2025-03-19,02:00
19113,620.0,2025-03-19,02:15
19114,600.0,2025-03-19,02:30
19115,600.01,2025-03-19,02:45
19116,600.0,2025-03-19,03:00
19117,600.0,2025-03-19,03:15
19118,610.0,2025-03-19,03:30
19119,600.0,2025-03-19,03:45
19120,600.0,2025-03-19,04:00
19121,600.01,2025-03-19,04:15
19122,600.0,2025-03-19,04:30
19123,590.01,2025-03-19,04:45
19124,590.01,2025-03-19,05:00
19125,610.0,2025-03-19,05:15
19126,600.0,2025-03-19,05:30
19127,610.01,2025-03-19,05:45
19128,640.0,2025-03-19,06:00
19129,650.0,2025-03-19,06:15
19130,650.0,2025-03-19,06:30
19131,650.0,2025-03-19,06:45
19132,620.0,2025-03-19,07:00
19133,620.04,2025-03-19,07:15
19134,630.03,2025-03-19,07:30
19135,620.05,2025-03-19,07:45
19136,590.19,2025-03-19,08:00
19137,600.24,2025-03-19,08:15
19138,599.96,2025-03-19,08:30
19139,589.95,2025-03-19,08:45
19140,399.96,2025-03-19,09:00
19141,274.82,2025-03-19,09:15
19142,390.79,2025-03-19,09:30
19143,321.12,2025-03-19,09:45
19144,288.55,2025-03-19,10:00
19145,325.33,2025-03-19,10:15
19146,271.83,2025-03-19,10:30
19147,198.79,2025-03-19,10:45
19148,40.0,2025-03-19,11:00
19149,40.36,2025-03-19,11:15
19150,40.38,2025-03-19,11:30
19151,40.39,2025-03-19,11:45
19152,40.4,2025-03-19,12:00
19153,40.0,2025-03-19,12:15
19154,40.0,2025-03-19,12:30
19155,40.0,2025-03-19,12:45
19156,40.0,2025-03-19,13:00
19157,40.0,2025-03-19,13:15
19158,40.0,2025-03-19,13:30
19159,40.0,2025-03-19,13:45
19160,40.0,2025-03-19,14:00
19161,40.0,2025-03-19,14:15
19162,87.52,2025-03-19,14:30
19163,88.23,2025-03-19,14:45
19164,40.61,2025-03-19,15:00
19165,40.61,2025-03-19,15:15
19166,40.0,2025-03-19,15:30
19167,40.98,2025-03-19,15:45
19168,40.0,2025-03-19,16:00
19169,40.0,2025-03-19,16:15
19170,41.0,2025-03-19,16:30
19171,40.0,2025-03-19,16:45
19172,89.05,2025-03-19,17:00
19173,348.49,2025-03-19,17:15
19174,309.07,2025-03-19,17:30
19175,352.19,2025-03-19,17:45
19176,360.76,2025-03-19,18:00
19177,435.1,2025-03-19,18:15
19178,400.0,2025-03-19,18:30
19179,530.0,2025-03-19,18:45
19180,600.0,2025-03-19,19:00
19181,650.0,2025-03-19,19:15
19182,650.0,2025-03-19,19:30
19183,650.0,2025-03-19,19:45
19184,640.04,2025-03-19,20:00
19185,650.0,2025-03-19,20:15
19186,640.05,2025-03-19,20:30
19187,630.14,2025-03-19,20:45
19188,620.13,2025-03-19,21:00
19189,620.13,2025-03-19,21:15
19190,620.13,2025-03-19,21:30
19191,610.14,2025-03-19,21:45
19192,600.18,2025-03-19,22:00
19193,600.18,2025-03-19,22:15
19194,620.11,2025-03-19,22:30
19195,620.0,2025-03-19,22:45
19196,600.01,2025-03-19,23:00
19197,620.0,2025-03-19,23:15
19198,620.0,2025-03-19,23:30
19199,620.0,2025-03-19,23:45
19200,600.01,2025-03-19,24:00
19201,600.0,2025-03-20,00:15
19202,600.01,2025-03-20,00:30
19203,618.4,2025-03-20,00:45
19204,620.0,2025-03-20,01:00
19205,610.0,2025-03-20,01:15
19206,600.01,2025-03-20,01:30
19207,600.01,2025-03-20,01:45
19208,600.01,2025-03-20,02:00
19209,584.23,2025-03-20,02:15
19210,530.24,2025-03-20,02:30
19211,524.6,2025-03-20,02:45
19212,525.45,2025-03-20,03:00
19213,534.74,2025-03-20,03:15
19214,480.07,2025-03-20,03:30
19215,470.56,2025-03-20,03:45
19216,472.31,2025-03-20,04:00
19217,490.77,2025-03-20,04:15
19218,518.28,2025-03-20,04:30
19219,489.17,2025-03-20,04:45
19220,519.0,2025-03-20,05:00
19221,528.37,2025-03-20,05:15
19222,505.23,2025-03-20,05:30
19223,505.3,2025-03-20,05:45
19224,506.73,2025-03-20,06:00
19225,535.32,2025-03-20,06:15
19226,538.49,2025-03-20,06:30
19227,509.79,2025-03-20,06:45
19228,511.56,2025-03-20,07:00
19229,507.58,2025-03-20,07:15
19230,500.58,2025-03-20,07:30
19231,490.33,2025-03-20,07:45
19232,494.49,2025-03-20,08:00
19233,428.33,2025-03-20,08:15
19234,473.79,2025-03-20,08:30
19235,439.97,2025-03-20,08:45
19236,219.95,2025-03-20,09:00
19237,258.0,2025-03-20,09:15
19238,233.24,2025-03-20,09:30
19239,236.33,2025-03-20,09:45
19240,213.98,2025-03-20,10:00
19241,180.92,2025-03-20,10:15
19242,178.37,2025-03-20,10:30
19243,187.55,2025-03-20,10:45
19244,179.0,2025-03-20,11:00
19245,179.7,2025-03-20,11:15
19246,174.47,2025-03-20,11:30
19247,123.75,2025-03-20,11:45
19248,41.14,2025-03-20,12:00
19249,41.12,2025-03-20,12:15
19250,40.4,2025-03-20,12:30
19251,40.0,2025-03-20,12:45
19252,41.15,2025-03-20,13:00
19253,40.73,2025-03-20,13:15
19254,40.74,2025-03-20,13:30
19255,40.74,2025-03-20,13:45
19256,40.74,2025-03-20,14:00
19257,40.71,2025-03-20,14:15
19258,40.71,2025-03-20,14:30
19259,40.7,2025-03-20,14:45
19260,163.4,2025-03-20,15:00
19261,40.71,2025-03-20,15:15
19262,40.0,2025-03-20,15:30
19263,196.11,2025-03-20,15:45
19264,215.2,2025-03-20,16:00
19265,263.11,2025-03-20,16:15
19266,250.5,2025-03-20,16:30
19267,195.31,2025-03-20,16:45
19268,241.65,2025-03-20,17:00
19269,307.8,2025-03-20,17:15
19270,329.43,2025-03-20,17:30
19271,336.64,2025-03-20,17:45
19272,442.29,2025-03-20,18:00
19273,421.47,2025-03-20,18:15
19274,463.86,2025-03-20,18:30
19275,463.28,2025-03-20,18:45
19276,525.2,2025-03-20,19:00
19277,600.0,2025-03-20,19:15
19278,599.8,2025-03-20,19:30
19279,514.36,2025-03-20,19:45
19280,522.71,2025-03-20,20:00
19281,590.46,2025-03-20,20:15
19282,575.84,2025-03-20,20:30
19283,521.11,2025-03-20,20:45
19284,590.27,2025-03-20,21:00
19285,590.28,2025-03-20,21:15
19286,575.48,2025-03-20,21:30
19287,590.27,2025-03-20,21:45
19288,583.21,2025-03-20,22:00
19289,522.42,2025-03-20,22:15
19290,525.03,2025-03-20,22:30
19291,576.5,2025-03-20,22:45
19292,558.87,2025-03-20,23:00
19293,600.01,2025-03-20,23:15
19294,600.01,2025-03-20,23:30
19295,590.01,2025-03-20,23:45
19296,572.26,2025-03-20,24:00
19297,571.61,2025-03-21,00:15
19298,597.34,2025-03-21,00:30
19299,566.67,2025-03-21,00:45
19300,600.01,2025-03-21,01:00
19301,600.01,2025-03-21,01:15
19302,600.01,2025-03-21,01:30
19303,600.01,2025-03-21,01:45
19304,600.01,2025-03-21,02:00
19305,600.17,2025-03-21,02:15
19306,600.01,2025-03-21,02:30
19307,600.01,2025-03-21,02:45
19308,586.18,2025-03-21,03:00
19309,593.18,2025-03-21,03:15
19310,595.96,2025-03-21,03:30
19311,610.09,2025-03-21,03:45
19312,600.01,2025-03-21,04:00
19313,600.01,2025-03-21,04:15
19314,600.0,2025-03-21,04:30
19315,600.01,2025-03-21,04:45
19316,600.01,2025-03-21,05:00
19317,600.01,2025-03-21,05:15
19318,600.01,2025-03-21,05:30
19319,600.01,2025-03-21,05:45
19320,600.01,2025-03-21,06:00
19321,600.01,2025-03-21,06:15
19322,600.01,2025-03-21,06:30
19323,600.01,2025-03-21,06:45
19324,600.01,2025-03-21,07:00
19325,620.0,2025-03-21,07:15
19326,649.99,2025-03-21,07:30
19327,649.99,2025-03-21,07:45
19328,640.0,2025-03-21,08:00
19329,610.14,2025-03-21,08:15
19330,609.97,2025-03-21,08:30
19331,549.96,2025-03-21,08:45
19332,449.96,2025-03-21,09:00
19333,399.95,2025-03-21,09:15
19334,309.96,2025-03-21,09:30
19335,280.59,2025-03-21,09:45
19336,41.06,2025-03-21,10:00
19337,40.0,2025-03-21,10:15
19338,40.0,2025-03-21,10:30
19339,40.0,2025-03-21,10:45
19340,40.0,2025-03-21,11:00
19341,114.48,2025-03-21,11:15
19342,40.0,2025-03-21,11:30
19343,40.0,2025-03-21,11:45
19344,40.0,2025-03-21,12:00
19345,40.0,2025-03-21,12:15
19346,40.0,2025-03-21,12:30
19347,40.0,2025-03-21,12:45
19348,40.0,2025-03-21,13:00
19349,40.0,2025-03-21,13:15
19350,40.0,2025-03-21,13:30
19351,40.0,2025-03-21,13:45
19352,40.0,2025-03-21,14:00
19353,40.0,2025-03-21,14:15
19354,40.0,2025-03-21,14:30
19355,40.0,2025-03-21,14:45
19356,40.44,2025-03-21,15:00
19357,40.44,2025-03-21,15:15
19358,99.42,2025-03-21,15:30
19359,162.45,2025-03-21,15:45
19360,182.46,2025-03-21,16:00
19361,223.87,2025-03-21,16:15
19362,233.3,2025-03-21,16:30
19363,300.84,2025-03-21,16:45
19364,299.02,2025-03-21,17:00
19365,303.86,2025-03-21,17:15
19366,313.95,2025-03-21,17:30
19367,346.3,2025-03-21,17:45
19368,345.63,2025-03-21,18:00
19369,380.49,2025-03-21,18:15
19370,385.36,2025-03-21,18:30
19371,390.21,2025-03-21,18:45
19372,386.0,2025-03-21,19:00
19373,551.03,2025-03-21,19:15
19374,565.6,2025-03-21,19:30
19375,586.3,2025-03-21,19:45
19376,568.1,2025-03-21,20:00
19377,558.32,2025-03-21,20:15
19378,558.74,2025-03-21,20:30
19379,454.76,2025-03-21,20:45
19380,453.82,2025-03-21,21:00
19381,415.87,2025-03-21,21:15
19382,342.26,2025-03-21,21:30
19383,417.43,2025-03-21,21:45
19384,432.26,2025-03-21,22:00
19385,367.8,2025-03-21,22:15
19386,398.31,2025-03-21,22:30
19387,375.28,2025-03-21,22:45
19388,369.52,2025-03-21,23:00
19389,363.48,2025-03-21,23:15
19390,564.49,2025-03-21,23:30
19391,528.98,2025-03-21,23:45
19392,508.14,2025-03-21,24:00
19393,357.6,2025-03-22,00:15
19394,360.02,2025-03-22,00:30
19395,366.95,2025-03-22,00:45
19396,430.33,2025-03-22,01:00
19397,431.98,2025-03-22,01:15
19398,431.78,2025-03-22,01:30
19399,420.84,2025-03-22,01:45
19400,416.19,2025-03-22,02:00
19401,410.42,2025-03-22,02:15
19402,391.88,2025-03-22,02:30
19403,402.08,2025-03-22,02:45
19404,385.66,2025-03-22,03:00
19405,390.81,2025-03-22,03:15
19406,377.27,2025-03-22,03:30
19407,368.42,2025-03-22,03:45
19408,362.32,2025-03-22,04:00
19409,364.87,2025-03-22,04:15
19410,360.22,2025-03-22,04:30
19411,358.03,2025-03-22,04:45
19412,358.67,2025-03-22,05:00
19413,343.86,2025-03-22,05:15
19414,343.67,2025-03-22,05:30
19415,345.73,2025-03-22,05:45
19416,360.88,2025-03-22,06:00
19417,365.28,2025-03-22,06:15
19418,361.57,2025-03-22,06:30
19419,364.26,2025-03-22,06:45
19420,345.86,2025-03-22,07:00
19421,296.75,2025-03-22,07:15
19422,266.31,2025-03-22,07:30
19423,298.17,2025-03-22,07:45
19424,327.13,2025-03-22,08:00
19425,379.85,2025-03-22,08:15
19426,71.58,2025-03-22,08:30
19427,40.0,2025-03-22,08:45
19428,137.78,2025-03-22,09:00
19429,187.68,2025-03-22,09:15
19430,190.42,2025-03-22,09:30
19431,149.16,2025-03-22,09:45
19432,147.01,2025-03-22,10:00
19433,126.0,2025-03-22,10:15
19434,114.88,2025-03-22,10:30
19435,40.0,2025-03-22,10:45
19436,40.0,2025-03-22,11:00
19437,40.0,2025-03-22,11:15
19438,40.0,2025-03-22,11:30
19439,40.0,2025-03-22,11:45
19440,40.0,2025-03-22,12:00
19441,40.0,2025-03-22,12:15
19442,40.0,2025-03-22,12:30
19443,40.0,2025-03-22,12:45
19444,40.0,2025-03-22,13:00
19445,40.0,2025-03-22,13:15
19446,40.0,2025-03-22,13:30
19447,40.0,2025-03-22,13:45
19448,40.0,2025-03-22,14:00
19449,40.0,2025-03-22,14:15
19450,40.0,2025-03-22,14:30
19451,40.0,2025-03-22,14:45
19452,40.0,2025-03-22,15:00
19453,82.37,2025-03-22,15:15
19454,210.45,2025-03-22,15:30
19455,233.87,2025-03-22,15:45
19456,223.16,2025-03-22,16:00
19457,181.74,2025-03-22,16:15
19458,209.68,2025-03-22,16:30
19459,320.01,2025-03-22,16:45
19460,328.67,2025-03-22,17:00
19461,312.38,2025-03-22,17:15
19462,266.57,2025-03-22,17:30
19463,269.69,2025-03-22,17:45
19464,256.11,2025-03-22,18:00
19465,264.04,2025-03-22,18:15
19466,279.29,2025-03-22,18:30
19467,301.41,2025-03-22,18:45
19468,362.75,2025-03-22,19:00
19469,390.0,2025-03-22,19:15
19470,355.22,2025-03-22,19:30
19471,523.19,2025-03-22,19:45
19472,430.33,2025-03-22,20:00
19473,399.66,2025-03-22,20:15
19474,399.23,2025-03-22,20:30
19475,513.21,2025-03-22,20:45
19476,487.12,2025-03-22,21:00
19477,522.15,2025-03-22,21:15
19478,516.49,2025-03-22,21:30
19479,490.95,2025-03-22,21:45
19480,518.6,2025-03-22,22:00
19481,448.42,2025-03-22,22:15
19482,485.81,2025-03-22,22:30
19483,447.31,2025-03-22,22:45
19484,376.57,2025-03-22,23:00
19485,377.27,2025-03-22,23:15
19486,379.49,2025-03-22,23:30
19487,383.15,2025-03-22,23:45
19488,375.39,2025-03-22,24:00
19489,357.8,2025-03-23,00:15
19490,343.24,2025-03-23,00:30
19491,393.3,2025-03-23,00:45
19492,493.76,2025-03-23,01:00
19493,457.13,2025-03-23,01:15
19494,505.32,2025-03-23,01:30
19495,407.25,2025-03-23,01:45
19496,379.74,2025-03-23,02:00
19497,380.32,2025-03-23,02:15
19498,338.16,2025-03-23,02:30
19499,261.99,2025-03-23,02:45
19500,336.41,2025-03-23,03:00
19501,252.81,2025-03-23,03:15
19502,40.0,2025-03-23,03:30
19503,243.81,2025-03-23,03:45
19504,130.07,2025-03-23,04:00
19505,113.64,2025-03-23,04:15
19506,113.62,2025-03-23,04:30
19507,40.0,2025-03-23,04:45
19508,40.0,2025-03-23,05:00
19509,40.0,2025-03-23,05:15
19510,40.0,2025-03-23,05:30
19511,40.0,2025-03-23,05:45
19512,40.0,2025-03-23,06:00
19513,40.0,2025-03-23,06:15
19514,486.45,2025-03-23,06:30
19515,93.67,2025-03-23,06:45
19516,93.58,2025-03-23,07:00
19517,40.1,2025-03-23,07:15
19518,40.35,2025-03-23,07:30
19519,40.99,2025-03-23,07:45
19520,40.0,2025-03-23,08:00
19521,40.0,2025-03-23,08:15
19522,40.0,2025-03-23,08:30
19523,40.0,2025-03-23,08:45
19524,40.0,2025-03-23,09:00
19525,40.0,2025-03-23,09:15
19526,40.0,2025-03-23,09:30
19527,40.0,2025-03-23,09:45
19528,40.0,2025-03-23,10:00
19529,40.0,2025-03-23,10:15
19530,40.0,2025-03-23,10:30
19531,40.0,2025-03-23,10:45
19532,40.0,2025-03-23,11:00
19533,40.0,2025-03-23,11:15
19534,40.0,2025-03-23,11:30
19535,40.0,2025-03-23,11:45
19536,40.0,2025-03-23,12:00
19537,40.0,2025-03-23,12:15
19538,40.0,2025-03-23,12:30
19539,40.0,2025-03-23,12:45
19540,40.0,2025-03-23,13:00
19541,40.0,2025-03-23,13:15
19542,40.0,2025-03-23,13:30
19543,40.0,2025-03-23,13:45
19544,40.0,2025-03-23,14:00
19545,40.0,2025-03-23,14:15
19546,40.0,2025-03-23,14:30
19547,40.0,2025-03-23,14:45
19548,40.0,2025-03-23,15:00
19549,40.0,2025-03-23,15:15
19550,40.0,2025-03-23,15:30
19551,40.0,2025-03-23,15:45
19552,40.0,2025-03-23,16:00
19553,40.0,2025-03-23,16:15
19554,40.0,2025-03-23,16:30
19555,40.0,2025-03-23,16:45
19556,40.0,2025-03-23,17:00
19557,40.0,2025-03-23,17:15
19558,40.0,2025-03-23,17:30
19559,40.0,2025-03-23,17:45
19560,40.0,2025-03-23,18:00
19561,40.0,2025-03-23,18:15
19562,40.0,2025-03-23,18:30
19563,145.33,2025-03-23,18:45
19564,198.61,2025-03-23,19:00
19565,40.72,2025-03-23,19:15
19566,40.0,2025-03-23,19:30
19567,40.7,2025-03-23,19:45
19568,292.74,2025-03-23,20:00
19569,283.57,2025-03-23,20:15
19570,355.44,2025-03-23,20:30
19571,488.29,2025-03-23,20:45
19572,518.06,2025-03-23,21:00
19573,494.16,2025-03-23,21:15
19574,495.39,2025-03-23,21:30
19575,389.25,2025-03-23,21:45
19576,339.36,2025-03-23,22:00
19577,257.91,2025-03-23,22:15
19578,335.01,2025-03-23,22:30
19579,253.99,2025-03-23,22:45
19580,281.45,2025-03-23,23:00
19581,199.23,2025-03-23,23:15
19582,94.49,2025-03-23,23:30
19583,87.62,2025-03-23,23:45
19584,40.0,2025-03-23,24:00
19585,347.33,2025-03-24,00:15
19586,40.0,2025-03-24,00:30
19587,264.71,2025-03-24,00:45
19588,274.4,2025-03-24,01:00
19589,353.51,2025-03-24,01:15
19590,355.74,2025-03-24,01:30
19591,297.1,2025-03-24,01:45
19592,314.34,2025-03-24,02:00
19593,183.58,2025-03-24,02:15
19594,314.16,2025-03-24,02:30
19595,341.87,2025-03-24,02:45
19596,298.36,2025-03-24,03:00
19597,392.71,2025-03-24,03:15
19598,445.89,2025-03-24,03:30
19599,303.22,2025-03-24,03:45
19600,302.33,2025-03-24,04:00
19601,322.49,2025-03-24,04:15
19602,306.16,2025-03-24,04:30
19603,302.79,2025-03-24,04:45
19604,253.04,2025-03-24,05:00
19605,298.4,2025-03-24,05:15
19606,313.42,2025-03-24,05:30
19607,296.57,2025-03-24,05:45
19608,225.24,2025-03-24,06:00
19609,353.59,2025-03-24,06:15
19610,348.05,2025-03-24,06:30
19611,353.87,2025-03-24,06:45
19612,375.31,2025-03-24,07:00
19613,369.79,2025-03-24,07:15
19614,559.65,2025-03-24,07:30
19615,43.37,2025-03-24,07:45
19616,380.66,2025-03-24,08:00
19617,431.08,2025-03-24,08:15
19618,40.0,2025-03-24,08:30
19619,40.0,2025-03-24,08:45
19620,40.0,2025-03-24,09:00
19621,40.0,2025-03-24,09:15
19622,40.0,2025-03-24,09:30
19623,40.0,2025-03-24,09:45
19624,40.0,2025-03-24,10:00
19625,82.34,2025-03-24,10:15
19626,40.0,2025-03-24,10:30
19627,40.0,2025-03-24,10:45
19628,40.0,2025-03-24,11:00
19629,40.0,2025-03-24,11:15
19630,40.0,2025-03-24,11:30
19631,40.0,2025-03-24,11:45
19632,40.0,2025-03-24,12:00
19633,40.0,2025-03-24,12:15
19634,40.0,2025-03-24,12:30
19635,40.0,2025-03-24,12:45
19636,40.0,2025-03-24,13:00
19637,40.0,2025-03-24,13:15
19638,40.0,2025-03-24,13:30
19639,40.0,2025-03-24,13:45
19640,40.0,2025-03-24,14:00
19641,40.0,2025-03-24,14:15
19642,40.0,2025-03-24,14:30
19643,40.0,2025-03-24,14:45
19644,40.0,2025-03-24,15:00
19645,40.0,2025-03-24,15:15
19646,40.0,2025-03-24,15:30
19647,40.0,2025-03-24,15:45
19648,40.0,2025-03-24,16:00
19649,40.0,2025-03-24,16:15
19650,40.0,2025-03-24,16:30
19651,146.91,2025-03-24,16:45
19652,150.87,2025-03-24,17:00
19653,40.0,2025-03-24,17:15
19654,204.01,2025-03-24,17:30
19655,277.72,2025-03-24,17:45
19656,207.18,2025-03-24,18:00
19657,40.0,2025-03-24,18:15
19658,40.0,2025-03-24,18:30
19659,40.0,2025-03-24,18:45
19660,40.0,2025-03-24,19:00
19661,40.0,2025-03-24,19:15
19662,278.5,2025-03-24,19:30
19663,314.64,2025-03-24,19:45
19664,405.56,2025-03-24,20:00
19665,363.74,2025-03-24,20:15
19666,361.42,2025-03-24,20:30
19667,277.2,2025-03-24,20:45
19668,284.04,2025-03-24,21:00
19669,40.0,2025-03-24,21:15
19670,40.0,2025-03-24,21:30
19671,40.0,2025-03-24,21:45
19672,310.0,2025-03-24,22:00
19673,310.0,2025-03-24,22:15
19674,310.0,2025-03-24,22:30
19675,310.0,2025-03-24,22:45
19676,600.0,2025-03-24,23:00
19677,610.0,2025-03-24,23:15
19678,600.0,2025-03-24,23:30
19679,600.0,2025-03-24,23:45
19680,600.0,2025-03-24,24:00
19681,520.0,2025-03-25,00:15
19682,440.0,2025-03-25,00:30
19683,520.0,2025-03-25,00:45
19684,600.0,2025-03-25,01:00
19685,600.0,2025-03-25,01:15
19686,600.0,2025-03-25,01:30
19687,600.0,2025-03-25,01:45
19688,580.0,2025-03-25,02:00
19689,590.0,2025-03-25,02:15
19690,600.0,2025-03-25,02:30
19691,600.0,2025-03-25,02:45
19692,600.0,2025-03-25,03:00
19693,600.0,2025-03-25,03:15
19694,600.0,2025-03-25,03:30
19695,600.0,2025-03-25,03:45
19696,600.0,2025-03-25,04:00
19697,600.0,2025-03-25,04:15
19698,600.0,2025-03-25,04:30
19699,600.0,2025-03-25,04:45
19700,580.0,2025-03-25,05:00
19701,547.43,2025-03-25,05:15
19702,558.38,2025-03-25,05:30
19703,549.52,2025-03-25,05:45
19704,522.35,2025-03-25,06:00
19705,524.24,2025-03-25,06:15
19706,566.0,2025-03-25,06:30
19707,588.76,2025-03-25,06:45
19708,568.59,2025-03-25,07:00
19709,569.44,2025-03-25,07:15
19710,378.67,2025-03-25,07:30
19711,293.3,2025-03-25,07:45
19712,150.0,2025-03-25,08:00
19713,370.52,2025-03-25,08:15
19714,286.4,2025-03-25,08:30
19715,139.99,2025-03-25,08:45
19716,274.34,2025-03-25,09:00
19717,139.99,2025-03-25,09:15
19718,40.0,2025-03-25,09:30
19719,40.0,2025-03-25,09:45
19720,40.0,2025-03-25,10:00
19721,176.58,2025-03-25,10:15
19722,283.67,2025-03-25,10:30
19723,185.76,2025-03-25,10:45
19724,40.0,2025-03-25,11:00
19725,163.96,2025-03-25,11:15
19726,80.05,2025-03-25,11:30
19727,40.0,2025-03-25,11:45
19728,40.0,2025-03-25,12:00
19729,40.0,2025-03-25,12:15
19730,40.0,2025-03-25,12:30
19731,40.0,2025-03-25,12:45
19732,40.0,2025-03-25,13:00
19733,40.0,2025-03-25,13:15
19734,40.0,2025-03-25,13:30
19735,40.0,2025-03-25,13:45
19736,40.0,2025-03-25,14:00
19737,40.0,2025-03-25,14:15
19738,40.0,2025-03-25,14:30
19739,40.0,2025-03-25,14:45
19740,40.0,2025-03-25,15:00
19741,40.0,2025-03-25,15:15
19742,40.0,2025-03-25,15:30
19743,40.0,2025-03-25,15:45
19744,87.55,2025-03-25,16:00
19745,40.0,2025-03-25,16:15
19746,40.0,2025-03-25,16:30
19747,40.0,2025-03-25,16:45
19748,40.0,2025-03-25,17:00
19749,173.52,2025-03-25,17:15
19750,40.0,2025-03-25,17:30
19751,40.0,2025-03-25,17:45
19752,40.0,2025-03-25,18:00
19753,40.0,2025-03-25,18:15
19754,40.0,2025-03-25,18:30
19755,40.0,2025-03-25,18:45
19756,40.0,2025-03-25,19:00
19757,40.0,2025-03-25,19:15
19758,40.15,2025-03-25,19:30
19759,40.11,2025-03-25,19:45
19760,40.69,2025-03-25,20:00
19761,42.68,2025-03-25,20:15
19762,42.62,2025-03-25,20:30
19763,42.64,2025-03-25,20:45
19764,40.0,2025-03-25,21:00
19765,40.0,2025-03-25,21:15
19766,40.0,2025-03-25,21:30
19767,40.0,2025-03-25,21:45
19768,40.06,2025-03-25,22:00
19769,456.04,2025-03-25,22:15
19770,42.08,2025-03-25,22:30
19771,40.07,2025-03-25,22:45
19772,40.07,2025-03-25,23:00
19773,40.07,2025-03-25,23:15
19774,40.07,2025-03-25,23:30
19775,40.07,2025-03-25,23:45
19776,40.0,2025-03-25,24:00
19777,40.07,2025-03-26,00:15
19778,40.07,2025-03-26,00:30
19779,197.15,2025-03-26,00:45
19780,272.78,2025-03-26,01:00
19781,337.03,2025-03-26,01:15
19782,246.47,2025-03-26,01:30
19783,222.4,2025-03-26,01:45
19784,215.79,2025-03-26,02:00
19785,204.67,2025-03-26,02:15
19786,212.64,2025-03-26,02:30
19787,40.0,2025-03-26,02:45
19788,40.0,2025-03-26,03:00
19789,108.42,2025-03-26,03:15
19790,208.62,2025-03-26,03:30
19791,210.52,2025-03-26,03:45
19792,219.87,2025-03-26,04:00
19793,40.0,2025-03-26,04:15
19794,40.0,2025-03-26,04:30
19795,40.0,2025-03-26,04:45
19796,40.0,2025-03-26,05:00
19797,40.0,2025-03-26,05:15
19798,40.0,2025-03-26,05:30
19799,40.0,2025-03-26,05:45
19800,40.0,2025-03-26,06:00
19801,40.06,2025-03-26,06:15
19802,208.88,2025-03-26,06:30
19803,43.7,2025-03-26,06:45
19804,126.75,2025-03-26,07:00
19805,391.41,2025-03-26,07:15
19806,375.08,2025-03-26,07:30
19807,365.42,2025-03-26,07:45
19808,353.52,2025-03-26,08:00
19809,214.81,2025-03-26,08:15
19810,281.88,2025-03-26,08:30
19811,152.43,2025-03-26,08:45
19812,157.54,2025-03-26,09:00
19813,42.26,2025-03-26,09:15
19814,42.52,2025-03-26,09:30
19815,129.67,2025-03-26,09:45
19816,43.01,2025-03-26,10:00
19817,40.0,2025-03-26,10:15
19818,40.0,2025-03-26,10:30
19819,40.0,2025-03-26,10:45
19820,40.0,2025-03-26,11:00
19821,40.0,2025-03-26,11:15
19822,40.0,2025-03-26,11:30
19823,40.0,2025-03-26,11:45
19824,40.0,2025-03-26,12:00
19825,40.0,2025-03-26,12:15
19826,40.0,2025-03-26,12:30
19827,40.0,2025-03-26,12:45
19828,40.0,2025-03-26,13:00
19829,40.0,2025-03-26,13:15
19830,40.0,2025-03-26,13:30
19831,40.0,2025-03-26,13:45
19832,40.0,2025-03-26,14:00
19833,40.0,2025-03-26,14:15
19834,40.0,2025-03-26,14:30
19835,40.0,2025-03-26,14:45
19836,40.0,2025-03-26,15:00
19837,40.0,2025-03-26,15:15
19838,40.0,2025-03-26,15:30
19839,40.0,2025-03-26,15:45
19840,40.0,2025-03-26,16:00
19841,40.0,2025-03-26,16:15
19842,40.0,2025-03-26,16:30
19843,40.0,2025-03-26,16:45
19844,40.0,2025-03-26,17:00
19845,40.0,2025-03-26,17:15
19846,40.0,2025-03-26,17:30
19847,40.0,2025-03-26,17:45
19848,40.0,2025-03-26,18:00
19849,40.0,2025-03-26,18:15
19850,40.0,2025-03-26,18:30
19851,40.0,2025-03-26,18:45
19852,171.7,2025-03-26,19:00
19853,475.6,2025-03-26,19:15
19854,570.8,2025-03-26,19:30
19855,542.75,2025-03-26,19:45
19856,487.33,2025-03-26,20:00
19857,543.74,2025-03-26,20:15
19858,412.09,2025-03-26,20:30
19859,171.58,2025-03-26,20:45
19860,543.44,2025-03-26,21:00
19861,552.15,2025-03-26,21:15
19862,485.37,2025-03-26,21:30
19863,559.57,2025-03-26,21:45
19864,549.65,2025-03-26,22:00
19865,560.03,2025-03-26,22:15
19866,568.85,2025-03-26,22:30
19867,549.09,2025-03-26,22:45
19868,284.11,2025-03-26,23:00
19869,567.89,2025-03-26,23:15
19870,288.37,2025-03-26,23:30
19871,40.0,2025-03-26,23:45
19872,40.0,2025-03-26,24:00
19873,550.71,2025-03-27,00:15
19874,373.77,2025-03-27,00:30
19875,552.9,2025-03-27,00:45
19876,295.36,2025-03-27,01:00
19877,40.07,2025-03-27,01:15
19878,40.07,2025-03-27,01:30
19879,280.19,2025-03-27,01:45
19880,306.17,2025-03-27,02:00
19881,262.9,2025-03-27,02:15
19882,255.65,2025-03-27,02:30
19883,254.82,2025-03-27,02:45
19884,214.47,2025-03-27,03:00
19885,213.46,2025-03-27,03:15
19886,204.91,2025-03-27,03:30
19887,286.34,2025-03-27,03:45
19888,428.77,2025-03-27,04:00
19889,40.07,2025-03-27,04:15
19890,172.24,2025-03-27,04:30
19891,40.0,2025-03-27,04:45
19892,40.0,2025-03-27,05:00
19893,40.0,2025-03-27,05:15
19894,40.07,2025-03-27,05:30
19895,40.07,2025-03-27,05:45
19896,40.07,2025-03-27,06:00
19897,40.07,2025-03-27,06:15
19898,40.07,2025-03-27,06:30
19899,304.5,2025-03-27,06:45
19900,417.83,2025-03-27,07:00
19901,286.08,2025-03-27,07:15
19902,305.37,2025-03-27,07:30
19903,428.1,2025-03-27,07:45
19904,292.21,2025-03-27,08:00
19905,300.76,2025-03-27,08:15
19906,281.96,2025-03-27,08:30
19907,172.35,2025-03-27,08:45
19908,40.0,2025-03-27,09:00
19909,40.0,2025-03-27,09:15
19910,40.0,2025-03-27,09:30
19911,40.0,2025-03-27,09:45
19912,40.0,2025-03-27,10:00
19913,115.22,2025-03-27,10:15
19914,40.0,2025-03-27,10:30
19915,40.0,2025-03-27,10:45
19916,40.0,2025-03-27,11:00
19917,40.0,2025-03-27,11:15
19918,40.0,2025-03-27,11:30
19919,40.0,2025-03-27,11:45
19920,40.0,2025-03-27,12:00
19921,40.0,2025-03-27,12:15
19922,40.0,2025-03-27,12:30
19923,40.0,2025-03-27,12:45
19924,40.0,2025-03-27,13:00
19925,40.0,2025-03-27,13:15
19926,40.0,2025-03-27,13:30
19927,40.0,2025-03-27,13:45
19928,40.0,2025-03-27,14:00
19929,40.0,2025-03-27,14:15
19930,40.0,2025-03-27,14:30
19931,40.0,2025-03-27,14:45
19932,40.0,2025-03-27,15:00
19933,40.0,2025-03-27,15:15
19934,40.0,2025-03-27,15:30
19935,40.0,2025-03-27,15:45
19936,40.0,2025-03-27,16:00
19937,178.75,2025-03-27,16:15
19938,136.66,2025-03-27,16:30
19939,241.34,2025-03-27,16:45
19940,177.37,2025-03-27,17:00
19941,40.0,2025-03-27,17:15
19942,40.0,2025-03-27,17:30
19943,40.0,2025-03-27,17:45
19944,40.0,2025-03-27,18:00
19945,40.0,2025-03-27,18:15
19946,40.0,2025-03-27,18:30
19947,40.0,2025-03-27,18:45
19948,40.0,2025-03-27,19:00
19949,569.85,2025-03-27,19:15
19950,570.55,2025-03-27,19:30
19951,570.4,2025-03-27,19:45
19952,570.44,2025-03-27,20:00
19953,380.49,2025-03-27,20:15
19954,333.53,2025-03-27,20:30
19955,305.58,2025-03-27,20:45
19956,174.09,2025-03-27,21:00
19957,474.69,2025-03-27,21:15
19958,333.8,2025-03-27,21:30
19959,304.46,2025-03-27,21:45
19960,294.54,2025-03-27,22:00
19961,350.88,2025-03-27,22:15
19962,218.59,2025-03-27,22:30
19963,228.74,2025-03-27,22:45
19964,223.22,2025-03-27,23:00
19965,219.62,2025-03-27,23:15
19966,217.41,2025-03-27,23:30
19967,358.49,2025-03-27,23:45
19968,351.7,2025-03-27,24:00
19969,387.08,2025-03-28,00:15
19970,389.91,2025-03-28,00:30
19971,330.59,2025-03-28,00:45
19972,329.22,2025-03-28,01:00
19973,341.56,2025-03-28,01:15
19974,499.86,2025-03-28,01:30
19975,456.81,2025-03-28,01:45
19976,371.73,2025-03-28,02:00
19977,463.89,2025-03-28,02:15
19978,370.47,2025-03-28,02:30
19979,378.43,2025-03-28,02:45
19980,436.77,2025-03-28,03:00
19981,453.55,2025-03-28,03:15
19982,285.59,2025-03-28,03:30
19983,189.37,2025-03-28,03:45
19984,378.31,2025-03-28,04:00
19985,435.3,2025-03-28,04:15
19986,496.21,2025-03-28,04:30
19987,379.52,2025-03-28,04:45
19988,379.84,2025-03-28,05:00
19989,530.63,2025-03-28,05:15
19990,455.59,2025-03-28,05:30
19991,464.51,2025-03-28,05:45
19992,279.77,2025-03-28,06:00
19993,277.79,2025-03-28,06:15
19994,266.04,2025-03-28,06:30
19995,329.52,2025-03-28,06:45
19996,407.03,2025-03-28,07:00
19997,523.84,2025-03-28,07:15
19998,468.39,2025-03-28,07:30
19999,445.26,2025-03-28,07:45
20000,302.8,2025-03-28,08:00
20001,259.65,2025-03-28,08:15
20002,40.0,2025-03-28,08:30
20003,40.0,2025-03-28,08:45
20004,40.0,2025-03-28,09:00
20005,40.0,2025-03-28,09:15
20006,40.0,2025-03-28,09:30
20007,40.0,2025-03-28,09:45
20008,40.0,2025-03-28,10:00
20009,40.0,2025-03-28,10:15
20010,40.0,2025-03-28,10:30
20011,40.0,2025-03-28,10:45
20012,40.0,2025-03-28,11:00
20013,40.0,2025-03-28,11:15
20014,40.0,2025-03-28,11:30
20015,40.0,2025-03-28,11:45
20016,40.0,2025-03-28,12:00
20017,40.0,2025-03-28,12:15
20018,40.0,2025-03-28,12:30
20019,40.0,2025-03-28,12:45
20020,148.74,2025-03-28,13:00
20021,94.58,2025-03-28,13:15
20022,40.0,2025-03-28,13:30
20023,94.35,2025-03-28,13:45
20024,148.79,2025-03-28,14:00
20025,40.0,2025-03-28,14:15
20026,40.0,2025-03-28,14:30
20027,236.89,2025-03-28,14:45
20028,253.94,2025-03-28,15:00
20029,236.96,2025-03-28,15:15
20030,228.24,2025-03-28,15:30
20031,173.67,2025-03-28,15:45
20032,40.0,2025-03-28,16:00
20033,40.0,2025-03-28,16:15
20034,40.0,2025-03-28,16:30
20035,40.0,2025-03-28,16:45
20036,40.0,2025-03-28,17:00
20037,40.0,2025-03-28,17:15
20038,40.0,2025-03-28,17:30
20039,240.65,2025-03-28,17:45
20040,288.77,2025-03-28,18:00
20041,332.58,2025-03-28,18:15
20042,372.26,2025-03-28,18:30
20043,367.73,2025-03-28,18:45
20044,421.53,2025-03-28,19:00
20045,419.1,2025-03-28,19:15
20046,426.84,2025-03-28,19:30
20047,391.37,2025-03-28,19:45
20048,394.84,2025-03-28,20:00
20049,362.61,2025-03-28,20:15
20050,365.51,2025-03-28,20:30
20051,379.1,2025-03-28,20:45
20052,405.43,2025-03-28,21:00
20053,343.44,2025-03-28,21:15
20054,359.42,2025-03-28,21:30
20055,360.13,2025-03-28,21:45
20056,361.56,2025-03-28,22:00
20057,362.8,2025-03-28,22:15
20058,351.34,2025-03-28,22:30
20059,354.12,2025-03-28,22:45
20060,342.12,2025-03-28,23:00
20061,370.99,2025-03-28,23:15
20062,380.14,2025-03-28,23:30
20063,338.94,2025-03-28,23:45
20064,338.96,2025-03-28,24:00
20065,380.96,2025-03-29,00:15
20066,359.33,2025-03-29,00:30
20067,479.59,2025-03-29,00:45
20068,414.72,2025-03-29,01:00
20069,373.57,2025-03-29,01:15
20070,504.84,2025-03-29,01:30
20071,439.56,2025-03-29,01:45
20072,511.47,2025-03-29,02:00
20073,511.5,2025-03-29,02:15
20074,519.21,2025-03-29,02:30
20075,449.24,2025-03-29,02:45
20076,449.03,2025-03-29,03:00
20077,458.23,2025-03-29,03:15
20078,456.91,2025-03-29,03:30
20079,449.3,2025-03-29,03:45
20080,448.66,2025-03-29,04:00
20081,459.81,2025-03-29,04:15
20082,482.9,2025-03-29,04:30
20083,480.7,2025-03-29,04:45
20084,478.1,2025-03-29,05:00
20085,468.38,2025-03-29,05:15
20086,488.78,2025-03-29,05:30
20087,488.77,2025-03-29,05:45
20088,479.88,2025-03-29,06:00
20089,475.23,2025-03-29,06:15
20090,478.53,2025-03-29,06:30
20091,478.12,2025-03-29,06:45
20092,478.89,2025-03-29,07:00
20093,458.84,2025-03-29,07:15
20094,459.05,2025-03-29,07:30
20095,258.91,2025-03-29,07:45
20096,279.98,2025-03-29,08:00
20097,417.58,2025-03-29,08:15
20098,353.26,2025-03-29,08:30
20099,304.58,2025-03-29,08:45
20100,151.77,2025-03-29,09:00
20101,40.0,2025-03-29,09:15
20102,40.0,2025-03-29,09:30
20103,48.8,2025-03-29,09:45
20104,254.73,2025-03-29,10:00
20105,83.4,2025-03-29,10:15
20106,167.44,2025-03-29,10:30
20107,167.78,2025-03-29,10:45
20108,248.72,2025-03-29,11:00
20109,259.18,2025-03-29,11:15
20110,257.49,2025-03-29,11:30
20111,225.95,2025-03-29,11:45
20112,194.26,2025-03-29,12:00
20113,166.05,2025-03-29,12:15
20114,101.6,2025-03-29,12:30
20115,101.14,2025-03-29,12:45
20116,231.65,2025-03-29,13:00
20117,241.76,2025-03-29,13:15
20118,101.52,2025-03-29,13:30
20119,232.97,2025-03-29,13:45
20120,243.23,2025-03-29,14:00
20121,247.46,2025-03-29,14:15
20122,238.21,2025-03-29,14:30
20123,191.84,2025-03-29,14:45
20124,224.81,2025-03-29,15:00
20125,158.57,2025-03-29,15:15
20126,256.97,2025-03-29,15:30
20127,268.44,2025-03-29,15:45
20128,268.87,2025-03-29,16:00
20129,193.67,2025-03-29,16:15
20130,159.94,2025-03-29,16:30
20131,230.41,2025-03-29,16:45
20132,231.01,2025-03-29,17:00
20133,302.51,2025-03-29,17:15
20134,245.67,2025-03-29,17:30
20135,253.67,2025-03-29,17:45
20136,40.0,2025-03-29,18:00
20137,200.0,2025-03-29,18:15
20138,401.71,2025-03-29,18:30
20139,620.2,2025-03-29,18:45
20140,610.27,2025-03-29,19:00
20141,650.0,2025-03-29,19:15
20142,650.0,2025-03-29,19:30
20143,630.18,2025-03-29,19:45
20144,650.0,2025-03-29,20:00
20145,650.0,2025-03-29,20:15
20146,650.0,2025-03-29,20:30
20147,650.0,2025-03-29,20:45
20148,602.1,2025-03-29,21:00
20149,630.0,2025-03-29,21:15
20150,630.0,2025-03-29,21:30
20151,620.0,2025-03-29,21:45
20152,600.01,2025-03-29,22:00
20153,640.0,2025-03-29,22:15
20154,600.01,2025-03-29,22:30
20155,600.01,2025-03-29,22:45
20156,590.01,2025-03-29,23:00
20157,650.0,2025-03-29,23:15
20158,650.0,2025-03-29,23:30
20159,630.0,2025-03-29,23:45
20160,620.0,2025-03-29,24:00
20161,640.0,2025-03-30,00:15
20162,620.0,2025-03-30,00:30
20163,610.01,2025-03-30,00:45
20164,620.0,2025-03-30,01:00
20165,630.0,2025-03-30,01:15
20166,610.01,2025-03-30,01:30
20167,620.0,2025-03-30,01:45
20168,620.0,2025-03-30,02:00
20169,650.0,2025-03-30,02:15
20170,650.0,2025-03-30,02:30
20171,640.0,2025-03-30,02:45
20172,640.0,2025-03-30,03:00
20173,630.0,2025-03-30,03:15
20174,630.0,2025-03-30,03:30
20175,630.0,2025-03-30,03:45
20176,630.0,2025-03-30,04:00
20177,640.0,2025-03-30,04:15
20178,650.0,2025-03-30,04:30
20179,640.0,2025-03-30,04:45
20180,630.0,2025-03-30,05:00
20181,650.0,2025-03-30,05:15
20182,600.0,2025-03-30,05:30
20183,590.0,2025-03-30,05:45
20184,590.0,2025-03-30,06:00
20185,600.0,2025-03-30,06:15
20186,600.0,2025-03-30,06:30
20187,600.0,2025-03-30,06:45
20188,600.21,2025-03-30,07:00
20189,600.19,2025-03-30,07:15
20190,600.22,2025-03-30,07:30
20191,600.25,2025-03-30,07:45
20192,590.36,2025-03-30,08:00
20193,550.0,2025-03-30,08:15
20194,580.0,2025-03-30,08:30
20195,496.56,2025-03-30,08:45
20196,397.46,2025-03-30,09:00
20197,308.25,2025-03-30,09:15
20198,298.46,2025-03-30,09:30
20199,298.67,2025-03-30,09:45
20200,278.95,2025-03-30,10:00
20201,219.35,2025-03-30,10:15
20202,40.0,2025-03-30,10:30
20203,40.0,2025-03-30,10:45
20204,40.0,2025-03-30,11:00
20205,40.0,2025-03-30,11:15
20206,40.0,2025-03-30,11:30
20207,40.0,2025-03-30,11:45
20208,40.0,2025-03-30,12:00
20209,40.0,2025-03-30,12:15
20210,40.0,2025-03-30,12:30
20211,40.0,2025-03-30,12:45
20212,40.0,2025-03-30,13:00
20213,40.0,2025-03-30,13:15
20214,40.0,2025-03-30,13:30
20215,40.0,2025-03-30,13:45
20216,40.0,2025-03-30,14:00
20217,40.0,2025-03-30,14:15
20218,40.0,2025-03-30,14:30
20219,40.0,2025-03-30,14:45
20220,40.0,2025-03-30,15:00
20221,40.0,2025-03-30,15:15
20222,40.0,2025-03-30,15:30
20223,40.0,2025-03-30,15:45
20224,40.0,2025-03-30,16:00
20225,40.0,2025-03-30,16:15
20226,152.55,2025-03-30,16:30
20227,148.55,2025-03-30,16:45
20228,40.0,2025-03-30,17:00
20229,40.0,2025-03-30,17:15
20230,40.0,2025-03-30,17:30
20231,156.55,2025-03-30,17:45
20232,201.97,2025-03-30,18:00
20233,205.71,2025-03-30,18:15
20234,224.49,2025-03-30,18:30
20235,367.7,2025-03-30,18:45
20236,311.19,2025-03-30,19:00
20237,329.73,2025-03-30,19:15
20238,328.46,2025-03-30,19:30
20239,500.06,2025-03-30,19:45
20240,400.78,2025-03-30,20:00
20241,316.37,2025-03-30,20:15
20242,421.38,2025-03-30,20:30
20243,363.0,2025-03-30,20:45
20244,425.74,2025-03-30,21:00
20245,450.78,2025-03-30,21:15
20246,421.14,2025-03-30,21:30
20247,500.75,2025-03-30,21:45
20248,550.44,2025-03-30,22:00
20249,500.62,2025-03-30,22:15
20250,420.93,2025-03-30,22:30
20251,420.03,2025-03-30,22:45
20252,500.02,2025-03-30,23:00
20253,550.01,2025-03-30,23:15
20254,550.01,2025-03-30,23:30
20255,500.02,2025-03-30,23:45
20256,500.02,2025-03-30,24:00
20257,550.01,2025-03-31,00:15
20258,550.01,2025-03-31,00:30
20259,563.95,2025-03-31,00:45
20260,581.54,2025-03-31,01:00
20261,559.91,2025-03-31,01:15
20262,572.47,2025-03-31,01:30
20263,554.94,2025-03-31,01:45
20264,554.19,2025-03-31,02:00
20265,563.39,2025-03-31,02:15
20266,563.59,2025-03-31,02:30
20267,563.76,2025-03-31,02:45
20268,579.53,2025-03-31,03:00
20269,564.7,2025-03-31,03:15
20270,565.31,2025-03-31,03:30
20271,565.17,2025-03-31,03:45
20272,565.39,2025-03-31,04:00
20273,565.4,2025-03-31,04:15
20274,555.37,2025-03-31,04:30
20275,554.33,2025-03-31,04:45
20276,559.87,2025-03-31,05:00
20277,562.58,2025-03-31,05:15
20278,534.56,2025-03-31,05:30
20279,560.44,2025-03-31,05:45
20280,531.95,2025-03-31,06:00
20281,532.12,2025-03-31,06:15
20282,534.8,2025-03-31,06:30
20283,564.79,2025-03-31,06:45
20284,469.96,2025-03-31,07:00
20285,420.17,2025-03-31,07:15
20286,400.29,2025-03-31,07:30
20287,360.82,2025-03-31,07:45
20288,301.69,2025-03-31,08:00
20289,173.53,2025-03-31,08:15
20290,149.11,2025-03-31,08:30
20291,40.0,2025-03-31,08:45
20292,40.0,2025-03-31,09:00
20293,40.0,2025-03-31,09:15
20294,40.0,2025-03-31,09:30
20295,40.0,2025-03-31,09:45
20296,40.0,2025-03-31,10:00
20297,40.0,2025-03-31,10:15
20298,40.0,2025-03-31,10:30
20299,40.0,2025-03-31,10:45
20300,40.0,2025-03-31,11:00
20301,40.0,2025-03-31,11:15
20302,40.0,2025-03-31,11:30
20303,40.0,2025-03-31,11:45
20304,40.0,2025-03-31,12:00
20305,40.0,2025-03-31,12:15
20306,40.0,2025-03-31,12:30
20307,40.0,2025-03-31,12:45
20308,40.0,2025-03-31,13:00
20309,40.0,2025-03-31,13:15
20310,40.0,2025-03-31,13:30
20311,40.0,2025-03-31,13:45
20312,40.0,2025-03-31,14:00
20313,40.0,2025-03-31,14:15
20314,40.0,2025-03-31,14:30
20315,40.0,2025-03-31,14:45
20316,40.0,2025-03-31,15:00
20317,40.0,2025-03-31,15:15
20318,40.0,2025-03-31,15:30
20319,40.0,2025-03-31,15:45
20320,40.0,2025-03-31,16:00
20321,40.0,2025-03-31,16:15
20322,40.0,2025-03-31,16:30
20323,40.0,2025-03-31,16:45
20324,40.0,2025-03-31,17:00
20325,40.0,2025-03-31,17:15
20326,40.0,2025-03-31,17:30
20327,40.0,2025-03-31,17:45
20328,40.0,2025-03-31,18:00
20329,40.0,2025-03-31,18:15
20330,40.0,2025-03-31,18:30
20331,209.94,2025-03-31,18:45
20332,300.0,2025-03-31,19:00
20333,41.27,2025-03-31,19:15
20334,303.63,2025-03-31,19:30
20335,287.28,2025-03-31,19:45
20336,259.86,2025-03-31,20:00
20337,135.33,2025-03-31,20:15
20338,145.84,2025-03-31,20:30
20339,241.61,2025-03-31,20:45
20340,281.13,2025-03-31,21:00
20341,255.9,2025-03-31,21:15
20342,256.77,2025-03-31,21:30
20343,240.4,2025-03-31,21:45
20344,255.04,2025-03-31,22:00
20345,248.18,2025-03-31,22:15
20346,242.25,2025-03-31,22:30
20347,238.39,2025-03-31,22:45
20348,280.26,2025-03-31,23:00
20349,290.25,2025-03-31,23:15
20350,310.24,2025-03-31,23:30
20351,310.24,2025-03-31,23:45
20352,310.24,2025-03-31,24:00
20353,400.18,2025-04-01,00:15
20354,400.18,2025-04-01,00:30
20355,370.2,2025-04-01,00:45
20356,360.21,2025-04-01,01:00
20357,442.11,2025-04-01,01:15
20358,486.33,2025-04-01,01:30
20359,514.87,2025-04-01,01:45
20360,548.1,2025-04-01,02:00
20361,565.75,2025-04-01,02:15
20362,537.42,2025-04-01,02:30
20363,543.71,2025-04-01,02:45
20364,572.09,2025-04-01,03:00
20365,572.13,2025-04-01,03:15
20366,565.24,2025-04-01,03:30
20367,565.43,2025-04-01,03:45
20368,564.96,2025-04-01,04:00
20369,565.09,2025-04-01,04:15
20370,574.01,2025-04-01,04:30
20371,564.89,2025-04-01,04:45
20372,564.6,2025-04-01,05:00
20373,580.04,2025-04-01,05:15
20374,590.04,2025-04-01,05:30
20375,600.03,2025-04-01,05:45
20376,600.03,2025-04-01,06:00
20377,600.03,2025-04-01,06:15
20378,600.03,2025-04-01,06:30
20379,600.03,2025-04-01,06:45
20380,620.02,2025-04-01,07:00
20381,600.03,2025-04-01,07:15
20382,600.06,2025-04-01,07:30
20383,600.15,2025-04-01,07:45
20384,600.25,2025-04-01,08:00
20385,585.53,2025-04-01,08:15
20386,575.95,2025-04-01,08:30
20387,437.25,2025-04-01,08:45
20388,298.38,2025-04-01,09:00
20389,258.75,2025-04-01,09:15
20390,40.0,2025-04-01,09:30
20391,249.35,2025-04-01,09:45
20392,40.0,2025-04-01,10:00
20393,383.79,2025-04-01,10:15
20394,355.32,2025-04-01,10:30
20395,240.49,2025-04-01,10:45
20396,40.0,2025-04-01,11:00
20397,40.0,2025-04-01,11:15
20398,40.0,2025-04-01,11:30
20399,40.0,2025-04-01,11:45
20400,40.0,2025-04-01,12:00
20401,40.0,2025-04-01,12:15
20402,40.0,2025-04-01,12:30
20403,40.0,2025-04-01,12:45
20404,40.0,2025-04-01,13:00
20405,40.0,2025-04-01,13:15
20406,40.0,2025-04-01,13:30
20407,40.0,2025-04-01,13:45
20408,40.0,2025-04-01,14:00
20409,40.0,2025-04-01,14:15
20410,40.0,2025-04-01,14:30
20411,40.0,2025-04-01,14:45
20412,40.0,2025-04-01,15:00
20413,40.0,2025-04-01,15:15
20414,40.0,2025-04-01,15:30
20415,40.0,2025-04-01,15:45
20416,40.0,2025-04-01,16:00
20417,137.04,2025-04-01,16:15
20418,170.54,2025-04-01,16:30
20419,185.06,2025-04-01,16:45
20420,248.31,2025-04-01,17:00
20421,230.98,2025-04-01,17:15
20422,261.9,2025-04-01,17:30
20423,286.54,2025-04-01,17:45
20424,297.61,2025-04-01,18:00
20425,287.94,2025-04-01,18:15
20426,373.64,2025-04-01,18:30
20427,491.4,2025-04-01,18:45
20428,487.22,2025-04-01,19:00
20429,497.53,2025-04-01,19:15
20430,474.8,2025-04-01,19:30
20431,480.24,2025-04-01,19:45
20432,444.47,2025-04-01,20:00
20433,448.29,2025-04-01,20:15
20434,472.3,2025-04-01,20:30
20435,481.86,2025-04-01,20:45
20436,483.78,2025-04-01,21:00
20437,474.55,2025-04-01,21:15
20438,491.03,2025-04-01,21:30
20439,498.65,2025-04-01,21:45
20440,502.0,2025-04-01,22:00
20441,488.02,2025-04-01,22:15
20442,492.71,2025-04-01,22:30
20443,490.52,2025-04-01,22:45
20444,483.23,2025-04-01,23:00
20445,482.11,2025-04-01,23:15
20446,470.76,2025-04-01,23:30
20447,447.92,2025-04-01,23:45
20448,550.01,2025-04-01,24:00
20449,435.33,2025-04-02,00:15
20450,526.0,2025-04-02,00:30
20451,580.01,2025-04-02,00:45
20452,434.45,2025-04-02,01:00
20453,428.34,2025-04-02,01:15
20454,432.99,2025-04-02,01:30
20455,430.54,2025-04-02,01:45
20456,423.47,2025-04-02,02:00
20457,403.53,2025-04-02,02:15
20458,422.88,2025-04-02,02:30
20459,407.68,2025-04-02,02:45
20460,402.79,2025-04-02,03:00
20461,406.73,2025-04-02,03:15
20462,359.49,2025-04-02,03:30
20463,384.92,2025-04-02,03:45
20464,479.05,2025-04-02,04:00
20465,446.6,2025-04-02,04:15
20466,500.02,2025-04-02,04:30
20467,500.02,2025-04-02,04:45
20468,500.02,2025-04-02,05:00
20469,450.03,2025-04-02,05:15
20470,550.01,2025-04-02,05:30
20471,580.01,2025-04-02,05:45
20472,590.01,2025-04-02,06:00
20473,580.28,2025-04-02,06:15
20474,580.01,2025-04-02,06:30
20475,590.01,2025-04-02,06:45
20476,600.01,2025-04-02,07:00
20477,580.11,2025-04-02,07:15
20478,580.16,2025-04-02,07:30
20479,550.36,2025-04-02,07:45
20480,450.92,2025-04-02,08:00
20481,440.0,2025-04-02,08:15
20482,400.0,2025-04-02,08:30
20483,300.0,2025-04-02,08:45
20484,40.0,2025-04-02,09:00
20485,40.0,2025-04-02,09:15
20486,40.0,2025-04-02,09:30
20487,395.35,2025-04-02,09:45
20488,356.56,2025-04-02,10:00
20489,40.0,2025-04-02,10:15
20490,40.0,2025-04-02,10:30
20491,40.0,2025-04-02,10:45
20492,40.0,2025-04-02,11:00
20493,40.0,2025-04-02,11:15
20494,40.0,2025-04-02,11:30
20495,40.0,2025-04-02,11:45
20496,40.0,2025-04-02,12:00
20497,40.0,2025-04-02,12:15
20498,40.0,2025-04-02,12:30
20499,40.0,2025-04-02,12:45
20500,40.0,2025-04-02,13:00
20501,40.0,2025-04-02,13:15
20502,40.0,2025-04-02,13:30
20503,40.0,2025-04-02,13:45
20504,40.0,2025-04-02,14:00
20505,177.82,2025-04-02,14:15
20506,196.3,2025-04-02,14:30
20507,188.32,2025-04-02,14:45
20508,199.91,2025-04-02,15:00
20509,245.63,2025-04-02,15:15
20510,247.84,2025-04-02,15:30
20511,242.41,2025-04-02,15:45
20512,299.14,2025-04-02,16:00
20513,320.29,2025-04-02,16:15
20514,331.22,2025-04-02,16:30
20515,361.75,2025-04-02,16:45
20516,364.86,2025-04-02,17:00
20517,362.76,2025-04-02,17:15
20518,354.15,2025-04-02,17:30
20519,345.51,2025-04-02,17:45
20520,367.78,2025-04-02,18:00
20521,300.88,2025-04-02,18:15
20522,360.0,2025-04-02,18:30
20523,362.65,2025-04-02,18:45
20524,378.14,2025-04-02,19:00
20525,382.63,2025-04-02,19:15
20526,395.02,2025-04-02,19:30
20527,399.82,2025-04-02,19:45
20528,397.69,2025-04-02,20:00
20529,387.47,2025-04-02,20:15
20530,344.15,2025-04-02,20:30
20531,289.94,2025-04-02,20:45
20532,375.01,2025-04-02,21:00
20533,315.87,2025-04-02,21:15
20534,273.72,2025-04-02,21:30
20535,230.41,2025-04-02,21:45
20536,247.58,2025-04-02,22:00
20537,218.06,2025-04-02,22:15
20538,209.55,2025-04-02,22:30
20539,300.04,2025-04-02,22:45
20540,420.03,2025-04-02,23:00
20541,440.03,2025-04-02,23:15
20542,450.02,2025-04-02,23:30
20543,440.03,2025-04-02,23:45
20544,500.55,2025-04-02,24:00
20545,573.92,2025-04-03,00:15
20546,483.04,2025-04-03,00:30
20547,375.09,2025-04-03,00:45
20548,383.82,2025-04-03,01:00
20549,378.72,2025-04-03,01:15
20550,547.55,2025-04-03,01:30
20551,547.86,2025-04-03,01:45
20552,397.22,2025-04-03,02:00
20553,404.81,2025-04-03,02:15
20554,390.76,2025-04-03,02:30
20555,398.84,2025-04-03,02:45
20556,407.49,2025-04-03,03:00
20557,415.09,2025-04-03,03:15
20558,416.61,2025-04-03,03:30
20559,547.38,2025-04-03,03:45
20560,447.44,2025-04-03,04:00
20561,502.92,2025-04-03,04:15
20562,580.01,2025-04-03,04:30
20563,580.01,2025-04-03,04:45
20564,493.61,2025-04-03,05:00
20565,429.68,2025-04-03,05:15
20566,484.18,2025-04-03,05:30
20567,507.34,2025-04-03,05:45
20568,590.01,2025-04-03,06:00
20569,580.01,2025-04-03,06:15
20570,580.01,2025-04-03,06:30
20571,600.01,2025-04-03,06:45
20572,590.01,2025-04-03,07:00
20573,600.03,2025-04-03,07:15
20574,580.14,2025-04-03,07:30
20575,530.57,2025-04-03,07:45
20576,421.43,2025-04-03,08:00
20577,450.0,2025-04-03,08:15
20578,350.0,2025-04-03,08:30
20579,280.0,2025-04-03,08:45
20580,40.0,2025-04-03,09:00
20581,40.0,2025-04-03,09:15
20582,141.97,2025-04-03,09:30
20583,176.01,2025-04-03,09:45
20584,238.58,2025-04-03,10:00
20585,253.73,2025-04-03,10:15
20586,205.32,2025-04-03,10:30
20587,210.69,2025-04-03,10:45
20588,180.5,2025-04-03,11:00
20589,175.7,2025-04-03,11:15
20590,140.44,2025-04-03,11:30
20591,40.0,2025-04-03,11:45
20592,40.0,2025-04-03,12:00
20593,40.0,2025-04-03,12:15
20594,40.0,2025-04-03,12:30
20595,40.0,2025-04-03,12:45
20596,40.0,2025-04-03,13:00
20597,40.0,2025-04-03,13:15
20598,40.0,2025-04-03,13:30
20599,40.0,2025-04-03,13:45
20600,40.0,2025-04-03,14:00
20601,40.0,2025-04-03,14:15
20602,40.0,2025-04-03,14:30
20603,40.0,2025-04-03,14:45
20604,40.0,2025-04-03,15:00
20605,40.0,2025-04-03,15:15
20606,40.0,2025-04-03,15:30
20607,144.71,2025-04-03,15:45
20608,40.0,2025-04-03,16:00
20609,231.17,2025-04-03,16:15
20610,228.55,2025-04-03,16:30
20611,227.34,2025-04-03,16:45
20612,208.27,2025-04-03,17:00
20613,228.38,2025-04-03,17:15
20614,232.05,2025-04-03,17:30
20615,297.13,2025-04-03,17:45
20616,255.09,2025-04-03,18:00
20617,210.44,2025-04-03,18:15
20618,194.18,2025-04-03,18:30
20619,215.82,2025-04-03,18:45
20620,257.27,2025-04-03,19:00
20621,323.0,2025-04-03,19:15
20622,358.33,2025-04-03,19:30
20623,351.07,2025-04-03,19:45
20624,271.84,2025-04-03,20:00
20625,275.34,2025-04-03,20:15
20626,243.59,2025-04-03,20:30
20627,252.89,2025-04-03,20:45
20628,261.52,2025-04-03,21:00
20629,240.85,2025-04-03,21:15
20630,251.34,2025-04-03,21:30
20631,294.02,2025-04-03,21:45
20632,298.11,2025-04-03,22:00
20633,351.2,2025-04-03,22:15
20634,372.11,2025-04-03,22:30
20635,414.76,2025-04-03,22:45
20636,356.58,2025-04-03,23:00
20637,362.22,2025-04-03,23:15
20638,350.05,2025-04-03,23:30
20639,298.48,2025-04-03,23:45
20640,410.43,2025-04-03,24:00
20641,472.38,2025-04-04,00:15
20642,473.52,2025-04-04,00:30
20643,481.66,2025-04-04,00:45
20644,477.53,2025-04-04,01:00
20645,422.61,2025-04-04,01:15
20646,473.43,2025-04-04,01:30
20647,457.86,2025-04-04,01:45
20648,452.9,2025-04-04,02:00
20649,504.09,2025-04-04,02:15
20650,590.0,2025-04-04,02:30
20651,590.0,2025-04-04,02:45
20652,590.0,2025-04-04,03:00
20653,387.45,2025-04-04,03:15
20654,530.0,2025-04-04,03:30
20655,495.11,2025-04-04,03:45
20656,459.41,2025-04-04,04:00
20657,418.32,2025-04-04,04:15
20658,424.13,2025-04-04,04:30
20659,434.56,2025-04-04,04:45
20660,433.9,2025-04-04,05:00
20661,425.45,2025-04-04,05:15
20662,391.04,2025-04-04,05:30
20663,389.13,2025-04-04,05:45
20664,375.4,2025-04-04,06:00
20665,457.42,2025-04-04,06:15
20666,467.63,2025-04-04,06:30
20667,389.0,2025-04-04,06:45
20668,350.47,2025-04-04,07:00
20669,430.0,2025-04-04,07:15
20670,400.0,2025-04-04,07:30
20671,253.49,2025-04-04,07:45
20672,40.0,2025-04-04,08:00
20673,40.0,2025-04-04,08:15
20674,40.0,2025-04-04,08:30
20675,40.0,2025-04-04,08:45
20676,40.0,2025-04-04,09:00
20677,40.0,2025-04-04,09:15
20678,137.97,2025-04-04,09:30
20679,40.0,2025-04-04,09:45
20680,40.0,2025-04-04,10:00
20681,40.0,2025-04-04,10:15
20682,40.0,2025-04-04,10:30
20683,40.0,2025-04-04,10:45
20684,40.0,2025-04-04,11:00
20685,40.0,2025-04-04,11:15
20686,40.0,2025-04-04,11:30
20687,40.0,2025-04-04,11:45
20688,40.0,2025-04-04,12:00
20689,40.0,2025-04-04,12:15
20690,40.0,2025-04-04,12:30
20691,40.0,2025-04-04,12:45
20692,40.0,2025-04-04,13:00
20693,40.0,2025-04-04,13:15
20694,40.0,2025-04-04,13:30
20695,40.0,2025-04-04,13:45
20696,40.0,2025-04-04,14:00
20697,40.0,2025-04-04,14:15
20698,40.0,2025-04-04,14:30
20699,40.0,2025-04-04,14:45
20700,40.0,2025-04-04,15:00
20701,40.0,2025-04-04,15:15
20702,40.0,2025-04-04,15:30
20703,40.0,2025-04-04,15:45
20704,40.0,2025-04-04,16:00
20705,40.0,2025-04-04,16:15
20706,40.0,2025-04-04,16:30
20707,40.0,2025-04-04,16:45
20708,40.0,2025-04-04,17:00
20709,40.0,2025-04-04,17:15
20710,40.0,2025-04-04,17:30
20711,40.0,2025-04-04,17:45
20712,40.0,2025-04-04,18:00
20713,40.0,2025-04-04,18:15
20714,40.0,2025-04-04,18:30
20715,310.0,2025-04-04,18:45
20716,400.0,2025-04-04,19:00
20717,440.0,2025-04-04,19:15
20718,450.0,2025-04-04,19:30
20719,530.0,2025-04-04,19:45
20720,510.0,2025-04-04,20:00
20721,600.0,2025-04-04,20:15
20722,600.0,2025-04-04,20:30
20723,600.0,2025-04-04,20:45
20724,600.0,2025-04-04,21:00
20725,590.0,2025-04-04,21:15
20726,600.0,2025-04-04,21:30
20727,590.0,2025-04-04,21:45
20728,590.0,2025-04-04,22:00
20729,600.0,2025-04-04,22:15
20730,600.0,2025-04-04,22:30
20731,600.0,2025-04-04,22:45
20732,600.0,2025-04-04,23:00
20733,600.0,2025-04-04,23:15
20734,600.0,2025-04-04,23:30
20735,600.0,2025-04-04,23:45
20736,600.0,2025-04-04,24:00
20737,600.0,2025-04-05,00:15
20738,600.0,2025-04-05,00:30
20739,522.42,2025-04-05,00:45
20740,521.62,2025-04-05,01:00
20741,525.39,2025-04-05,01:15
20742,526.56,2025-04-05,01:30
20743,517.43,2025-04-05,01:45
20744,518.34,2025-04-05,02:00
20745,518.18,2025-04-05,02:15
20746,514.76,2025-04-05,02:30
20747,590.0,2025-04-05,02:45
20748,600.0,2025-04-05,03:00
20749,590.0,2025-04-05,03:15
20750,530.0,2025-04-05,03:30
20751,440.0,2025-04-05,03:45
20752,359.92,2025-04-05,04:00
20753,334.99,2025-04-05,04:15
20754,334.07,2025-04-05,04:30
20755,328.5,2025-04-05,04:45
20756,359.68,2025-04-05,05:00
20757,290.38,2025-04-05,05:15
20758,295.77,2025-04-05,05:30
20759,304.35,2025-04-05,05:45
20760,294.43,2025-04-05,06:00
20761,400.0,2025-04-05,06:15
20762,450.0,2025-04-05,06:30
20763,530.0,2025-04-05,06:45
20764,430.0,2025-04-05,07:00
20765,310.0,2025-04-05,07:15
20766,290.0,2025-04-05,07:30
20767,40.0,2025-04-05,07:45
20768,40.0,2025-04-05,08:00
20769,40.0,2025-04-05,08:15
20770,40.0,2025-04-05,08:30
20771,40.0,2025-04-05,08:45
20772,40.0,2025-04-05,09:00
20773,40.0,2025-04-05,09:15
20774,40.0,2025-04-05,09:30
20775,40.0,2025-04-05,09:45
20776,40.0,2025-04-05,10:00
20777,40.0,2025-04-05,10:15
20778,40.0,2025-04-05,10:30
20779,40.0,2025-04-05,10:45
20780,40.0,2025-04-05,11:00
20781,40.0,2025-04-05,11:15
20782,40.0,2025-04-05,11:30
20783,40.0,2025-04-05,11:45
20784,40.0,2025-04-05,12:00
20785,40.0,2025-04-05,12:15
20786,40.0,2025-04-05,12:30
20787,40.0,2025-04-05,12:45
20788,40.0,2025-04-05,13:00
20789,40.0,2025-04-05,13:15
20790,40.0,2025-04-05,13:30
20791,40.0,2025-04-05,13:45
20792,40.0,2025-04-05,14:00
20793,40.0,2025-04-05,14:15
20794,40.0,2025-04-05,14:30
20795,40.0,2025-04-05,14:45
20796,40.0,2025-04-05,15:00
20797,40.0,2025-04-05,15:15
20798,40.0,2025-04-05,15:30
20799,40.0,2025-04-05,15:45
20800,40.0,2025-04-05,16:00
20801,153.99,2025-04-05,16:15
20802,160.36,2025-04-05,16:30
20803,196.3,2025-04-05,16:45
20804,187.82,2025-04-05,17:00
20805,194.87,2025-04-05,17:15
20806,203.21,2025-04-05,17:30
20807,179.14,2025-04-05,17:45
20808,188.38,2025-04-05,18:00
20809,181.59,2025-04-05,18:15
20810,40.0,2025-04-05,18:30
20811,40.0,2025-04-05,18:45
20812,40.0,2025-04-05,19:00
20813,176.75,2025-04-05,19:15
20814,156.65,2025-04-05,19:30
20815,244.92,2025-04-05,19:45
20816,213.76,2025-04-05,20:00
20817,181.59,2025-04-05,20:15
20818,235.78,2025-04-05,20:30
20819,255.79,2025-04-05,20:45
20820,40.0,2025-04-05,21:00
20821,217.48,2025-04-05,21:15
20822,207.48,2025-04-05,21:30
20823,40.0,2025-04-05,21:45
20824,40.0,2025-04-05,22:00
20825,40.0,2025-04-05,22:15
20826,159.69,2025-04-05,22:30
20827,212.94,2025-04-05,22:45
20828,216.17,2025-04-05,23:00
20829,290.25,2025-04-05,23:15
20830,319.85,2025-04-05,23:30
20831,318.56,2025-04-05,23:45
20832,327.42,2025-04-05,24:00
20833,284.51,2025-04-06,00:15
20834,363.56,2025-04-06,00:30
20835,345.66,2025-04-06,00:45
20836,373.52,2025-04-06,01:00
20837,227.98,2025-04-06,01:15
20838,287.68,2025-04-06,01:30
20839,315.42,2025-04-06,01:45
20840,287.62,2025-04-06,02:00
20841,389.65,2025-04-06,02:15
20842,390.0,2025-04-06,02:30
20843,370.83,2025-04-06,02:45
20844,417.67,2025-04-06,03:00
20845,441.4,2025-04-06,03:15
20846,450.0,2025-04-06,03:30
20847,446.02,2025-04-06,03:45
20848,500.0,2025-04-06,04:00
20849,600.0,2025-04-06,04:15
20850,378.09,2025-04-06,04:30
20851,400.0,2025-04-06,04:45
20852,420.0,2025-04-06,05:00
20853,495.97,2025-04-06,05:15
20854,506.59,2025-04-06,05:30
20855,505.44,2025-04-06,05:45
20856,406.53,2025-04-06,06:00
20857,427.66,2025-04-06,06:15
20858,590.0,2025-04-06,06:30
20859,600.0,2025-04-06,06:45
20860,600.0,2025-04-06,07:00
20861,600.0,2025-04-06,07:15
20862,600.0,2025-04-06,07:30
20863,550.0,2025-04-06,07:45
20864,450.0,2025-04-06,08:00
20865,350.0,2025-04-06,08:15
20866,310.0,2025-04-06,08:30
20867,40.0,2025-04-06,08:45
20868,40.0,2025-04-06,09:00
20869,40.0,2025-04-06,09:15
20870,130.48,2025-04-06,09:30
20871,40.0,2025-04-06,09:45
20872,116.31,2025-04-06,10:00
20873,40.0,2025-04-06,10:15
20874,40.0,2025-04-06,10:30
20875,40.0,2025-04-06,10:45
20876,40.0,2025-04-06,11:00
20877,40.0,2025-04-06,11:15
20878,40.0,2025-04-06,11:30
20879,40.0,2025-04-06,11:45
20880,40.0,2025-04-06,12:00
20881,40.0,2025-04-06,12:15
20882,40.0,2025-04-06,12:30
20883,40.0,2025-04-06,12:45
20884,40.0,2025-04-06,13:00
20885,40.0,2025-04-06,13:15
20886,40.0,2025-04-06,13:30
20887,40.0,2025-04-06,13:45
20888,40.0,2025-04-06,14:00
20889,137.86,2025-04-06,14:15
20890,40.0,2025-04-06,14:30
20891,40.0,2025-04-06,14:45
20892,40.0,2025-04-06,15:00
20893,40.0,2025-04-06,15:15
20894,176.78,2025-04-06,15:30
20895,171.91,2025-04-06,15:45
20896,164.23,2025-04-06,16:00
20897,156.36,2025-04-06,16:15
20898,164.04,2025-04-06,16:30
20899,171.64,2025-04-06,16:45
20900,213.03,2025-04-06,17:00
20901,304.25,2025-04-06,17:15
20902,228.94,2025-04-06,17:30
20903,223.26,2025-04-06,17:45
20904,170.29,2025-04-06,18:00
20905,227.64,2025-04-06,18:15
20906,300.76,2025-04-06,18:30
20907,409.26,2025-04-06,18:45
20908,470.75,2025-04-06,19:00
20909,521.91,2025-04-06,19:15
20910,513.27,2025-04-06,19:30
20911,600.0,2025-04-06,19:45
20912,600.0,2025-04-06,20:00
20913,450.0,2025-04-06,20:15
20914,400.0,2025-04-06,20:30
20915,450.0,2025-04-06,20:45
20916,440.0,2025-04-06,21:00
20917,440.0,2025-04-06,21:15
20918,430.0,2025-04-06,21:30
20919,530.0,2025-04-06,21:45
20920,530.0,2025-04-06,22:00
20921,590.0,2025-04-06,22:15
20922,600.0,2025-04-06,22:30
20923,600.0,2025-04-06,22:45
20924,600.0,2025-04-06,23:00
20925,600.0,2025-04-06,23:15
20926,600.0,2025-04-06,23:30
20927,600.0,2025-04-06,23:45
20928,496.5,2025-04-06,24:00
20929,497.68,2025-04-07,00:15
20930,474.68,2025-04-07,00:30
20931,483.92,2025-04-07,00:45
20932,543.41,2025-04-07,01:00
20933,543.65,2025-04-07,01:15
20934,600.0,2025-04-07,01:30
20935,600.0,2025-04-07,01:45
20936,399.85,2025-04-07,02:00
20937,590.0,2025-04-07,02:15
20938,590.0,2025-04-07,02:30
20939,590.0,2025-04-07,02:45
20940,590.0,2025-04-07,03:00
20941,394.02,2025-04-07,03:15
20942,392.81,2025-04-07,03:30
20943,590.0,2025-04-07,03:45
20944,600.0,2025-04-07,04:00
20945,580.0,2025-04-07,04:15
20946,600.0,2025-04-07,04:30
20947,590.0,2025-04-07,04:45
20948,590.0,2025-04-07,05:00
20949,600.0,2025-04-07,05:15
20950,600.0,2025-04-07,05:30
20951,600.0,2025-04-07,05:45
20952,600.0,2025-04-07,06:00
20953,600.0,2025-04-07,06:15
20954,600.0,2025-04-07,06:30
20955,600.0,2025-04-07,06:45
20956,600.0,2025-04-07,07:00
20957,600.0,2025-04-07,07:15
20958,600.0,2025-04-07,07:30
20959,600.0,2025-04-07,07:45
20960,590.0,2025-04-07,08:00
20961,400.0,2025-04-07,08:15
20962,290.0,2025-04-07,08:30
20963,260.0,2025-04-07,08:45
20964,40.0,2025-04-07,09:00
20965,40.0,2025-04-07,09:15
20966,40.0,2025-04-07,09:30
20967,40.0,2025-04-07,09:45
20968,40.0,2025-04-07,10:00
20969,40.0,2025-04-07,10:15
20970,40.0,2025-04-07,10:30
20971,40.0,2025-04-07,10:45
20972,40.0,2025-04-07,11:00
20973,40.0,2025-04-07,11:15
20974,40.0,2025-04-07,11:30
20975,40.0,2025-04-07,11:45
20976,40.0,2025-04-07,12:00
20977,40.0,2025-04-07,12:15
20978,40.0,2025-04-07,12:30
20979,40.0,2025-04-07,12:45
20980,40.0,2025-04-07,13:00
20981,40.0,2025-04-07,13:15
20982,40.0,2025-04-07,13:30
20983,40.0,2025-04-07,13:45
20984,40.0,2025-04-07,14:00
20985,40.0,2025-04-07,14:15
20986,40.0,2025-04-07,14:30
20987,40.0,2025-04-07,14:45
20988,40.0,2025-04-07,15:00
20989,40.0,2025-04-07,15:15
20990,40.0,2025-04-07,15:30
20991,40.0,2025-04-07,15:45
20992,40.0,2025-04-07,16:00
20993,40.0,2025-04-07,16:15
20994,40.0,2025-04-07,16:30
20995,158.22,2025-04-07,16:45
20996,208.96,2025-04-07,17:00
20997,321.93,2025-04-07,17:15
20998,327.98,2025-04-07,17:30
20999,326.13,2025-04-07,17:45
21000,308.11,2025-04-07,18:00
21001,280.4,2025-04-07,18:15
21002,307.38,2025-04-07,18:30
21003,294.92,2025-04-07,18:45
21004,297.15,2025-04-07,19:00
21005,328.85,2025-04-07,19:15
21006,331.14,2025-04-07,19:30
21007,278.48,2025-04-07,19:45
21008,230.96,2025-04-07,20:00
21009,173.76,2025-04-07,20:15
21010,262.65,2025-04-07,20:30
21011,254.71,2025-04-07,20:45
21012,238.89,2025-04-07,21:00
21013,194.29,2025-04-07,21:15
21014,190.61,2025-04-07,21:30
21015,40.0,2025-04-07,21:45
21016,40.0,2025-04-07,22:00
21017,40.0,2025-04-07,22:15
21018,40.0,2025-04-07,22:30
21019,40.0,2025-04-07,22:45
21020,40.0,2025-04-07,23:00
21021,40.0,2025-04-07,23:15
21022,40.0,2025-04-07,23:30
21023,40.0,2025-04-07,23:45
21024,40.0,2025-04-07,24:00
21025,40.0,2025-04-08,00:15
21026,40.0,2025-04-08,00:30
21027,40.0,2025-04-08,00:45
21028,40.0,2025-04-08,01:00
21029,40.0,2025-04-08,01:15
21030,40.0,2025-04-08,01:30
21031,40.0,2025-04-08,01:45
21032,40.0,2025-04-08,02:00
21033,40.0,2025-04-08,02:15
21034,290.0,2025-04-08,02:30
21035,290.0,2025-04-08,02:45
21036,290.0,2025-04-08,03:00
21037,278.16,2025-04-08,03:15
21038,268.53,2025-04-08,03:30
21039,277.44,2025-04-08,03:45
21040,278.25,2025-04-08,04:00
21041,315.27,2025-04-08,04:15
21042,287.9,2025-04-08,04:30
21043,315.55,2025-04-08,04:45
21044,254.71,2025-04-08,05:00
21045,254.8,2025-04-08,05:15
21046,262.6,2025-04-08,05:30
21047,258.14,2025-04-08,05:45
21048,40.0,2025-04-08,06:00
21049,40.0,2025-04-08,06:15
21050,275.26,2025-04-08,06:30
21051,285.31,2025-04-08,06:45
21052,284.81,2025-04-08,07:00
21053,40.0,2025-04-08,07:15
21054,245.99,2025-04-08,07:30
21055,236.85,2025-04-08,07:45
21056,40.0,2025-04-08,08:00
21057,40.0,2025-04-08,08:15
21058,40.0,2025-04-08,08:30
21059,40.0,2025-04-08,08:45
21060,40.0,2025-04-08,09:00
21061,40.0,2025-04-08,09:15
21062,40.0,2025-04-08,09:30
21063,197.91,2025-04-08,09:45
21064,249.49,2025-04-08,10:00
21065,170.59,2025-04-08,10:15
21066,132.92,2025-04-08,10:30
21067,40.0,2025-04-08,10:45
21068,142.28,2025-04-08,11:00
21069,40.0,2025-04-08,11:15
21070,152.84,2025-04-08,11:30
21071,40.0,2025-04-08,11:45
21072,40.0,2025-04-08,12:00
21073,40.0,2025-04-08,12:15
21074,40.0,2025-04-08,12:30
21075,40.0,2025-04-08,12:45
21076,40.0,2025-04-08,13:00
21077,40.0,2025-04-08,13:15
21078,40.0,2025-04-08,13:30
21079,40.0,2025-04-08,13:45
21080,40.0,2025-04-08,14:00
21081,40.0,2025-04-08,14:15
21082,40.0,2025-04-08,14:30
21083,40.0,2025-04-08,14:45
21084,168.23,2025-04-08,15:00
21085,40.0,2025-04-08,15:15
21086,40.0,2025-04-08,15:30
21087,40.0,2025-04-08,15:45
21088,150.68,2025-04-08,16:00
21089,217.05,2025-04-08,16:15
21090,283.05,2025-04-08,16:30
21091,191.28,2025-04-08,16:45
21092,40.0,2025-04-08,17:00
21093,40.0,2025-04-08,17:15
21094,40.0,2025-04-08,17:30
21095,40.0,2025-04-08,17:45
21096,40.0,2025-04-08,18:00
21097,40.0,2025-04-08,18:15
21098,40.0,2025-04-08,18:30
21099,40.0,2025-04-08,18:45
21100,175.39,2025-04-08,19:00
21101,226.53,2025-04-08,19:15
21102,264.15,2025-04-08,19:30
21103,300.11,2025-04-08,19:45
21104,306.57,2025-04-08,20:00
21105,167.89,2025-04-08,20:15
21106,216.15,2025-04-08,20:30
21107,192.25,2025-04-08,20:45
21108,40.0,2025-04-08,21:00
21109,40.0,2025-04-08,21:15
21110,40.0,2025-04-08,21:30
21111,40.0,2025-04-08,21:45
21112,40.0,2025-04-08,22:00
21113,40.0,2025-04-08,22:15
21114,40.0,2025-04-08,22:30
21115,40.0,2025-04-08,22:45
21116,40.0,2025-04-08,23:00
21117,290.0,2025-04-08,23:15
21118,300.0,2025-04-08,23:30
21119,340.0,2025-04-08,23:45
21120,400.0,2025-04-08,24:00
21121,530.0,2025-04-09,00:15
21122,530.0,2025-04-09,00:30
21123,580.0,2025-04-09,00:45
21124,570.0,2025-04-09,01:00
21125,570.0,2025-04-09,01:15
21126,580.0,2025-04-09,01:30
21127,590.0,2025-04-09,01:45
21128,570.0,2025-04-09,02:00
21129,400.0,2025-04-09,02:15
21130,297.48,2025-04-09,02:30
21131,300.0,2025-04-09,02:45
21132,310.0,2025-04-09,03:00
21133,450.0,2025-04-09,03:15
21134,450.0,2025-04-09,03:30
21135,520.0,2025-04-09,03:45
21136,510.0,2025-04-09,04:00
21137,570.0,2025-04-09,04:15
21138,580.0,2025-04-09,04:30
21139,600.0,2025-04-09,04:45
21140,450.0,2025-04-09,05:00
21141,450.0,2025-04-09,05:15
21142,400.0,2025-04-09,05:30
21143,450.0,2025-04-09,05:45
21144,310.0,2025-04-09,06:00
21145,340.0,2025-04-09,06:15
21146,450.0,2025-04-09,06:30
21147,580.0,2025-04-09,06:45
21148,600.0,2025-04-09,07:00
21149,590.0,2025-04-09,07:15
21150,590.0,2025-04-09,07:30
21151,450.0,2025-04-09,07:45
21152,350.0,2025-04-09,08:00
21153,300.0,2025-04-09,08:15
21154,270.0,2025-04-09,08:30
21155,40.0,2025-04-09,08:45
21156,40.0,2025-04-09,09:00
21157,40.0,2025-04-09,09:15
21158,40.0,2025-04-09,09:30
21159,40.0,2025-04-09,09:45
21160,40.0,2025-04-09,10:00
21161,40.0,2025-04-09,10:15
21162,40.0,2025-04-09,10:30
21163,40.0,2025-04-09,10:45
21164,40.0,2025-04-09,11:00
21165,40.0,2025-04-09,11:15
21166,40.0,2025-04-09,11:30
21167,40.0,2025-04-09,11:45
21168,40.0,2025-04-09,12:00
21169,40.0,2025-04-09,12:15
21170,40.0,2025-04-09,12:30
21171,40.0,2025-04-09,12:45
21172,40.0,2025-04-09,13:00
21173,40.0,2025-04-09,13:15
21174,40.0,2025-04-09,13:30
21175,40.0,2025-04-09,13:45
21176,40.0,2025-04-09,14:00
21177,40.0,2025-04-09,14:15
21178,40.0,2025-04-09,14:30
21179,40.0,2025-04-09,14:45
21180,152.67,2025-04-09,15:00
21181,297.01,2025-04-09,15:15
21182,40.0,2025-04-09,15:30
21183,40.0,2025-04-09,15:45
21184,228.27,2025-04-09,16:00
21185,208.93,2025-04-09,16:15
21186,40.0,2025-04-09,16:30
21187,40.0,2025-04-09,16:45
21188,40.0,2025-04-09,17:00
21189,309.01,2025-04-09,17:15
21190,161.55,2025-04-09,17:30
21191,160.8,2025-04-09,17:45
21192,159.86,2025-04-09,18:00
21193,169.01,2025-04-09,18:15
21194,222.73,2025-04-09,18:30
21195,208.16,2025-04-09,18:45
21196,233.89,2025-04-09,19:00
21197,231.69,2025-04-09,19:15
21198,227.16,2025-04-09,19:30
21199,284.54,2025-04-09,19:45
21200,377.66,2025-04-09,20:00
21201,400.28,2025-04-09,20:15
21202,401.87,2025-04-09,20:30
21203,400.56,2025-04-09,20:45
21204,406.27,2025-04-09,21:00
21205,409.83,2025-04-09,21:15
21206,424.52,2025-04-09,21:30
21207,426.56,2025-04-09,21:45
21208,416.84,2025-04-09,22:00
21209,412.66,2025-04-09,22:15
21210,401.82,2025-04-09,22:30
21211,403.01,2025-04-09,22:45
21212,396.27,2025-04-09,23:00
21213,406.69,2025-04-09,23:15
21214,397.95,2025-04-09,23:30
21215,394.84,2025-04-09,23:45
21216,392.75,2025-04-09,24:00
21217,434.64,2025-04-10,00:15
21218,486.79,2025-04-10,00:30
21219,384.32,2025-04-10,00:45
21220,531.73,2025-04-10,01:00
21221,382.91,2025-04-10,01:15
21222,396.82,2025-04-10,01:30
21223,394.63,2025-04-10,01:45
21224,474.89,2025-04-10,02:00
21225,359.08,2025-04-10,02:15
21226,476.45,2025-04-10,02:30
21227,580.0,2025-04-10,02:45
21228,570.0,2025-04-10,03:00
21229,570.0,2025-04-10,03:15
21230,542.49,2025-04-10,03:30
21231,579.55,2025-04-10,03:45
21232,588.62,2025-04-10,04:00
21233,450.0,2025-04-10,04:15
21234,520.0,2025-04-10,04:30
21235,450.0,2025-04-10,04:45
21236,400.0,2025-04-10,05:00
21237,330.0,2025-04-10,05:15
21238,376.08,2025-04-10,05:30
21239,289.45,2025-04-10,05:45
21240,290.0,2025-04-10,06:00
21241,290.0,2025-04-10,06:15
21242,280.91,2025-04-10,06:30
21243,290.0,2025-04-10,06:45
21244,289.79,2025-04-10,07:00
21245,279.58,2025-04-10,07:15
21246,310.0,2025-04-10,07:30
21247,300.0,2025-04-10,07:45
21248,270.0,2025-04-10,08:00
21249,280.0,2025-04-10,08:15
21250,260.0,2025-04-10,08:30
21251,40.0,2025-04-10,08:45
21252,40.0,2025-04-10,09:00
21253,40.0,2025-04-10,09:15
21254,40.0,2025-04-10,09:30
21255,40.0,2025-04-10,09:45
21256,40.0,2025-04-10,10:00
21257,40.0,2025-04-10,10:15
21258,40.0,2025-04-10,10:30
21259,40.0,2025-04-10,10:45
21260,40.0,2025-04-10,11:00
21261,40.0,2025-04-10,11:15
21262,40.0,2025-04-10,11:30
21263,40.0,2025-04-10,11:45
21264,40.0,2025-04-10,12:00
21265,40.0,2025-04-10,12:15
21266,147.3,2025-04-10,12:30
21267,40.0,2025-04-10,12:45
21268,40.0,2025-04-10,13:00
21269,40.0,2025-04-10,13:15
21270,156.04,2025-04-10,13:30
21271,40.0,2025-04-10,13:45
21272,40.0,2025-04-10,14:00
21273,155.01,2025-04-10,14:15
21274,40.0,2025-04-10,14:30
21275,40.0,2025-04-10,14:45
21276,172.12,2025-04-10,15:00
21277,40.0,2025-04-10,15:15
21278,40.0,2025-04-10,15:30
21279,163.1,2025-04-10,15:45
21280,162.61,2025-04-10,16:00
21281,162.44,2025-04-10,16:15
21282,40.0,2025-04-10,16:30
21283,286.33,2025-04-10,16:45
21284,308.86,2025-04-10,17:00
21285,320.76,2025-04-10,17:15
21286,329.11,2025-04-10,17:30
21287,317.17,2025-04-10,17:45
21288,315.37,2025-04-10,18:00
21289,40.0,2025-04-10,18:15
21290,40.0,2025-04-10,18:30
21291,197.24,2025-04-10,18:45
21292,297.58,2025-04-10,19:00
21293,339.62,2025-04-10,19:15
21294,373.99,2025-04-10,19:30
21295,369.72,2025-04-10,19:45
21296,364.02,2025-04-10,20:00
21297,350.96,2025-04-10,20:15
21298,348.44,2025-04-10,20:30
21299,355.26,2025-04-10,20:45
21300,353.93,2025-04-10,21:00
21301,355.63,2025-04-10,21:15
21302,356.72,2025-04-10,21:30
21303,346.24,2025-04-10,21:45
21304,390.89,2025-04-10,22:00
21305,336.73,2025-04-10,22:15
21306,291.24,2025-04-10,22:30
21307,192.35,2025-04-10,22:45
21308,194.64,2025-04-10,23:00
21309,258.96,2025-04-10,23:15
21310,238.12,2025-04-10,23:30
21311,195.54,2025-04-10,23:45
21312,174.51,2025-04-10,24:00
21313,380.1,2025-04-11,00:15
21314,348.85,2025-04-11,00:30
21315,367.15,2025-04-11,00:45
21316,344.75,2025-04-11,01:00
21317,275.13,2025-04-11,01:15
21318,324.52,2025-04-11,01:30
21319,346.51,2025-04-11,01:45
21320,349.75,2025-04-11,02:00
21321,283.76,2025-04-11,02:15
21322,374.29,2025-04-11,02:30
21323,267.13,2025-04-11,02:45
21324,207.35,2025-04-11,03:00
21325,252.91,2025-04-11,03:15
21326,201.72,2025-04-11,03:30
21327,224.96,2025-04-11,03:45
21328,195.7,2025-04-11,04:00
21329,317.31,2025-04-11,04:15
21330,225.24,2025-04-11,04:30
21331,264.75,2025-04-11,04:45
21332,263.28,2025-04-11,05:00
21333,205.35,2025-04-11,05:15
21334,40.0,2025-04-11,05:30
21335,139.02,2025-04-11,05:45
21336,40.0,2025-04-11,06:00
21337,40.0,2025-04-11,06:15
21338,40.0,2025-04-11,06:30
21339,40.0,2025-04-11,06:45
21340,40.0,2025-04-11,07:00
21341,40.0,2025-04-11,07:15
21342,40.0,2025-04-11,07:30
21343,40.0,2025-04-11,07:45
21344,40.0,2025-04-11,08:00
21345,40.0,2025-04-11,08:15
21346,40.0,2025-04-11,08:30
21347,40.0,2025-04-11,08:45
21348,48.46,2025-04-11,09:00
21349,40.0,2025-04-11,09:15
21350,40.0,2025-04-11,09:30
21351,40.0,2025-04-11,09:45
21352,40.0,2025-04-11,10:00
21353,40.0,2025-04-11,10:15
21354,40.0,2025-04-11,10:30
21355,46.94,2025-04-11,10:45
21356,40.0,2025-04-11,11:00
21357,270.44,2025-04-11,11:15
21358,236.3,2025-04-11,11:30
21359,216.39,2025-04-11,11:45
21360,40.0,2025-04-11,12:00
21361,40.0,2025-04-11,12:15
21362,40.0,2025-04-11,12:30
21363,40.0,2025-04-11,12:45
21364,40.0,2025-04-11,13:00
21365,40.0,2025-04-11,13:15
21366,40.0,2025-04-11,13:30
21367,40.0,2025-04-11,13:45
21368,40.0,2025-04-11,14:00
21369,40.0,2025-04-11,14:15
21370,40.0,2025-04-11,14:30
21371,40.0,2025-04-11,14:45
21372,40.0,2025-04-11,15:00
21373,40.0,2025-04-11,15:15
21374,40.0,2025-04-11,15:30
21375,40.0,2025-04-11,15:45
21376,40.0,2025-04-11,16:00
21377,312.56,2025-04-11,16:15
21378,336.27,2025-04-11,16:30
21379,316.16,2025-04-11,16:45
21380,40.0,2025-04-11,17:00
21381,249.76,2025-04-11,17:15
21382,40.0,2025-04-11,17:30
21383,40.0,2025-04-11,17:45
21384,40.0,2025-04-11,18:00
21385,40.0,2025-04-11,18:15
21386,40.0,2025-04-11,18:30
21387,40.0,2025-04-11,18:45
21388,40.0,2025-04-11,19:00
21389,40.0,2025-04-11,19:15
21390,330.0,2025-04-11,19:30
21391,290.0,2025-04-11,19:45
21392,330.0,2025-04-11,20:00
21393,450.0,2025-04-11,20:15
21394,450.0,2025-04-11,20:30
21395,40.0,2025-04-11,20:45
21396,300.0,2025-04-11,21:00
21397,390.0,2025-04-11,21:15
21398,450.0,2025-04-11,21:30
21399,450.0,2025-04-11,21:45
21400,450.0,2025-04-11,22:00
21401,400.0,2025-04-11,22:15
21402,450.0,2025-04-11,22:30
21403,400.0,2025-04-11,22:45
21404,330.0,2025-04-11,23:00
21405,400.0,2025-04-11,23:15
21406,450.0,2025-04-11,23:30
21407,500.0,2025-04-11,23:45
21408,550.0,2025-04-11,24:00
21409,590.0,2025-04-12,00:15
21410,530.0,2025-04-12,00:30
21411,350.0,2025-04-12,00:45
21412,372.8,2025-04-12,01:00
21413,350.0,2025-04-12,01:15
21414,350.0,2025-04-12,01:30
21415,400.0,2025-04-12,01:45
21416,390.0,2025-04-12,02:00
21417,400.0,2025-04-12,02:15
21418,530.0,2025-04-12,02:30
21419,471.49,2025-04-12,02:45
21420,400.0,2025-04-12,03:00
21421,450.0,2025-04-12,03:15
21422,426.39,2025-04-12,03:30
21423,405.85,2025-04-12,03:45
21424,390.0,2025-04-12,04:00
21425,330.0,2025-04-12,04:15
21426,390.0,2025-04-12,04:30
21427,390.0,2025-04-12,04:45
21428,350.0,2025-04-12,05:00
21429,390.0,2025-04-12,05:15
21430,400.0,2025-04-12,05:30
21431,510.0,2025-04-12,05:45
21432,510.0,2025-04-12,06:00
21433,450.0,2025-04-12,06:15
21434,530.0,2025-04-12,06:30
21435,500.0,2025-04-12,06:45
21436,530.0,2025-04-12,07:00
21437,330.0,2025-04-12,07:15
21438,290.0,2025-04-12,07:30
21439,270.0,2025-04-12,07:45
21440,260.0,2025-04-12,08:00
21441,250.0,2025-04-12,08:15
21442,40.0,2025-04-12,08:30
21443,40.0,2025-04-12,08:45
21444,40.0,2025-04-12,09:00
21445,40.0,2025-04-12,09:15
21446,40.0,2025-04-12,09:30
21447,186.04,2025-04-12,09:45
21448,40.0,2025-04-12,10:00
21449,40.0,2025-04-12,10:15
21450,40.0,2025-04-12,10:30
21451,40.0,2025-04-12,10:45
21452,40.0,2025-04-12,11:00
21453,40.0,2025-04-12,11:15
21454,40.0,2025-04-12,11:30
21455,47.6,2025-04-12,11:45
21456,47.64,2025-04-12,12:00
21457,40.0,2025-04-12,12:15
21458,40.0,2025-04-12,12:30
21459,40.0,2025-04-12,12:45
21460,40.0,2025-04-12,13:00
21461,40.0,2025-04-12,13:15
21462,40.0,2025-04-12,13:30
21463,47.98,2025-04-12,13:45
21464,47.45,2025-04-12,14:00
21465,40.0,2025-04-12,14:15
21466,40.0,2025-04-12,14:30
21467,47.28,2025-04-12,14:45
21468,47.05,2025-04-12,15:00
21469,47.03,2025-04-12,15:15
21470,46.97,2025-04-12,15:30
21471,47.02,2025-04-12,15:45
21472,47.0,2025-04-12,16:00
21473,46.96,2025-04-12,16:15
21474,46.94,2025-04-12,16:30
21475,46.75,2025-04-12,16:45
21476,46.89,2025-04-12,17:00
21477,47.58,2025-04-12,17:15
21478,47.78,2025-04-12,17:30
21479,47.8,2025-04-12,17:45
21480,48.22,2025-04-12,18:00
21481,48.67,2025-04-12,18:15
21482,48.49,2025-04-12,18:30
21483,40.0,2025-04-12,18:45
21484,40.0,2025-04-12,19:00
21485,40.0,2025-04-12,19:15
21486,300.0,2025-04-12,19:30
21487,330.0,2025-04-12,19:45
21488,610.0,2025-04-12,20:00
21489,650.0,2025-04-12,20:15
21490,600.0,2025-04-12,20:30
21491,650.0,2025-04-12,20:45
21492,600.0,2025-04-12,21:00
21493,600.0,2025-04-12,21:15
21494,600.0,2025-04-12,21:30
21495,540.0,2025-04-12,21:45
21496,540.0,2025-04-12,22:00
21497,530.0,2025-04-12,22:15
21498,530.0,2025-04-12,22:30
21499,600.0,2025-04-12,22:45
21500,540.0,2025-04-12,23:00
21501,600.0,2025-04-12,23:15
21502,600.0,2025-04-12,23:30
21503,600.0,2025-04-12,23:45
21504,600.0,2025-04-12,24:00
21505,649.6,2025-04-13,00:15
21506,650.0,2025-04-13,00:30
21507,650.0,2025-04-13,00:45
21508,600.0,2025-04-13,01:00
21509,620.0,2025-04-13,01:15
21510,610.0,2025-04-13,01:30
21511,600.0,2025-04-13,01:45
21512,590.0,2025-04-13,02:00
21513,590.0,2025-04-13,02:15
21514,580.0,2025-04-13,02:30
21515,550.0,2025-04-13,02:45
21516,500.0,2025-04-13,03:00
21517,600.0,2025-04-13,03:15
21518,600.0,2025-04-13,03:30
21519,590.0,2025-04-13,03:45
21520,580.0,2025-04-13,04:00
21521,590.0,2025-04-13,04:15
21522,580.0,2025-04-13,04:30
21523,590.0,2025-04-13,04:45
21524,590.0,2025-04-13,05:00
21525,590.0,2025-04-13,05:15
21526,580.0,2025-04-13,05:30
21527,580.0,2025-04-13,05:45
21528,580.0,2025-04-13,06:00
21529,590.0,2025-04-13,06:15
21530,600.0,2025-04-13,06:30
21531,600.0,2025-04-13,06:45
21532,600.0,2025-04-13,07:00
21533,580.0,2025-04-13,07:15
21534,530.0,2025-04-13,07:30
21535,380.0,2025-04-13,07:45
21536,300.0,2025-04-13,08:00
21537,40.0,2025-04-13,08:15
21538,40.0,2025-04-13,08:30
21539,40.0,2025-04-13,08:45
21540,40.0,2025-04-13,09:00
21541,40.0,2025-04-13,09:15
21542,40.0,2025-04-13,09:30
21543,40.0,2025-04-13,09:45
21544,40.0,2025-04-13,10:00
21545,40.0,2025-04-13,10:15
21546,40.0,2025-04-13,10:30
21547,40.0,2025-04-13,10:45
21548,40.0,2025-04-13,11:00
21549,40.0,2025-04-13,11:15
21550,40.0,2025-04-13,11:30
21551,40.0,2025-04-13,11:45
21552,40.0,2025-04-13,12:00
21553,40.0,2025-04-13,12:15
21554,40.0,2025-04-13,12:30
21555,40.0,2025-04-13,12:45
21556,40.0,2025-04-13,13:00
21557,40.0,2025-04-13,13:15
21558,40.0,2025-04-13,13:30
21559,47.18,2025-04-13,13:45
21560,47.58,2025-04-13,14:00
21561,47.38,2025-04-13,14:15
21562,47.46,2025-04-13,14:30
21563,47.69,2025-04-13,14:45
21564,47.17,2025-04-13,15:00
21565,40.0,2025-04-13,15:15
21566,40.0,2025-04-13,15:30
21567,40.0,2025-04-13,15:45
21568,40.0,2025-04-13,16:00
21569,40.0,2025-04-13,16:15
21570,47.25,2025-04-13,16:30
21571,47.06,2025-04-13,16:45
21572,46.99,2025-04-13,17:00
21573,47.16,2025-04-13,17:15
21574,47.46,2025-04-13,17:30
21575,47.38,2025-04-13,17:45
21576,47.47,2025-04-13,18:00
21577,48.26,2025-04-13,18:15
21578,49.47,2025-04-13,18:30
21579,49.41,2025-04-13,18:45
21580,49.04,2025-04-13,19:00
21581,51.25,2025-04-13,19:15
21582,50.91,2025-04-13,19:30
21583,49.57,2025-04-13,19:45
21584,530.0,2025-04-13,20:00
21585,334.32,2025-04-13,20:15
21586,49.31,2025-04-13,20:30
21587,295.2,2025-04-13,20:45
21588,234.96,2025-04-13,21:00
21589,256.22,2025-04-13,21:15
21590,233.18,2025-04-13,21:30
21591,250.36,2025-04-13,21:45
21592,40.0,2025-04-13,22:00
21593,40.0,2025-04-13,22:15
21594,40.0,2025-04-13,22:30
21595,40.0,2025-04-13,22:45
21596,40.0,2025-04-13,23:00
21597,40.0,2025-04-13,23:15
21598,40.0,2025-04-13,23:30
21599,40.0,2025-04-13,23:45
21600,40.0,2025-04-13,24:00
21601,332.37,2025-04-14,00:15
21602,315.14,2025-04-14,00:30
21603,330.51,2025-04-14,00:45
21604,299.36,2025-04-14,01:00
21605,389.9,2025-04-14,01:15
21606,354.16,2025-04-14,01:30
21607,240.17,2025-04-14,01:45
21608,240.04,2025-04-14,02:00
21609,301.87,2025-04-14,02:15
21610,309.88,2025-04-14,02:30
21611,259.9,2025-04-14,02:45
21612,40.0,2025-04-14,03:00
21613,259.96,2025-04-14,03:15
21614,329.94,2025-04-14,03:30
21615,260.0,2025-04-14,03:45
21616,203.23,2025-04-14,04:00
21617,219.49,2025-04-14,04:15
21618,252.1,2025-04-14,04:30
21619,40.0,2025-04-14,04:45
21620,40.0,2025-04-14,05:00
21621,225.15,2025-04-14,05:15
21622,253.89,2025-04-14,05:30
21623,309.51,2025-04-14,05:45
21624,309.52,2025-04-14,06:00
21625,389.41,2025-04-14,06:15
21626,390.0,2025-04-14,06:30
21627,500.0,2025-04-14,06:45
21628,500.0,2025-04-14,07:00
21629,390.0,2025-04-14,07:15
21630,390.0,2025-04-14,07:30
21631,390.0,2025-04-14,07:45
21632,350.0,2025-04-14,08:00
21633,260.0,2025-04-14,08:15
21634,40.0,2025-04-14,08:30
21635,40.0,2025-04-14,08:45
21636,40.0,2025-04-14,09:00
21637,260.0,2025-04-14,09:15
21638,310.0,2025-04-14,09:30
21639,220.0,2025-04-14,09:45
21640,40.0,2025-04-14,10:00
21641,40.0,2025-04-14,10:15
21642,40.0,2025-04-14,10:30
21643,40.0,2025-04-14,10:45
21644,40.0,2025-04-14,11:00
21645,46.41,2025-04-14,11:15
21646,47.42,2025-04-14,11:30
21647,47.39,2025-04-14,11:45
21648,47.41,2025-04-14,12:00
21649,47.33,2025-04-14,12:15
21650,47.18,2025-04-14,12:30
21651,47.44,2025-04-14,12:45
21652,47.55,2025-04-14,13:00
21653,47.54,2025-04-14,13:15
21654,47.53,2025-04-14,13:30
21655,47.53,2025-04-14,13:45
21656,48.07,2025-04-14,14:00
21657,47.65,2025-04-14,14:15
21658,47.36,2025-04-14,14:30
21659,47.86,2025-04-14,14:45
21660,47.85,2025-04-14,15:00
21661,47.67,2025-04-14,15:15
21662,47.6,2025-04-14,15:30
21663,257.79,2025-04-14,15:45
21664,144.14,2025-04-14,16:00
21665,223.97,2025-04-14,16:15
21666,234.11,2025-04-14,16:30
21667,168.14,2025-04-14,16:45
21668,187.44,2025-04-14,17:00
21669,305.82,2025-04-14,17:15
21670,290.06,2025-04-14,17:30
21671,298.95,2025-04-14,17:45
21672,245.81,2025-04-14,18:00
21673,51.0,2025-04-14,18:15
21674,202.53,2025-04-14,18:30
21675,200.35,2025-04-14,18:45
21676,253.02,2025-04-14,19:00
21677,439.01,2025-04-14,19:15
21678,389.81,2025-04-14,19:30
21679,401.48,2025-04-14,19:45
21680,299.58,2025-04-14,20:00
21681,347.3,2025-04-14,20:15
21682,348.03,2025-04-14,20:30
21683,358.73,2025-04-14,20:45
21684,342.69,2025-04-14,21:00
21685,399.79,2025-04-14,21:15
21686,374.44,2025-04-14,21:30
21687,373.16,2025-04-14,21:45
21688,368.76,2025-04-14,22:00
21689,231.1,2025-04-14,22:15
21690,202.5,2025-04-14,22:30
21691,202.67,2025-04-14,22:45
21692,276.51,2025-04-14,23:00
21693,187.97,2025-04-14,23:15
21694,245.16,2025-04-14,23:30
21695,287.99,2025-04-14,23:45
21696,194.63,2025-04-14,24:00
21697,385.38,2025-04-15,00:15
21698,390.44,2025-04-15,00:30
21699,440.0,2025-04-15,00:45
21700,380.0,2025-04-15,01:00
21701,254.9,2025-04-15,01:15
21702,282.71,2025-04-15,01:30
21703,274.51,2025-04-15,01:45
21704,188.51,2025-04-15,02:00
21705,212.28,2025-04-15,02:15
21706,226.85,2025-04-15,02:30
21707,232.34,2025-04-15,02:45
21708,222.29,2025-04-15,03:00
21709,216.27,2025-04-15,03:15
21710,196.31,2025-04-15,03:30
21711,176.16,2025-04-15,03:45
21712,40.0,2025-04-15,04:00
21713,40.0,2025-04-15,04:15
21714,40.0,2025-04-15,04:30
21715,40.0,2025-04-15,04:45
21716,40.0,2025-04-15,05:00
21717,40.0,2025-04-15,05:15
21718,40.0,2025-04-15,05:30
21719,40.0,2025-04-15,05:45
21720,40.0,2025-04-15,06:00
21721,217.81,2025-04-15,06:15
21722,181.81,2025-04-15,06:30
21723,181.19,2025-04-15,06:45
21724,40.0,2025-04-15,07:00
21725,40.0,2025-04-15,07:15
21726,40.0,2025-04-15,07:30
21727,40.0,2025-04-15,07:45
21728,40.0,2025-04-15,08:00
21729,40.0,2025-04-15,08:15
21730,40.0,2025-04-15,08:30
21731,40.0,2025-04-15,08:45
21732,40.0,2025-04-15,09:00
21733,40.0,2025-04-15,09:15
21734,40.0,2025-04-15,09:30
21735,40.0,2025-04-15,09:45
21736,160.52,2025-04-15,10:00
21737,210.32,2025-04-15,10:15
21738,159.78,2025-04-15,10:30
21739,145.39,2025-04-15,10:45
21740,40.0,2025-04-15,11:00
21741,40.0,2025-04-15,11:15
21742,40.0,2025-04-15,11:30
21743,40.0,2025-04-15,11:45
21744,40.0,2025-04-15,12:00
21745,40.0,2025-04-15,12:15
21746,40.0,2025-04-15,12:30
21747,40.0,2025-04-15,12:45
21748,40.0,2025-04-15,13:00
21749,40.0,2025-04-15,13:15
21750,40.0,2025-04-15,13:30
21751,40.0,2025-04-15,13:45
21752,48.31,2025-04-15,14:00
21753,48.32,2025-04-15,14:15
21754,48.19,2025-04-15,14:30
21755,48.26,2025-04-15,14:45
21756,48.1,2025-04-15,15:00
21757,48.38,2025-04-15,15:15
21758,48.34,2025-04-15,15:30
21759,48.3,2025-04-15,15:45
21760,47.86,2025-04-15,16:00
21761,48.07,2025-04-15,16:15
21762,40.0,2025-04-15,16:30
21763,40.0,2025-04-15,16:45
21764,212.25,2025-04-15,17:00
21765,374.96,2025-04-15,17:15
21766,215.28,2025-04-15,17:30
21767,298.1,2025-04-15,17:45
21768,266.13,2025-04-15,18:00
21769,51.92,2025-04-15,18:15
21770,52.02,2025-04-15,18:30
21771,51.58,2025-04-15,18:45
21772,51.64,2025-04-15,19:00
21773,340.54,2025-04-15,19:15
21774,329.43,2025-04-15,19:30
21775,240.32,2025-04-15,19:45
21776,306.62,2025-04-15,20:00
21777,236.51,2025-04-15,20:15
21778,226.31,2025-04-15,20:30
21779,229.71,2025-04-15,20:45
21780,257.11,2025-04-15,21:00
21781,237.31,2025-04-15,21:15
21782,245.49,2025-04-15,21:30
21783,246.71,2025-04-15,21:45
21784,216.51,2025-04-15,22:00
21785,163.56,2025-04-15,22:15
21786,155.17,2025-04-15,22:30
21787,196.61,2025-04-15,22:45
21788,191.73,2025-04-15,23:00
21789,214.76,2025-04-15,23:15
21790,187.16,2025-04-15,23:30
21791,212.39,2025-04-15,23:45
21792,210.56,2025-04-15,24:00
21793,293.53,2025-04-16,00:15
21794,280.62,2025-04-16,00:30
21795,198.72,2025-04-16,00:45
21796,189.2,2025-04-16,01:00
21797,224.59,2025-04-16,01:15
21798,202.37,2025-04-16,01:30
21799,181.7,2025-04-16,01:45
21800,171.61,2025-04-16,02:00
21801,174.56,2025-04-16,02:15
21802,232.67,2025-04-16,02:30
21803,224.78,2025-04-16,02:45
21804,227.9,2025-04-16,03:00
21805,300.0,2025-04-16,03:15
21806,300.0,2025-04-16,03:30
21807,300.0,2025-04-16,03:45
21808,290.0,2025-04-16,04:00
21809,300.0,2025-04-16,04:15
21810,40.0,2025-04-16,04:30
21811,40.0,2025-04-16,04:45
21812,40.0,2025-04-16,05:00
21813,40.0,2025-04-16,05:15
21814,40.0,2025-04-16,05:30
21815,240.0,2025-04-16,05:45
21816,300.0,2025-04-16,06:00
21817,310.0,2025-04-16,06:15
21818,310.0,2025-04-16,06:30
21819,310.0,2025-04-16,06:45
21820,300.0,2025-04-16,07:00
21821,300.0,2025-04-16,07:15
21822,300.0,2025-04-16,07:30
21823,40.0,2025-04-16,07:45
21824,40.0,2025-04-16,08:00
21825,40.0,2025-04-16,08:15
21826,40.0,2025-04-16,08:30
21827,40.0,2025-04-16,08:45
21828,40.0,2025-04-16,09:00
21829,40.0,2025-04-16,09:15
21830,40.0,2025-04-16,09:30
21831,40.0,2025-04-16,09:45
21832,40.0,2025-04-16,10:00
21833,154.06,2025-04-16,10:15
21834,46.89,2025-04-16,10:30
21835,47.81,2025-04-16,10:45
21836,47.66,2025-04-16,11:00
21837,48.14,2025-04-16,11:15
21838,48.21,2025-04-16,11:30
21839,48.07,2025-04-16,11:45
21840,47.34,2025-04-16,12:00
21841,48.04,2025-04-16,12:15
21842,47.85,2025-04-16,12:30
21843,47.97,2025-04-16,12:45
21844,48.4,2025-04-16,13:00
21845,48.57,2025-04-16,13:15
21846,40.0,2025-04-16,13:30
21847,40.0,2025-04-16,13:45
21848,40.0,2025-04-16,14:00
21849,40.0,2025-04-16,14:15
21850,40.0,2025-04-16,14:30
21851,40.0,2025-04-16,14:45
21852,40.0,2025-04-16,15:00
21853,148.36,2025-04-16,15:15
21854,147.39,2025-04-16,15:30
21855,221.75,2025-04-16,15:45
21856,161.68,2025-04-16,16:00
21857,155.21,2025-04-16,16:15
21858,138.8,2025-04-16,16:30
21859,135.94,2025-04-16,16:45
21860,133.84,2025-04-16,17:00
21861,172.82,2025-04-16,17:15
21862,145.48,2025-04-16,17:30
21863,142.87,2025-04-16,17:45
21864,155.38,2025-04-16,18:00
21865,40.0,2025-04-16,18:15
21866,300.0,2025-04-16,18:30
21867,40.0,2025-04-16,18:45
21868,40.0,2025-04-16,19:00
21869,225.87,2025-04-16,19:15
21870,326.91,2025-04-16,19:30
21871,366.79,2025-04-16,19:45
21872,496.32,2025-04-16,20:00
21873,368.22,2025-04-16,20:15
21874,310.28,2025-04-16,20:30
21875,420.0,2025-04-16,20:45
21876,550.0,2025-04-16,21:00
21877,576.41,2025-04-16,21:15
21878,497.89,2025-04-16,21:30
21879,404.69,2025-04-16,21:45
21880,480.74,2025-04-16,22:00
21881,395.98,2025-04-16,22:15
21882,401.19,2025-04-16,22:30
21883,399.92,2025-04-16,22:45
21884,402.79,2025-04-16,23:00
21885,379.95,2025-04-16,23:15
21886,386.24,2025-04-16,23:30
21887,384.86,2025-04-16,23:45
21888,320.21,2025-04-16,24:00
21889,405.79,2025-04-17,00:15
21890,377.26,2025-04-17,00:30
21891,369.51,2025-04-17,00:45
21892,216.94,2025-04-17,01:00
21893,209.22,2025-04-17,01:15
21894,181.5,2025-04-17,01:30
21895,182.25,2025-04-17,01:45
21896,176.09,2025-04-17,02:00
21897,184.3,2025-04-17,02:15
21898,207.66,2025-04-17,02:30
21899,200.25,2025-04-17,02:45
21900,192.09,2025-04-17,03:00
21901,184.96,2025-04-17,03:15
21902,174.3,2025-04-17,03:30
21903,161.38,2025-04-17,03:45
21904,40.0,2025-04-17,04:00
21905,92.56,2025-04-17,04:15
21906,170.66,2025-04-17,04:30
21907,178.25,2025-04-17,04:45
21908,93.54,2025-04-17,05:00
21909,40.0,2025-04-17,05:15
21910,40.0,2025-04-17,05:30
21911,91.72,2025-04-17,05:45
21912,164.09,2025-04-17,06:00
21913,189.38,2025-04-17,06:15
21914,193.4,2025-04-17,06:30
21915,194.72,2025-04-17,06:45
21916,192.91,2025-04-17,07:00
21917,196.23,2025-04-17,07:15
21918,40.0,2025-04-17,07:30
21919,40.0,2025-04-17,07:45
21920,40.0,2025-04-17,08:00
21921,40.0,2025-04-17,08:15
21922,40.0,2025-04-17,08:30
21923,40.0,2025-04-17,08:45
21924,40.0,2025-04-17,09:00
21925,40.0,2025-04-17,09:15
21926,40.0,2025-04-17,09:30
21927,40.0,2025-04-17,09:45
21928,40.0,2025-04-17,10:00
21929,40.0,2025-04-17,10:15
21930,40.0,2025-04-17,10:30
21931,40.0,2025-04-17,10:45
21932,40.0,2025-04-17,11:00
21933,40.0,2025-04-17,11:15
21934,40.0,2025-04-17,11:30
21935,40.0,2025-04-17,11:45
21936,40.0,2025-04-17,12:00
21937,40.0,2025-04-17,12:15
21938,40.0,2025-04-17,12:30
21939,40.0,2025-04-17,12:45
21940,40.0,2025-04-17,13:00
21941,40.0,2025-04-17,13:15
21942,40.0,2025-04-17,13:30
21943,40.0,2025-04-17,13:45
21944,40.0,2025-04-17,14:00
21945,40.0,2025-04-17,14:15
21946,40.0,2025-04-17,14:30
21947,40.0,2025-04-17,14:45
21948,40.0,2025-04-17,15:00
21949,40.0,2025-04-17,15:15
21950,40.0,2025-04-17,15:30
21951,40.0,2025-04-17,15:45
21952,40.0,2025-04-17,16:00
21953,157.95,2025-04-17,16:15
21954,154.58,2025-04-17,16:30
21955,157.08,2025-04-17,16:45
21956,148.38,2025-04-17,17:00
21957,291.28,2025-04-17,17:15
21958,163.64,2025-04-17,17:30
21959,154.75,2025-04-17,17:45
21960,40.0,2025-04-17,18:00
21961,40.0,2025-04-17,18:15
21962,40.0,2025-04-17,18:30
21963,183.05,2025-04-17,18:45
21964,184.15,2025-04-17,19:00
21965,360.86,2025-04-17,19:15
21966,342.57,2025-04-17,19:30
21967,368.41,2025-04-17,19:45
21968,381.62,2025-04-17,20:00
21969,226.3,2025-04-17,20:15
21970,259.57,2025-04-17,20:30
21971,345.36,2025-04-17,20:45
21972,323.4,2025-04-17,21:00
21973,197.12,2025-04-17,21:15
21974,171.07,2025-04-17,21:30
21975,155.08,2025-04-17,21:45
21976,40.0,2025-04-17,22:00
21977,40.0,2025-04-17,22:15
21978,40.0,2025-04-17,22:30
21979,40.0,2025-04-17,22:45
21980,40.0,2025-04-17,23:00
21981,40.0,2025-04-17,23:15
21982,40.0,2025-04-17,23:30
21983,40.0,2025-04-17,23:45
21984,40.0,2025-04-17,24:00
21985,40.0,2025-04-18,00:15
21986,40.0,2025-04-18,00:30
21987,40.0,2025-04-18,00:45
21988,40.0,2025-04-18,01:00
21989,40.0,2025-04-18,01:15
21990,40.0,2025-04-18,01:30
21991,40.0,2025-04-18,01:45
21992,40.0,2025-04-18,02:00
21993,40.0,2025-04-18,02:15
21994,40.0,2025-04-18,02:30
21995,40.0,2025-04-18,02:45
21996,229.73,2025-04-18,03:00
21997,40.0,2025-04-18,03:15
21998,40.0,2025-04-18,03:30
21999,40.0,2025-04-18,03:45
22000,40.0,2025-04-18,04:00
22001,40.0,2025-04-18,04:15
22002,40.0,2025-04-18,04:30
22003,40.0,2025-04-18,04:45
22004,40.0,2025-04-18,05:00
22005,60.0,2025-04-18,05:15
22006,60.0,2025-04-18,05:30
22007,40.0,2025-04-18,05:45
22008,40.0,2025-04-18,06:00
22009,250.0,2025-04-18,06:15
22010,250.0,2025-04-18,06:30
22011,60.0,2025-04-18,06:45
22012,60.0,2025-04-18,07:00
22013,40.0,2025-04-18,07:15
22014,40.0,2025-04-18,07:30
22015,40.0,2025-04-18,07:45
22016,40.0,2025-04-18,08:00
22017,40.0,2025-04-18,08:15
22018,40.0,2025-04-18,08:30
22019,40.0,2025-04-18,08:45
22020,40.0,2025-04-18,09:00
22021,40.0,2025-04-18,09:15
22022,40.0,2025-04-18,09:30
22023,40.0,2025-04-18,09:45
22024,40.0,2025-04-18,10:00
22025,40.0,2025-04-18,10:15
22026,40.0,2025-04-18,10:30
22027,40.0,2025-04-18,10:45
22028,40.0,2025-04-18,11:00
22029,40.0,2025-04-18,11:15
22030,40.0,2025-04-18,11:30
22031,40.0,2025-04-18,11:45
22032,40.0,2025-04-18,12:00
22033,40.0,2025-04-18,12:15
22034,40.0,2025-04-18,12:30
22035,40.0,2025-04-18,12:45
22036,40.0,2025-04-18,13:00
22037,40.0,2025-04-18,13:15
22038,40.0,2025-04-18,13:30
22039,40.0,2025-04-18,13:45
22040,40.0,2025-04-18,14:00
22041,40.0,2025-04-18,14:15
22042,40.0,2025-04-18,14:30
22043,40.0,2025-04-18,14:45
22044,40.0,2025-04-18,15:00
22045,40.0,2025-04-18,15:15
22046,40.0,2025-04-18,15:30
22047,40.0,2025-04-18,15:45
22048,40.0,2025-04-18,16:00
22049,220.22,2025-04-18,16:15
22050,40.0,2025-04-18,16:30
22051,40.0,2025-04-18,16:45
22052,40.0,2025-04-18,17:00
22053,40.0,2025-04-18,17:15
22054,353.33,2025-04-18,17:30
22055,336.32,2025-04-18,17:45
22056,298.97,2025-04-18,18:00
22057,255.72,2025-04-18,18:15
22058,40.0,2025-04-18,18:30
22059,40.0,2025-04-18,18:45
22060,390.0,2025-04-18,19:00
22061,469.53,2025-04-18,19:15
22062,530.0,2025-04-18,19:30
22063,540.0,2025-04-18,19:45
22064,390.0,2025-04-18,20:00
22065,390.0,2025-04-18,20:15
22066,510.0,2025-04-18,20:30
22067,540.0,2025-04-18,20:45
22068,620.0,2025-04-18,21:00
22069,590.0,2025-04-18,21:15
22070,390.0,2025-04-18,21:30
22071,499.32,2025-04-18,21:45
22072,527.25,2025-04-18,22:00
22073,576.74,2025-04-18,22:15
22074,578.12,2025-04-18,22:30
22075,565.64,2025-04-18,22:45
22076,509.33,2025-04-18,23:00
22077,529.59,2025-04-18,23:15
22078,517.5,2025-04-18,23:30
22079,435.59,2025-04-18,23:45
22080,380.0,2025-04-18,24:00
22081,530.88,2025-04-19,00:15
22082,358.23,2025-04-19,00:30
22083,400.0,2025-04-19,00:45
22084,305.16,2025-04-19,01:00
22085,269.61,2025-04-19,01:15
22086,281.19,2025-04-19,01:30
22087,241.9,2025-04-19,01:45
22088,243.51,2025-04-19,02:00
22089,233.59,2025-04-19,02:15
22090,40.0,2025-04-19,02:30
22091,40.0,2025-04-19,02:45
22092,40.0,2025-04-19,03:00
22093,40.0,2025-04-19,03:15
22094,40.0,2025-04-19,03:30
22095,40.0,2025-04-19,03:45
22096,40.0,2025-04-19,04:00
22097,40.0,2025-04-19,04:15
22098,40.0,2025-04-19,04:30
22099,40.0,2025-04-19,04:45
22100,177.3,2025-04-19,05:00
22101,40.0,2025-04-19,05:15
22102,40.0,2025-04-19,05:30
22103,168.34,2025-04-19,05:45
22104,171.67,2025-04-19,06:00
22105,209.47,2025-04-19,06:15
22106,200.41,2025-04-19,06:30
22107,207.74,2025-04-19,06:45
22108,40.0,2025-04-19,07:00
22109,40.0,2025-04-19,07:15
22110,40.0,2025-04-19,07:30
22111,40.0,2025-04-19,07:45
22112,40.0,2025-04-19,08:00
22113,40.0,2025-04-19,08:15
22114,40.0,2025-04-19,08:30
22115,40.0,2025-04-19,08:45
22116,40.0,2025-04-19,09:00
22117,40.0,2025-04-19,09:15
22118,40.0,2025-04-19,09:30
22119,40.0,2025-04-19,09:45
22120,40.0,2025-04-19,10:00
22121,40.0,2025-04-19,10:15
22122,40.0,2025-04-19,10:30
22123,40.0,2025-04-19,10:45
22124,40.0,2025-04-19,11:00
22125,40.0,2025-04-19,11:15
22126,40.0,2025-04-19,11:30
22127,40.0,2025-04-19,11:45
22128,40.0,2025-04-19,12:00
22129,40.0,2025-04-19,12:15
22130,40.0,2025-04-19,12:30
22131,40.0,2025-04-19,12:45
22132,40.0,2025-04-19,13:00
22133,40.0,2025-04-19,13:15
22134,40.0,2025-04-19,13:30
22135,40.0,2025-04-19,13:45
22136,40.0,2025-04-19,14:00
22137,40.0,2025-04-19,14:15
22138,40.0,2025-04-19,14:30
22139,40.0,2025-04-19,14:45
22140,40.0,2025-04-19,15:00
22141,40.0,2025-04-19,15:15
22142,155.18,2025-04-19,15:30
22143,161.98,2025-04-19,15:45
22144,161.83,2025-04-19,16:00
22145,165.44,2025-04-19,16:15
22146,165.37,2025-04-19,16:30
22147,135.75,2025-04-19,16:45
22148,40.0,2025-04-19,17:00
22149,193.82,2025-04-19,17:15
22150,166.02,2025-04-19,17:30
22151,40.0,2025-04-19,17:45
22152,40.0,2025-04-19,18:00
22153,40.0,2025-04-19,18:15
22154,40.0,2025-04-19,18:30
22155,40.0,2025-04-19,18:45
22156,40.0,2025-04-19,19:00
22157,175.29,2025-04-19,19:15
22158,188.33,2025-04-19,19:30
22159,187.51,2025-04-19,19:45
22160,188.42,2025-04-19,20:00
22161,68.47,2025-04-19,20:15
22162,40.0,2025-04-19,20:30
22163,68.23,2025-04-19,20:45
22164,40.0,2025-04-19,21:00
22165,40.0,2025-04-19,21:15
22166,40.0,2025-04-19,21:30
22167,40.0,2025-04-19,21:45
22168,40.0,2025-04-19,22:00
22169,40.0,2025-04-19,22:15
22170,40.0,2025-04-19,22:30
22171,40.0,2025-04-19,22:45
22172,40.0,2025-04-19,23:00
22173,40.0,2025-04-19,23:15
22174,40.0,2025-04-19,23:30
22175,40.0,2025-04-19,23:45
22176,40.0,2025-04-19,24:00
22177,40.0,2025-04-20,00:15
22178,40.0,2025-04-20,00:30
22179,40.0,2025-04-20,00:45
22180,40.0,2025-04-20,01:00
22181,40.0,2025-04-20,01:15
22182,40.0,2025-04-20,01:30
22183,40.0,2025-04-20,01:45
22184,40.0,2025-04-20,02:00
22185,40.0,2025-04-20,02:15
22186,40.0,2025-04-20,02:30
22187,40.0,2025-04-20,02:45
22188,40.0,2025-04-20,03:00
22189,40.0,2025-04-20,03:15
22190,40.0,2025-04-20,03:30
22191,40.0,2025-04-20,03:45
22192,40.0,2025-04-20,04:00
22193,40.0,2025-04-20,04:15
22194,40.0,2025-04-20,04:30
22195,40.0,2025-04-20,04:45
22196,40.0,2025-04-20,05:00
22197,40.0,2025-04-20,05:15
22198,40.0,2025-04-20,05:30
22199,40.0,2025-04-20,05:45
22200,40.0,2025-04-20,06:00
22201,40.0,2025-04-20,06:15
22202,40.0,2025-04-20,06:30
22203,40.0,2025-04-20,06:45
22204,40.0,2025-04-20,07:00
22205,40.0,2025-04-20,07:15
22206,40.0,2025-04-20,07:30
22207,40.0,2025-04-20,07:45
22208,40.0,2025-04-20,08:00
22209,40.0,2025-04-20,08:15
22210,40.0,2025-04-20,08:30
22211,40.0,2025-04-20,08:45
22212,40.0,2025-04-20,09:00
22213,40.0,2025-04-20,09:15
22214,40.0,2025-04-20,09:30
22215,40.0,2025-04-20,09:45
22216,40.0,2025-04-20,10:00
22217,40.0,2025-04-20,10:15
22218,40.0,2025-04-20,10:30
22219,40.0,2025-04-20,10:45
22220,40.0,2025-04-20,11:00
22221,40.0,2025-04-20,11:15
22222,40.0,2025-04-20,11:30
22223,40.0,2025-04-20,11:45
22224,40.0,2025-04-20,12:00
22225,40.0,2025-04-20,12:15
22226,40.0,2025-04-20,12:30
22227,40.0,2025-04-20,12:45
22228,40.0,2025-04-20,13:00
22229,40.0,2025-04-20,13:15
22230,40.0,2025-04-20,13:30
22231,40.0,2025-04-20,13:45
22232,40.0,2025-04-20,14:00
22233,40.0,2025-04-20,14:15
22234,40.0,2025-04-20,14:30
22235,40.0,2025-04-20,14:45
22236,40.0,2025-04-20,15:00
22237,40.0,2025-04-20,15:15
22238,40.0,2025-04-20,15:30
22239,40.0,2025-04-20,15:45
22240,40.0,2025-04-20,16:00
22241,40.0,2025-04-20,16:15
22242,40.0,2025-04-20,16:30
22243,40.0,2025-04-20,16:45
22244,40.0,2025-04-20,17:00
22245,40.0,2025-04-20,17:15
22246,40.0,2025-04-20,17:30
22247,40.0,2025-04-20,17:45
22248,40.0,2025-04-20,18:00
22249,40.0,2025-04-20,18:15
22250,40.0,2025-04-20,18:30
22251,40.0,2025-04-20,18:45
22252,40.0,2025-04-20,19:00
22253,40.0,2025-04-20,19:15
22254,40.0,2025-04-20,19:30
22255,40.0,2025-04-20,19:45
22256,40.0,2025-04-20,20:00
22257,40.0,2025-04-20,20:15
22258,40.0,2025-04-20,20:30
22259,40.0,2025-04-20,20:45
22260,40.0,2025-04-20,21:00
22261,40.0,2025-04-20,21:15
22262,40.0,2025-04-20,21:30
22263,40.0,2025-04-20,21:45
22264,40.0,2025-04-20,22:00
22265,40.0,2025-04-20,22:15
22266,40.0,2025-04-20,22:30
22267,40.0,2025-04-20,22:45
22268,40.0,2025-04-20,23:00
22269,40.0,2025-04-20,23:15
22270,40.0,2025-04-20,23:30
22271,40.0,2025-04-20,23:45
22272,40.0,2025-04-20,24:00
22273,40.0,2025-04-21,00:15
22274,40.0,2025-04-21,00:30
22275,40.0,2025-04-21,00:45
22276,40.0,2025-04-21,01:00
22277,40.0,2025-04-21,01:15
22278,40.0,2025-04-21,01:30
22279,40.0,2025-04-21,01:45
22280,40.0,2025-04-21,02:00
22281,40.0,2025-04-21,02:15
22282,40.0,2025-04-21,02:30
22283,40.0,2025-04-21,02:45
22284,40.0,2025-04-21,03:00
22285,40.0,2025-04-21,03:15
22286,40.0,2025-04-21,03:30
22287,40.0,2025-04-21,03:45
22288,40.0,2025-04-21,04:00
22289,40.0,2025-04-21,04:15
22290,40.0,2025-04-21,04:30
22291,40.0,2025-04-21,04:45
22292,40.0,2025-04-21,05:00
22293,40.0,2025-04-21,05:15
22294,40.0,2025-04-21,05:30
22295,40.0,2025-04-21,05:45
22296,40.0,2025-04-21,06:00
22297,40.0,2025-04-21,06:15
22298,40.0,2025-04-21,06:30
22299,290.0,2025-04-21,06:45
22300,40.0,2025-04-21,07:00
22301,40.0,2025-04-21,07:15
22302,40.0,2025-04-21,07:30
22303,40.0,2025-04-21,07:45
22304,40.0,2025-04-21,08:00
22305,40.0,2025-04-21,08:15
22306,40.0,2025-04-21,08:30
22307,40.0,2025-04-21,08:45
22308,40.0,2025-04-21,09:00
22309,40.0,2025-04-21,09:15
22310,40.0,2025-04-21,09:30
22311,40.0,2025-04-21,09:45
22312,40.0,2025-04-21,10:00
22313,40.0,2025-04-21,10:15
22314,40.0,2025-04-21,10:30
22315,40.0,2025-04-21,10:45
22316,40.0,2025-04-21,11:00
22317,40.0,2025-04-21,11:15
22318,40.0,2025-04-21,11:30
22319,40.0,2025-04-21,11:45
22320,40.0,2025-04-21,12:00
22321,40.0,2025-04-21,12:15
22322,40.0,2025-04-21,12:30
22323,40.0,2025-04-21,12:45
22324,40.0,2025-04-21,13:00
22325,40.0,2025-04-21,13:15
22326,40.0,2025-04-21,13:30
22327,40.0,2025-04-21,13:45
22328,40.0,2025-04-21,14:00
22329,40.0,2025-04-21,14:15
22330,40.0,2025-04-21,14:30
22331,40.0,2025-04-21,14:45
22332,40.0,2025-04-21,15:00
22333,40.0,2025-04-21,15:15
22334,40.0,2025-04-21,15:30
22335,40.0,2025-04-21,15:45
22336,40.0,2025-04-21,16:00
22337,40.0,2025-04-21,16:15
22338,40.0,2025-04-21,16:30
22339,40.0,2025-04-21,16:45
22340,40.0,2025-04-21,17:00
22341,40.0,2025-04-21,17:15
22342,40.0,2025-04-21,17:30
22343,40.0,2025-04-21,17:45
22344,40.0,2025-04-21,18:00
22345,40.0,2025-04-21,18:15
22346,40.0,2025-04-21,18:30
22347,40.0,2025-04-21,18:45
22348,40.0,2025-04-21,19:00
22349,40.0,2025-04-21,19:15
22350,40.0,2025-04-21,19:30
22351,310.0,2025-04-21,19:45
22352,350.0,2025-04-21,20:00
22353,300.0,2025-04-21,20:15
22354,472.36,2025-04-21,20:30
22355,457.49,2025-04-21,20:45
22356,487.2,2025-04-21,21:00
22357,445.28,2025-04-21,21:15
22358,463.56,2025-04-21,21:30
22359,499.94,2025-04-21,21:45
22360,490.74,2025-04-21,22:00
22361,390.0,2025-04-21,22:15
22362,360.0,2025-04-21,22:30
22363,400.0,2025-04-21,22:45
22364,400.0,2025-04-21,23:00
22365,600.0,2025-04-21,23:15
22366,550.0,2025-04-21,23:30
22367,510.0,2025-04-21,23:45
22368,600.0,2025-04-21,24:00
22369,500.0,2025-04-22,00:15
22370,450.0,2025-04-22,00:30
22371,460.0,2025-04-22,00:45
22372,450.0,2025-04-22,01:00
22373,400.0,2025-04-22,01:15
22374,400.0,2025-04-22,01:30
22375,400.0,2025-04-22,01:45
22376,330.0,2025-04-22,02:00
22377,320.0,2025-04-22,02:15
22378,320.0,2025-04-22,02:30
22379,350.0,2025-04-22,02:45
22380,320.0,2025-04-22,03:00
22381,310.0,2025-04-22,03:15
22382,320.0,2025-04-22,03:30
22383,350.0,2025-04-22,03:45
22384,320.0,2025-04-22,04:00
22385,320.0,2025-04-22,04:15
22386,310.0,2025-04-22,04:30
22387,310.0,2025-04-22,04:45
22388,310.0,2025-04-22,05:00
22389,310.0,2025-04-22,05:15
22390,310.0,2025-04-22,05:30
22391,320.0,2025-04-22,05:45
22392,400.0,2025-04-22,06:00
22393,450.0,2025-04-22,06:15
22394,400.0,2025-04-22,06:30
22395,400.0,2025-04-22,06:45
22396,400.0,2025-04-22,07:00
22397,400.0,2025-04-22,07:15
22398,373.24,2025-04-22,07:30
22399,310.0,2025-04-22,07:45
22400,269.4,2025-04-22,08:00
22401,40.0,2025-04-22,08:15
22402,40.0,2025-04-22,08:30
22403,40.0,2025-04-22,08:45
22404,40.0,2025-04-22,09:00
22405,40.0,2025-04-22,09:15
22406,40.0,2025-04-22,09:30
22407,40.0,2025-04-22,09:45
22408,40.0,2025-04-22,10:00
22409,40.0,2025-04-22,10:15
22410,40.0,2025-04-22,10:30
22411,40.0,2025-04-22,10:45
22412,40.0,2025-04-22,11:00
22413,40.0,2025-04-22,11:15
22414,40.0,2025-04-22,11:30
22415,40.0,2025-04-22,11:45
22416,40.0,2025-04-22,12:00
22417,40.0,2025-04-22,12:15
22418,40.0,2025-04-22,12:30
22419,40.0,2025-04-22,12:45
22420,40.0,2025-04-22,13:00
22421,40.0,2025-04-22,13:15
22422,40.0,2025-04-22,13:30
22423,40.0,2025-04-22,13:45
22424,40.0,2025-04-22,14:00
22425,40.0,2025-04-22,14:15
22426,40.0,2025-04-22,14:30
22427,40.0,2025-04-22,14:45
22428,40.0,2025-04-22,15:00
22429,40.0,2025-04-22,15:15
22430,40.0,2025-04-22,15:30
22431,40.0,2025-04-22,15:45
22432,40.0,2025-04-22,16:00
22433,147.92,2025-04-22,16:15
22434,159.12,2025-04-22,16:30
22435,162.75,2025-04-22,16:45
22436,156.05,2025-04-22,17:00
22437,239.19,2025-04-22,17:15
22438,210.19,2025-04-22,17:30
22439,205.48,2025-04-22,17:45
22440,192.17,2025-04-22,18:00
22441,143.3,2025-04-22,18:15
22442,145.01,2025-04-22,18:30
22443,157.81,2025-04-22,18:45
22444,165.16,2025-04-22,19:00
22445,332.41,2025-04-22,19:15
22446,363.98,2025-04-22,19:30
22447,369.01,2025-04-22,19:45
22448,360.9,2025-04-22,20:00
22449,389.02,2025-04-22,20:15
22450,469.54,2025-04-22,20:30
22451,451.3,2025-04-22,20:45
22452,295.05,2025-04-22,21:00
22453,324.85,2025-04-22,21:15
22454,323.96,2025-04-22,21:30
22455,281.24,2025-04-22,21:45
22456,275.56,2025-04-22,22:00
22457,346.48,2025-04-22,22:15
22458,276.37,2025-04-22,22:30
22459,366.46,2025-04-22,22:45
22460,392.85,2025-04-22,23:00
22461,347.59,2025-04-22,23:15
22462,364.21,2025-04-22,23:30
22463,488.58,2025-04-22,23:45
22464,483.89,2025-04-22,24:00
22465,338.04,2025-04-23,00:15
22466,404.06,2025-04-23,00:30
22467,363.84,2025-04-23,00:45
22468,340.03,2025-04-23,01:00
22469,326.77,2025-04-23,01:15
22470,323.65,2025-04-23,01:30
22471,302.64,2025-04-23,01:45
22472,304.88,2025-04-23,02:00
22473,317.48,2025-04-23,02:15
22474,310.79,2025-04-23,02:30
22475,313.17,2025-04-23,02:45
22476,321.77,2025-04-23,03:00
22477,324.23,2025-04-23,03:15
22478,350.16,2025-04-23,03:30
22479,327.51,2025-04-23,03:45
22480,338.23,2025-04-23,04:00
22481,300.0,2025-04-23,04:15
22482,300.0,2025-04-23,04:30
22483,280.0,2025-04-23,04:45
22484,40.0,2025-04-23,05:00
22485,280.0,2025-04-23,05:15
22486,300.0,2025-04-23,05:30
22487,300.0,2025-04-23,05:45
22488,300.0,2025-04-23,06:00
22489,380.0,2025-04-23,06:15
22490,350.0,2025-04-23,06:30
22491,400.0,2025-04-23,06:45
22492,380.0,2025-04-23,07:00
22493,400.0,2025-04-23,07:15
22494,330.0,2025-04-23,07:30
22495,310.0,2025-04-23,07:45
22496,290.0,2025-04-23,08:00
22497,40.0,2025-04-23,08:15
22498,40.0,2025-04-23,08:30
22499,40.0,2025-04-23,08:45
22500,40.0,2025-04-23,09:00
22501,40.0,2025-04-23,09:15
22502,56.0,2025-04-23,09:30
22503,149.51,2025-04-23,09:45
22504,142.97,2025-04-23,10:00
22505,54.24,2025-04-23,10:15
22506,55.24,2025-04-23,10:30
22507,55.38,2025-04-23,10:45
22508,40.0,2025-04-23,11:00
22509,40.0,2025-04-23,11:15
22510,40.0,2025-04-23,11:30
22511,40.0,2025-04-23,11:45
22512,40.0,2025-04-23,12:00
22513,40.0,2025-04-23,12:15
22514,40.0,2025-04-23,12:30
22515,40.0,2025-04-23,12:45
22516,40.0,2025-04-23,13:00
22517,40.0,2025-04-23,13:15
22518,40.0,2025-04-23,13:30
22519,40.0,2025-04-23,13:45
22520,40.0,2025-04-23,14:00
22521,40.0,2025-04-23,14:15
22522,40.0,2025-04-23,14:30
22523,40.0,2025-04-23,14:45
22524,156.41,2025-04-23,15:00
22525,167.64,2025-04-23,15:15
22526,204.52,2025-04-23,15:30
22527,150.41,2025-04-23,15:45
22528,54.4,2025-04-23,16:00
22529,161.22,2025-04-23,16:15
22530,165.73,2025-04-23,16:30
22531,247.74,2025-04-23,16:45
22532,266.31,2025-04-23,17:00
22533,303.41,2025-04-23,17:15
22534,301.03,2025-04-23,17:30
22535,273.88,2025-04-23,17:45
22536,190.12,2025-04-23,18:00
22537,40.0,2025-04-23,18:15
22538,40.0,2025-04-23,18:30
22539,55.87,2025-04-23,18:45
22540,454.4,2025-04-23,19:00
22541,449.22,2025-04-23,19:15
22542,449.5,2025-04-23,19:30
22543,460.0,2025-04-23,19:45
22544,500.0,2025-04-23,20:00
22545,500.0,2025-04-23,20:15
22546,450.0,2025-04-23,20:30
22547,450.0,2025-04-23,20:45
22548,400.0,2025-04-23,21:00
22549,440.0,2025-04-23,21:15
22550,450.0,2025-04-23,21:30
22551,440.0,2025-04-23,21:45
22552,400.0,2025-04-23,22:00
22553,450.0,2025-04-23,22:15
22554,450.0,2025-04-23,22:30
22555,460.0,2025-04-23,22:45
22556,450.0,2025-04-23,23:00
22557,540.0,2025-04-23,23:15
22558,510.0,2025-04-23,23:30
22559,500.0,2025-04-23,23:45
22560,500.0,2025-04-23,24:00
22561,550.0,2025-04-24,00:15
22562,490.0,2025-04-24,00:30
22563,460.0,2025-04-24,00:45
22564,450.0,2025-04-24,01:00
22565,366.12,2025-04-24,01:15
22566,359.74,2025-04-24,01:30
22567,263.77,2025-04-24,01:45
22568,266.64,2025-04-24,02:00
22569,319.71,2025-04-24,02:15
22570,328.44,2025-04-24,02:30
22571,321.06,2025-04-24,02:45
22572,309.82,2025-04-24,03:00
22573,264.85,2025-04-24,03:15
22574,274.67,2025-04-24,03:30
22575,271.17,2025-04-24,03:45
22576,261.32,2025-04-24,04:00
22577,278.75,2025-04-24,04:15
22578,288.41,2025-04-24,04:30
22579,284.6,2025-04-24,04:45
22580,309.79,2025-04-24,05:00
22581,309.57,2025-04-24,05:15
22582,287.32,2025-04-24,05:30
22583,287.6,2025-04-24,05:45
22584,318.1,2025-04-24,06:00
22585,326.11,2025-04-24,06:15
22586,439.89,2025-04-24,06:30
22587,480.93,2025-04-24,06:45
22588,460.0,2025-04-24,07:00
22589,450.0,2025-04-24,07:15
22590,440.0,2025-04-24,07:30
22591,380.0,2025-04-24,07:45
22592,310.0,2025-04-24,08:00
22593,40.0,2025-04-24,08:15
22594,40.0,2025-04-24,08:30
22595,40.0,2025-04-24,08:45
22596,57.36,2025-04-24,09:00
22597,40.0,2025-04-24,09:15
22598,56.34,2025-04-24,09:30
22599,147.41,2025-04-24,09:45
22600,56.36,2025-04-24,10:00
22601,54.83,2025-04-24,10:15
22602,147.32,2025-04-24,10:30
22603,155.25,2025-04-24,10:45
22604,155.75,2025-04-24,11:00
22605,156.37,2025-04-24,11:15
22606,40.0,2025-04-24,11:30
22607,154.56,2025-04-24,11:45
22608,40.0,2025-04-24,12:00
22609,40.0,2025-04-24,12:15
22610,54.69,2025-04-24,12:30
22611,40.0,2025-04-24,12:45
22612,40.0,2025-04-24,13:00
22613,40.0,2025-04-24,13:15
22614,54.15,2025-04-24,13:30
22615,53.9,2025-04-24,13:45
22616,40.0,2025-04-24,14:00
22617,53.78,2025-04-24,14:15
22618,53.35,2025-04-24,14:30
22619,53.87,2025-04-24,14:45
22620,146.95,2025-04-24,15:00
22621,174.77,2025-04-24,15:15
22622,153.29,2025-04-24,15:30
22623,175.9,2025-04-24,15:45
22624,217.42,2025-04-24,16:00
22625,251.99,2025-04-24,16:15
22626,224.95,2025-04-24,16:30
22627,217.66,2025-04-24,16:45
22628,220.03,2025-04-24,17:00
22629,52.09,2025-04-24,17:15
22630,53.03,2025-04-24,17:30
22631,54.83,2025-04-24,17:45
22632,40.0,2025-04-24,18:00
22633,40.0,2025-04-24,18:15
22634,40.0,2025-04-24,18:30
22635,300.0,2025-04-24,18:45
22636,650.0,2025-04-24,19:00
22637,427.3,2025-04-24,19:15
22638,500.0,2025-04-24,19:30
22639,500.0,2025-04-24,19:45
22640,500.0,2025-04-24,20:00
22641,510.0,2025-04-24,20:15
22642,460.0,2025-04-24,20:30
22643,465.51,2025-04-24,20:45
22644,495.1,2025-04-24,21:00
22645,504.88,2025-04-24,21:15
22646,443.22,2025-04-24,21:30
22647,457.23,2025-04-24,21:45
22648,457.27,2025-04-24,22:00
22649,553.56,2025-04-24,22:15
22650,505.74,2025-04-24,22:30
22651,458.07,2025-04-24,22:45
22652,467.95,2025-04-24,23:00
22653,458.58,2025-04-24,23:15
22654,366.19,2025-04-24,23:30
22655,328.64,2025-04-24,23:45
22656,40.0,2025-04-24,24:00
22657,338.59,2025-04-25,00:15
22658,347.59,2025-04-25,00:30
22659,313.1,2025-04-25,00:45
22660,233.12,2025-04-25,01:00
22661,68.59,2025-04-25,01:15
22662,67.68,2025-04-25,01:30
22663,201.52,2025-04-25,01:45
22664,40.0,2025-04-25,02:00
22665,40.0,2025-04-25,02:15
22666,53.8,2025-04-25,02:30
22667,40.0,2025-04-25,02:45
22668,40.0,2025-04-25,03:00
22669,40.0,2025-04-25,03:15
22670,40.0,2025-04-25,03:30
22671,40.0,2025-04-25,03:45
22672,40.0,2025-04-25,04:00
22673,196.1,2025-04-25,04:15
22674,199.33,2025-04-25,04:30
22675,198.14,2025-04-25,04:45
22676,40.0,2025-04-25,05:00
22677,247.89,2025-04-25,05:15
22678,316.02,2025-04-25,05:30
22679,239.04,2025-04-25,05:45
22680,209.5,2025-04-25,06:00
22681,236.41,2025-04-25,06:15
22682,259.49,2025-04-25,06:30
22683,247.37,2025-04-25,06:45
22684,230.43,2025-04-25,07:00
22685,237.59,2025-04-25,07:15
22686,40.0,2025-04-25,07:30
22687,40.0,2025-04-25,07:45
22688,40.0,2025-04-25,08:00
22689,40.0,2025-04-25,08:15
22690,40.0,2025-04-25,08:30
22691,56.61,2025-04-25,08:45
22692,56.83,2025-04-25,09:00
22693,40.0,2025-04-25,09:15
22694,40.0,2025-04-25,09:30
22695,40.0,2025-04-25,09:45
22696,56.01,2025-04-25,10:00
22697,54.24,2025-04-25,10:15
22698,53.25,2025-04-25,10:30
22699,54.26,2025-04-25,10:45
22700,40.0,2025-04-25,11:00
22701,53.7,2025-04-25,11:15
22702,40.0,2025-04-25,11:30
22703,53.9,2025-04-25,11:45
22704,40.0,2025-04-25,12:00
22705,40.0,2025-04-25,12:15
22706,40.0,2025-04-25,12:30
22707,40.0,2025-04-25,12:45
22708,40.0,2025-04-25,13:00
22709,40.0,2025-04-25,13:15
22710,40.0,2025-04-25,13:30
22711,40.0,2025-04-25,13:45
22712,40.0,2025-04-25,14:00
22713,40.0,2025-04-25,14:15
22714,40.0,2025-04-25,14:30
22715,40.0,2025-04-25,14:45
22716,40.0,2025-04-25,15:00
22717,40.0,2025-04-25,15:15
22718,40.0,2025-04-25,15:30
22719,40.0,2025-04-25,15:45
22720,40.0,2025-04-25,16:00
22721,40.0,2025-04-25,16:15
22722,40.0,2025-04-25,16:30
22723,40.0,2025-04-25,16:45
22724,40.0,2025-04-25,17:00
22725,300.46,2025-04-25,17:15
22726,307.01,2025-04-25,17:30
22727,40.0,2025-04-25,17:45
22728,40.0,2025-04-25,18:00
22729,40.0,2025-04-25,18:15
22730,40.0,2025-04-25,18:30
22731,54.96,2025-04-25,18:45
22732,54.27,2025-04-25,19:00
22733,230.14,2025-04-25,19:15
22734,311.51,2025-04-25,19:30
22735,292.1,2025-04-25,19:45
22736,325.32,2025-04-25,20:00
22737,360.1,2025-04-25,20:15
22738,263.0,2025-04-25,20:30
22739,217.98,2025-04-25,20:45
22740,40.0,2025-04-25,21:00
22741,40.0,2025-04-25,21:15
22742,40.0,2025-04-25,21:30
22743,243.33,2025-04-25,21:45
22744,273.53,2025-04-25,22:00
22745,299.2,2025-04-25,22:15
22746,40.0,2025-04-25,22:30
22747,355.69,2025-04-25,22:45
22748,316.66,2025-04-25,23:00
22749,298.15,2025-04-25,23:15
22750,318.52,2025-04-25,23:30
22751,321.46,2025-04-25,23:45
22752,275.88,2025-04-25,24:00
22753,576.98,2025-04-26,00:15
22754,470.78,2025-04-26,00:30
22755,323.75,2025-04-26,00:45
22756,285.46,2025-04-26,01:00
22757,271.42,2025-04-26,01:15
22758,370.0,2025-04-26,01:30
22759,40.0,2025-04-26,01:45
22760,300.0,2025-04-26,02:00
22761,245.17,2025-04-26,02:15
22762,242.95,2025-04-26,02:30
22763,308.05,2025-04-26,02:45
22764,315.83,2025-04-26,03:00
22765,316.78,2025-04-26,03:15
22766,352.68,2025-04-26,03:30
22767,500.0,2025-04-26,03:45
22768,352.46,2025-04-26,04:00
22769,450.0,2025-04-26,04:15
22770,297.42,2025-04-26,04:30
22771,500.0,2025-04-26,04:45
22772,366.62,2025-04-26,05:00
22773,500.0,2025-04-26,05:15
22774,500.0,2025-04-26,05:30
22775,450.0,2025-04-26,05:45
22776,520.0,2025-04-26,06:00
22777,395.72,2025-04-26,06:15
22778,413.28,2025-04-26,06:30
22779,357.82,2025-04-26,06:45
22780,347.52,2025-04-26,07:00
22781,336.87,2025-04-26,07:15
22782,300.73,2025-04-26,07:30
22783,276.34,2025-04-26,07:45
22784,230.37,2025-04-26,08:00
22785,40.0,2025-04-26,08:15
22786,40.0,2025-04-26,08:30
22787,40.0,2025-04-26,08:45
22788,40.0,2025-04-26,09:00
22789,40.0,2025-04-26,09:15
22790,130.91,2025-04-26,09:30
22791,175.49,2025-04-26,09:45
22792,198.13,2025-04-26,10:00
22793,158.89,2025-04-26,10:15
22794,164.16,2025-04-26,10:30
22795,205.9,2025-04-26,10:45
22796,213.66,2025-04-26,11:00
22797,240.49,2025-04-26,11:15
22798,183.69,2025-04-26,11:30
22799,174.64,2025-04-26,11:45
22800,44.27,2025-04-26,12:00
22801,178.1,2025-04-26,12:15
22802,40.0,2025-04-26,12:30
22803,40.0,2025-04-26,12:45
22804,40.0,2025-04-26,13:00
22805,40.0,2025-04-26,13:15
22806,40.0,2025-04-26,13:30
22807,40.0,2025-04-26,13:45
22808,173.19,2025-04-26,14:00
22809,178.52,2025-04-26,14:15
22810,176.75,2025-04-26,14:30
22811,183.46,2025-04-26,14:45
22812,207.2,2025-04-26,15:00
22813,201.16,2025-04-26,15:15
22814,173.81,2025-04-26,15:30
22815,182.7,2025-04-26,15:45
22816,40.0,2025-04-26,16:00
22817,198.8,2025-04-26,16:15
22818,110.49,2025-04-26,16:30
22819,261.0,2025-04-26,16:45
22820,94.71,2025-04-26,17:00
22821,252.93,2025-04-26,17:15
22822,246.15,2025-04-26,17:30
22823,205.65,2025-04-26,17:45
22824,44.91,2025-04-26,18:00
22825,40.0,2025-04-26,18:15
22826,219.49,2025-04-26,18:30
22827,40.0,2025-04-26,18:45
22828,40.0,2025-04-26,19:00
22829,391.45,2025-04-26,19:15
22830,364.35,2025-04-26,19:30
22831,336.74,2025-04-26,19:45
22832,373.82,2025-04-26,20:00
22833,353.1,2025-04-26,20:15
22834,302.87,2025-04-26,20:30
22835,282.01,2025-04-26,20:45
22836,274.82,2025-04-26,21:00
22837,297.54,2025-04-26,21:15
22838,277.86,2025-04-26,21:30
22839,269.29,2025-04-26,21:45
22840,274.77,2025-04-26,22:00
22841,235.55,2025-04-26,22:15
22842,214.22,2025-04-26,22:30
22843,212.24,2025-04-26,22:45
22844,191.34,2025-04-26,23:00
22845,214.87,2025-04-26,23:15
22846,187.48,2025-04-26,23:30
22847,181.44,2025-04-26,23:45
22848,225.54,2025-04-26,24:00
22849,248.47,2025-04-27,00:15
22850,287.95,2025-04-27,00:30
22851,233.95,2025-04-27,00:45
22852,219.86,2025-04-27,01:00
22853,216.9,2025-04-27,01:15
22854,221.3,2025-04-27,01:30
22855,189.8,2025-04-27,01:45
22856,209.48,2025-04-27,02:00
22857,204.32,2025-04-27,02:15
22858,40.0,2025-04-27,02:30
22859,40.0,2025-04-27,02:45
22860,40.0,2025-04-27,03:00
22861,40.0,2025-04-27,03:15
22862,53.32,2025-04-27,03:30
22863,178.11,2025-04-27,03:45
22864,175.23,2025-04-27,04:00
22865,215.9,2025-04-27,04:15
22866,231.13,2025-04-27,04:30
22867,212.02,2025-04-27,04:45
22868,208.16,2025-04-27,05:00
22869,193.17,2025-04-27,05:15
22870,189.78,2025-04-27,05:30
22871,187.98,2025-04-27,05:45
22872,180.91,2025-04-27,06:00
22873,209.79,2025-04-27,06:15
22874,234.29,2025-04-27,06:30
22875,236.3,2025-04-27,06:45
22876,238.48,2025-04-27,07:00
22877,239.69,2025-04-27,07:15
22878,232.42,2025-04-27,07:30
22879,217.77,2025-04-27,07:45
22880,55.35,2025-04-27,08:00
22881,40.0,2025-04-27,08:15
22882,40.0,2025-04-27,08:30
22883,40.0,2025-04-27,08:45
22884,40.0,2025-04-27,09:00
22885,40.0,2025-04-27,09:15
22886,40.0,2025-04-27,09:30
22887,40.0,2025-04-27,09:45
22888,40.0,2025-04-27,10:00
22889,40.0,2025-04-27,10:15
22890,40.0,2025-04-27,10:30
22891,46.45,2025-04-27,10:45
22892,45.98,2025-04-27,11:00
22893,46.26,2025-04-27,11:15
22894,46.15,2025-04-27,11:30
22895,40.0,2025-04-27,11:45
22896,40.0,2025-04-27,12:00
22897,167.03,2025-04-27,12:15
22898,40.0,2025-04-27,12:30
22899,40.0,2025-04-27,12:45
22900,40.0,2025-04-27,13:00
22901,164.19,2025-04-27,13:15
22902,165.02,2025-04-27,13:30
22903,166.55,2025-04-27,13:45
22904,160.43,2025-04-27,14:00
22905,163.86,2025-04-27,14:15
22906,40.0,2025-04-27,14:30
22907,40.0,2025-04-27,14:45
22908,40.0,2025-04-27,15:00
22909,40.0,2025-04-27,15:15
22910,40.0,2025-04-27,15:30
22911,147.61,2025-04-27,15:45
22912,40.0,2025-04-27,16:00
22913,40.0,2025-04-27,16:15
22914,40.0,2025-04-27,16:30
22915,40.0,2025-04-27,16:45
22916,40.0,2025-04-27,17:00
22917,335.21,2025-04-27,17:15
22918,224.13,2025-04-27,17:30
22919,40.0,2025-04-27,17:45
22920,40.0,2025-04-27,18:00
22921,40.0,2025-04-27,18:15
22922,400.0,2025-04-27,18:30
22923,440.0,2025-04-27,18:45
22924,460.0,2025-04-27,19:00
22925,470.0,2025-04-27,19:15
22926,650.0,2025-04-27,19:30
22927,650.0,2025-04-27,19:45
22928,650.0,2025-04-27,20:00
22929,650.0,2025-04-27,20:15
22930,650.0,2025-04-27,20:30
22931,650.0,2025-04-27,20:45
22932,650.0,2025-04-27,21:00
22933,600.0,2025-04-27,21:15
22934,600.0,2025-04-27,21:30
22935,600.0,2025-04-27,21:45
22936,460.0,2025-04-27,22:00
22937,617.47,2025-04-27,22:15
22938,617.53,2025-04-27,22:30
22939,600.0,2025-04-27,22:45
22940,600.0,2025-04-27,23:00
22941,540.0,2025-04-27,23:15
22942,463.35,2025-04-27,23:30
22943,520.0,2025-04-27,23:45
22944,500.0,2025-04-27,24:00
22945,627.23,2025-04-28,00:15
22946,538.91,2025-04-28,00:30
22947,520.36,2025-04-28,00:45
22948,508.72,2025-04-28,01:00
22949,550.0,2025-04-28,01:15
22950,570.0,2025-04-28,01:30
22951,520.0,2025-04-28,01:45
22952,543.01,2025-04-28,02:00
22953,538.82,2025-04-28,02:15
22954,566.86,2025-04-28,02:30
22955,550.0,2025-04-28,02:45
22956,580.0,2025-04-28,03:00
22957,500.0,2025-04-28,03:15
22958,523.44,2025-04-28,03:30
22959,521.6,2025-04-28,03:45
22960,499.18,2025-04-28,04:00
22961,505.23,2025-04-28,04:15
22962,497.65,2025-04-28,04:30
22963,520.0,2025-04-28,04:45
22964,450.0,2025-04-28,05:00
22965,460.0,2025-04-28,05:15
22966,480.0,2025-04-28,05:30
22967,500.0,2025-04-28,05:45
22968,490.0,2025-04-28,06:00
22969,500.0,2025-04-28,06:15
22970,490.0,2025-04-28,06:30
22971,540.0,2025-04-28,06:45
22972,500.0,2025-04-28,07:00
22973,550.0,2025-04-28,07:15
22974,390.0,2025-04-28,07:30
22975,300.0,2025-04-28,07:45
22976,290.0,2025-04-28,08:00
22977,280.0,2025-04-28,08:15
22978,300.0,2025-04-28,08:30
22979,290.0,2025-04-28,08:45
22980,40.0,2025-04-28,09:00
22981,40.0,2025-04-28,09:15
22982,40.0,2025-04-28,09:30
22983,40.0,2025-04-28,09:45
22984,40.0,2025-04-28,10:00
22985,40.0,2025-04-28,10:15
22986,40.0,2025-04-28,10:30
22987,40.0,2025-04-28,10:45
22988,40.0,2025-04-28,11:00
22989,40.0,2025-04-28,11:15
22990,40.0,2025-04-28,11:30
22991,40.0,2025-04-28,11:45
22992,40.0,2025-04-28,12:00
22993,40.0,2025-04-28,12:15
22994,40.0,2025-04-28,12:30
22995,40.0,2025-04-28,12:45
22996,40.0,2025-04-28,13:00
22997,40.0,2025-04-28,13:15
22998,40.0,2025-04-28,13:30
22999,40.0,2025-04-28,13:45
23000,40.0,2025-04-28,14:00
23001,40.0,2025-04-28,14:15
23002,40.0,2025-04-28,14:30
23003,40.0,2025-04-28,14:45
23004,40.0,2025-04-28,15:00
23005,40.0,2025-04-28,15:15
23006,40.0,2025-04-28,15:30
23007,40.0,2025-04-28,15:45
23008,40.0,2025-04-28,16:00
23009,40.0,2025-04-28,16:15
23010,40.0,2025-04-28,16:30
23011,153.46,2025-04-28,16:45
23012,40.0,2025-04-28,17:00
23013,145.86,2025-04-28,17:15
23014,196.89,2025-04-28,17:30
23015,163.63,2025-04-28,17:45
23016,40.0,2025-04-28,18:00
23017,202.24,2025-04-28,18:15
23018,40.0,2025-04-28,18:30
23019,271.74,2025-04-28,18:45
23020,289.65,2025-04-28,19:00
23021,273.3,2025-04-28,19:15
23022,268.55,2025-04-28,19:30
23023,291.11,2025-04-28,19:45
23024,293.33,2025-04-28,20:00
23025,312.22,2025-04-28,20:15
23026,298.2,2025-04-28,20:30
23027,323.17,2025-04-28,20:45
23028,309.53,2025-04-28,21:00
23029,286.22,2025-04-28,21:15
23030,282.88,2025-04-28,21:30
23031,285.57,2025-04-28,21:45
23032,344.4,2025-04-28,22:00
23033,262.85,2025-04-28,22:15
23034,252.7,2025-04-28,22:30
23035,192.43,2025-04-28,22:45
23036,207.52,2025-04-28,23:00
23037,218.35,2025-04-28,23:15
23038,217.02,2025-04-28,23:30
23039,209.95,2025-04-28,23:45
23040,192.13,2025-04-28,24:00
23041,184.75,2025-04-29,00:15
23042,87.27,2025-04-29,00:30
23043,250.0,2025-04-29,00:45
23044,40.0,2025-04-29,01:00
23045,40.0,2025-04-29,01:15
23046,40.0,2025-04-29,01:30
23047,40.0,2025-04-29,01:45
23048,40.0,2025-04-29,02:00
23049,40.0,2025-04-29,02:15
23050,40.0,2025-04-29,02:30
23051,40.0,2025-04-29,02:45
23052,40.0,2025-04-29,03:00
23053,40.0,2025-04-29,03:15
23054,40.0,2025-04-29,03:30
23055,82.52,2025-04-29,03:45
23056,83.03,2025-04-29,04:00
23057,40.0,2025-04-29,04:15
23058,91.59,2025-04-29,04:30
23059,190.19,2025-04-29,04:45
23060,179.15,2025-04-29,05:00
23061,40.0,2025-04-29,05:15
23062,40.0,2025-04-29,05:30
23063,40.0,2025-04-29,05:45
23064,40.0,2025-04-29,06:00
23065,90.26,2025-04-29,06:15
23066,40.0,2025-04-29,06:30
23067,40.0,2025-04-29,06:45
23068,40.0,2025-04-29,07:00
23069,40.0,2025-04-29,07:15
23070,40.0,2025-04-29,07:30
23071,40.0,2025-04-29,07:45
23072,40.0,2025-04-29,08:00
23073,40.59,2025-04-29,08:15
23074,40.0,2025-04-29,08:30
23075,40.0,2025-04-29,08:45
23076,40.0,2025-04-29,09:00
23077,40.0,2025-04-29,09:15
23078,40.0,2025-04-29,09:30
23079,40.0,2025-04-29,09:45
23080,40.0,2025-04-29,10:00
23081,40.0,2025-04-29,10:15
23082,40.0,2025-04-29,10:30
23083,40.0,2025-04-29,10:45
23084,40.0,2025-04-29,11:00
23085,40.0,2025-04-29,11:15
23086,40.0,2025-04-29,11:30
23087,40.0,2025-04-29,11:45
23088,40.0,2025-04-29,12:00
23089,40.0,2025-04-29,12:15
23090,40.0,2025-04-29,12:30
23091,40.0,2025-04-29,12:45
23092,40.0,2025-04-29,13:00
23093,40.0,2025-04-29,13:15
23094,40.0,2025-04-29,13:30
23095,40.0,2025-04-29,13:45
23096,40.0,2025-04-29,14:00
23097,40.0,2025-04-29,14:15
23098,40.0,2025-04-29,14:30
23099,40.0,2025-04-29,14:45
23100,40.0,2025-04-29,15:00
23101,172.33,2025-04-29,15:15
23102,40.0,2025-04-29,15:30
23103,198.32,2025-04-29,15:45
23104,212.85,2025-04-29,16:00
23105,165.56,2025-04-29,16:15
23106,40.0,2025-04-29,16:30
23107,40.0,2025-04-29,16:45
23108,40.0,2025-04-29,17:00
23109,40.0,2025-04-29,17:15
23110,40.0,2025-04-29,17:30
23111,40.0,2025-04-29,17:45
23112,44.73,2025-04-29,18:00
23113,40.0,2025-04-29,18:15
23114,40.0,2025-04-29,18:30
23115,256.91,2025-04-29,18:45
23116,218.15,2025-04-29,19:00
23117,334.22,2025-04-29,19:15
23118,334.03,2025-04-29,19:30
23119,210.71,2025-04-29,19:45
23120,212.04,2025-04-29,20:00
23121,287.77,2025-04-29,20:15
23122,341.03,2025-04-29,20:30
23123,351.78,2025-04-29,20:45
23124,333.72,2025-04-29,21:00
23125,366.53,2025-04-29,21:15
23126,360.33,2025-04-29,21:30
23127,398.42,2025-04-29,21:45
23128,306.42,2025-04-29,22:00
23129,337.39,2025-04-29,22:15
23130,269.93,2025-04-29,22:30
23131,230.71,2025-04-29,22:45
23132,40.0,2025-04-29,23:00
23133,269.0,2025-04-29,23:15
23134,243.57,2025-04-29,23:30
23135,220.19,2025-04-29,23:45
23136,286.73,2025-04-29,24:00
23137,294.06,2025-04-30,00:15
23138,40.0,2025-04-30,00:30
23139,40.0,2025-04-30,00:45
23140,274.77,2025-04-30,01:00
23141,40.0,2025-04-30,01:15
23142,40.0,2025-04-30,01:30
23143,40.0,2025-04-30,01:45
23144,40.0,2025-04-30,02:00
23145,275.71,2025-04-30,02:15
23146,269.44,2025-04-30,02:30
23147,59.21,2025-04-30,02:45
23148,40.0,2025-04-30,03:00
23149,40.0,2025-04-30,03:15
23150,40.0,2025-04-30,03:30
23151,40.0,2025-04-30,03:45
23152,40.0,2025-04-30,04:00
23153,40.0,2025-04-30,04:15
23154,40.0,2025-04-30,04:30
23155,40.0,2025-04-30,04:45
23156,40.0,2025-04-30,05:00
23157,254.02,2025-04-30,05:15
23158,244.14,2025-04-30,05:30
23159,253.88,2025-04-30,05:45
23160,244.59,2025-04-30,06:00
23161,274.17,2025-04-30,06:15
23162,274.36,2025-04-30,06:30
23163,284.09,2025-04-30,06:45
23164,254.86,2025-04-30,07:00
23165,245.45,2025-04-30,07:15
23166,216.23,2025-04-30,07:30
23167,40.0,2025-04-30,07:45
23168,40.0,2025-04-30,08:00
23169,40.0,2025-04-30,08:15
23170,40.0,2025-04-30,08:30
23171,40.0,2025-04-30,08:45
23172,40.0,2025-04-30,09:00
23173,40.0,2025-04-30,09:15
23174,40.0,2025-04-30,09:30
23175,40.0,2025-04-30,09:45
23176,142.39,2025-04-30,10:00
23177,137.69,2025-04-30,10:15
23178,40.0,2025-04-30,10:30
23179,40.0,2025-04-30,10:45
23180,40.0,2025-04-30,11:00
23181,40.0,2025-04-30,11:15
23182,40.0,2025-04-30,11:30
23183,40.0,2025-04-30,11:45
23184,40.0,2025-04-30,12:00
23185,40.0,2025-04-30,12:15
23186,40.0,2025-04-30,12:30
23187,40.0,2025-04-30,12:45
23188,40.0,2025-04-30,13:00
23189,40.0,2025-04-30,13:15
23190,40.0,2025-04-30,13:30
23191,40.0,2025-04-30,13:45
23192,40.0,2025-04-30,14:00
23193,40.0,2025-04-30,14:15
23194,40.0,2025-04-30,14:30
23195,40.0,2025-04-30,14:45
23196,40.0,2025-04-30,15:00
23197,40.0,2025-04-30,15:15
23198,40.0,2025-04-30,15:30
23199,40.0,2025-04-30,15:45
23200,40.0,2025-04-30,16:00
23201,40.0,2025-04-30,16:15
23202,40.0,2025-04-30,16:30
23203,40.0,2025-04-30,16:45
23204,40.0,2025-04-30,17:00
23205,40.0,2025-04-30,17:15
23206,40.0,2025-04-30,17:30
23207,40.0,2025-04-30,17:45
23208,40.0,2025-04-30,18:00
23209,40.0,2025-04-30,18:15
23210,40.0,2025-04-30,18:30
23211,40.0,2025-04-30,18:45
23212,40.0,2025-04-30,19:00
23213,40.0,2025-04-30,19:15
23214,40.0,2025-04-30,19:30
23215,261.6,2025-04-30,19:45
23216,171.69,2025-04-30,20:00
23217,227.95,2025-04-30,20:15
23218,40.0,2025-04-30,20:30
23219,40.0,2025-04-30,20:45
23220,40.0,2025-04-30,21:00
23221,442.63,2025-04-30,21:15
23222,483.6,2025-04-30,21:30
23223,471.04,2025-04-30,21:45
23224,413.92,2025-04-30,22:00
23225,265.69,2025-04-30,22:15
23226,350.0,2025-04-30,22:30
23227,40.0,2025-04-30,22:45
23228,40.0,2025-04-30,23:00
23229,482.7,2025-04-30,23:15
23230,492.14,2025-04-30,23:30
23231,40.0,2025-04-30,23:45
23232,600.0,2025-04-30,24:00
23233,450.0,2025-05-01,00:15
23234,450.0,2025-05-01,00:30
23235,427.28,2025-05-01,00:45
23236,427.79,2025-05-01,01:00
23237,467.87,2025-05-01,01:15
23238,426.73,2025-05-01,01:30
23239,428.25,2025-05-01,01:45
23240,550.0,2025-05-01,02:00
23241,470.0,2025-05-01,02:15
23242,450.0,2025-05-01,02:30
23243,440.17,2025-05-01,02:45
23244,450.0,2025-05-01,03:00
23245,470.0,2025-05-01,03:15
23246,500.0,2025-05-01,03:30
23247,500.0,2025-05-01,03:45
23248,470.0,2025-05-01,04:00
23249,500.0,2025-05-01,04:15
23250,510.0,2025-05-01,04:30
23251,450.0,2025-05-01,04:45
23252,440.0,2025-05-01,05:00
23253,420.0,2025-05-01,05:15
23254,390.0,2025-05-01,05:30
23255,400.0,2025-05-01,05:45
23256,350.0,2025-05-01,06:00
23257,380.0,2025-05-01,06:15
23258,260.0,2025-05-01,06:30
23259,40.0,2025-05-01,06:45
23260,300.0,2025-05-01,07:00
23261,97.94,2025-05-01,07:15
23262,40.0,2025-05-01,07:30
23263,40.0,2025-05-01,07:45
23264,40.0,2025-05-01,08:00
23265,40.0,2025-05-01,08:15
23266,40.0,2025-05-01,08:30
23267,40.0,2025-05-01,08:45
23268,40.0,2025-05-01,09:00
23269,40.0,2025-05-01,09:15
23270,40.0,2025-05-01,09:30
23271,40.0,2025-05-01,09:45
23272,40.0,2025-05-01,10:00
23273,40.0,2025-05-01,10:15
23274,40.0,2025-05-01,10:30
23275,40.0,2025-05-01,10:45
23276,40.0,2025-05-01,11:00
23277,40.0,2025-05-01,11:15
23278,40.0,2025-05-01,11:30
23279,40.0,2025-05-01,11:45
23280,40.0,2025-05-01,12:00
23281,40.0,2025-05-01,12:15
23282,40.0,2025-05-01,12:30
23283,40.0,2025-05-01,12:45
23284,40.0,2025-05-01,13:00
23285,40.0,2025-05-01,13:15
23286,40.0,2025-05-01,13:30
23287,40.0,2025-05-01,13:45
23288,40.0,2025-05-01,14:00
23289,40.0,2025-05-01,14:15
23290,40.0,2025-05-01,14:30
23291,40.0,2025-05-01,14:45
23292,40.0,2025-05-01,15:00
23293,40.0,2025-05-01,15:15
23294,40.0,2025-05-01,15:30
23295,40.0,2025-05-01,15:45
23296,40.0,2025-05-01,16:00
23297,216.99,2025-05-01,16:15
23298,144.35,2025-05-01,16:30
23299,40.0,2025-05-01,16:45
23300,79.3,2025-05-01,17:00
23301,40.0,2025-05-01,17:15
23302,40.0,2025-05-01,17:30
23303,40.0,2025-05-01,17:45
23304,40.0,2025-05-01,18:00
23305,40.0,2025-05-01,18:15
23306,40.0,2025-05-01,18:30
23307,40.0,2025-05-01,18:45
23308,40.0,2025-05-01,19:00
23309,40.0,2025-05-01,19:15
23310,311.58,2025-05-01,19:30
23311,336.09,2025-05-01,19:45
23312,370.19,2025-05-01,20:00
23313,314.79,2025-05-01,20:15
23314,361.09,2025-05-01,20:30
23315,307.74,2025-05-01,20:45
23316,292.27,2025-05-01,21:00
23317,322.79,2025-05-01,21:15
23318,384.09,2025-05-01,21:30
23319,407.96,2025-05-01,21:45
23320,386.82,2025-05-01,22:00
23321,367.88,2025-05-01,22:15
23322,345.59,2025-05-01,22:30
23323,363.8,2025-05-01,22:45
23324,315.91,2025-05-01,23:00
23325,320.77,2025-05-01,23:15
23326,342.95,2025-05-01,23:30
23327,304.11,2025-05-01,23:45
23328,267.35,2025-05-01,24:00
23329,377.01,2025-05-02,00:15
23330,376.24,2025-05-02,00:30
23331,292.16,2025-05-02,00:45
23332,303.14,2025-05-02,01:00
23333,244.08,2025-05-02,01:15
23334,240.97,2025-05-02,01:30
23335,215.46,2025-05-02,01:45
23336,241.39,2025-05-02,02:00
23337,228.66,2025-05-02,02:15
23338,238.42,2025-05-02,02:30
23339,239.88,2025-05-02,02:45
23340,242.94,2025-05-02,03:00
23341,212.69,2025-05-02,03:15
23342,208.53,2025-05-02,03:30
23343,206.84,2025-05-02,03:45
23344,179.64,2025-05-02,04:00
23345,203.52,2025-05-02,04:15
23346,187.59,2025-05-02,04:30
23347,193.22,2025-05-02,04:45
23348,209.97,2025-05-02,05:00
23349,223.64,2025-05-02,05:15
23350,220.92,2025-05-02,05:30
23351,263.71,2025-05-02,05:45
23352,242.9,2025-05-02,06:00
23353,258.91,2025-05-02,06:15
23354,237.51,2025-05-02,06:30
23355,237.28,2025-05-02,06:45
23356,214.41,2025-05-02,07:00
23357,252.34,2025-05-02,07:15
23358,202.93,2025-05-02,07:30
23359,172.39,2025-05-02,07:45
23360,40.0,2025-05-02,08:00
23361,40.0,2025-05-02,08:15
23362,40.0,2025-05-02,08:30
23363,40.0,2025-05-02,08:45
23364,40.0,2025-05-02,09:00
23365,40.0,2025-05-02,09:15
23366,40.0,2025-05-02,09:30
23367,40.0,2025-05-02,09:45
23368,121.17,2025-05-02,10:00
23369,40.0,2025-05-02,10:15
23370,40.0,2025-05-02,10:30
23371,40.0,2025-05-02,10:45
23372,40.0,2025-05-02,11:00
23373,40.0,2025-05-02,11:15
23374,40.0,2025-05-02,11:30
23375,40.0,2025-05-02,11:45
23376,40.0,2025-05-02,12:00
23377,40.0,2025-05-02,12:15
23378,40.0,2025-05-02,12:30
23379,40.0,2025-05-02,12:45
23380,40.0,2025-05-02,13:00
23381,40.0,2025-05-02,13:15
23382,40.0,2025-05-02,13:30
23383,40.0,2025-05-02,13:45
23384,40.0,2025-05-02,14:00
23385,40.0,2025-05-02,14:15
23386,40.0,2025-05-02,14:30
23387,40.0,2025-05-02,14:45
23388,40.0,2025-05-02,15:00
23389,40.0,2025-05-02,15:15
23390,40.0,2025-05-02,15:30
23391,40.0,2025-05-02,15:45
23392,40.0,2025-05-02,16:00
23393,40.0,2025-05-02,16:15
23394,40.0,2025-05-02,16:30
23395,40.0,2025-05-02,16:45
23396,40.0,2025-05-02,17:00
23397,40.0,2025-05-02,17:15
23398,40.0,2025-05-02,17:30
23399,40.0,2025-05-02,17:45
23400,40.0,2025-05-02,18:00
23401,40.0,2025-05-02,18:15
23402,40.0,2025-05-02,18:30
23403,40.0,2025-05-02,18:45
23404,40.0,2025-05-02,19:00
23405,106.09,2025-05-02,19:15
23406,40.0,2025-05-02,19:30
23407,361.01,2025-05-02,19:45
23408,195.78,2025-05-02,20:00
23409,221.42,2025-05-02,20:15
23410,220.54,2025-05-02,20:30
23411,184.67,2025-05-02,20:45
23412,182.41,2025-05-02,21:00
23413,182.54,2025-05-02,21:15
23414,180.0,2025-05-02,21:30
23415,178.76,2025-05-02,21:45
23416,236.48,2025-05-02,22:00
23417,278.76,2025-05-02,22:15
23418,269.08,2025-05-02,22:30
23419,229.74,2025-05-02,22:45
23420,221.07,2025-05-02,23:00
23421,224.05,2025-05-02,23:15
23422,213.76,2025-05-02,23:30
23423,195.7,2025-05-02,23:45
23424,40.0,2025-05-02,24:00
23425,272.77,2025-05-03,00:15
23426,244.77,2025-05-03,00:30
23427,202.82,2025-05-03,00:45
23428,250.14,2025-05-03,01:00
23429,227.54,2025-05-03,01:15
23430,200.51,2025-05-03,01:30
23431,182.23,2025-05-03,01:45
23432,173.43,2025-05-03,02:00
23433,217.13,2025-05-03,02:15
23434,225.84,2025-05-03,02:30
23435,229.19,2025-05-03,02:45
23436,231.67,2025-05-03,03:00
23437,159.86,2025-05-03,03:15
23438,258.33,2025-05-03,03:30
23439,252.89,2025-05-03,03:45
23440,257.94,2025-05-03,04:00
23441,311.97,2025-05-03,04:15
23442,288.25,2025-05-03,04:30
23443,371.45,2025-05-03,04:45
23444,366.93,2025-05-03,05:00
23445,384.62,2025-05-03,05:15
23446,325.76,2025-05-03,05:30
23447,218.5,2025-05-03,05:45
23448,310.17,2025-05-03,06:00
23449,345.96,2025-05-03,06:15
23450,344.68,2025-05-03,06:30
23451,354.33,2025-05-03,06:45
23452,279.26,2025-05-03,07:00
23453,256.7,2025-05-03,07:15
23454,258.68,2025-05-03,07:30
23455,263.32,2025-05-03,07:45
23456,167.66,2025-05-03,08:00
23457,40.0,2025-05-03,08:15
23458,40.0,2025-05-03,08:30
23459,40.0,2025-05-03,08:45
23460,40.0,2025-05-03,09:00
23461,40.0,2025-05-03,09:15
23462,40.0,2025-05-03,09:30
23463,126.2,2025-05-03,09:45
23464,180.33,2025-05-03,10:00
23465,203.02,2025-05-03,10:15
23466,138.32,2025-05-03,10:30
23467,40.0,2025-05-03,10:45
23468,40.0,2025-05-03,11:00
23469,40.0,2025-05-03,11:15
23470,40.0,2025-05-03,11:30
23471,40.0,2025-05-03,11:45
23472,40.0,2025-05-03,12:00
23473,40.0,2025-05-03,12:15
23474,40.0,2025-05-03,12:30
23475,40.0,2025-05-03,12:45
23476,40.0,2025-05-03,13:00
23477,40.0,2025-05-03,13:15
23478,40.0,2025-05-03,13:30
23479,40.0,2025-05-03,13:45
23480,40.0,2025-05-03,14:00
23481,40.0,2025-05-03,14:15
23482,40.0,2025-05-03,14:30
23483,40.0,2025-05-03,14:45
23484,40.0,2025-05-03,15:00
23485,40.0,2025-05-03,15:15
23486,181.63,2025-05-03,15:30
23487,40.0,2025-05-03,15:45
23488,178.91,2025-05-03,16:00
23489,180.32,2025-05-03,16:15
23490,40.0,2025-05-03,16:30
23491,179.84,2025-05-03,16:45
23492,143.69,2025-05-03,17:00
23493,192.93,2025-05-03,17:15
23494,194.11,2025-05-03,17:30
23495,205.92,2025-05-03,17:45
23496,40.0,2025-05-03,18:00
23497,40.0,2025-05-03,18:15
23498,290.72,2025-05-03,18:30
23499,191.59,2025-05-03,18:45
23500,287.5,2025-05-03,19:00
23501,393.66,2025-05-03,19:15
23502,388.52,2025-05-03,19:30
23503,366.74,2025-05-03,19:45
23504,380.06,2025-05-03,20:00
23505,366.42,2025-05-03,20:15
23506,345.49,2025-05-03,20:30
23507,360.97,2025-05-03,20:45
23508,374.17,2025-05-03,21:00
23509,353.85,2025-05-03,21:15
23510,317.49,2025-05-03,21:30
23511,253.83,2025-05-03,21:45
23512,252.15,2025-05-03,22:00
23513,291.18,2025-05-03,22:15
23514,289.05,2025-05-03,22:30
23515,239.02,2025-05-03,22:45
23516,267.03,2025-05-03,23:00
23517,321.8,2025-05-03,23:15
23518,339.06,2025-05-03,23:30
23519,303.14,2025-05-03,23:45
23520,268.16,2025-05-03,24:00
23521,418.33,2025-05-04,00:15
23522,379.29,2025-05-04,00:30
23523,348.11,2025-05-04,00:45
23524,335.29,2025-05-04,01:00
23525,259.2,2025-05-04,01:15
23526,240.88,2025-05-04,01:30
23527,234.43,2025-05-04,01:45
23528,247.28,2025-05-04,02:00
23529,252.81,2025-05-04,02:15
23530,251.0,2025-05-04,02:30
23531,256.69,2025-05-04,02:45
23532,262.15,2025-05-04,03:00
23533,166.64,2025-05-04,03:15
23534,201.32,2025-05-04,03:30
23535,172.57,2025-05-04,03:45
23536,40.0,2025-05-04,04:00
23537,230.28,2025-05-04,04:15
23538,192.28,2025-05-04,04:30
23539,199.52,2025-05-04,04:45
23540,240.9,2025-05-04,05:00
23541,246.25,2025-05-04,05:15
23542,261.25,2025-05-04,05:30
23543,278.34,2025-05-04,05:45
23544,271.24,2025-05-04,06:00
23545,293.09,2025-05-04,06:15
23546,289.18,2025-05-04,06:30
23547,188.67,2025-05-04,06:45
23548,40.0,2025-05-04,07:00
23549,40.0,2025-05-04,07:15
23550,40.0,2025-05-04,07:30
23551,40.0,2025-05-04,07:45
23552,161.33,2025-05-04,08:00
23553,40.0,2025-05-04,08:15
23554,40.0,2025-05-04,08:30
23555,40.0,2025-05-04,08:45
23556,40.0,2025-05-04,09:00
23557,40.0,2025-05-04,09:15
23558,40.0,2025-05-04,09:30
23559,40.0,2025-05-04,09:45
23560,40.0,2025-05-04,10:00
23561,40.0,2025-05-04,10:15
23562,40.0,2025-05-04,10:30
23563,40.0,2025-05-04,10:45
23564,40.0,2025-05-04,11:00
23565,40.0,2025-05-04,11:15
23566,40.0,2025-05-04,11:30
23567,40.0,2025-05-04,11:45
23568,40.0,2025-05-04,12:00
23569,40.0,2025-05-04,12:15
23570,40.0,2025-05-04,12:30
23571,40.0,2025-05-04,12:45
23572,40.0,2025-05-04,13:00
23573,40.0,2025-05-04,13:15
23574,40.0,2025-05-04,13:30
23575,40.0,2025-05-04,13:45
23576,40.0,2025-05-04,14:00
23577,40.0,2025-05-04,14:15
23578,40.0,2025-05-04,14:30
23579,40.0,2025-05-04,14:45
23580,40.0,2025-05-04,15:00
23581,40.0,2025-05-04,15:15
23582,40.0,2025-05-04,15:30
23583,40.0,2025-05-04,15:45
23584,40.0,2025-05-04,16:00
23585,40.0,2025-05-04,16:15
23586,40.0,2025-05-04,16:30
23587,40.0,2025-05-04,16:45
23588,237.72,2025-05-04,17:00
23589,40.0,2025-05-04,17:15
23590,40.0,2025-05-04,17:30
23591,40.0,2025-05-04,17:45
23592,40.0,2025-05-04,18:00
23593,40.0,2025-05-04,18:15
23594,40.0,2025-05-04,18:30
23595,40.0,2025-05-04,18:45
23596,40.0,2025-05-04,19:00
23597,40.0,2025-05-04,19:15
23598,40.0,2025-05-04,19:30
23599,367.93,2025-05-04,19:45
23600,370.03,2025-05-04,20:00
23601,230.44,2025-05-04,20:15
23602,188.28,2025-05-04,20:30
23603,264.67,2025-05-04,20:45
23604,346.44,2025-05-04,21:00
23605,362.29,2025-05-04,21:15
23606,345.69,2025-05-04,21:30
23607,293.38,2025-05-04,21:45
23608,334.7,2025-05-04,22:00
23609,331.22,2025-05-04,22:15
23610,289.46,2025-05-04,22:30
23611,290.9,2025-05-04,22:45
23612,265.95,2025-05-04,23:00
23613,291.26,2025-05-04,23:15
23614,290.3,2025-05-04,23:30
23615,278.75,2025-05-04,23:45
23616,252.27,2025-05-04,24:00
23617,266.43,2025-05-05,00:15
23618,246.35,2025-05-05,00:30
23619,278.16,2025-05-05,00:45
23620,282.51,2025-05-05,01:00
23621,239.51,2025-05-05,01:15
23622,226.45,2025-05-05,01:30
23623,221.99,2025-05-05,01:45
23624,162.5,2025-05-05,02:00
23625,160.55,2025-05-05,02:15
23626,167.51,2025-05-05,02:30
23627,165.79,2025-05-05,02:45
23628,40.0,2025-05-05,03:00
23629,40.0,2025-05-05,03:15
23630,40.0,2025-05-05,03:30
23631,40.0,2025-05-05,03:45
23632,40.0,2025-05-05,04:00
23633,40.0,2025-05-05,04:15
23634,40.0,2025-05-05,04:30
23635,40.0,2025-05-05,04:45
23636,40.0,2025-05-05,05:00
23637,40.0,2025-05-05,05:15
23638,40.0,2025-05-05,05:30
23639,40.0,2025-05-05,05:45
23640,40.0,2025-05-05,06:00
23641,145.34,2025-05-05,06:15
23642,40.0,2025-05-05,06:30
23643,40.0,2025-05-05,06:45
23644,40.0,2025-05-05,07:00
23645,40.0,2025-05-05,07:15
23646,40.0,2025-05-05,07:30
23647,40.0,2025-05-05,07:45
23648,40.0,2025-05-05,08:00
23649,190.82,2025-05-05,08:15
23650,40.0,2025-05-05,08:30
23651,40.0,2025-05-05,08:45
23652,40.0,2025-05-05,09:00
23653,40.0,2025-05-05,09:15
23654,131.44,2025-05-05,09:30
23655,40.0,2025-05-05,09:45
23656,40.0,2025-05-05,10:00
23657,168.85,2025-05-05,10:15
23658,130.74,2025-05-05,10:30
23659,162.86,2025-05-05,10:45
23660,174.48,2025-05-05,11:00
23661,127.83,2025-05-05,11:15
23662,187.82,2025-05-05,11:30
23663,193.34,2025-05-05,11:45
23664,40.0,2025-05-05,12:00
23665,40.0,2025-05-05,12:15
23666,136.83,2025-05-05,12:30
23667,136.55,2025-05-05,12:45
23668,40.0,2025-05-05,13:00
23669,40.0,2025-05-05,13:15
23670,40.0,2025-05-05,13:30
23671,139.25,2025-05-05,13:45
23672,139.49,2025-05-05,14:00
23673,40.0,2025-05-05,14:15
23674,40.0,2025-05-05,14:30
23675,40.0,2025-05-05,14:45
23676,143.18,2025-05-05,15:00
23677,40.0,2025-05-05,15:15
23678,40.0,2025-05-05,15:30
23679,40.0,2025-05-05,15:45
23680,40.0,2025-05-05,16:00
23681,224.27,2025-05-05,16:15
23682,206.72,2025-05-05,16:30
23683,40.0,2025-05-05,16:45
23684,40.0,2025-05-05,17:00
23685,226.77,2025-05-05,17:15
23686,241.64,2025-05-05,17:30
23687,223.39,2025-05-05,17:45
23688,40.0,2025-05-05,18:00
23689,40.0,2025-05-05,18:15
23690,40.0,2025-05-05,18:30
23691,40.0,2025-05-05,18:45
23692,40.0,2025-05-05,19:00
23693,344.49,2025-05-05,19:15
23694,349.62,2025-05-05,19:30
23695,293.59,2025-05-05,19:45
23696,287.48,2025-05-05,20:00
23697,274.99,2025-05-05,20:15
23698,326.45,2025-05-05,20:30
23699,313.03,2025-05-05,20:45
23700,426.62,2025-05-05,21:00
23701,349.52,2025-05-05,21:15
23702,310.44,2025-05-05,21:30
23703,40.0,2025-05-05,21:45
23704,259.8,2025-05-05,22:00
23705,339.73,2025-05-05,22:15
23706,459.62,2025-05-05,22:30
23707,529.56,2025-05-05,22:45
23708,649.42,2025-05-05,23:00
23709,649.42,2025-05-05,23:15
23710,649.42,2025-05-05,23:30
23711,649.4,2025-05-05,23:45
23712,619.41,2025-05-05,24:00
23713,649.43,2025-05-06,00:15
23714,649.41,2025-05-06,00:30
23715,589.45,2025-05-06,00:45
23716,589.44,2025-05-06,01:00
23717,589.43,2025-05-06,01:15
23718,599.44,2025-05-06,01:30
23719,599.44,2025-05-06,01:45
23720,510.57,2025-05-06,02:00
23721,549.48,2025-05-06,02:15
23722,549.47,2025-05-06,02:30
23723,559.47,2025-05-06,02:45
23724,549.47,2025-05-06,03:00
23725,599.43,2025-05-06,03:15
23726,589.42,2025-05-06,03:30
23727,599.42,2025-05-06,03:45
23728,599.42,2025-05-06,04:00
23729,549.46,2025-05-06,04:15
23730,549.46,2025-05-06,04:30
23731,549.45,2025-05-06,04:45
23732,539.48,2025-05-06,05:00
23733,509.5,2025-05-06,05:15
23734,539.49,2025-05-06,05:30
23735,499.54,2025-05-06,05:45
23736,366.06,2025-05-06,06:00
23737,388.37,2025-05-06,06:15
23738,376.24,2025-05-06,06:30
23739,289.18,2025-05-06,06:45
23740,319.74,2025-05-06,07:00
23741,40.0,2025-05-06,07:15
23742,40.0,2025-05-06,07:30
23743,40.0,2025-05-06,07:45
23744,40.0,2025-05-06,08:00
23745,40.0,2025-05-06,08:15
23746,40.0,2025-05-06,08:30
23747,40.0,2025-05-06,08:45
23748,40.0,2025-05-06,09:00
23749,40.0,2025-05-06,09:15
23750,40.0,2025-05-06,09:30
23751,40.0,2025-05-06,09:45
23752,40.0,2025-05-06,10:00
23753,202.77,2025-05-06,10:15
23754,193.76,2025-05-06,10:30
23755,192.01,2025-05-06,10:45
23756,40.0,2025-05-06,11:00
23757,192.07,2025-05-06,11:15
23758,204.23,2025-05-06,11:30
23759,181.13,2025-05-06,11:45
23760,40.0,2025-05-06,12:00
23761,190.08,2025-05-06,12:15
23762,197.4,2025-05-06,12:30
23763,134.22,2025-05-06,12:45
23764,40.0,2025-05-06,13:00
23765,174.76,2025-05-06,13:15
23766,133.68,2025-05-06,13:30
23767,40.0,2025-05-06,13:45
23768,40.0,2025-05-06,14:00
23769,40.0,2025-05-06,14:15
23770,40.0,2025-05-06,14:30
23771,40.0,2025-05-06,14:45
23772,40.0,2025-05-06,15:00
23773,40.0,2025-05-06,15:15
23774,40.0,2025-05-06,15:30
23775,204.1,2025-05-06,15:45
23776,203.9,2025-05-06,16:00
23777,232.52,2025-05-06,16:15
23778,207.14,2025-05-06,16:30
23779,134.2,2025-05-06,16:45
23780,170.29,2025-05-06,17:00
23781,179.04,2025-05-06,17:15
23782,40.0,2025-05-06,17:30
23783,192.19,2025-05-06,17:45
23784,167.49,2025-05-06,18:00
23785,40.0,2025-05-06,18:15
23786,40.0,2025-05-06,18:30
23787,40.0,2025-05-06,18:45
23788,40.0,2025-05-06,19:00
23789,236.91,2025-05-06,19:15
23790,231.89,2025-05-06,19:30
23791,311.47,2025-05-06,19:45
23792,281.63,2025-05-06,20:00
23793,306.77,2025-05-06,20:15
23794,262.99,2025-05-06,20:30
23795,253.39,2025-05-06,20:45
23796,239.5,2025-05-06,21:00
23797,314.82,2025-05-06,21:15
23798,286.98,2025-05-06,21:30
23799,255.52,2025-05-06,21:45
23800,184.61,2025-05-06,22:00
23801,40.0,2025-05-06,22:15
23802,40.0,2025-05-06,22:30
23803,186.18,2025-05-06,22:45
23804,223.19,2025-05-06,23:00
23805,248.0,2025-05-06,23:15
23806,195.73,2025-05-06,23:30
23807,179.48,2025-05-06,23:45
23808,40.0,2025-05-06,24:00
23809,272.41,2025-05-07,00:15
23810,258.37,2025-05-07,00:30
23811,260.05,2025-05-07,00:45
23812,231.15,2025-05-07,01:00
23813,224.28,2025-05-07,01:15
23814,195.08,2025-05-07,01:30
23815,40.0,2025-05-07,01:45
23816,237.7,2025-05-07,02:00
23817,229.68,2025-05-07,02:15
23818,237.65,2025-05-07,02:30
23819,245.12,2025-05-07,02:45
23820,285.2,2025-05-07,03:00
23821,418.62,2025-05-07,03:15
23822,428.08,2025-05-07,03:30
23823,249.0,2025-05-07,03:45
23824,262.04,2025-05-07,04:00
23825,301.99,2025-05-07,04:15
23826,245.28,2025-05-07,04:30
23827,240.54,2025-05-07,04:45
23828,214.42,2025-05-07,05:00
23829,227.41,2025-05-07,05:15
23830,233.08,2025-05-07,05:30
23831,236.33,2025-05-07,05:45
23832,233.59,2025-05-07,06:00
23833,247.43,2025-05-07,06:15
23834,238.87,2025-05-07,06:30
23835,229.46,2025-05-07,06:45
23836,40.0,2025-05-07,07:00
23837,427.38,2025-05-07,07:15
23838,433.66,2025-05-07,07:30
23839,207.22,2025-05-07,07:45
23840,233.32,2025-05-07,08:00
23841,254.2,2025-05-07,08:15
23842,218.6,2025-05-07,08:30
23843,218.18,2025-05-07,08:45
23844,223.34,2025-05-07,09:00
23845,204.6,2025-05-07,09:15
23846,281.95,2025-05-07,09:30
23847,229.48,2025-05-07,09:45
23848,241.5,2025-05-07,10:00
23849,253.07,2025-05-07,10:15
23850,259.57,2025-05-07,10:30
23851,262.79,2025-05-07,10:45
23852,276.36,2025-05-07,11:00
23853,312.96,2025-05-07,11:15
23854,328.71,2025-05-07,11:30
23855,343.32,2025-05-07,11:45
23856,335.75,2025-05-07,12:00
23857,322.36,2025-05-07,12:15
23858,314.07,2025-05-07,12:30
23859,294.5,2025-05-07,12:45
23860,300.05,2025-05-07,13:00
23861,311.58,2025-05-07,13:15
23862,281.64,2025-05-07,13:30
23863,269.9,2025-05-07,13:45
23864,272.33,2025-05-07,14:00
23865,271.31,2025-05-07,14:15
23866,223.9,2025-05-07,14:30
23867,228.99,2025-05-07,14:45
23868,243.14,2025-05-07,15:00
23869,264.48,2025-05-07,15:15
23870,269.53,2025-05-07,15:30
23871,261.84,2025-05-07,15:45
23872,261.77,2025-05-07,16:00
23873,316.39,2025-05-07,16:15
23874,297.61,2025-05-07,16:30
23875,285.56,2025-05-07,16:45
23876,243.47,2025-05-07,17:00
23877,295.04,2025-05-07,17:15
23878,304.55,2025-05-07,17:30
23879,280.48,2025-05-07,17:45
23880,211.29,2025-05-07,18:00
23881,245.67,2025-05-07,18:15
23882,304.38,2025-05-07,18:30
23883,347.45,2025-05-07,18:45
23884,291.27,2025-05-07,19:00
23885,287.11,2025-05-07,19:15
23886,363.87,2025-05-07,19:30
23887,399.63,2025-05-07,19:45
23888,389.4,2025-05-07,20:00
23889,385.38,2025-05-07,20:15
23890,404.74,2025-05-07,20:30
23891,417.01,2025-05-07,20:45
23892,386.53,2025-05-07,21:00
23893,391.65,2025-05-07,21:15
23894,386.65,2025-05-07,21:30
23895,364.44,2025-05-07,21:45
23896,323.19,2025-05-07,22:00
23897,378.57,2025-05-07,22:15
23898,452.6,2025-05-07,22:30
23899,498.15,2025-05-07,22:45
23900,474.69,2025-05-07,23:00
23901,462.81,2025-05-07,23:15
23902,369.04,2025-05-07,23:30
23903,435.49,2025-05-07,23:45
23904,394.22,2025-05-07,24:00
23905,379.82,2025-05-08,00:15
23906,344.06,2025-05-08,00:30
23907,341.75,2025-05-08,00:45
23908,348.86,2025-05-08,01:00
23909,282.19,2025-05-08,01:15
23910,268.82,2025-05-08,01:30
23911,400.0,2025-05-08,01:45
23912,390.0,2025-05-08,02:00
23913,253.76,2025-05-08,02:15
23914,410.0,2025-05-08,02:30
23915,317.39,2025-05-08,02:45
23916,378.24,2025-05-08,03:00
23917,260.0,2025-05-08,03:15
23918,440.0,2025-05-08,03:30
23919,434.32,2025-05-08,03:45
23920,471.67,2025-05-08,04:00
23921,453.04,2025-05-08,04:15
23922,425.33,2025-05-08,04:30
23923,426.41,2025-05-08,04:45
23924,484.66,2025-05-08,05:00
23925,457.18,2025-05-08,05:15
23926,381.93,2025-05-08,05:30
23927,334.22,2025-05-08,05:45
23928,381.85,2025-05-08,06:00
23929,409.7,2025-05-08,06:15
23930,390.0,2025-05-08,06:30
23931,398.62,2025-05-08,06:45
23932,426.23,2025-05-08,07:00
23933,378.81,2025-05-08,07:15
23934,378.71,2025-05-08,07:30
23935,182.31,2025-05-08,07:45
23936,197.43,2025-05-08,08:00
23937,186.56,2025-05-08,08:15
23938,183.59,2025-05-08,08:30
23939,143.53,2025-05-08,08:45
23940,40.0,2025-05-08,09:00
23941,40.0,2025-05-08,09:15
23942,154.07,2025-05-08,09:30
23943,157.08,2025-05-08,09:45
23944,165.49,2025-05-08,10:00
23945,169.88,2025-05-08,10:15
23946,164.51,2025-05-08,10:30
23947,166.45,2025-05-08,10:45
23948,163.62,2025-05-08,11:00
23949,172.33,2025-05-08,11:15
23950,196.24,2025-05-08,11:30
23951,203.27,2025-05-08,11:45
23952,195.1,2025-05-08,12:00
23953,199.62,2025-05-08,12:15
23954,194.18,2025-05-08,12:30
23955,161.55,2025-05-08,12:45
23956,147.27,2025-05-08,13:00
23957,40.0,2025-05-08,13:15
23958,40.0,2025-05-08,13:30
23959,40.0,2025-05-08,13:45
23960,193.46,2025-05-08,14:00
23961,193.78,2025-05-08,14:15
23962,195.42,2025-05-08,14:30
23963,183.25,2025-05-08,14:45
23964,202.73,2025-05-08,15:00
23965,40.0,2025-05-08,15:15
23966,193.73,2025-05-08,15:30
23967,229.44,2025-05-08,15:45
23968,206.5,2025-05-08,16:00
23969,231.11,2025-05-08,16:15
23970,204.03,2025-05-08,16:30
23971,200.82,2025-05-08,16:45
23972,183.37,2025-05-08,17:00
23973,163.03,2025-05-08,17:15
23974,40.0,2025-05-08,17:30
23975,40.0,2025-05-08,17:45
23976,40.0,2025-05-08,18:00
23977,40.0,2025-05-08,18:15
23978,40.0,2025-05-08,18:30
23979,40.0,2025-05-08,18:45
23980,480.92,2025-05-08,19:00
23981,40.0,2025-05-08,19:15
23982,40.0,2025-05-08,19:30
23983,40.0,2025-05-08,19:45
23984,367.98,2025-05-08,20:00
23985,504.29,2025-05-08,20:15
23986,502.7,2025-05-08,20:30
23987,410.49,2025-05-08,20:45
23988,456.16,2025-05-08,21:00
23989,504.52,2025-05-08,21:15
23990,495.61,2025-05-08,21:30
23991,413.12,2025-05-08,21:45
23992,375.49,2025-05-08,22:00
23993,364.94,2025-05-08,22:15
23994,387.33,2025-05-08,22:30
23995,378.01,2025-05-08,22:45
23996,378.12,2025-05-08,23:00
23997,378.17,2025-05-08,23:15
23998,377.94,2025-05-08,23:30
23999,380.75,2025-05-08,23:45
24000,341.85,2025-05-08,24:00
24001,488.52,2025-05-09,00:15
24002,371.59,2025-05-09,00:30
24003,342.93,2025-05-09,00:45
24004,372.84,2025-05-09,01:00
24005,343.78,2025-05-09,01:15
24006,197.12,2025-05-09,01:30
24007,40.0,2025-05-09,01:45
24008,327.32,2025-05-09,02:00
24009,285.92,2025-05-09,02:15
24010,293.79,2025-05-09,02:30
24011,270.41,2025-05-09,02:45
24012,317.64,2025-05-09,03:00
24013,312.61,2025-05-09,03:15
24014,314.65,2025-05-09,03:30
24015,326.49,2025-05-09,03:45
24016,298.46,2025-05-09,04:00
24017,219.12,2025-05-09,04:15
24018,290.46,2025-05-09,04:30
24019,364.98,2025-05-09,04:45
24020,167.48,2025-05-09,05:00
24021,248.58,2025-05-09,05:15
24022,266.06,2025-05-09,05:30
24023,282.69,2025-05-09,05:45
24024,265.81,2025-05-09,06:00
24025,222.75,2025-05-09,06:15
24026,221.4,2025-05-09,06:30
24027,219.5,2025-05-09,06:45
24028,322.48,2025-05-09,07:00
24029,296.97,2025-05-09,07:15
24030,255.16,2025-05-09,07:30
24031,40.0,2025-05-09,07:45
24032,40.0,2025-05-09,08:00
24033,40.0,2025-05-09,08:15
24034,40.0,2025-05-09,08:30
24035,197.49,2025-05-09,08:45
24036,168.57,2025-05-09,09:00
24037,40.0,2025-05-09,09:15
24038,40.0,2025-05-09,09:30
24039,40.0,2025-05-09,09:45
24040,40.0,2025-05-09,10:00
24041,40.0,2025-05-09,10:15
24042,40.0,2025-05-09,10:30
24043,40.0,2025-05-09,10:45
24044,40.0,2025-05-09,11:00
24045,40.0,2025-05-09,11:15
24046,40.0,2025-05-09,11:30
24047,40.0,2025-05-09,11:45
24048,40.0,2025-05-09,12:00
24049,40.0,2025-05-09,12:15
24050,40.0,2025-05-09,12:30
24051,40.0,2025-05-09,12:45
24052,40.0,2025-05-09,13:00
24053,40.0,2025-05-09,13:15
24054,40.0,2025-05-09,13:30
24055,40.0,2025-05-09,13:45
24056,40.0,2025-05-09,14:00
24057,40.0,2025-05-09,14:15
24058,40.0,2025-05-09,14:30
24059,40.0,2025-05-09,14:45
24060,40.0,2025-05-09,15:00
24061,40.0,2025-05-09,15:15
24062,40.0,2025-05-09,15:30
24063,40.0,2025-05-09,15:45
24064,40.0,2025-05-09,16:00
24065,40.0,2025-05-09,16:15
24066,40.0,2025-05-09,16:30
24067,40.0,2025-05-09,16:45
24068,40.0,2025-05-09,17:00
24069,40.0,2025-05-09,17:15
24070,40.0,2025-05-09,17:30
24071,40.0,2025-05-09,17:45
24072,40.0,2025-05-09,18:00
24073,40.0,2025-05-09,18:15
24074,40.0,2025-05-09,18:30
24075,390.0,2025-05-09,18:45
24076,422.56,2025-05-09,19:00
24077,392.43,2025-05-09,19:15
24078,311.54,2025-05-09,19:30
24079,312.76,2025-05-09,19:45
24080,321.49,2025-05-09,20:00
24081,406.9,2025-05-09,20:15
24082,391.55,2025-05-09,20:30
24083,298.03,2025-05-09,20:45
24084,310.61,2025-05-09,21:00
24085,365.87,2025-05-09,21:15
24086,375.61,2025-05-09,21:30
24087,352.25,2025-05-09,21:45
24088,311.62,2025-05-09,22:00
24089,378.23,2025-05-09,22:15
24090,370.35,2025-05-09,22:30
24091,367.11,2025-05-09,22:45
24092,367.25,2025-05-09,23:00
24093,348.66,2025-05-09,23:15
24094,338.14,2025-05-09,23:30
24095,286.44,2025-05-09,23:45
24096,400.0,2025-05-09,24:00
24097,393.36,2025-05-10,00:15
24098,391.97,2025-05-10,00:30
24099,351.41,2025-05-10,00:45
24100,370.27,2025-05-10,01:00
24101,366.66,2025-05-10,01:15
24102,353.9,2025-05-10,01:30
24103,340.84,2025-05-10,01:45
24104,520.73,2025-05-10,02:00
24105,522.68,2025-05-10,02:15
24106,349.0,2025-05-10,02:30
24107,432.6,2025-05-10,02:45
24108,451.89,2025-05-10,03:00
24109,478.35,2025-05-10,03:15
24110,408.47,2025-05-10,03:30
24111,399.27,2025-05-10,03:45
24112,365.24,2025-05-10,04:00
24113,346.21,2025-05-10,04:15
24114,331.59,2025-05-10,04:30
24115,322.66,2025-05-10,04:45
24116,309.65,2025-05-10,05:00
24117,351.85,2025-05-10,05:15
24118,369.02,2025-05-10,05:30
24119,365.65,2025-05-10,05:45
24120,380.24,2025-05-10,06:00
24121,403.92,2025-05-10,06:15
24122,403.29,2025-05-10,06:30
24123,401.74,2025-05-10,06:45
24124,354.58,2025-05-10,07:00
24125,314.93,2025-05-10,07:15
24126,303.44,2025-05-10,07:30
24127,267.56,2025-05-10,07:45
24128,262.67,2025-05-10,08:00
24129,254.64,2025-05-10,08:15
24130,215.08,2025-05-10,08:30
24131,151.55,2025-05-10,08:45
24132,180.43,2025-05-10,09:00
24133,40.0,2025-05-10,09:15
24134,147.22,2025-05-10,09:30
24135,173.45,2025-05-10,09:45
24136,150.07,2025-05-10,10:00
24137,254.23,2025-05-10,10:15
24138,207.88,2025-05-10,10:30
24139,201.72,2025-05-10,10:45
24140,198.05,2025-05-10,11:00
24141,218.64,2025-05-10,11:15
24142,151.05,2025-05-10,11:30
24143,197.09,2025-05-10,11:45
24144,191.86,2025-05-10,12:00
24145,238.87,2025-05-10,12:15
24146,214.54,2025-05-10,12:30
24147,185.65,2025-05-10,12:45
24148,40.0,2025-05-10,13:00
24149,184.84,2025-05-10,13:15
24150,193.8,2025-05-10,13:30
24151,204.12,2025-05-10,13:45
24152,40.0,2025-05-10,14:00
24153,210.92,2025-05-10,14:15
24154,187.39,2025-05-10,14:30
24155,40.0,2025-05-10,14:45
24156,40.0,2025-05-10,15:00
24157,40.0,2025-05-10,15:15
24158,224.26,2025-05-10,15:30
24159,226.6,2025-05-10,15:45
24160,40.0,2025-05-10,16:00
24161,196.82,2025-05-10,16:15
24162,40.0,2025-05-10,16:30
24163,154.43,2025-05-10,16:45
24164,40.0,2025-05-10,17:00
24165,152.12,2025-05-10,17:15
24166,156.59,2025-05-10,17:30
24167,40.0,2025-05-10,17:45
24168,336.96,2025-05-10,18:00
24169,40.0,2025-05-10,18:15
24170,196.49,2025-05-10,18:30
24171,40.0,2025-05-10,18:45
24172,40.0,2025-05-10,19:00
24173,399.43,2025-05-10,19:15
24174,612.44,2025-05-10,19:30
24175,639.65,2025-05-10,19:45
24176,602.58,2025-05-10,20:00
24177,639.47,2025-05-10,20:15
24178,454.59,2025-05-10,20:30
24179,460.14,2025-05-10,20:45
24180,394.15,2025-05-10,21:00
24181,324.34,2025-05-10,21:15
24182,341.83,2025-05-10,21:30
24183,326.86,2025-05-10,21:45
24184,321.38,2025-05-10,22:00
24185,339.54,2025-05-10,22:15
24186,309.7,2025-05-10,22:30
24187,287.86,2025-05-10,22:45
24188,288.7,2025-05-10,23:00
24189,430.0,2025-05-10,23:15
24190,330.0,2025-05-10,23:30
24191,310.0,2025-05-10,23:45
24192,468.24,2025-05-10,24:00
24193,493.31,2025-05-11,00:15
24194,434.8,2025-05-11,00:30
24195,317.9,2025-05-11,00:45
24196,299.11,2025-05-11,01:00
24197,344.98,2025-05-11,01:15
24198,325.46,2025-05-11,01:30
24199,302.71,2025-05-11,01:45
24200,292.57,2025-05-11,02:00
24201,305.23,2025-05-11,02:15
24202,288.22,2025-05-11,02:30
24203,40.0,2025-05-11,02:45
24204,350.0,2025-05-11,03:00
24205,40.0,2025-05-11,03:15
24206,282.14,2025-05-11,03:30
24207,284.79,2025-05-11,03:45
24208,288.82,2025-05-11,04:00
24209,288.68,2025-05-11,04:15
24210,290.17,2025-05-11,04:30
24211,352.41,2025-05-11,04:45
24212,304.61,2025-05-11,05:00
24213,318.39,2025-05-11,05:15
24214,304.1,2025-05-11,05:30
24215,314.35,2025-05-11,05:45
24216,411.86,2025-05-11,06:00
24217,337.99,2025-05-11,06:15
24218,439.7,2025-05-11,06:30
24219,470.0,2025-05-11,06:45
24220,480.0,2025-05-11,07:00
24221,430.0,2025-05-11,07:15
24222,400.0,2025-05-11,07:30
24223,350.0,2025-05-11,07:45
24224,40.0,2025-05-11,08:00
24225,40.0,2025-05-11,08:15
24226,40.0,2025-05-11,08:30
24227,40.0,2025-05-11,08:45
24228,40.0,2025-05-11,09:00
24229,40.0,2025-05-11,09:15
24230,40.0,2025-05-11,09:30
24231,40.0,2025-05-11,09:45
24232,40.0,2025-05-11,10:00
24233,190.41,2025-05-11,10:15
24234,173.85,2025-05-11,10:30
24235,153.4,2025-05-11,10:45
24236,170.69,2025-05-11,11:00
24237,181.1,2025-05-11,11:15
24238,189.77,2025-05-11,11:30
24239,204.9,2025-05-11,11:45
24240,40.0,2025-05-11,12:00
24241,40.0,2025-05-11,12:15
24242,40.0,2025-05-11,12:30
24243,40.0,2025-05-11,12:45
24244,40.0,2025-05-11,13:00
24245,40.0,2025-05-11,13:15
24246,40.0,2025-05-11,13:30
24247,40.0,2025-05-11,13:45
24248,40.0,2025-05-11,14:00
24249,182.92,2025-05-11,14:15
24250,172.93,2025-05-11,14:30
24251,185.84,2025-05-11,14:45
24252,40.0,2025-05-11,15:00
24253,40.0,2025-05-11,15:15
24254,40.0,2025-05-11,15:30
24255,40.0,2025-05-11,15:45
24256,40.0,2025-05-11,16:00
24257,307.76,2025-05-11,16:15
24258,235.96,2025-05-11,16:30
24259,200.22,2025-05-11,16:45
24260,263.45,2025-05-11,17:00
24261,257.55,2025-05-11,17:15
24262,250.13,2025-05-11,17:30
24263,237.79,2025-05-11,17:45
24264,205.9,2025-05-11,18:00
24265,194.97,2025-05-11,18:15
24266,237.48,2025-05-11,18:30
24267,224.75,2025-05-11,18:45
24268,268.93,2025-05-11,19:00
24269,331.76,2025-05-11,19:15
24270,317.27,2025-05-11,19:30
24271,312.22,2025-05-11,19:45
24272,295.46,2025-05-11,20:00
24273,277.71,2025-05-11,20:15
24274,286.86,2025-05-11,20:30
24275,278.98,2025-05-11,20:45
24276,306.79,2025-05-11,21:00
24277,297.56,2025-05-11,21:15
24278,299.93,2025-05-11,21:30
24279,286.13,2025-05-11,21:45
24280,297.95,2025-05-11,22:00
24281,328.81,2025-05-11,22:15
24282,329.03,2025-05-11,22:30
24283,352.31,2025-05-11,22:45
24284,353.13,2025-05-11,23:00
24285,320.86,2025-05-11,23:15
24286,287.89,2025-05-11,23:30
24287,263.28,2025-05-11,23:45
24288,248.43,2025-05-11,24:00
24289,347.74,2025-05-12,00:15
24290,303.19,2025-05-12,00:30
24291,320.95,2025-05-12,00:45
24292,286.42,2025-05-12,01:00
24293,235.88,2025-05-12,01:15
24294,209.71,2025-05-12,01:30
24295,255.21,2025-05-12,01:45
24296,227.37,2025-05-12,02:00
24297,236.53,2025-05-12,02:15
24298,250.34,2025-05-12,02:30
24299,248.44,2025-05-12,02:45
24300,205.9,2025-05-12,03:00
24301,40.0,2025-05-12,03:15
24302,40.0,2025-05-12,03:30
24303,247.79,2025-05-12,03:45
24304,305.49,2025-05-12,04:00
24305,320.46,2025-05-12,04:15
24306,328.96,2025-05-12,04:30
24307,328.78,2025-05-12,04:45
24308,318.9,2025-05-12,05:00
24309,326.07,2025-05-12,05:15
24310,319.74,2025-05-12,05:30
24311,416.42,2025-05-12,05:45
24312,450.0,2025-05-12,06:00
24313,430.0,2025-05-12,06:15
24314,450.0,2025-05-12,06:30
24315,467.32,2025-05-12,06:45
24316,443.01,2025-05-12,07:00
24317,420.0,2025-05-12,07:15
24318,420.0,2025-05-12,07:30
24319,400.0,2025-05-12,07:45
24320,390.0,2025-05-12,08:00
24321,210.9,2025-05-12,08:15
24322,213.65,2025-05-12,08:30
24323,210.79,2025-05-12,08:45
24324,199.73,2025-05-12,09:00
24325,198.4,2025-05-12,09:15
24326,196.69,2025-05-12,09:30
24327,221.18,2025-05-12,09:45
24328,247.35,2025-05-12,10:00
24329,262.21,2025-05-12,10:15
24330,246.01,2025-05-12,10:30
24331,244.07,2025-05-12,10:45
24332,261.65,2025-05-12,11:00
24333,266.74,2025-05-12,11:15
24334,194.49,2025-05-12,11:30
24335,204.16,2025-05-12,11:45
24336,194.63,2025-05-12,12:00
24337,208.46,2025-05-12,12:15
24338,199.48,2025-05-12,12:30
24339,196.17,2025-05-12,12:45
24340,40.0,2025-05-12,13:00
24341,40.0,2025-05-12,13:15
24342,40.0,2025-05-12,13:30
24343,40.0,2025-05-12,13:45
24344,40.0,2025-05-12,14:00
24345,280.46,2025-05-12,14:15
24346,230.34,2025-05-12,14:30
24347,201.82,2025-05-12,14:45
24348,40.0,2025-05-12,15:00
24349,40.0,2025-05-12,15:15
24350,228.23,2025-05-12,15:30
24351,246.65,2025-05-12,15:45
24352,278.37,2025-05-12,16:00
24353,331.78,2025-05-12,16:15
24354,322.39,2025-05-12,16:30
24355,306.96,2025-05-12,16:45
24356,280.36,2025-05-12,17:00
24357,282.04,2025-05-12,17:15
24358,255.35,2025-05-12,17:30
24359,256.62,2025-05-12,17:45
24360,214.52,2025-05-12,18:00
24361,40.0,2025-05-12,18:15
24362,188.59,2025-05-12,18:30
24363,40.0,2025-05-12,18:45
24364,250.84,2025-05-12,19:00
24365,274.86,2025-05-12,19:15
24366,364.11,2025-05-12,19:30
24367,330.03,2025-05-12,19:45
24368,320.39,2025-05-12,20:00
24369,379.85,2025-05-12,20:15
24370,396.35,2025-05-12,20:30
24371,391.83,2025-05-12,20:45
24372,394.47,2025-05-12,21:00
24373,394.52,2025-05-12,21:15
24374,391.4,2025-05-12,21:30
24375,380.87,2025-05-12,21:45
24376,385.44,2025-05-12,22:00
24377,337.9,2025-05-12,22:15
24378,338.26,2025-05-12,22:30
24379,339.24,2025-05-12,22:45
24380,353.06,2025-05-12,23:00
24381,364.72,2025-05-12,23:15
24382,339.12,2025-05-12,23:30
24383,393.56,2025-05-12,23:45
24384,329.28,2025-05-12,24:00
24385,451.27,2025-05-13,00:15
24386,456.38,2025-05-13,00:30
24387,389.65,2025-05-13,00:45
24388,405.86,2025-05-13,01:00
24389,379.51,2025-05-13,01:15
24390,354.96,2025-05-13,01:30
24391,338.53,2025-05-13,01:45
24392,279.92,2025-05-13,02:00
24393,300.09,2025-05-13,02:15
24394,302.82,2025-05-13,02:30
24395,331.24,2025-05-13,02:45
24396,248.15,2025-05-13,03:00
24397,299.9,2025-05-13,03:15
24398,318.49,2025-05-13,03:30
24399,355.7,2025-05-13,03:45
24400,378.8,2025-05-13,04:00
24401,352.75,2025-05-13,04:15
24402,327.95,2025-05-13,04:30
24403,332.89,2025-05-13,04:45
24404,375.96,2025-05-13,05:00
24405,298.04,2025-05-13,05:15
24406,296.12,2025-05-13,05:30
24407,309.39,2025-05-13,05:45
24408,310.42,2025-05-13,06:00
24409,345.91,2025-05-13,06:15
24410,328.24,2025-05-13,06:30
24411,342.77,2025-05-13,06:45
24412,332.31,2025-05-13,07:00
24413,317.98,2025-05-13,07:15
24414,291.19,2025-05-13,07:30
24415,209.95,2025-05-13,07:45
24416,192.34,2025-05-13,08:00
24417,249.19,2025-05-13,08:15
24418,244.43,2025-05-13,08:30
24419,40.0,2025-05-13,08:45
24420,40.0,2025-05-13,09:00
24421,50.44,2025-05-13,09:15
24422,352.41,2025-05-13,09:30
24423,170.15,2025-05-13,09:45
24424,196.95,2025-05-13,10:00
24425,231.09,2025-05-13,10:15
24426,222.33,2025-05-13,10:30
24427,202.37,2025-05-13,10:45
24428,195.91,2025-05-13,11:00
24429,196.57,2025-05-13,11:15
24430,40.0,2025-05-13,11:30
24431,207.6,2025-05-13,11:45
24432,40.0,2025-05-13,12:00
24433,194.96,2025-05-13,12:15
24434,40.0,2025-05-13,12:30
24435,40.0,2025-05-13,12:45
24436,40.0,2025-05-13,13:00
24437,207.93,2025-05-13,13:15
24438,208.9,2025-05-13,13:30
24439,40.0,2025-05-13,13:45
24440,40.0,2025-05-13,14:00
24441,40.0,2025-05-13,14:15
24442,40.0,2025-05-13,14:30
24443,40.0,2025-05-13,14:45
24444,40.0,2025-05-13,15:00
24445,199.75,2025-05-13,15:15
24446,186.96,2025-05-13,15:30
24447,284.68,2025-05-13,15:45
24448,254.29,2025-05-13,16:00
24449,257.48,2025-05-13,16:15
24450,250.82,2025-05-13,16:30
24451,286.48,2025-05-13,16:45
24452,261.66,2025-05-13,17:00
24453,262.6,2025-05-13,17:15
24454,270.86,2025-05-13,17:30
24455,266.19,2025-05-13,17:45
24456,218.19,2025-05-13,18:00
24457,40.0,2025-05-13,18:15
24458,40.0,2025-05-13,18:30
24459,40.0,2025-05-13,18:45
24460,40.0,2025-05-13,19:00
24461,40.0,2025-05-13,19:15
24462,40.0,2025-05-13,19:30
24463,40.0,2025-05-13,19:45
24464,40.0,2025-05-13,20:00
24465,40.0,2025-05-13,20:15
24466,40.0,2025-05-13,20:30
24467,350.0,2025-05-13,20:45
24468,330.0,2025-05-13,21:00
24469,390.0,2025-05-13,21:15
24470,340.0,2025-05-13,21:30
24471,40.0,2025-05-13,21:45
24472,40.0,2025-05-13,22:00
24473,340.0,2025-05-13,22:15
24474,330.0,2025-05-13,22:30
24475,340.0,2025-05-13,22:45
24476,340.0,2025-05-13,23:00
24477,40.0,2025-05-13,23:15
24478,380.0,2025-05-13,23:30
24479,40.0,2025-05-13,23:45
24480,40.0,2025-05-13,24:00
24481,400.0,2025-05-14,00:15
24482,400.0,2025-05-14,00:30
24483,380.0,2025-05-14,00:45
24484,390.0,2025-05-14,01:00
24485,380.0,2025-05-14,01:15
24486,258.62,2025-05-14,01:30
24487,40.0,2025-05-14,01:45
24488,40.0,2025-05-14,02:00
24489,40.0,2025-05-14,02:15
24490,288.11,2025-05-14,02:30
24491,281.09,2025-05-14,02:45
24492,259.47,2025-05-14,03:00
24493,259.49,2025-05-14,03:15
24494,236.13,2025-05-14,03:30
24495,40.0,2025-05-14,03:45
24496,40.0,2025-05-14,04:00
24497,40.0,2025-05-14,04:15
24498,40.0,2025-05-14,04:30
24499,300.87,2025-05-14,04:45
24500,314.28,2025-05-14,05:00
24501,315.51,2025-05-14,05:15
24502,309.77,2025-05-14,05:30
24503,282.71,2025-05-14,05:45
24504,287.18,2025-05-14,06:00
24505,274.17,2025-05-14,06:15
24506,349.62,2025-05-14,06:30
24507,349.89,2025-05-14,06:45
24508,253.55,2025-05-14,07:00
24509,40.0,2025-05-14,07:15
24510,243.96,2025-05-14,07:30
24511,265.96,2025-05-14,07:45
24512,257.6,2025-05-14,08:00
24513,258.05,2025-05-14,08:15
24514,176.38,2025-05-14,08:30
24515,212.7,2025-05-14,08:45
24516,40.0,2025-05-14,09:00
24517,40.0,2025-05-14,09:15
24518,214.5,2025-05-14,09:30
24519,206.05,2025-05-14,09:45
24520,258.34,2025-05-14,10:00
24521,284.43,2025-05-14,10:15
24522,278.86,2025-05-14,10:30
24523,267.39,2025-05-14,10:45
24524,259.45,2025-05-14,11:00
24525,287.05,2025-05-14,11:15
24526,285.96,2025-05-14,11:30
24527,258.79,2025-05-14,11:45
24528,269.42,2025-05-14,12:00
24529,266.28,2025-05-14,12:15
24530,258.68,2025-05-14,12:30
24531,268.37,2025-05-14,12:45
24532,277.81,2025-05-14,13:00
24533,279.97,2025-05-14,13:15
24534,269.01,2025-05-14,13:30
24535,274.46,2025-05-14,13:45
24536,277.21,2025-05-14,14:00
24537,311.78,2025-05-14,14:15
24538,311.53,2025-05-14,14:30
24539,316.96,2025-05-14,14:45
24540,313.74,2025-05-14,15:00
24541,320.81,2025-05-14,15:15
24542,332.17,2025-05-14,15:30
24543,330.82,2025-05-14,15:45
24544,334.17,2025-05-14,16:00
24545,313.98,2025-05-14,16:15
24546,299.97,2025-05-14,16:30
24547,283.59,2025-05-14,16:45
24548,284.52,2025-05-14,17:00
24549,265.09,2025-05-14,17:15
24550,284.69,2025-05-14,17:30
24551,295.95,2025-05-14,17:45
24552,261.42,2025-05-14,18:00
24553,40.0,2025-05-14,18:15
24554,40.0,2025-05-14,18:30
24555,316.23,2025-05-14,18:45
24556,390.0,2025-05-14,19:00
24557,448.11,2025-05-14,19:15
24558,444.77,2025-05-14,19:30
24559,455.19,2025-05-14,19:45
24560,469.93,2025-05-14,20:00
24561,540.0,2025-05-14,20:15
24562,534.85,2025-05-14,20:30
24563,540.0,2025-05-14,20:45
24564,408.97,2025-05-14,21:00
24565,383.05,2025-05-14,21:15
24566,375.18,2025-05-14,21:30
24567,365.89,2025-05-14,21:45
24568,353.79,2025-05-14,22:00
24569,340.26,2025-05-14,22:15
24570,339.72,2025-05-14,22:30
24571,326.62,2025-05-14,22:45
24572,321.26,2025-05-14,23:00
24573,345.28,2025-05-14,23:15
24574,456.22,2025-05-14,23:30
24575,430.0,2025-05-14,23:45
24576,430.0,2025-05-14,24:00
24577,437.89,2025-05-15,00:15
24578,432.32,2025-05-15,00:30
24579,422.89,2025-05-15,00:45
24580,365.05,2025-05-15,01:00
24581,378.59,2025-05-15,01:15
24582,357.77,2025-05-15,01:30
24583,358.85,2025-05-15,01:45
24584,356.08,2025-05-15,02:00
24585,354.73,2025-05-15,02:15
24586,370.71,2025-05-15,02:30
24587,366.47,2025-05-15,02:45
24588,357.57,2025-05-15,03:00
24589,321.09,2025-05-15,03:15
24590,450.0,2025-05-15,03:30
24591,368.13,2025-05-15,03:45
24592,215.23,2025-05-15,04:00
24593,199.75,2025-05-15,04:15
24594,240.8,2025-05-15,04:30
24595,234.42,2025-05-15,04:45
24596,193.84,2025-05-15,05:00
24597,324.22,2025-05-15,05:15
24598,198.91,2025-05-15,05:30
24599,237.25,2025-05-15,05:45
24600,390.0,2025-05-15,06:00
24601,450.0,2025-05-15,06:15
24602,350.0,2025-05-15,06:30
24603,290.0,2025-05-15,06:45
24604,40.0,2025-05-15,07:00
24605,40.0,2025-05-15,07:15
24606,40.0,2025-05-15,07:30
24607,40.0,2025-05-15,07:45
24608,40.0,2025-05-15,08:00
24609,40.0,2025-05-15,08:15
24610,40.0,2025-05-15,08:30
24611,40.0,2025-05-15,08:45
24612,40.0,2025-05-15,09:00
24613,157.13,2025-05-15,09:15
24614,170.69,2025-05-15,09:30
24615,188.4,2025-05-15,09:45
24616,218.07,2025-05-15,10:00
24617,242.91,2025-05-15,10:15
24618,233.49,2025-05-15,10:30
24619,240.55,2025-05-15,10:45
24620,233.13,2025-05-15,11:00
24621,241.68,2025-05-15,11:15
24622,241.53,2025-05-15,11:30
24623,249.11,2025-05-15,11:45
24624,197.05,2025-05-15,12:00
24625,222.83,2025-05-15,12:15
24626,223.19,2025-05-15,12:30
24627,255.62,2025-05-15,12:45
24628,244.26,2025-05-15,13:00
24629,244.4,2025-05-15,13:15
24630,215.6,2025-05-15,13:30
24631,239.29,2025-05-15,13:45
24632,257.54,2025-05-15,14:00
24633,281.95,2025-05-15,14:15
24634,265.15,2025-05-15,14:30
24635,300.56,2025-05-15,14:45
24636,318.96,2025-05-15,15:00
24637,345.05,2025-05-15,15:15
24638,291.46,2025-05-15,15:30
24639,312.55,2025-05-15,15:45
24640,307.81,2025-05-15,16:00
24641,262.62,2025-05-15,16:15
24642,278.79,2025-05-15,16:30
24643,262.65,2025-05-15,16:45
24644,258.09,2025-05-15,17:00
24645,249.73,2025-05-15,17:15
24646,237.81,2025-05-15,17:30
24647,239.5,2025-05-15,17:45
24648,227.06,2025-05-15,18:00
24649,212.86,2025-05-15,18:15
24650,200.11,2025-05-15,18:30
24651,210.53,2025-05-15,18:45
24652,239.21,2025-05-15,19:00
24653,237.89,2025-05-15,19:15
24654,231.52,2025-05-15,19:30
24655,223.58,2025-05-15,19:45
24656,228.33,2025-05-15,20:00
24657,267.15,2025-05-15,20:15
24658,235.32,2025-05-15,20:30
24659,312.56,2025-05-15,20:45
24660,230.36,2025-05-15,21:00
24661,273.9,2025-05-15,21:15
24662,264.1,2025-05-15,21:30
24663,247.76,2025-05-15,21:45
24664,232.99,2025-05-15,22:00
24665,230.37,2025-05-15,22:15
24666,230.62,2025-05-15,22:30
24667,232.99,2025-05-15,22:45
24668,244.23,2025-05-15,23:00
24669,258.17,2025-05-15,23:15
24670,252.23,2025-05-15,23:30
24671,256.37,2025-05-15,23:45
24672,259.56,2025-05-15,24:00
24673,404.35,2025-05-16,00:15
24674,446.06,2025-05-16,00:30
24675,393.18,2025-05-16,00:45
24676,405.54,2025-05-16,01:00
24677,317.49,2025-05-16,01:15
24678,315.43,2025-05-16,01:30
24679,297.32,2025-05-16,01:45
24680,304.84,2025-05-16,02:00
24681,310.8,2025-05-16,02:15
24682,316.81,2025-05-16,02:30
24683,325.11,2025-05-16,02:45
24684,323.26,2025-05-16,03:00
24685,318.34,2025-05-16,03:15
24686,279.86,2025-05-16,03:30
24687,292.62,2025-05-16,03:45
24688,276.94,2025-05-16,04:00
24689,279.35,2025-05-16,04:15
24690,271.05,2025-05-16,04:30
24691,272.99,2025-05-16,04:45
24692,277.41,2025-05-16,05:00
24693,512.78,2025-05-16,05:15
24694,274.58,2025-05-16,05:30
24695,278.41,2025-05-16,05:45
24696,477.27,2025-05-16,06:00
24697,293.08,2025-05-16,06:15
24698,260.79,2025-05-16,06:30
24699,40.0,2025-05-16,06:45
24700,621.08,2025-05-16,07:00
24701,227.3,2025-05-16,07:15
24702,236.49,2025-05-16,07:30
24703,238.61,2025-05-16,07:45
24704,239.27,2025-05-16,08:00
24705,177.13,2025-05-16,08:15
24706,172.91,2025-05-16,08:30
24707,40.0,2025-05-16,08:45
24708,162.51,2025-05-16,09:00
24709,188.71,2025-05-16,09:15
24710,221.07,2025-05-16,09:30
24711,196.33,2025-05-16,09:45
24712,210.45,2025-05-16,10:00
24713,231.15,2025-05-16,10:15
24714,177.9,2025-05-16,10:30
24715,209.38,2025-05-16,10:45
24716,147.78,2025-05-16,11:00
24717,40.0,2025-05-16,11:15
24718,40.0,2025-05-16,11:30
24719,260.15,2025-05-16,11:45
24720,298.81,2025-05-16,12:00
24721,308.98,2025-05-16,12:15
24722,172.87,2025-05-16,12:30
24723,40.0,2025-05-16,12:45
24724,40.0,2025-05-16,13:00
24725,40.0,2025-05-16,13:15
24726,40.0,2025-05-16,13:30
24727,40.0,2025-05-16,13:45
24728,168.67,2025-05-16,14:00
24729,173.73,2025-05-16,14:15
24730,40.0,2025-05-16,14:30
24731,40.0,2025-05-16,14:45
24732,40.0,2025-05-16,15:00
24733,180.02,2025-05-16,15:15
24734,294.77,2025-05-16,15:30
24735,304.76,2025-05-16,15:45
24736,289.12,2025-05-16,16:00
24737,230.91,2025-05-16,16:15
24738,173.02,2025-05-16,16:30
24739,174.63,2025-05-16,16:45
24740,214.41,2025-05-16,17:00
24741,264.38,2025-05-16,17:15
24742,255.59,2025-05-16,17:30
24743,324.59,2025-05-16,17:45
24744,267.2,2025-05-16,18:00
24745,243.94,2025-05-16,18:15
24746,212.3,2025-05-16,18:30
24747,191.5,2025-05-16,18:45
24748,245.47,2025-05-16,19:00
24749,301.34,2025-05-16,19:15
24750,280.56,2025-05-16,19:30
24751,279.72,2025-05-16,19:45
24752,417.65,2025-05-16,20:00
24753,307.35,2025-05-16,20:15
24754,294.96,2025-05-16,20:30
24755,310.36,2025-05-16,20:45
24756,381.89,2025-05-16,21:00
24757,306.29,2025-05-16,21:15
24758,303.52,2025-05-16,21:30
24759,305.89,2025-05-16,21:45
24760,293.18,2025-05-16,22:00
24761,304.16,2025-05-16,22:15
24762,308.94,2025-05-16,22:30
24763,301.32,2025-05-16,22:45
24764,535.53,2025-05-16,23:00
24765,337.51,2025-05-16,23:15
24766,354.43,2025-05-16,23:30
24767,356.98,2025-05-16,23:45
24768,337.86,2025-05-16,24:00
24769,362.04,2025-05-17,00:15
24770,334.78,2025-05-17,00:30
24771,369.09,2025-05-17,00:45
24772,337.08,2025-05-17,01:00
24773,311.42,2025-05-17,01:15
24774,315.04,2025-05-17,01:30
24775,309.15,2025-05-17,01:45
24776,304.02,2025-05-17,02:00
24777,332.97,2025-05-17,02:15
24778,331.84,2025-05-17,02:30
24779,325.07,2025-05-17,02:45
24780,298.8,2025-05-17,03:00
24781,269.02,2025-05-17,03:15
24782,266.23,2025-05-17,03:30
24783,295.47,2025-05-17,03:45
24784,286.03,2025-05-17,04:00
24785,329.12,2025-05-17,04:15
24786,332.44,2025-05-17,04:30
24787,331.23,2025-05-17,04:45
24788,336.73,2025-05-17,05:00
24789,345.85,2025-05-17,05:15
24790,339.8,2025-05-17,05:30
24791,335.25,2025-05-17,05:45
24792,311.77,2025-05-17,06:00
24793,440.0,2025-05-17,06:15
24794,267.52,2025-05-17,06:30
24795,316.92,2025-05-17,06:45
24796,294.48,2025-05-17,07:00
24797,246.2,2025-05-17,07:15
24798,263.38,2025-05-17,07:30
24799,221.36,2025-05-17,07:45
24800,223.87,2025-05-17,08:00
24801,218.15,2025-05-17,08:15
24802,187.41,2025-05-17,08:30
24803,188.79,2025-05-17,08:45
24804,183.44,2025-05-17,09:00
24805,226.98,2025-05-17,09:15
24806,110.6,2025-05-17,09:30
24807,150.56,2025-05-17,09:45
24808,181.64,2025-05-17,10:00
24809,220.57,2025-05-17,10:15
24810,221.73,2025-05-17,10:30
24811,222.62,2025-05-17,10:45
24812,218.42,2025-05-17,11:00
24813,223.99,2025-05-17,11:15
24814,230.45,2025-05-17,11:30
24815,223.31,2025-05-17,11:45
24816,221.52,2025-05-17,12:00
24817,270.58,2025-05-17,12:15
24818,282.79,2025-05-17,12:30
24819,266.92,2025-05-17,12:45
24820,268.62,2025-05-17,13:00
24821,278.89,2025-05-17,13:15
24822,236.44,2025-05-17,13:30
24823,279.12,2025-05-17,13:45
24824,283.36,2025-05-17,14:00
24825,281.35,2025-05-17,14:15
24826,295.84,2025-05-17,14:30
24827,302.07,2025-05-17,14:45
24828,291.22,2025-05-17,15:00
24829,306.1,2025-05-17,15:15
24830,302.13,2025-05-17,15:30
24831,328.3,2025-05-17,15:45
24832,336.64,2025-05-17,16:00
24833,327.27,2025-05-17,16:15
24834,293.33,2025-05-17,16:30
24835,293.0,2025-05-17,16:45
24836,298.75,2025-05-17,17:00
24837,289.44,2025-05-17,17:15
24838,284.87,2025-05-17,17:30
24839,282.78,2025-05-17,17:45
24840,269.94,2025-05-17,18:00
24841,232.29,2025-05-17,18:15
24842,219.64,2025-05-17,18:30
24843,228.18,2025-05-17,18:45
24844,269.25,2025-05-17,19:00
24845,326.5,2025-05-17,19:15
24846,419.37,2025-05-17,19:30
24847,331.47,2025-05-17,19:45
24848,306.05,2025-05-17,20:00
24849,303.21,2025-05-17,20:15
24850,317.32,2025-05-17,20:30
24851,302.13,2025-05-17,20:45
24852,298.42,2025-05-17,21:00
24853,330.88,2025-05-17,21:15
24854,319.26,2025-05-17,21:30
24855,315.68,2025-05-17,21:45
24856,273.65,2025-05-17,22:00
24857,282.56,2025-05-17,22:15
24858,310.02,2025-05-17,22:30
24859,321.95,2025-05-17,22:45
24860,440.0,2025-05-17,23:00
24861,330.37,2025-05-17,23:15
24862,298.36,2025-05-17,23:30
24863,293.58,2025-05-17,23:45
24864,480.0,2025-05-17,24:00
24865,449.71,2025-05-18,00:15
24866,550.0,2025-05-18,00:30
24867,500.0,2025-05-18,00:45
24868,500.0,2025-05-18,01:00
24869,500.0,2025-05-18,01:15
24870,500.0,2025-05-18,01:30
24871,500.0,2025-05-18,01:45
24872,500.0,2025-05-18,02:00
24873,500.0,2025-05-18,02:15
24874,480.0,2025-05-18,02:30
24875,480.0,2025-05-18,02:45
24876,460.0,2025-05-18,03:00
24877,560.0,2025-05-18,03:15
24878,550.0,2025-05-18,03:30
24879,550.0,2025-05-18,03:45
24880,550.0,2025-05-18,04:00
24881,550.0,2025-05-18,04:15
24882,550.0,2025-05-18,04:30
24883,550.0,2025-05-18,04:45
24884,550.0,2025-05-18,05:00
24885,560.0,2025-05-18,05:15
24886,590.0,2025-05-18,05:30
24887,590.0,2025-05-18,05:45
24888,560.0,2025-05-18,06:00
24889,550.0,2025-05-18,06:15
24890,500.0,2025-05-18,06:30
24891,460.0,2025-05-18,06:45
24892,450.0,2025-05-18,07:00
24893,350.0,2025-05-18,07:15
24894,320.0,2025-05-18,07:30
24895,300.0,2025-05-18,07:45
24896,270.0,2025-05-18,08:00
24897,189.38,2025-05-18,08:15
24898,40.0,2025-05-18,08:30
24899,40.0,2025-05-18,08:45
24900,40.0,2025-05-18,09:00
24901,181.92,2025-05-18,09:15
24902,157.86,2025-05-18,09:30
24903,148.82,2025-05-18,09:45
24904,40.0,2025-05-18,10:00
24905,190.12,2025-05-18,10:15
24906,191.61,2025-05-18,10:30
24907,166.45,2025-05-18,10:45
24908,40.0,2025-05-18,11:00
24909,176.83,2025-05-18,11:15
24910,171.65,2025-05-18,11:30
24911,180.57,2025-05-18,11:45
24912,183.8,2025-05-18,12:00
24913,185.02,2025-05-18,12:15
24914,158.06,2025-05-18,12:30
24915,40.0,2025-05-18,12:45
24916,40.0,2025-05-18,13:00
24917,40.0,2025-05-18,13:15
24918,171.2,2025-05-18,13:30
24919,216.53,2025-05-18,13:45
24920,263.47,2025-05-18,14:00
24921,195.44,2025-05-18,14:15
24922,167.66,2025-05-18,14:30
24923,40.0,2025-05-18,14:45
24924,150.1,2025-05-18,15:00
24925,40.0,2025-05-18,15:15
24926,189.72,2025-05-18,15:30
24927,242.44,2025-05-18,15:45
24928,212.94,2025-05-18,16:00
24929,229.71,2025-05-18,16:15
24930,261.86,2025-05-18,16:30
24931,250.18,2025-05-18,16:45
24932,268.54,2025-05-18,17:00
24933,344.17,2025-05-18,17:15
24934,276.65,2025-05-18,17:30
24935,315.32,2025-05-18,17:45
24936,261.05,2025-05-18,18:00
24937,40.0,2025-05-18,18:15
24938,276.4,2025-05-18,18:30
24939,288.84,2025-05-18,18:45
24940,332.46,2025-05-18,19:00
24941,477.03,2025-05-18,19:15
24942,501.52,2025-05-18,19:30
24943,447.86,2025-05-18,19:45
24944,483.51,2025-05-18,20:00
24945,454.65,2025-05-18,20:15
24946,509.56,2025-05-18,20:30
24947,431.0,2025-05-18,20:45
24948,400.67,2025-05-18,21:00
24949,411.58,2025-05-18,21:15
24950,455.54,2025-05-18,21:30
24951,435.98,2025-05-18,21:45
24952,411.69,2025-05-18,22:00
24953,404.69,2025-05-18,22:15
24954,400.78,2025-05-18,22:30
24955,389.56,2025-05-18,22:45
24956,369.73,2025-05-18,23:00
24957,454.83,2025-05-18,23:15
24958,500.0,2025-05-18,23:30
24959,444.63,2025-05-18,23:45
24960,500.0,2025-05-18,24:00
24961,550.0,2025-05-19,00:15
24962,500.0,2025-05-19,00:30
24963,500.0,2025-05-19,00:45
24964,500.0,2025-05-19,01:00
24965,470.58,2025-05-19,01:15
24966,423.31,2025-05-19,01:30
24967,461.65,2025-05-19,01:45
24968,363.9,2025-05-19,02:00
24969,388.73,2025-05-19,02:15
24970,383.97,2025-05-19,02:30
24971,359.99,2025-05-19,02:45
24972,460.0,2025-05-19,03:00
24973,460.0,2025-05-19,03:15
24974,500.0,2025-05-19,03:30
24975,500.0,2025-05-19,03:45
24976,480.28,2025-05-19,04:00
24977,500.0,2025-05-19,04:15
24978,500.0,2025-05-19,04:30
24979,460.0,2025-05-19,04:45
24980,450.0,2025-05-19,05:00
24981,460.0,2025-05-19,05:15
24982,460.0,2025-05-19,05:30
24983,500.0,2025-05-19,05:45
24984,460.0,2025-05-19,06:00
24985,500.0,2025-05-19,06:15
24986,500.0,2025-05-19,06:30
24987,500.0,2025-05-19,06:45
24988,460.0,2025-05-19,07:00
24989,460.0,2025-05-19,07:15
24990,450.0,2025-05-19,07:30
24991,450.0,2025-05-19,07:45
24992,367.59,2025-05-19,08:00
24993,317.99,2025-05-19,08:15
24994,290.0,2025-05-19,08:30
24995,290.0,2025-05-19,08:45
24996,182.26,2025-05-19,09:00
24997,40.0,2025-05-19,09:15
24998,165.26,2025-05-19,09:30
24999,241.02,2025-05-19,09:45
25000,243.43,2025-05-19,10:00
25001,228.83,2025-05-19,10:15
25002,210.37,2025-05-19,10:30
25003,212.02,2025-05-19,10:45
25004,225.67,2025-05-19,11:00
25005,230.98,2025-05-19,11:15
25006,241.36,2025-05-19,11:30
25007,183.4,2025-05-19,11:45
25008,208.43,2025-05-19,12:00
25009,219.65,2025-05-19,12:15
25010,253.72,2025-05-19,12:30
25011,247.1,2025-05-19,12:45
25012,217.31,2025-05-19,13:00
25013,256.61,2025-05-19,13:15
25014,233.7,2025-05-19,13:30
25015,253.67,2025-05-19,13:45
25016,265.47,2025-05-19,14:00
25017,241.85,2025-05-19,14:15
25018,249.31,2025-05-19,14:30
25019,305.08,2025-05-19,14:45
25020,302.0,2025-05-19,15:00
25021,268.9,2025-05-19,15:15
25022,263.5,2025-05-19,15:30
25023,264.41,2025-05-19,15:45
25024,267.81,2025-05-19,16:00
25025,316.04,2025-05-19,16:15
25026,313.21,2025-05-19,16:30
25027,288.82,2025-05-19,16:45
25028,285.42,2025-05-19,17:00
25029,334.92,2025-05-19,17:15
25030,331.85,2025-05-19,17:30
25031,285.26,2025-05-19,17:45
25032,342.43,2025-05-19,18:00
25033,304.85,2025-05-19,18:15
25034,40.0,2025-05-19,18:30
25035,302.41,2025-05-19,18:45
25036,322.34,2025-05-19,19:00
25037,415.69,2025-05-19,19:15
25038,521.81,2025-05-19,19:30
25039,498.9,2025-05-19,19:45
25040,418.56,2025-05-19,20:00
25041,465.2,2025-05-19,20:15
25042,468.57,2025-05-19,20:30
25043,463.96,2025-05-19,20:45
25044,500.95,2025-05-19,21:00
25045,553.33,2025-05-19,21:15
25046,538.23,2025-05-19,21:30
25047,383.66,2025-05-19,21:45
25048,350.76,2025-05-19,22:00
25049,287.29,2025-05-19,22:15
25050,278.43,2025-05-19,22:30
25051,280.5,2025-05-19,22:45
25052,272.74,2025-05-19,23:00
25053,323.59,2025-05-19,23:15
25054,300.68,2025-05-19,23:30
25055,281.9,2025-05-19,23:45
25056,267.19,2025-05-19,24:00
25057,321.92,2025-05-20,00:15
25058,283.51,2025-05-20,00:30
25059,311.45,2025-05-20,00:45
25060,269.68,2025-05-20,01:00
25061,244.59,2025-05-20,01:15
25062,231.1,2025-05-20,01:30
25063,217.71,2025-05-20,01:45
25064,215.67,2025-05-20,02:00
25065,287.56,2025-05-20,02:15
25066,274.57,2025-05-20,02:30
25067,280.65,2025-05-20,02:45
25068,285.68,2025-05-20,03:00
25069,303.26,2025-05-20,03:15
25070,416.75,2025-05-20,03:30
25071,414.53,2025-05-20,03:45
25072,432.39,2025-05-20,04:00
25073,435.49,2025-05-20,04:15
25074,437.68,2025-05-20,04:30
25075,435.53,2025-05-20,04:45
25076,396.92,2025-05-20,05:00
25077,434.33,2025-05-20,05:15
25078,435.92,2025-05-20,05:30
25079,429.29,2025-05-20,05:45
25080,398.47,2025-05-20,06:00
25081,387.45,2025-05-20,06:15
25082,398.6,2025-05-20,06:30
25083,353.32,2025-05-20,06:45
25084,346.56,2025-05-20,07:00
25085,306.22,2025-05-20,07:15
25086,355.14,2025-05-20,07:30
25087,351.53,2025-05-20,07:45
25088,344.5,2025-05-20,08:00
25089,298.24,2025-05-20,08:15
25090,265.85,2025-05-20,08:30
25091,305.43,2025-05-20,08:45
25092,174.01,2025-05-20,09:00
25093,164.25,2025-05-20,09:15
25094,170.59,2025-05-20,09:30
25095,181.07,2025-05-20,09:45
25096,179.34,2025-05-20,10:00
25097,224.95,2025-05-20,10:15
25098,203.91,2025-05-20,10:30
25099,212.45,2025-05-20,10:45
25100,212.07,2025-05-20,11:00
25101,209.34,2025-05-20,11:15
25102,208.45,2025-05-20,11:30
25103,213.42,2025-05-20,11:45
25104,162.61,2025-05-20,12:00
25105,138.15,2025-05-20,12:15
25106,40.0,2025-05-20,12:30
25107,40.0,2025-05-20,12:45
25108,40.0,2025-05-20,13:00
25109,40.0,2025-05-20,13:15
25110,40.0,2025-05-20,13:30
25111,40.0,2025-05-20,13:45
25112,40.0,2025-05-20,14:00
25113,40.0,2025-05-20,14:15
25114,40.0,2025-05-20,14:30
25115,40.0,2025-05-20,14:45
25116,40.0,2025-05-20,15:00
25117,237.14,2025-05-20,15:15
25118,231.41,2025-05-20,15:30
25119,239.87,2025-05-20,15:45
25120,257.9,2025-05-20,16:00
25121,269.61,2025-05-20,16:15
25122,255.97,2025-05-20,16:30
25123,309.58,2025-05-20,16:45
25124,232.05,2025-05-20,17:00
25125,353.99,2025-05-20,17:15
25126,350.81,2025-05-20,17:30
25127,351.78,2025-05-20,17:45
25128,324.57,2025-05-20,18:00
25129,40.0,2025-05-20,18:15
25130,442.54,2025-05-20,18:30
25131,437.96,2025-05-20,18:45
25132,250.0,2025-05-20,19:00
25133,421.77,2025-05-20,19:15
25134,455.87,2025-05-20,19:30
25135,405.94,2025-05-20,19:45
25136,455.63,2025-05-20,20:00
25137,417.37,2025-05-20,20:15
25138,403.41,2025-05-20,20:30
25139,413.88,2025-05-20,20:45
25140,358.3,2025-05-20,21:00
25141,297.98,2025-05-20,21:15
25142,291.56,2025-05-20,21:30
25143,283.69,2025-05-20,21:45
25144,321.99,2025-05-20,22:00
25145,342.51,2025-05-20,22:15
25146,347.0,2025-05-20,22:30
25147,330.95,2025-05-20,22:45
25148,328.12,2025-05-20,23:00
25149,345.44,2025-05-20,23:15
25150,306.26,2025-05-20,23:30
25151,425.63,2025-05-20,23:45
25152,294.87,2025-05-20,24:00
25153,359.52,2025-05-21,00:15
25154,354.56,2025-05-21,00:30
25155,357.67,2025-05-21,00:45
25156,334.83,2025-05-21,01:00
25157,331.88,2025-05-21,01:15
25158,331.36,2025-05-21,01:30
25159,323.11,2025-05-21,01:45
25160,338.35,2025-05-21,02:00
25161,363.63,2025-05-21,02:15
25162,371.19,2025-05-21,02:30
25163,351.25,2025-05-21,02:45
25164,349.98,2025-05-21,03:00
25165,338.46,2025-05-21,03:15
25166,321.01,2025-05-21,03:30
25167,322.97,2025-05-21,03:45
25168,292.22,2025-05-21,04:00
25169,353.01,2025-05-21,04:15
25170,353.97,2025-05-21,04:30
25171,309.73,2025-05-21,04:45
25172,309.92,2025-05-21,05:00
25173,318.48,2025-05-21,05:15
25174,322.87,2025-05-21,05:30
25175,336.02,2025-05-21,05:45
25176,333.18,2025-05-21,06:00
25177,345.15,2025-05-21,06:15
25178,335.99,2025-05-21,06:30
25179,330.38,2025-05-21,06:45
25180,282.66,2025-05-21,07:00
25181,230.26,2025-05-21,07:15
25182,197.0,2025-05-21,07:30
25183,174.91,2025-05-21,07:45
25184,164.5,2025-05-21,08:00
25185,177.1,2025-05-21,08:15
25186,132.06,2025-05-21,08:30
25187,40.0,2025-05-21,08:45
25188,137.03,2025-05-21,09:00
25189,40.0,2025-05-21,09:15
25190,189.84,2025-05-21,09:30
25191,207.15,2025-05-21,09:45
25192,238.17,2025-05-21,10:00
25193,232.95,2025-05-21,10:15
25194,201.95,2025-05-21,10:30
25195,224.4,2025-05-21,10:45
25196,219.75,2025-05-21,11:00
25197,199.16,2025-05-21,11:15
25198,173.46,2025-05-21,11:30
25199,160.38,2025-05-21,11:45
25200,163.16,2025-05-21,12:00
25201,171.37,2025-05-21,12:15
25202,178.88,2025-05-21,12:30
25203,161.97,2025-05-21,12:45
25204,51.33,2025-05-21,13:00
25205,52.86,2025-05-21,13:15
25206,53.12,2025-05-21,13:30
25207,54.48,2025-05-21,13:45
25208,55.02,2025-05-21,14:00
25209,55.16,2025-05-21,14:15
25210,56.18,2025-05-21,14:30
25211,204.55,2025-05-21,14:45
25212,224.82,2025-05-21,15:00
25213,58.98,2025-05-21,15:15
25214,56.65,2025-05-21,15:30
25215,55.39,2025-05-21,15:45
25216,206.43,2025-05-21,16:00
25217,195.92,2025-05-21,16:15
25218,198.96,2025-05-21,16:30
25219,270.19,2025-05-21,16:45
25220,266.47,2025-05-21,17:00
25221,317.37,2025-05-21,17:15
25222,300.51,2025-05-21,17:30
25223,290.13,2025-05-21,17:45
25224,235.67,2025-05-21,18:00
25225,49.89,2025-05-21,18:15
25226,49.31,2025-05-21,18:30
25227,40.0,2025-05-21,18:45
25228,40.0,2025-05-21,19:00
25229,215.61,2025-05-21,19:15
25230,216.92,2025-05-21,19:30
25231,248.1,2025-05-21,19:45
25232,256.42,2025-05-21,20:00
25233,314.99,2025-05-21,20:15
25234,225.22,2025-05-21,20:30
25235,227.0,2025-05-21,20:45
25236,40.0,2025-05-21,21:00
25237,40.0,2025-05-21,21:15
25238,40.0,2025-05-21,21:30
25239,163.06,2025-05-21,21:45
25240,40.0,2025-05-21,22:00
25241,340.0,2025-05-21,22:15
25242,40.0,2025-05-21,22:30
25243,360.0,2025-05-21,22:45
25244,310.0,2025-05-21,23:00
25245,350.0,2025-05-21,23:15
25246,360.0,2025-05-21,23:30
25247,320.0,2025-05-21,23:45
25248,350.0,2025-05-21,24:00
25249,400.0,2025-05-22,00:15
25250,410.0,2025-05-22,00:30
25251,350.0,2025-05-22,00:45
25252,320.0,2025-05-22,01:00
25253,300.0,2025-05-22,01:15
25254,250.0,2025-05-22,01:30
25255,260.0,2025-05-22,01:45
25256,320.0,2025-05-22,02:00
25257,380.0,2025-05-22,02:15
25258,450.0,2025-05-22,02:30
25259,480.0,2025-05-22,02:45
25260,480.0,2025-05-22,03:00
25261,460.0,2025-05-22,03:15
25262,400.0,2025-05-22,03:30
25263,370.0,2025-05-22,03:45
25264,320.0,2025-05-22,04:00
25265,300.0,2025-05-22,04:15
25266,310.0,2025-05-22,04:30
25267,320.0,2025-05-22,04:45
25268,300.0,2025-05-22,05:00
25269,310.0,2025-05-22,05:15
25270,360.0,2025-05-22,05:30
25271,370.0,2025-05-22,05:45
25272,400.0,2025-05-22,06:00
25273,360.0,2025-05-22,06:15
25274,300.0,2025-05-22,06:30
25275,40.0,2025-05-22,06:45
25276,40.0,2025-05-22,07:00
25277,40.0,2025-05-22,07:15
25278,40.0,2025-05-22,07:30
25279,40.0,2025-05-22,07:45
25280,40.0,2025-05-22,08:00
25281,40.0,2025-05-22,08:15
25282,40.0,2025-05-22,08:30
25283,40.0,2025-05-22,08:45
25284,40.0,2025-05-22,09:00
25285,40.0,2025-05-22,09:15
25286,40.0,2025-05-22,09:30
25287,40.0,2025-05-22,09:45
25288,40.0,2025-05-22,10:00
25289,40.0,2025-05-22,10:15
25290,40.0,2025-05-22,10:30
25291,40.0,2025-05-22,10:45
25292,40.0,2025-05-22,11:00
25293,40.0,2025-05-22,11:15
25294,40.0,2025-05-22,11:30
25295,40.0,2025-05-22,11:45
25296,40.0,2025-05-22,12:00
25297,40.0,2025-05-22,12:15
25298,40.0,2025-05-22,12:30
25299,40.0,2025-05-22,12:45
25300,40.0,2025-05-22,13:00
25301,40.0,2025-05-22,13:15
25302,40.0,2025-05-22,13:30
25303,50.14,2025-05-22,13:45
25304,50.25,2025-05-22,14:00
25305,49.81,2025-05-22,14:15
25306,49.82,2025-05-22,14:30
25307,49.58,2025-05-22,14:45
25308,51.52,2025-05-22,15:00
25309,51.73,2025-05-22,15:15
25310,50.1,2025-05-22,15:30
25311,49.37,2025-05-22,15:45
25312,49.5,2025-05-22,16:00
25313,50.96,2025-05-22,16:15
25314,51.01,2025-05-22,16:30
25315,52.21,2025-05-22,16:45
25316,51.12,2025-05-22,17:00
25317,215.29,2025-05-22,17:15
25318,233.22,2025-05-22,17:30
25319,196.41,2025-05-22,17:45
25320,51.2,2025-05-22,18:00
25321,40.0,2025-05-22,18:15
25322,40.0,2025-05-22,18:30
25323,40.0,2025-05-22,18:45
25324,40.0,2025-05-22,19:00
25325,232.67,2025-05-22,19:15
25326,333.44,2025-05-22,19:30
25327,176.19,2025-05-22,19:45
25328,214.17,2025-05-22,20:00
25329,262.89,2025-05-22,20:15
25330,271.24,2025-05-22,20:30
25331,254.36,2025-05-22,20:45
25332,360.0,2025-05-22,21:00
25333,400.0,2025-05-22,21:15
25334,360.0,2025-05-22,21:30
25335,360.0,2025-05-22,21:45
25336,350.0,2025-05-22,22:00
25337,340.0,2025-05-22,22:15
25338,40.0,2025-05-22,22:30
25339,310.0,2025-05-22,22:45
25340,360.0,2025-05-22,23:00
25341,360.0,2025-05-22,23:15
25342,300.0,2025-05-22,23:30
25343,260.0,2025-05-22,23:45
25344,300.0,2025-05-22,24:00
25345,470.0,2025-05-23,00:15
25346,360.0,2025-05-23,00:30
25347,360.0,2025-05-23,00:45
25348,380.0,2025-05-23,01:00
25349,380.0,2025-05-23,01:15
25350,370.0,2025-05-23,01:30
25351,360.0,2025-05-23,01:45
25352,360.0,2025-05-23,02:00
25353,420.0,2025-05-23,02:15
25354,430.0,2025-05-23,02:30
25355,251.14,2025-05-23,02:45
25356,232.03,2025-05-23,03:00
25357,335.65,2025-05-23,03:15
25358,335.91,2025-05-23,03:30
25359,252.74,2025-05-23,03:45
25360,265.86,2025-05-23,04:00
25361,338.38,2025-05-23,04:15
25362,344.04,2025-05-23,04:30
25363,360.0,2025-05-23,04:45
25364,370.0,2025-05-23,05:00
25365,450.0,2025-05-23,05:15
25366,400.0,2025-05-23,05:30
25367,470.0,2025-05-23,05:45
25368,470.0,2025-05-23,06:00
25369,480.0,2025-05-23,06:15
25370,470.0,2025-05-23,06:30
25371,360.0,2025-05-23,06:45
25372,320.0,2025-05-23,07:00
25373,239.75,2025-05-23,07:15
25374,173.13,2025-05-23,07:30
25375,40.0,2025-05-23,07:45
25376,40.0,2025-05-23,08:00
25377,40.0,2025-05-23,08:15
25378,40.0,2025-05-23,08:30
25379,40.0,2025-05-23,08:45
25380,40.0,2025-05-23,09:00
25381,40.0,2025-05-23,09:15
25382,40.0,2025-05-23,09:30
25383,40.0,2025-05-23,09:45
25384,132.13,2025-05-23,10:00
25385,40.0,2025-05-23,10:15
25386,40.0,2025-05-23,10:30
25387,40.0,2025-05-23,10:45
25388,40.0,2025-05-23,11:00
25389,130.6,2025-05-23,11:15
25390,128.81,2025-05-23,11:30
25391,40.0,2025-05-23,11:45
25392,40.0,2025-05-23,12:00
25393,40.0,2025-05-23,12:15
25394,40.0,2025-05-23,12:30
25395,40.0,2025-05-23,12:45
25396,40.0,2025-05-23,13:00
25397,40.0,2025-05-23,13:15
25398,40.0,2025-05-23,13:30
25399,73.11,2025-05-23,13:45
25400,49.09,2025-05-23,14:00
25401,49.43,2025-05-23,14:15
25402,179.56,2025-05-23,14:30
25403,74.77,2025-05-23,14:45
25404,136.15,2025-05-23,15:00
25405,140.03,2025-05-23,15:15
25406,148.88,2025-05-23,15:30
25407,227.04,2025-05-23,15:45
25408,225.96,2025-05-23,16:00
25409,127.12,2025-05-23,16:15
25410,125.01,2025-05-23,16:30
25411,176.31,2025-05-23,16:45
25412,188.19,2025-05-23,17:00
25413,176.15,2025-05-23,17:15
25414,205.4,2025-05-23,17:30
25415,190.51,2025-05-23,17:45
25416,135.76,2025-05-23,18:00
25417,228.06,2025-05-23,18:15
25418,292.62,2025-05-23,18:30
25419,300.51,2025-05-23,18:45
25420,310.25,2025-05-23,19:00
25421,372.72,2025-05-23,19:15
25422,419.15,2025-05-23,19:30
25423,353.83,2025-05-23,19:45
25424,362.5,2025-05-23,20:00
25425,333.68,2025-05-23,20:15
25426,438.01,2025-05-23,20:30
25427,474.2,2025-05-23,20:45
25428,489.68,2025-05-23,21:00
25429,482.71,2025-05-23,21:15
25430,481.52,2025-05-23,21:30
25431,422.72,2025-05-23,21:45
25432,383.92,2025-05-23,22:00
25433,436.77,2025-05-23,22:15
25434,441.35,2025-05-23,22:30
25435,431.74,2025-05-23,22:45
25436,435.0,2025-05-23,23:00
25437,448.19,2025-05-23,23:15
25438,432.43,2025-05-23,23:30
25439,429.37,2025-05-23,23:45
25440,414.6,2025-05-23,24:00
25441,455.41,2025-05-24,00:15
25442,412.8,2025-05-24,00:30
25443,362.66,2025-05-24,00:45
25444,354.27,2025-05-24,01:00
25445,302.07,2025-05-24,01:15
25446,312.06,2025-05-24,01:30
25447,342.11,2025-05-24,01:45
25448,353.89,2025-05-24,02:00
25449,316.34,2025-05-24,02:15
25450,318.51,2025-05-24,02:30
25451,322.28,2025-05-24,02:45
25452,291.56,2025-05-24,03:00
25453,331.49,2025-05-24,03:15
25454,310.2,2025-05-24,03:30
25455,334.58,2025-05-24,03:45
25456,306.68,2025-05-24,04:00
25457,309.97,2025-05-24,04:15
25458,312.85,2025-05-24,04:30
25459,312.01,2025-05-24,04:45
25460,313.96,2025-05-24,05:00
25461,290.86,2025-05-24,05:15
25462,309.71,2025-05-24,05:30
25463,295.8,2025-05-24,05:45
25464,301.81,2025-05-24,06:00
25465,297.61,2025-05-24,06:15
25466,295.41,2025-05-24,06:30
25467,298.0,2025-05-24,06:45
25468,288.09,2025-05-24,07:00
25469,226.68,2025-05-24,07:15
25470,178.39,2025-05-24,07:30
25471,180.03,2025-05-24,07:45
25472,158.06,2025-05-24,08:00
25473,146.59,2025-05-24,08:15
25474,157.92,2025-05-24,08:30
25475,40.0,2025-05-24,08:45
25476,40.0,2025-05-24,09:00
25477,40.0,2025-05-24,09:15
25478,40.0,2025-05-24,09:30
25479,40.0,2025-05-24,09:45
25480,40.0,2025-05-24,10:00
25481,40.0,2025-05-24,10:15
25482,40.0,2025-05-24,10:30
25483,40.0,2025-05-24,10:45
25484,40.0,2025-05-24,11:00
25485,40.0,2025-05-24,11:15
25486,40.0,2025-05-24,11:30
25487,40.0,2025-05-24,11:45
25488,40.0,2025-05-24,12:00
25489,40.0,2025-05-24,12:15
25490,40.0,2025-05-24,12:30
25491,40.0,2025-05-24,12:45
25492,40.0,2025-05-24,13:00
25493,40.0,2025-05-24,13:15
25494,40.0,2025-05-24,13:30
25495,40.0,2025-05-24,13:45
25496,40.0,2025-05-24,14:00
25497,40.0,2025-05-24,14:15
25498,40.0,2025-05-24,14:30
25499,40.0,2025-05-24,14:45
25500,51.57,2025-05-24,15:00
25501,52.94,2025-05-24,15:15
25502,52.59,2025-05-24,15:30
25503,52.29,2025-05-24,15:45
25504,149.87,2025-05-24,16:00
25505,227.98,2025-05-24,16:15
25506,227.86,2025-05-24,16:30
25507,205.4,2025-05-24,16:45
25508,233.94,2025-05-24,17:00
25509,288.26,2025-05-24,17:15
25510,222.3,2025-05-24,17:30
25511,340.86,2025-05-24,17:45
25512,231.43,2025-05-24,18:00
25513,188.17,2025-05-24,18:15
25514,186.43,2025-05-24,18:30
25515,190.16,2025-05-24,18:45
25516,186.17,2025-05-24,19:00
25517,378.04,2025-05-24,19:15
25518,350.48,2025-05-24,19:30
25519,384.63,2025-05-24,19:45
25520,388.2,2025-05-24,20:00
25521,355.48,2025-05-24,20:15
25522,381.63,2025-05-24,20:30
25523,367.24,2025-05-24,20:45
25524,360.04,2025-05-24,21:00
25525,327.34,2025-05-24,21:15
25526,315.54,2025-05-24,21:30
25527,326.1,2025-05-24,21:45
25528,318.4,2025-05-24,22:00
25529,361.02,2025-05-24,22:15
25530,353.27,2025-05-24,22:30
25531,346.42,2025-05-24,22:45
25532,327.23,2025-05-24,23:00
25533,348.08,2025-05-24,23:15
25534,314.83,2025-05-24,23:30
25535,340.6,2025-05-24,23:45
25536,321.13,2025-05-24,24:00
25537,456.96,2025-05-25,00:15
25538,445.65,2025-05-25,00:30
25539,388.45,2025-05-25,00:45
25540,345.65,2025-05-25,01:00
25541,318.66,2025-05-25,01:15
25542,309.87,2025-05-25,01:30
25543,309.79,2025-05-25,01:45
25544,341.93,2025-05-25,02:00
25545,338.81,2025-05-25,02:15
25546,336.17,2025-05-25,02:30
25547,329.76,2025-05-25,02:45
25548,322.59,2025-05-25,03:00
25549,335.05,2025-05-25,03:15
25550,342.77,2025-05-25,03:30
25551,358.82,2025-05-25,03:45
25552,346.66,2025-05-25,04:00
25553,350.5,2025-05-25,04:15
25554,327.94,2025-05-25,04:30
25555,345.34,2025-05-25,04:45
25556,343.07,2025-05-25,05:00
25557,371.04,2025-05-25,05:15
25558,378.29,2025-05-25,05:30
25559,390.09,2025-05-25,05:45
25560,366.92,2025-05-25,06:00
25561,361.69,2025-05-25,06:15
25562,344.1,2025-05-25,06:30
25563,312.75,2025-05-25,06:45
25564,299.78,2025-05-25,07:00
25565,281.11,2025-05-25,07:15
25566,280.54,2025-05-25,07:30
25567,253.27,2025-05-25,07:45
25568,250.93,2025-05-25,08:00
25569,232.31,2025-05-25,08:15
25570,163.05,2025-05-25,08:30
25571,40.0,2025-05-25,08:45
25572,125.01,2025-05-25,09:00
25573,111.26,2025-05-25,09:15
25574,108.44,2025-05-25,09:30
25575,40.0,2025-05-25,09:45
25576,120.42,2025-05-25,10:00
25577,40.0,2025-05-25,10:15
25578,40.0,2025-05-25,10:30
25579,40.0,2025-05-25,10:45
25580,40.0,2025-05-25,11:00
25581,40.0,2025-05-25,11:15
25582,40.0,2025-05-25,11:30
25583,40.0,2025-05-25,11:45
25584,40.0,2025-05-25,12:00
25585,40.0,2025-05-25,12:15
25586,40.0,2025-05-25,12:30
25587,40.0,2025-05-25,12:45
25588,40.0,2025-05-25,13:00
25589,40.0,2025-05-25,13:15
25590,40.0,2025-05-25,13:30
25591,112.35,2025-05-25,13:45
25592,128.6,2025-05-25,14:00
25593,137.56,2025-05-25,14:15
25594,162.92,2025-05-25,14:30
25595,178.91,2025-05-25,14:45
25596,181.41,2025-05-25,15:00
25597,143.15,2025-05-25,15:15
25598,204.73,2025-05-25,15:30
25599,137.49,2025-05-25,15:45
25600,169.53,2025-05-25,16:00
25601,256.62,2025-05-25,16:15
25602,198.25,2025-05-25,16:30
25603,245.45,2025-05-25,16:45
25604,199.32,2025-05-25,17:00
25605,273.23,2025-05-25,17:15
25606,266.15,2025-05-25,17:30
25607,223.85,2025-05-25,17:45
25608,158.49,2025-05-25,18:00
25609,309.33,2025-05-25,18:15
25610,309.75,2025-05-25,18:30
25611,204.53,2025-05-25,18:45
25612,40.0,2025-05-25,19:00
25613,411.24,2025-05-25,19:15
25614,393.9,2025-05-25,19:30
25615,407.29,2025-05-25,19:45
25616,387.58,2025-05-25,20:00
25617,376.46,2025-05-25,20:15
25618,40.0,2025-05-25,20:30
25619,367.62,2025-05-25,20:45
25620,363.08,2025-05-25,21:00
25621,385.47,2025-05-25,21:15
25622,320.49,2025-05-25,21:30
25623,324.2,2025-05-25,21:45
25624,40.0,2025-05-25,22:00
25625,439.21,2025-05-25,22:15
25626,415.74,2025-05-25,22:30
25627,630.0,2025-05-25,22:45
25628,630.0,2025-05-25,23:00
25629,550.0,2025-05-25,23:15
25630,332.95,2025-05-25,23:30
25631,335.02,2025-05-25,23:45
25632,500.0,2025-05-25,24:00
25633,550.0,2025-05-26,00:15
25634,530.0,2025-05-26,00:30
25635,400.0,2025-05-26,00:45
25636,380.0,2025-05-26,01:00
25637,400.0,2025-05-26,01:15
25638,403.24,2025-05-26,01:30
25639,364.44,2025-05-26,01:45
25640,400.0,2025-05-26,02:00
25641,425.56,2025-05-26,02:15
25642,390.0,2025-05-26,02:30
25643,340.0,2025-05-26,02:45
25644,330.0,2025-05-26,03:00
25645,352.43,2025-05-26,03:15
25646,343.86,2025-05-26,03:30
25647,353.41,2025-05-26,03:45
25648,350.0,2025-05-26,04:00
25649,390.0,2025-05-26,04:15
25650,380.0,2025-05-26,04:30
25651,358.65,2025-05-26,04:45
25652,380.0,2025-05-26,05:00
25653,390.0,2025-05-26,05:15
25654,430.0,2025-05-26,05:30
25655,480.0,2025-05-26,05:45
25656,550.0,2025-05-26,06:00
25657,540.0,2025-05-26,06:15
25658,500.0,2025-05-26,06:30
25659,412.6,2025-05-26,06:45
25660,418.79,2025-05-26,07:00
25661,334.67,2025-05-26,07:15
25662,325.64,2025-05-26,07:30
25663,333.54,2025-05-26,07:45
25664,341.31,2025-05-26,08:00
25665,248.13,2025-05-26,08:15
25666,274.76,2025-05-26,08:30
25667,183.49,2025-05-26,08:45
25668,190.06,2025-05-26,09:00
25669,166.27,2025-05-26,09:15
25670,158.72,2025-05-26,09:30
25671,202.96,2025-05-26,09:45
25672,178.28,2025-05-26,10:00
25673,188.92,2025-05-26,10:15
25674,163.25,2025-05-26,10:30
25675,243.68,2025-05-26,10:45
25676,202.88,2025-05-26,11:00
25677,207.8,2025-05-26,11:15
25678,185.05,2025-05-26,11:30
25679,160.39,2025-05-26,11:45
25680,40.0,2025-05-26,12:00
25681,142.89,2025-05-26,12:15
25682,40.0,2025-05-26,12:30
25683,178.25,2025-05-26,12:45
25684,107.34,2025-05-26,13:00
25685,152.7,2025-05-26,13:15
25686,199.29,2025-05-26,13:30
25687,140.82,2025-05-26,13:45
25688,125.25,2025-05-26,14:00
25689,198.13,2025-05-26,14:15
25690,40.0,2025-05-26,14:30
25691,129.36,2025-05-26,14:45
25692,129.38,2025-05-26,15:00
25693,248.9,2025-05-26,15:15
25694,254.54,2025-05-26,15:30
25695,257.84,2025-05-26,15:45
25696,251.2,2025-05-26,16:00
25697,287.95,2025-05-26,16:15
25698,317.71,2025-05-26,16:30
25699,274.18,2025-05-26,16:45
25700,289.78,2025-05-26,17:00
25701,288.5,2025-05-26,17:15
25702,229.15,2025-05-26,17:30
25703,226.92,2025-05-26,17:45
25704,189.56,2025-05-26,18:00
25705,247.85,2025-05-26,18:15
25706,40.0,2025-05-26,18:30
25707,40.0,2025-05-26,18:45
25708,250.0,2025-05-26,19:00
25709,353.08,2025-05-26,19:15
25710,398.64,2025-05-26,19:30
25711,500.0,2025-05-26,19:45
25712,447.44,2025-05-26,20:00
25713,530.0,2025-05-26,20:15
25714,500.0,2025-05-26,20:30
25715,480.0,2025-05-26,20:45
25716,40.0,2025-05-26,21:00
25717,250.0,2025-05-26,21:15
25718,302.59,2025-05-26,21:30
25719,270.0,2025-05-26,21:45
25720,40.0,2025-05-26,22:00
25721,310.0,2025-05-26,22:15
25722,270.0,2025-05-26,22:30
25723,398.78,2025-05-26,22:45
25724,398.38,2025-05-26,23:00
25725,434.61,2025-05-26,23:15
25726,400.05,2025-05-26,23:30
25727,415.51,2025-05-26,23:45
25728,480.0,2025-05-26,24:00
25729,479.32,2025-05-27,00:15
25730,459.46,2025-05-27,00:30
25731,459.47,2025-05-27,00:45
25732,479.45,2025-05-27,01:00
25733,499.51,2025-05-27,01:15
25734,464.79,2025-05-27,01:30
25735,464.67,2025-05-27,01:45
25736,464.69,2025-05-27,02:00
25737,464.5,2025-05-27,02:15
25738,464.65,2025-05-27,02:30
25739,416.38,2025-05-27,02:45
25740,361.66,2025-05-27,03:00
25741,372.84,2025-05-27,03:15
25742,372.58,2025-05-27,03:30
25743,374.09,2025-05-27,03:45
25744,369.42,2025-05-27,04:00
25745,403.98,2025-05-27,04:15
25746,386.47,2025-05-27,04:30
25747,388.49,2025-05-27,04:45
25748,410.7,2025-05-27,05:00
25749,376.16,2025-05-27,05:15
25750,383.79,2025-05-27,05:30
25751,424.09,2025-05-27,05:45
25752,422.82,2025-05-27,06:00
25753,385.11,2025-05-27,06:15
25754,382.97,2025-05-27,06:30
25755,375.49,2025-05-27,06:45
25756,348.6,2025-05-27,07:00
25757,322.62,2025-05-27,07:15
25758,287.86,2025-05-27,07:30
25759,253.76,2025-05-27,07:45
25760,115.06,2025-05-27,08:00
25761,91.54,2025-05-27,08:15
25762,83.22,2025-05-27,08:30
25763,125.2,2025-05-27,08:45
25764,113.89,2025-05-27,09:00
25765,134.73,2025-05-27,09:15
25766,119.33,2025-05-27,09:30
25767,186.95,2025-05-27,09:45
25768,181.81,2025-05-27,10:00
25769,198.76,2025-05-27,10:15
25770,148.02,2025-05-27,10:30
25771,136.6,2025-05-27,10:45
25772,157.19,2025-05-27,11:00
25773,149.0,2025-05-27,11:15
25774,51.03,2025-05-27,11:30
25775,150.24,2025-05-27,11:45
25776,165.69,2025-05-27,12:00
25777,178.68,2025-05-27,12:15
25778,133.05,2025-05-27,12:30
25779,50.89,2025-05-27,12:45
25780,50.97,2025-05-27,13:00
25781,52.38,2025-05-27,13:15
25782,51.29,2025-05-27,13:30
25783,50.98,2025-05-27,13:45
25784,50.58,2025-05-27,14:00
25785,50.51,2025-05-27,14:15
25786,40.0,2025-05-27,14:30
25787,51.33,2025-05-27,14:45
25788,50.9,2025-05-27,15:00
25789,51.7,2025-05-27,15:15
25790,50.97,2025-05-27,15:30
25791,50.65,2025-05-27,15:45
25792,185.43,2025-05-27,16:00
25793,260.48,2025-05-27,16:15
25794,257.97,2025-05-27,16:30
25795,147.5,2025-05-27,16:45
25796,148.12,2025-05-27,17:00
25797,262.0,2025-05-27,17:15
25798,221.99,2025-05-27,17:30
25799,218.88,2025-05-27,17:45
25800,142.58,2025-05-27,18:00
25801,40.0,2025-05-27,18:15
25802,40.0,2025-05-27,18:30
25803,40.0,2025-05-27,18:45
25804,389.86,2025-05-27,19:00
25805,244.67,2025-05-27,19:15
25806,240.68,2025-05-27,19:30
25807,452.05,2025-05-27,19:45
25808,439.03,2025-05-27,20:00
25809,329.91,2025-05-27,20:15
25810,40.0,2025-05-27,20:30
25811,249.92,2025-05-27,20:45
25812,40.0,2025-05-27,21:00
25813,40.0,2025-05-27,21:15
25814,40.0,2025-05-27,21:30
25815,244.75,2025-05-27,21:45
25816,191.11,2025-05-27,22:00
25817,234.3,2025-05-27,22:15
25818,224.27,2025-05-27,22:30
25819,239.8,2025-05-27,22:45
25820,206.49,2025-05-27,23:00
25821,228.09,2025-05-27,23:15
25822,253.24,2025-05-27,23:30
25823,262.85,2025-05-27,23:45
25824,240.37,2025-05-27,24:00
25825,189.32,2025-05-28,00:15
25826,40.0,2025-05-28,00:30
25827,231.3,2025-05-28,00:45
25828,261.18,2025-05-28,01:00
25829,260.72,2025-05-28,01:15
25830,263.25,2025-05-28,01:30
25831,263.63,2025-05-28,01:45
25832,260.99,2025-05-28,02:00
25833,187.73,2025-05-28,02:15
25834,177.04,2025-05-28,02:30
25835,137.37,2025-05-28,02:45
25836,167.54,2025-05-28,03:00
25837,209.09,2025-05-28,03:15
25838,167.92,2025-05-28,03:30
25839,181.57,2025-05-28,03:45
25840,243.17,2025-05-28,04:00
25841,242.96,2025-05-28,04:15
25842,264.97,2025-05-28,04:30
25843,259.41,2025-05-28,04:45
25844,268.03,2025-05-28,05:00
25845,254.15,2025-05-28,05:15
25846,258.89,2025-05-28,05:30
25847,288.61,2025-05-28,05:45
25848,301.14,2025-05-28,06:00
25849,293.0,2025-05-28,06:15
25850,301.55,2025-05-28,06:30
25851,288.21,2025-05-28,06:45
25852,265.35,2025-05-28,07:00
25853,40.0,2025-05-28,07:15
25854,40.0,2025-05-28,07:30
25855,185.45,2025-05-28,07:45
25856,40.0,2025-05-28,08:00
25857,40.0,2025-05-28,08:15
25858,40.0,2025-05-28,08:30
25859,40.0,2025-05-28,08:45
25860,40.0,2025-05-28,09:00
25861,114.67,2025-05-28,09:15
25862,40.0,2025-05-28,09:30
25863,40.0,2025-05-28,09:45
25864,40.0,2025-05-28,10:00
25865,145.23,2025-05-28,10:15
25866,152.11,2025-05-28,10:30
25867,40.0,2025-05-28,10:45
25868,122.17,2025-05-28,11:00
25869,40.0,2025-05-28,11:15
25870,210.37,2025-05-28,11:30
25871,144.3,2025-05-28,11:45
25872,51.02,2025-05-28,12:00
25873,50.52,2025-05-28,12:15
25874,49.63,2025-05-28,12:30
25875,49.55,2025-05-28,12:45
25876,50.54,2025-05-28,13:00
25877,51.36,2025-05-28,13:15
25878,50.95,2025-05-28,13:30
25879,51.1,2025-05-28,13:45
25880,50.68,2025-05-28,14:00
25881,50.11,2025-05-28,14:15
25882,50.14,2025-05-28,14:30
25883,50.97,2025-05-28,14:45
25884,50.89,2025-05-28,15:00
25885,51.87,2025-05-28,15:15
25886,52.52,2025-05-28,15:30
25887,51.95,2025-05-28,15:45
25888,51.26,2025-05-28,16:00
25889,50.9,2025-05-28,16:15
25890,53.24,2025-05-28,16:30
25891,53.5,2025-05-28,16:45
25892,53.7,2025-05-28,17:00
25893,54.37,2025-05-28,17:15
25894,54.07,2025-05-28,17:30
25895,52.27,2025-05-28,17:45
25896,49.09,2025-05-28,18:00
25897,49.0,2025-05-28,18:15
25898,40.0,2025-05-28,18:30
25899,40.0,2025-05-28,18:45
25900,40.0,2025-05-28,19:00
25901,229.32,2025-05-28,19:15
25902,304.49,2025-05-28,19:30
25903,287.25,2025-05-28,19:45
25904,180.35,2025-05-28,20:00
25905,173.43,2025-05-28,20:15
25906,174.81,2025-05-28,20:30
25907,40.0,2025-05-28,20:45
25908,40.0,2025-05-28,21:00
25909,166.71,2025-05-28,21:15
25910,266.72,2025-05-28,21:30
25911,229.37,2025-05-28,21:45
25912,40.0,2025-05-28,22:00
25913,182.76,2025-05-28,22:15
25914,40.0,2025-05-28,22:30
25915,225.64,2025-05-28,22:45
25916,162.72,2025-05-28,23:00
25917,135.25,2025-05-28,23:15
25918,40.0,2025-05-28,23:30
25919,40.0,2025-05-28,23:45
25920,40.0,2025-05-28,24:00
25921,263.37,2025-05-29,00:15
25922,253.25,2025-05-29,00:30
25923,334.14,2025-05-29,00:45
25924,336.12,2025-05-29,01:00
25925,304.3,2025-05-29,01:15
25926,303.17,2025-05-29,01:30
25927,330.26,2025-05-29,01:45
25928,357.69,2025-05-29,02:00
25929,352.89,2025-05-29,02:15
25930,351.34,2025-05-29,02:30
25931,351.3,2025-05-29,02:45
25932,354.39,2025-05-29,03:00
25933,362.15,2025-05-29,03:15
25934,308.01,2025-05-29,03:30
25935,402.95,2025-05-29,03:45
25936,372.99,2025-05-29,04:00
25937,407.3,2025-05-29,04:15
25938,384.81,2025-05-29,04:30
25939,422.79,2025-05-29,04:45
25940,358.73,2025-05-29,05:00
25941,342.21,2025-05-29,05:15
25942,344.97,2025-05-29,05:30
25943,425.44,2025-05-29,05:45
25944,417.16,2025-05-29,06:00
25945,416.24,2025-05-29,06:15
25946,392.73,2025-05-29,06:30
25947,375.16,2025-05-29,06:45
25948,359.5,2025-05-29,07:00
25949,301.92,2025-05-29,07:15
25950,275.37,2025-05-29,07:30
25951,227.21,2025-05-29,07:45
25952,195.66,2025-05-29,08:00
25953,248.68,2025-05-29,08:15
25954,197.41,2025-05-29,08:30
25955,40.0,2025-05-29,08:45
25956,40.0,2025-05-29,09:00
25957,40.0,2025-05-29,09:15
25958,40.0,2025-05-29,09:30
25959,40.0,2025-05-29,09:45
25960,40.0,2025-05-29,10:00
25961,111.77,2025-05-29,10:15
25962,40.0,2025-05-29,10:30
25963,40.0,2025-05-29,10:45
25964,114.71,2025-05-29,11:00
25965,121.22,2025-05-29,11:15
25966,48.32,2025-05-29,11:30
25967,47.86,2025-05-29,11:45
25968,47.69,2025-05-29,12:00
25969,48.52,2025-05-29,12:15
25970,47.89,2025-05-29,12:30
25971,40.0,2025-05-29,12:45
25972,40.0,2025-05-29,13:00
25973,40.0,2025-05-29,13:15
25974,40.0,2025-05-29,13:30
25975,47.46,2025-05-29,13:45
25976,47.93,2025-05-29,14:00
25977,47.85,2025-05-29,14:15
25978,40.0,2025-05-29,14:30
25979,48.34,2025-05-29,14:45
25980,40.0,2025-05-29,15:00
25981,49.03,2025-05-29,15:15
25982,48.32,2025-05-29,15:30
25983,47.85,2025-05-29,15:45
25984,40.0,2025-05-29,16:00
25985,48.04,2025-05-29,16:15
25986,50.45,2025-05-29,16:30
25987,51.3,2025-05-29,16:45
25988,51.57,2025-05-29,17:00
25989,181.48,2025-05-29,17:15
25990,197.22,2025-05-29,17:30
25991,178.44,2025-05-29,17:45
25992,40.0,2025-05-29,18:00
25993,40.0,2025-05-29,18:15
25994,40.0,2025-05-29,18:30
25995,40.0,2025-05-29,18:45
25996,40.0,2025-05-29,19:00
25997,194.24,2025-05-29,19:15
25998,125.96,2025-05-29,19:30
25999,40.0,2025-05-29,19:45
26000,40.0,2025-05-29,20:00
26001,40.0,2025-05-29,20:15
26002,40.0,2025-05-29,20:30
26003,167.96,2025-05-29,20:45
26004,40.0,2025-05-29,21:00
26005,300.75,2025-05-29,21:15
26006,302.22,2025-05-29,21:30
26007,239.69,2025-05-29,21:45
26008,40.0,2025-05-29,22:00
26009,40.0,2025-05-29,22:15
26010,40.0,2025-05-29,22:30
26011,257.59,2025-05-29,22:45
26012,266.02,2025-05-29,23:00
26013,270.0,2025-05-29,23:15
26014,40.0,2025-05-29,23:30
26015,40.0,2025-05-29,23:45
26016,200.0,2025-05-29,24:00
26017,40.0,2025-05-30,00:15
26018,40.0,2025-05-30,00:30
26019,190.8,2025-05-30,00:45
26020,165.39,2025-05-30,01:00
26021,40.0,2025-05-30,01:15
26022,40.0,2025-05-30,01:30
26023,152.81,2025-05-30,01:45
26024,158.5,2025-05-30,02:00
26025,40.0,2025-05-30,02:15
26026,153.21,2025-05-30,02:30
26027,153.99,2025-05-30,02:45
26028,156.36,2025-05-30,03:00
26029,184.37,2025-05-30,03:15
26030,103.06,2025-05-30,03:30
26031,149.11,2025-05-30,03:45
26032,153.75,2025-05-30,04:00
26033,188.32,2025-05-30,04:15
26034,182.79,2025-05-30,04:30
26035,165.71,2025-05-30,04:45
26036,236.64,2025-05-30,05:00
26037,271.67,2025-05-30,05:15
26038,217.09,2025-05-30,05:30
26039,187.86,2025-05-30,05:45
26040,244.29,2025-05-30,06:00
26041,303.22,2025-05-30,06:15
26042,241.44,2025-05-30,06:30
26043,236.54,2025-05-30,06:45
26044,252.11,2025-05-30,07:00
26045,40.0,2025-05-30,07:15
26046,190.42,2025-05-30,07:30
26047,198.13,2025-05-30,07:45
26048,207.93,2025-05-30,08:00
26049,221.39,2025-05-30,08:15
26050,179.76,2025-05-30,08:30
26051,40.0,2025-05-30,08:45
26052,40.0,2025-05-30,09:00
26053,40.0,2025-05-30,09:15
26054,40.0,2025-05-30,09:30
26055,40.0,2025-05-30,09:45
26056,133.87,2025-05-30,10:00
26057,221.38,2025-05-30,10:15
26058,197.53,2025-05-30,10:30
26059,209.36,2025-05-30,10:45
26060,235.43,2025-05-30,11:00
26061,40.0,2025-05-30,11:15
26062,40.0,2025-05-30,11:30
26063,243.98,2025-05-30,11:45
26064,241.11,2025-05-30,12:00
26065,234.98,2025-05-30,12:15
26066,242.27,2025-05-30,12:30
26067,216.08,2025-05-30,12:45
26068,219.22,2025-05-30,13:00
26069,152.33,2025-05-30,13:15
26070,266.84,2025-05-30,13:30
26071,285.13,2025-05-30,13:45
26072,285.22,2025-05-30,14:00
26073,305.81,2025-05-30,14:15
26074,303.71,2025-05-30,14:30
26075,284.72,2025-05-30,14:45
26076,281.88,2025-05-30,15:00
26077,308.39,2025-05-30,15:15
26078,326.6,2025-05-30,15:30
26079,345.82,2025-05-30,15:45
26080,298.63,2025-05-30,16:00
26081,215.68,2025-05-30,16:15
26082,162.73,2025-05-30,16:30
26083,170.28,2025-05-30,16:45
26084,244.7,2025-05-30,17:00
26085,262.13,2025-05-30,17:15
26086,221.68,2025-05-30,17:30
26087,169.88,2025-05-30,17:45
26088,306.85,2025-05-30,18:00
26089,229.71,2025-05-30,18:15
26090,249.93,2025-05-30,18:30
26091,251.96,2025-05-30,18:45
26092,258.28,2025-05-30,19:00
26093,398.4,2025-05-30,19:15
26094,415.62,2025-05-30,19:30
26095,434.15,2025-05-30,19:45
26096,458.97,2025-05-30,20:00
26097,403.94,2025-05-30,20:15
26098,442.91,2025-05-30,20:30
26099,453.31,2025-05-30,20:45
26100,426.86,2025-05-30,21:00
26101,454.0,2025-05-30,21:15
26102,483.11,2025-05-30,21:30
26103,453.55,2025-05-30,21:45
26104,459.15,2025-05-30,22:00
26105,485.35,2025-05-30,22:15
26106,472.75,2025-05-30,22:30
26107,496.65,2025-05-30,22:45
26108,484.03,2025-05-30,23:00
26109,489.24,2025-05-30,23:15
26110,483.58,2025-05-30,23:30
26111,478.59,2025-05-30,23:45
26112,422.84,2025-05-30,24:00
26113,533.12,2025-05-31,00:15
26114,527.82,2025-05-31,00:30
26115,445.69,2025-05-31,00:45
26116,462.97,2025-05-31,01:00
26117,463.73,2025-05-31,01:15
26118,451.52,2025-05-31,01:30
26119,458.42,2025-05-31,01:45
26120,424.2,2025-05-31,02:00
26121,414.57,2025-05-31,02:15
26122,399.61,2025-05-31,02:30
26123,412.43,2025-05-31,02:45
26124,398.59,2025-05-31,03:00
26125,412.82,2025-05-31,03:15
26126,413.04,2025-05-31,03:30
26127,416.25,2025-05-31,03:45
26128,391.87,2025-05-31,04:00
26129,412.2,2025-05-31,04:15
26130,400.04,2025-05-31,04:30
26131,414.97,2025-05-31,04:45
26132,391.94,2025-05-31,05:00
26133,394.17,2025-05-31,05:15
26134,394.41,2025-05-31,05:30
26135,428.56,2025-05-31,05:45
26136,404.3,2025-05-31,06:00
26137,439.51,2025-05-31,06:15
26138,394.7,2025-05-31,06:30
26139,416.9,2025-05-31,06:45
26140,378.66,2025-05-31,07:00
26141,332.08,2025-05-31,07:15
26142,317.14,2025-05-31,07:30
26143,238.91,2025-05-31,07:45
26144,249.17,2025-05-31,08:00
26145,285.67,2025-05-31,08:15
26146,293.91,2025-05-31,08:30
26147,299.26,2025-05-31,08:45
26148,271.97,2025-05-31,09:00
26149,123.95,2025-05-31,09:15
26150,162.9,2025-05-31,09:30
26151,197.76,2025-05-31,09:45
26152,213.02,2025-05-31,10:00
26153,205.85,2025-05-31,10:15
26154,180.84,2025-05-31,10:30
26155,188.2,2025-05-31,10:45
26156,169.12,2025-05-31,11:00
26157,169.23,2025-05-31,11:15
26158,159.59,2025-05-31,11:30
26159,130.73,2025-05-31,11:45
26160,40.0,2025-05-31,12:00
26161,78.79,2025-05-31,12:15
26162,40.0,2025-05-31,12:30
26163,40.0,2025-05-31,12:45
26164,40.0,2025-05-31,13:00
26165,40.0,2025-05-31,13:15
26166,40.0,2025-05-31,13:30
26167,40.0,2025-05-31,13:45
26168,40.0,2025-05-31,14:00
26169,198.8,2025-05-31,14:15
26170,90.18,2025-05-31,14:30
26171,146.02,2025-05-31,14:45
26172,155.22,2025-05-31,15:00
26173,130.72,2025-05-31,15:15
26174,155.69,2025-05-31,15:30
26175,171.38,2025-05-31,15:45
26176,178.66,2025-05-31,16:00
26177,246.1,2025-05-31,16:15
26178,172.3,2025-05-31,16:30
26179,40.0,2025-05-31,16:45
26180,264.56,2025-05-31,17:00
26181,263.89,2025-05-31,17:15
26182,228.83,2025-05-31,17:30
26183,233.0,2025-05-31,17:45
26184,40.0,2025-05-31,18:00
26185,40.0,2025-05-31,18:15
26186,203.71,2025-05-31,18:30
26187,205.57,2025-05-31,18:45
26188,212.05,2025-05-31,19:00
26189,354.37,2025-05-31,19:15
26190,349.4,2025-05-31,19:30
26191,327.54,2025-05-31,19:45
26192,355.49,2025-05-31,20:00
26193,334.75,2025-05-31,20:15
26194,344.81,2025-05-31,20:30
26195,375.01,2025-05-31,20:45
26196,329.62,2025-05-31,21:00
26197,334.35,2025-05-31,21:15
26198,326.18,2025-05-31,21:30
26199,301.58,2025-05-31,21:45
26200,312.18,2025-05-31,22:00
26201,311.18,2025-05-31,22:15
26202,287.56,2025-05-31,22:30
26203,266.36,2025-05-31,22:45
26204,263.72,2025-05-31,23:00
26205,233.53,2025-05-31,23:15
26206,225.29,2025-05-31,23:30
26207,232.77,2025-05-31,23:45
26208,227.62,2025-05-31,24:00
26209,273.54,2025-06-01,00:15
26210,255.84,2025-06-01,00:30
26211,246.11,2025-06-01,00:45
26212,248.62,2025-06-01,01:00
26213,250.62,2025-06-01,01:15
26214,261.3,2025-06-01,01:30
26215,252.32,2025-06-01,01:45
26216,264.97,2025-06-01,02:00
26217,303.62,2025-06-01,02:15
26218,324.83,2025-06-01,02:30
26219,323.21,2025-06-01,02:45
26220,262.58,2025-06-01,03:00
26221,288.46,2025-06-01,03:15
26222,287.85,2025-06-01,03:30
26223,287.44,2025-06-01,03:45
26224,254.33,2025-06-01,04:00
26225,283.73,2025-06-01,04:15
26226,292.36,2025-06-01,04:30
26227,278.44,2025-06-01,04:45
26228,259.54,2025-06-01,05:00
26229,254.72,2025-06-01,05:15
26230,245.3,2025-06-01,05:30
26231,245.8,2025-06-01,05:45
26232,214.85,2025-06-01,06:00
26233,224.8,2025-06-01,06:15
26234,197.75,2025-06-01,06:30
26235,212.92,2025-06-01,06:45
26236,205.62,2025-06-01,07:00
26237,190.46,2025-06-01,07:15
26238,193.11,2025-06-01,07:30
26239,40.0,2025-06-01,07:45
26240,40.0,2025-06-01,08:00
26241,40.0,2025-06-01,08:15
26242,40.0,2025-06-01,08:30
26243,40.0,2025-06-01,08:45
26244,40.0,2025-06-01,09:00
26245,40.0,2025-06-01,09:15
26246,40.0,2025-06-01,09:30
26247,40.0,2025-06-01,09:45
26248,40.0,2025-06-01,10:00
26249,40.0,2025-06-01,10:15
26250,40.0,2025-06-01,10:30
26251,149.07,2025-06-01,10:45
26252,150.18,2025-06-01,11:00
26253,180.56,2025-06-01,11:15
26254,178.99,2025-06-01,11:30
26255,195.16,2025-06-01,11:45
26256,189.78,2025-06-01,12:00
26257,220.15,2025-06-01,12:15
26258,201.7,2025-06-01,12:30
26259,194.46,2025-06-01,12:45
26260,192.76,2025-06-01,13:00
26261,202.36,2025-06-01,13:15
26262,199.72,2025-06-01,13:30
26263,184.53,2025-06-01,13:45
26264,175.61,2025-06-01,14:00
26265,169.78,2025-06-01,14:15
26266,180.51,2025-06-01,14:30
26267,196.91,2025-06-01,14:45
26268,194.19,2025-06-01,15:00
26269,200.06,2025-06-01,15:15
26270,177.88,2025-06-01,15:30
26271,178.89,2025-06-01,15:45
26272,226.19,2025-06-01,16:00
26273,238.32,2025-06-01,16:15
26274,234.89,2025-06-01,16:30
26275,268.77,2025-06-01,16:45
26276,259.49,2025-06-01,17:00
26277,369.78,2025-06-01,17:15
26278,376.32,2025-06-01,17:30
26279,369.72,2025-06-01,17:45
26280,402.95,2025-06-01,18:00
26281,259.32,2025-06-01,18:15
26282,250.12,2025-06-01,18:30
26283,246.63,2025-06-01,18:45
26284,244.09,2025-06-01,19:00
26285,306.23,2025-06-01,19:15
26286,293.95,2025-06-01,19:30
26287,298.06,2025-06-01,19:45
26288,318.45,2025-06-01,20:00
26289,346.97,2025-06-01,20:15
26290,330.32,2025-06-01,20:30
26291,346.61,2025-06-01,20:45
26292,287.15,2025-06-01,21:00
26293,213.05,2025-06-01,21:15
26294,238.97,2025-06-01,21:30
26295,207.27,2025-06-01,21:45
26296,237.82,2025-06-01,22:00
26297,242.35,2025-06-01,22:15
26298,239.04,2025-06-01,22:30
26299,226.14,2025-06-01,22:45
26300,260.03,2025-06-01,23:00
26301,186.29,2025-06-01,23:15
26302,40.0,2025-06-01,23:30
26303,157.47,2025-06-01,23:45
26304,220.57,2025-06-01,24:00
26305,322.51,2025-06-02,00:15
26306,270.68,2025-06-02,00:30
26307,255.74,2025-06-02,00:45
26308,244.52,2025-06-02,01:00
26309,247.57,2025-06-02,01:15
26310,256.75,2025-06-02,01:30
26311,236.94,2025-06-02,01:45
26312,209.55,2025-06-02,02:00
26313,187.52,2025-06-02,02:15
26314,189.61,2025-06-02,02:30
26315,175.62,2025-06-02,02:45
26316,176.69,2025-06-02,03:00
26317,238.58,2025-06-02,03:15
26318,246.44,2025-06-02,03:30
26319,258.6,2025-06-02,03:45
26320,254.36,2025-06-02,04:00
26321,262.11,2025-06-02,04:15
26322,235.44,2025-06-02,04:30
26323,242.46,2025-06-02,04:45
26324,244.96,2025-06-02,05:00
26325,263.56,2025-06-02,05:15
26326,247.05,2025-06-02,05:30
26327,255.63,2025-06-02,05:45
26328,261.07,2025-06-02,06:00
26329,249.8,2025-06-02,06:15
26330,220.87,2025-06-02,06:30
26331,216.2,2025-06-02,06:45
26332,183.83,2025-06-02,07:00
26333,40.0,2025-06-02,07:15
26334,40.0,2025-06-02,07:30
26335,40.0,2025-06-02,07:45
26336,40.0,2025-06-02,08:00
26337,40.0,2025-06-02,08:15
26338,40.0,2025-06-02,08:30
26339,40.0,2025-06-02,08:45
26340,40.0,2025-06-02,09:00
26341,40.0,2025-06-02,09:15
26342,40.0,2025-06-02,09:30
26343,40.0,2025-06-02,09:45
26344,150.43,2025-06-02,10:00
26345,186.82,2025-06-02,10:15
26346,167.41,2025-06-02,10:30
26347,182.88,2025-06-02,10:45
26348,156.98,2025-06-02,11:00
26349,160.26,2025-06-02,11:15
26350,162.05,2025-06-02,11:30
26351,203.96,2025-06-02,11:45
26352,203.81,2025-06-02,12:00
26353,210.21,2025-06-02,12:15
26354,197.77,2025-06-02,12:30
26355,40.0,2025-06-02,12:45
26356,40.0,2025-06-02,13:00
26357,40.0,2025-06-02,13:15
26358,40.0,2025-06-02,13:30
26359,40.0,2025-06-02,13:45
26360,40.0,2025-06-02,14:00
26361,40.0,2025-06-02,14:15
26362,184.92,2025-06-02,14:30
26363,196.63,2025-06-02,14:45
26364,204.95,2025-06-02,15:00
26365,211.05,2025-06-02,15:15
26366,213.04,2025-06-02,15:30
26367,210.35,2025-06-02,15:45
26368,224.01,2025-06-02,16:00
26369,205.55,2025-06-02,16:15
26370,210.59,2025-06-02,16:30
26371,210.24,2025-06-02,16:45
26372,255.12,2025-06-02,17:00
26373,395.72,2025-06-02,17:15
26374,394.16,2025-06-02,17:30
26375,408.01,2025-06-02,17:45
26376,375.49,2025-06-02,18:00
26377,285.89,2025-06-02,18:15
26378,220.91,2025-06-02,18:30
26379,256.81,2025-06-02,18:45
26380,273.16,2025-06-02,19:00
26381,331.79,2025-06-02,19:15
26382,308.47,2025-06-02,19:30
26383,213.28,2025-06-02,19:45
26384,217.95,2025-06-02,20:00
26385,281.62,2025-06-02,20:15
26386,278.75,2025-06-02,20:30
26387,268.45,2025-06-02,20:45
26388,266.44,2025-06-02,21:00
26389,239.72,2025-06-02,21:15
26390,248.51,2025-06-02,21:30
26391,242.76,2025-06-02,21:45
26392,231.28,2025-06-02,22:00
26393,254.16,2025-06-02,22:15
26394,259.53,2025-06-02,22:30
26395,311.09,2025-06-02,22:45
26396,251.94,2025-06-02,23:00
26397,203.32,2025-06-02,23:15
26398,195.88,2025-06-02,23:30
26399,171.74,2025-06-02,23:45
26400,40.0,2025-06-02,24:00
26401,308.41,2025-06-03,00:15
26402,257.99,2025-06-03,00:30
26403,223.32,2025-06-03,00:45
26404,179.96,2025-06-03,01:00
26405,205.8,2025-06-03,01:15
26406,209.2,2025-06-03,01:30
26407,195.48,2025-06-03,01:45
26408,218.46,2025-06-03,02:00
26409,218.83,2025-06-03,02:15
26410,227.91,2025-06-03,02:30
26411,230.21,2025-06-03,02:45
26412,282.13,2025-06-03,03:00
26413,299.68,2025-06-03,03:15
26414,305.17,2025-06-03,03:30
26415,323.26,2025-06-03,03:45
26416,329.11,2025-06-03,04:00
26417,321.46,2025-06-03,04:15
26418,320.4,2025-06-03,04:30
26419,329.88,2025-06-03,04:45
26420,323.84,2025-06-03,05:00
26421,330.06,2025-06-03,05:15
26422,320.65,2025-06-03,05:30
26423,315.82,2025-06-03,05:45
26424,296.97,2025-06-03,06:00
26425,292.71,2025-06-03,06:15
26426,287.62,2025-06-03,06:30
26427,296.63,2025-06-03,06:45
26428,292.1,2025-06-03,07:00
26429,270.19,2025-06-03,07:15
26430,254.9,2025-06-03,07:30
26431,240.53,2025-06-03,07:45
26432,197.93,2025-06-03,08:00
26433,40.0,2025-06-03,08:15
26434,40.0,2025-06-03,08:30
26435,40.0,2025-06-03,08:45
26436,40.0,2025-06-03,09:00
26437,40.0,2025-06-03,09:15
26438,40.0,2025-06-03,09:30
26439,40.0,2025-06-03,09:45
26440,40.0,2025-06-03,10:00
26441,40.0,2025-06-03,10:15
26442,40.0,2025-06-03,10:30
26443,40.0,2025-06-03,10:45
26444,40.0,2025-06-03,11:00
26445,163.05,2025-06-03,11:15
26446,158.55,2025-06-03,11:30
26447,40.0,2025-06-03,11:45
26448,40.0,2025-06-03,12:00
26449,40.0,2025-06-03,12:15
26450,40.0,2025-06-03,12:30
26451,40.0,2025-06-03,12:45
26452,40.0,2025-06-03,13:00
26453,40.0,2025-06-03,13:15
26454,40.0,2025-06-03,13:30
26455,40.0,2025-06-03,13:45
26456,40.0,2025-06-03,14:00
26457,40.0,2025-06-03,14:15
26458,40.0,2025-06-03,14:30
26459,40.0,2025-06-03,14:45
26460,40.0,2025-06-03,15:00
26461,167.7,2025-06-03,15:15
26462,164.69,2025-06-03,15:30
26463,175.02,2025-06-03,15:45
26464,185.0,2025-06-03,16:00
26465,226.52,2025-06-03,16:15
26466,165.65,2025-06-03,16:30
26467,152.14,2025-06-03,16:45
26468,186.22,2025-06-03,17:00
26469,290.98,2025-06-03,17:15
26470,274.2,2025-06-03,17:30
26471,277.54,2025-06-03,17:45
26472,288.35,2025-06-03,18:00
26473,189.4,2025-06-03,18:15
26474,40.0,2025-06-03,18:30
26475,186.39,2025-06-03,18:45
26476,220.11,2025-06-03,19:00
26477,302.72,2025-06-03,19:15
26478,221.26,2025-06-03,19:30
26479,242.01,2025-06-03,19:45
26480,252.52,2025-06-03,20:00
26481,285.99,2025-06-03,20:15
26482,286.61,2025-06-03,20:30
26483,290.01,2025-06-03,20:45
26484,309.83,2025-06-03,21:00
26485,288.8,2025-06-03,21:15
26486,264.96,2025-06-03,21:30
26487,250.48,2025-06-03,21:45
26488,224.54,2025-06-03,22:00
26489,206.51,2025-06-03,22:15
26490,201.46,2025-06-03,22:30
26491,205.82,2025-06-03,22:45
26492,230.85,2025-06-03,23:00
26493,40.0,2025-06-03,23:15
26494,40.0,2025-06-03,23:30
26495,40.0,2025-06-03,23:45
26496,40.0,2025-06-03,24:00
26497,220.13,2025-06-04,00:15
26498,205.87,2025-06-04,00:30
26499,177.26,2025-06-04,00:45
26500,40.0,2025-06-04,01:00
26501,174.47,2025-06-04,01:15
26502,40.0,2025-06-04,01:30
26503,40.0,2025-06-04,01:45
26504,40.0,2025-06-04,02:00
26505,40.0,2025-06-04,02:15
26506,151.11,2025-06-04,02:30
26507,167.27,2025-06-04,02:45
26508,176.88,2025-06-04,03:00
26509,213.51,2025-06-04,03:15
26510,208.76,2025-06-04,03:30
26511,202.36,2025-06-04,03:45
26512,209.15,2025-06-04,04:00
26513,229.7,2025-06-04,04:15
26514,230.24,2025-06-04,04:30
26515,231.46,2025-06-04,04:45
26516,232.15,2025-06-04,05:00
26517,238.2,2025-06-04,05:15
26518,227.25,2025-06-04,05:30
26519,223.77,2025-06-04,05:45
26520,217.23,2025-06-04,06:00
26521,201.65,2025-06-04,06:15
26522,182.77,2025-06-04,06:30
26523,227.11,2025-06-04,06:45
26524,244.88,2025-06-04,07:00
26525,276.17,2025-06-04,07:15
26526,40.0,2025-06-04,07:30
26527,40.0,2025-06-04,07:45
26528,40.0,2025-06-04,08:00
26529,40.0,2025-06-04,08:15
26530,40.0,2025-06-04,08:30
26531,40.0,2025-06-04,08:45
26532,40.0,2025-06-04,09:00
26533,40.0,2025-06-04,09:15
26534,40.0,2025-06-04,09:30
26535,40.0,2025-06-04,09:45
26536,40.0,2025-06-04,10:00
26537,40.0,2025-06-04,10:15
26538,40.0,2025-06-04,10:30
26539,40.0,2025-06-04,10:45
26540,40.0,2025-06-04,11:00
26541,40.0,2025-06-04,11:15
26542,40.0,2025-06-04,11:30
26543,40.0,2025-06-04,11:45
26544,40.0,2025-06-04,12:00
26545,40.0,2025-06-04,12:15
26546,40.0,2025-06-04,12:30
26547,40.0,2025-06-04,12:45
26548,40.0,2025-06-04,13:00
26549,40.0,2025-06-04,13:15
26550,40.0,2025-06-04,13:30
26551,40.0,2025-06-04,13:45
26552,40.0,2025-06-04,14:00
26553,40.0,2025-06-04,14:15
26554,40.0,2025-06-04,14:30
26555,40.0,2025-06-04,14:45
26556,40.0,2025-06-04,15:00
26557,40.0,2025-06-04,15:15
26558,40.0,2025-06-04,15:30
26559,40.0,2025-06-04,15:45
26560,40.0,2025-06-04,16:00
26561,40.0,2025-06-04,16:15
26562,40.0,2025-06-04,16:30
26563,40.0,2025-06-04,16:45
26564,40.0,2025-06-04,17:00
26565,286.74,2025-06-04,17:15
26566,337.41,2025-06-04,17:30
26567,266.55,2025-06-04,17:45
26568,163.87,2025-06-04,18:00
26569,40.0,2025-06-04,18:15
26570,40.0,2025-06-04,18:30
26571,40.0,2025-06-04,18:45
26572,40.0,2025-06-04,19:00
26573,40.0,2025-06-04,19:15
26574,40.0,2025-06-04,19:30
26575,40.0,2025-06-04,19:45
26576,40.0,2025-06-04,20:00
26577,40.0,2025-06-04,20:15
26578,40.0,2025-06-04,20:30
26579,40.0,2025-06-04,20:45
26580,40.0,2025-06-04,21:00
26581,40.0,2025-06-04,21:15
26582,40.0,2025-06-04,21:30
26583,40.0,2025-06-04,21:45
26584,40.0,2025-06-04,22:00
26585,290.0,2025-06-04,22:15
26586,40.0,2025-06-04,22:30
26587,40.0,2025-06-04,22:45
26588,40.0,2025-06-04,23:00
26589,40.0,2025-06-04,23:15
26590,40.0,2025-06-04,23:30
26591,40.0,2025-06-04,23:45
26592,40.0,2025-06-04,24:00
26593,259.0,2025-06-05,00:15
26594,253.0,2025-06-05,00:30
26595,229.79,2025-06-05,00:45
26596,233.9,2025-06-05,01:00
26597,245.6,2025-06-05,01:15
26598,236.94,2025-06-05,01:30
26599,246.11,2025-06-05,01:45
26600,238.59,2025-06-05,02:00
26601,251.15,2025-06-05,02:15
26602,270.42,2025-06-05,02:30
26603,286.88,2025-06-05,02:45
26604,287.76,2025-06-05,03:00
26605,323.49,2025-06-05,03:15
26606,342.28,2025-06-05,03:30
26607,329.64,2025-06-05,03:45
26608,341.15,2025-06-05,04:00
26609,335.73,2025-06-05,04:15
26610,345.49,2025-06-05,04:30
26611,345.65,2025-06-05,04:45
26612,366.74,2025-06-05,05:00
26613,390.83,2025-06-05,05:15
26614,356.44,2025-06-05,05:30
26615,357.75,2025-06-05,05:45
26616,344.99,2025-06-05,06:00
26617,343.24,2025-06-05,06:15
26618,328.95,2025-06-05,06:30
26619,330.94,2025-06-05,06:45
26620,316.44,2025-06-05,07:00
26621,265.6,2025-06-05,07:15
26622,255.77,2025-06-05,07:30
26623,237.06,2025-06-05,07:45
26624,228.98,2025-06-05,08:00
26625,40.0,2025-06-05,08:15
26626,40.0,2025-06-05,08:30
26627,40.0,2025-06-05,08:45
26628,148.26,2025-06-05,09:00
26629,40.0,2025-06-05,09:15
26630,40.0,2025-06-05,09:30
26631,40.0,2025-06-05,09:45
26632,100.11,2025-06-05,10:00
26633,40.0,2025-06-05,10:15
26634,40.0,2025-06-05,10:30
26635,40.0,2025-06-05,10:45
26636,40.0,2025-06-05,11:00
26637,40.0,2025-06-05,11:15
26638,40.0,2025-06-05,11:30
26639,40.0,2025-06-05,11:45
26640,40.0,2025-06-05,12:00
26641,174.67,2025-06-05,12:15
26642,174.92,2025-06-05,12:30
26643,40.0,2025-06-05,12:45
26644,165.06,2025-06-05,13:00
26645,40.0,2025-06-05,13:15
26646,40.0,2025-06-05,13:30
26647,40.0,2025-06-05,13:45
26648,40.0,2025-06-05,14:00
26649,40.0,2025-06-05,14:15
26650,40.0,2025-06-05,14:30
26651,40.0,2025-06-05,14:45
26652,40.0,2025-06-05,15:00
26653,253.61,2025-06-05,15:15
26654,223.33,2025-06-05,15:30
26655,218.72,2025-06-05,15:45
26656,201.01,2025-06-05,16:00
26657,234.52,2025-06-05,16:15
26658,230.26,2025-06-05,16:30
26659,246.63,2025-06-05,16:45
26660,211.43,2025-06-05,17:00
26661,316.94,2025-06-05,17:15
26662,310.96,2025-06-05,17:30
26663,332.57,2025-06-05,17:45
26664,364.29,2025-06-05,18:00
26665,40.0,2025-06-05,18:15
26666,40.0,2025-06-05,18:30
26667,281.74,2025-06-05,18:45
26668,324.86,2025-06-05,19:00
26669,313.84,2025-06-05,19:15
26670,400.0,2025-06-05,19:30
26671,370.0,2025-06-05,19:45
26672,194.94,2025-06-05,20:00
26673,237.46,2025-06-05,20:15
26674,415.16,2025-06-05,20:30
26675,266.71,2025-06-05,20:45
26676,293.8,2025-06-05,21:00
26677,299.96,2025-06-05,21:15
26678,297.57,2025-06-05,21:30
26679,304.85,2025-06-05,21:45
26680,301.65,2025-06-05,22:00
26681,318.96,2025-06-05,22:15
26682,339.81,2025-06-05,22:30
26683,333.34,2025-06-05,22:45
26684,425.31,2025-06-05,23:00
26685,426.6,2025-06-05,23:15
26686,447.57,2025-06-05,23:30
26687,426.21,2025-06-05,23:45
26688,385.45,2025-06-05,24:00
26689,315.67,2025-06-06,00:15
26690,337.94,2025-06-06,00:30
26691,264.89,2025-06-06,00:45
26692,268.37,2025-06-06,01:00
26693,258.87,2025-06-06,01:15
26694,260.47,2025-06-06,01:30
26695,292.35,2025-06-06,01:45
26696,247.67,2025-06-06,02:00
26697,230.68,2025-06-06,02:15
26698,238.05,2025-06-06,02:30
26699,243.15,2025-06-06,02:45
26700,257.14,2025-06-06,03:00
26701,280.31,2025-06-06,03:15
26702,340.13,2025-06-06,03:30
26703,338.18,2025-06-06,03:45
26704,330.78,2025-06-06,04:00
26705,405.06,2025-06-06,04:15
26706,424.36,2025-06-06,04:30
26707,415.38,2025-06-06,04:45
26708,427.06,2025-06-06,05:00
26709,473.0,2025-06-06,05:15
26710,470.93,2025-06-06,05:30
26711,449.82,2025-06-06,05:45
26712,438.74,2025-06-06,06:00
26713,399.39,2025-06-06,06:15
26714,403.5,2025-06-06,06:30
26715,345.89,2025-06-06,06:45
26716,307.09,2025-06-06,07:00
26717,298.58,2025-06-06,07:15
26718,233.4,2025-06-06,07:30
26719,40.0,2025-06-06,07:45
26720,40.0,2025-06-06,08:00
26721,290.0,2025-06-06,08:15
26722,40.0,2025-06-06,08:30
26723,126.37,2025-06-06,08:45
26724,40.0,2025-06-06,09:00
26725,40.0,2025-06-06,09:15
26726,40.0,2025-06-06,09:30
26727,40.0,2025-06-06,09:45
26728,40.0,2025-06-06,10:00
26729,310.0,2025-06-06,10:15
26730,360.0,2025-06-06,10:30
26731,40.0,2025-06-06,10:45
26732,40.0,2025-06-06,11:00
26733,40.0,2025-06-06,11:15
26734,40.0,2025-06-06,11:30
26735,147.47,2025-06-06,11:45
26736,151.98,2025-06-06,12:00
26737,184.55,2025-06-06,12:15
26738,168.99,2025-06-06,12:30
26739,164.27,2025-06-06,12:45
26740,142.54,2025-06-06,13:00
26741,145.25,2025-06-06,13:15
26742,40.0,2025-06-06,13:30
26743,143.58,2025-06-06,13:45
26744,40.0,2025-06-06,14:00
26745,40.0,2025-06-06,14:15
26746,40.0,2025-06-06,14:30
26747,40.0,2025-06-06,14:45
26748,163.7,2025-06-06,15:00
26749,181.36,2025-06-06,15:15
26750,177.37,2025-06-06,15:30
26751,198.32,2025-06-06,15:45
26752,197.87,2025-06-06,16:00
26753,227.18,2025-06-06,16:15
26754,252.99,2025-06-06,16:30
26755,265.89,2025-06-06,16:45
26756,229.7,2025-06-06,17:00
26757,363.57,2025-06-06,17:15
26758,461.66,2025-06-06,17:30
26759,487.6,2025-06-06,17:45
26760,517.98,2025-06-06,18:00
26761,510.38,2025-06-06,18:15
26762,496.58,2025-06-06,18:30
26763,491.18,2025-06-06,18:45
26764,480.56,2025-06-06,19:00
26765,327.04,2025-06-06,19:15
26766,312.55,2025-06-06,19:30
26767,344.58,2025-06-06,19:45
26768,350.55,2025-06-06,20:00
26769,325.23,2025-06-06,20:15
26770,344.17,2025-06-06,20:30
26771,391.39,2025-06-06,20:45
26772,391.88,2025-06-06,21:00
26773,355.35,2025-06-06,21:15
26774,337.18,2025-06-06,21:30
26775,334.06,2025-06-06,21:45
26776,332.27,2025-06-06,22:00
26777,355.45,2025-06-06,22:15
26778,328.41,2025-06-06,22:30
26779,307.66,2025-06-06,22:45
26780,289.38,2025-06-06,23:00
26781,400.0,2025-06-06,23:15
26782,395.87,2025-06-06,23:30
26783,364.89,2025-06-06,23:45
26784,423.12,2025-06-06,24:00
26785,307.14,2025-06-07,00:15
26786,295.5,2025-06-07,00:30
26787,244.69,2025-06-07,00:45
26788,326.94,2025-06-07,01:00
26789,253.1,2025-06-07,01:15
26790,334.23,2025-06-07,01:30
26791,250.13,2025-06-07,01:45
26792,333.09,2025-06-07,02:00
26793,358.05,2025-06-07,02:15
26794,387.56,2025-06-07,02:30
26795,394.91,2025-06-07,02:45
26796,391.23,2025-06-07,03:00
26797,375.3,2025-06-07,03:15
26798,301.82,2025-06-07,03:30
26799,310.74,2025-06-07,03:45
26800,297.37,2025-06-07,04:00
26801,308.04,2025-06-07,04:15
26802,307.97,2025-06-07,04:30
26803,293.82,2025-06-07,04:45
26804,306.05,2025-06-07,05:00
26805,288.22,2025-06-07,05:15
26806,375.37,2025-06-07,05:30
26807,396.45,2025-06-07,05:45
26808,390.0,2025-06-07,06:00
26809,350.0,2025-06-07,06:15
26810,350.0,2025-06-07,06:30
26811,300.0,2025-06-07,06:45
26812,40.0,2025-06-07,07:00
26813,40.0,2025-06-07,07:15
26814,40.0,2025-06-07,07:30
26815,40.0,2025-06-07,07:45
26816,40.0,2025-06-07,08:00
26817,40.0,2025-06-07,08:15
26818,40.0,2025-06-07,08:30
26819,40.0,2025-06-07,08:45
26820,40.0,2025-06-07,09:00
26821,40.0,2025-06-07,09:15
26822,40.0,2025-06-07,09:30
26823,40.0,2025-06-07,09:45
26824,109.17,2025-06-07,10:00
26825,40.0,2025-06-07,10:15
26826,40.0,2025-06-07,10:30
26827,40.0,2025-06-07,10:45
26828,40.0,2025-06-07,11:00
26829,40.0,2025-06-07,11:15
26830,40.0,2025-06-07,11:30
26831,40.0,2025-06-07,11:45
26832,40.0,2025-06-07,12:00
26833,183.88,2025-06-07,12:15
26834,163.95,2025-06-07,12:30
26835,40.0,2025-06-07,12:45
26836,40.0,2025-06-07,13:00
26837,40.0,2025-06-07,13:15
26838,40.0,2025-06-07,13:30
26839,40.0,2025-06-07,13:45
26840,40.0,2025-06-07,14:00
26841,40.0,2025-06-07,14:15
26842,40.0,2025-06-07,14:30
26843,40.0,2025-06-07,14:45
26844,40.0,2025-06-07,15:00
26845,40.0,2025-06-07,15:15
26846,40.0,2025-06-07,15:30
26847,40.0,2025-06-07,15:45
26848,40.0,2025-06-07,16:00
26849,146.97,2025-06-07,16:15
26850,110.12,2025-06-07,16:30
26851,154.44,2025-06-07,16:45
26852,194.93,2025-06-07,17:00
26853,317.09,2025-06-07,17:15
26854,337.11,2025-06-07,17:30
26855,387.47,2025-06-07,17:45
26856,377.24,2025-06-07,18:00
26857,312.91,2025-06-07,18:15
26858,294.94,2025-06-07,18:30
26859,279.0,2025-06-07,18:45
26860,263.37,2025-06-07,19:00
26861,347.47,2025-06-07,19:15
26862,356.09,2025-06-07,19:30
26863,347.94,2025-06-07,19:45
26864,329.82,2025-06-07,20:00
26865,311.24,2025-06-07,20:15
26866,339.88,2025-06-07,20:30
26867,326.97,2025-06-07,20:45
26868,300.09,2025-06-07,21:00
26869,250.51,2025-06-07,21:15
26870,228.71,2025-06-07,21:30
26871,245.7,2025-06-07,21:45
26872,209.1,2025-06-07,22:00
26873,40.0,2025-06-07,22:15
26874,40.0,2025-06-07,22:30
26875,310.0,2025-06-07,22:45
26876,380.0,2025-06-07,23:00
26877,380.0,2025-06-07,23:15
26878,348.56,2025-06-07,23:30
26879,390.0,2025-06-07,23:45
26880,360.0,2025-06-07,24:00
26881,259.19,2025-06-08,00:15
26882,250.65,2025-06-08,00:30
26883,303.85,2025-06-08,00:45
26884,243.12,2025-06-08,01:00
26885,251.03,2025-06-08,01:15
26886,241.35,2025-06-08,01:30
26887,250.0,2025-06-08,01:45
26888,239.01,2025-06-08,02:00
26889,257.42,2025-06-08,02:15
26890,346.21,2025-06-08,02:30
26891,330.41,2025-06-08,02:45
26892,337.37,2025-06-08,03:00
26893,285.48,2025-06-08,03:15
26894,295.96,2025-06-08,03:30
26895,308.16,2025-06-08,03:45
26896,386.87,2025-06-08,04:00
26897,269.32,2025-06-08,04:15
26898,269.69,2025-06-08,04:30
26899,276.8,2025-06-08,04:45
26900,275.75,2025-06-08,05:00
26901,278.54,2025-06-08,05:15
26902,353.41,2025-06-08,05:30
26903,370.0,2025-06-08,05:45
26904,390.0,2025-06-08,06:00
26905,380.0,2025-06-08,06:15
26906,360.0,2025-06-08,06:30
26907,370.0,2025-06-08,06:45
26908,360.0,2025-06-08,07:00
26909,330.0,2025-06-08,07:15
26910,40.0,2025-06-08,07:30
26911,40.0,2025-06-08,07:45
26912,40.0,2025-06-08,08:00
26913,40.0,2025-06-08,08:15
26914,40.0,2025-06-08,08:30
26915,40.0,2025-06-08,08:45
26916,40.0,2025-06-08,09:00
26917,40.0,2025-06-08,09:15
26918,40.0,2025-06-08,09:30
26919,40.0,2025-06-08,09:45
26920,154.88,2025-06-08,10:00
26921,138.2,2025-06-08,10:15
26922,160.69,2025-06-08,10:30
26923,162.94,2025-06-08,10:45
26924,143.77,2025-06-08,11:00
26925,40.0,2025-06-08,11:15
26926,40.0,2025-06-08,11:30
26927,40.0,2025-06-08,11:45
26928,102.83,2025-06-08,12:00
26929,193.98,2025-06-08,12:15
26930,151.4,2025-06-08,12:30
26931,40.0,2025-06-08,12:45
26932,40.0,2025-06-08,13:00
26933,136.33,2025-06-08,13:15
26934,150.08,2025-06-08,13:30
26935,214.55,2025-06-08,13:45
26936,214.06,2025-06-08,14:00
26937,195.28,2025-06-08,14:15
26938,175.89,2025-06-08,14:30
26939,195.81,2025-06-08,14:45
26940,188.66,2025-06-08,15:00
26941,40.0,2025-06-08,15:15
26942,148.06,2025-06-08,15:30
26943,188.42,2025-06-08,15:45
26944,40.0,2025-06-08,16:00
26945,204.16,2025-06-08,16:15
26946,230.35,2025-06-08,16:30
26947,221.71,2025-06-08,16:45
26948,212.89,2025-06-08,17:00
26949,297.89,2025-06-08,17:15
26950,306.22,2025-06-08,17:30
26951,315.15,2025-06-08,17:45
26952,324.44,2025-06-08,18:00
26953,295.42,2025-06-08,18:15
26954,279.89,2025-06-08,18:30
26955,305.86,2025-06-08,18:45
26956,265.84,2025-06-08,19:00
26957,324.3,2025-06-08,19:15
26958,289.08,2025-06-08,19:30
26959,241.2,2025-06-08,19:45
26960,259.56,2025-06-08,20:00
26961,257.79,2025-06-08,20:15
26962,307.59,2025-06-08,20:30
26963,317.22,2025-06-08,20:45
26964,418.38,2025-06-08,21:00
26965,305.57,2025-06-08,21:15
26966,270.85,2025-06-08,21:30
26967,245.91,2025-06-08,21:45
26968,195.26,2025-06-08,22:00
26969,192.56,2025-06-08,22:15
26970,40.0,2025-06-08,22:30
26971,191.12,2025-06-08,22:45
26972,216.3,2025-06-08,23:00
26973,207.33,2025-06-08,23:15
26974,300.0,2025-06-08,23:30
26975,310.0,2025-06-08,23:45
26976,314.86,2025-06-08,24:00
26977,233.99,2025-06-09,00:15
26978,206.16,2025-06-09,00:30
26979,40.0,2025-06-09,00:45
26980,198.77,2025-06-09,01:00
26981,213.7,2025-06-09,01:15
26982,235.06,2025-06-09,01:30
26983,249.53,2025-06-09,01:45
26984,40.0,2025-06-09,02:00
26985,40.0,2025-06-09,02:15
26986,40.0,2025-06-09,02:30
26987,40.0,2025-06-09,02:45
26988,40.0,2025-06-09,03:00
26989,40.0,2025-06-09,03:15
26990,40.0,2025-06-09,03:30
26991,40.0,2025-06-09,03:45
26992,40.0,2025-06-09,04:00
26993,40.0,2025-06-09,04:15
26994,40.0,2025-06-09,04:30
26995,40.0,2025-06-09,04:45
26996,40.0,2025-06-09,05:00
26997,40.0,2025-06-09,05:15
26998,40.0,2025-06-09,05:30
26999,270.52,2025-06-09,05:45
27000,271.41,2025-06-09,06:00
27001,271.34,2025-06-09,06:15
27002,40.0,2025-06-09,06:30
27003,40.0,2025-06-09,06:45
27004,40.0,2025-06-09,07:00
27005,40.0,2025-06-09,07:15
27006,40.0,2025-06-09,07:30
27007,40.0,2025-06-09,07:45
27008,40.0,2025-06-09,08:00
27009,40.0,2025-06-09,08:15
27010,40.0,2025-06-09,08:30
27011,40.0,2025-06-09,08:45
27012,40.0,2025-06-09,09:00
27013,40.0,2025-06-09,09:15
27014,40.0,2025-06-09,09:30
27015,40.0,2025-06-09,09:45
27016,40.0,2025-06-09,10:00
27017,40.0,2025-06-09,10:15
27018,40.0,2025-06-09,10:30
27019,40.0,2025-06-09,10:45
27020,40.0,2025-06-09,11:00
27021,40.0,2025-06-09,11:15
27022,40.0,2025-06-09,11:30
27023,151.9,2025-06-09,11:45
27024,155.65,2025-06-09,12:00
27025,151.77,2025-06-09,12:15
27026,40.0,2025-06-09,12:30
27027,40.0,2025-06-09,12:45
27028,40.0,2025-06-09,13:00
27029,40.0,2025-06-09,13:15
27030,40.0,2025-06-09,13:30
27031,40.0,2025-06-09,13:45
27032,40.0,2025-06-09,14:00
27033,40.0,2025-06-09,14:15
27034,40.0,2025-06-09,14:30
27035,40.0,2025-06-09,14:45
27036,40.0,2025-06-09,15:00
27037,40.0,2025-06-09,15:15
27038,40.0,2025-06-09,15:30
27039,40.0,2025-06-09,15:45
27040,40.0,2025-06-09,16:00
27041,158.33,2025-06-09,16:15
27042,216.82,2025-06-09,16:30
27043,252.14,2025-06-09,16:45
27044,271.09,2025-06-09,17:00
27045,230.8,2025-06-09,17:15
27046,228.11,2025-06-09,17:30
27047,218.95,2025-06-09,17:45
27048,217.56,2025-06-09,18:00
27049,198.7,2025-06-09,18:15
27050,173.22,2025-06-09,18:30
27051,216.89,2025-06-09,18:45
27052,245.62,2025-06-09,19:00
27053,286.35,2025-06-09,19:15
27054,256.44,2025-06-09,19:30
27055,343.45,2025-06-09,19:45
27056,360.67,2025-06-09,20:00
27057,356.59,2025-06-09,20:15
27058,254.87,2025-06-09,20:30
27059,322.78,2025-06-09,20:45
27060,262.86,2025-06-09,21:00
27061,257.63,2025-06-09,21:15
27062,243.81,2025-06-09,21:30
27063,216.87,2025-06-09,21:45
27064,40.0,2025-06-09,22:00
27065,300.0,2025-06-09,22:15
27066,290.0,2025-06-09,22:30
27067,290.0,2025-06-09,22:45
27068,40.0,2025-06-09,23:00
27069,320.0,2025-06-09,23:15
27070,346.16,2025-06-09,23:30
27071,350.0,2025-06-09,23:45
27072,350.0,2025-06-09,24:00
27073,380.0,2025-06-10,00:15
27074,380.0,2025-06-10,00:30
27075,344.96,2025-06-10,00:45
27076,342.12,2025-06-10,01:00
27077,334.98,2025-06-10,01:15
27078,300.0,2025-06-10,01:30
27079,322.34,2025-06-10,01:45
27080,251.81,2025-06-10,02:00
27081,288.92,2025-06-10,02:15
27082,289.01,2025-06-10,02:30
27083,293.66,2025-06-10,02:45
27084,281.92,2025-06-10,03:00
27085,286.96,2025-06-10,03:15
27086,273.58,2025-06-10,03:30
27087,273.15,2025-06-10,03:45
27088,269.31,2025-06-10,04:00
27089,257.21,2025-06-10,04:15
27090,269.03,2025-06-10,04:30
27091,284.21,2025-06-10,04:45
27092,312.28,2025-06-10,05:00
27093,323.61,2025-06-10,05:15
27094,321.72,2025-06-10,05:30
27095,293.52,2025-06-10,05:45
27096,279.39,2025-06-10,06:00
27097,275.19,2025-06-10,06:15
27098,273.94,2025-06-10,06:30
27099,260.11,2025-06-10,06:45
27100,221.72,2025-06-10,07:00
27101,210.85,2025-06-10,07:15
27102,198.44,2025-06-10,07:30
27103,101.31,2025-06-10,07:45
27104,40.0,2025-06-10,08:00
27105,40.0,2025-06-10,08:15
27106,40.0,2025-06-10,08:30
27107,151.58,2025-06-10,08:45
27108,138.7,2025-06-10,09:00
27109,40.0,2025-06-10,09:15
27110,40.0,2025-06-10,09:30
27111,40.0,2025-06-10,09:45
27112,40.0,2025-06-10,10:00
27113,40.0,2025-06-10,10:15
27114,40.0,2025-06-10,10:30
27115,40.0,2025-06-10,10:45
27116,40.0,2025-06-10,11:00
27117,126.95,2025-06-10,11:15
27118,40.0,2025-06-10,11:30
27119,40.0,2025-06-10,11:45
27120,40.0,2025-06-10,12:00
27121,40.0,2025-06-10,12:15
27122,40.0,2025-06-10,12:30
27123,40.0,2025-06-10,12:45
27124,40.0,2025-06-10,13:00
27125,40.0,2025-06-10,13:15
27126,40.0,2025-06-10,13:30
27127,40.0,2025-06-10,13:45
27128,40.0,2025-06-10,14:00
27129,40.0,2025-06-10,14:15
27130,40.0,2025-06-10,14:30
27131,40.0,2025-06-10,14:45
27132,40.0,2025-06-10,15:00
27133,40.0,2025-06-10,15:15
27134,40.0,2025-06-10,15:30
27135,40.0,2025-06-10,15:45
27136,40.0,2025-06-10,16:00
27137,201.66,2025-06-10,16:15
27138,212.46,2025-06-10,16:30
27139,167.58,2025-06-10,16:45
27140,40.0,2025-06-10,17:00
27141,149.72,2025-06-10,17:15
27142,153.31,2025-06-10,17:30
27143,171.39,2025-06-10,17:45
27144,208.27,2025-06-10,18:00
27145,281.68,2025-06-10,18:15
27146,311.9,2025-06-10,18:30
27147,327.32,2025-06-10,18:45
27148,387.92,2025-06-10,19:00
27149,388.91,2025-06-10,19:15
27150,401.22,2025-06-10,19:30
27151,431.71,2025-06-10,19:45
27152,425.02,2025-06-10,20:00
27153,381.63,2025-06-10,20:15
27154,382.85,2025-06-10,20:30
27155,383.86,2025-06-10,20:45
27156,358.66,2025-06-10,21:00
27157,291.01,2025-06-10,21:15
27158,319.36,2025-06-10,21:30
27159,302.06,2025-06-10,21:45
27160,277.37,2025-06-10,22:00
27161,261.83,2025-06-10,22:15
27162,250.57,2025-06-10,22:30
27163,251.79,2025-06-10,22:45
27164,208.05,2025-06-10,23:00
27165,40.0,2025-06-10,23:15
27166,40.0,2025-06-10,23:30
27167,40.0,2025-06-10,23:45
27168,191.5,2025-06-10,24:00
27169,239.15,2025-06-11,00:15
27170,213.85,2025-06-11,00:30
27171,217.49,2025-06-11,00:45
27172,217.7,2025-06-11,01:00
27173,242.33,2025-06-11,01:15
27174,224.19,2025-06-11,01:30
27175,206.59,2025-06-11,01:45
27176,198.78,2025-06-11,02:00
27177,209.31,2025-06-11,02:15
27178,208.35,2025-06-11,02:30
27179,40.0,2025-06-11,02:45
27180,40.0,2025-06-11,03:00
27181,40.0,2025-06-11,03:15
27182,40.0,2025-06-11,03:30
27183,40.0,2025-06-11,03:45
27184,40.0,2025-06-11,04:00
27185,120.83,2025-06-11,04:15
27186,120.85,2025-06-11,04:30
27187,195.25,2025-06-11,04:45
27188,233.05,2025-06-11,05:00
27189,239.78,2025-06-11,05:15
27190,233.71,2025-06-11,05:30
27191,261.66,2025-06-11,05:45
27192,266.62,2025-06-11,06:00
27193,268.16,2025-06-11,06:15
27194,253.37,2025-06-11,06:30
27195,239.69,2025-06-11,06:45
27196,243.16,2025-06-11,07:00
27197,238.72,2025-06-11,07:15
27198,228.81,2025-06-11,07:30
27199,224.22,2025-06-11,07:45
27200,243.61,2025-06-11,08:00
27201,40.0,2025-06-11,08:15
27202,40.0,2025-06-11,08:30
27203,151.33,2025-06-11,08:45
27204,210.32,2025-06-11,09:00
27205,40.0,2025-06-11,09:15
27206,40.0,2025-06-11,09:30
27207,178.74,2025-06-11,09:45
27208,122.66,2025-06-11,10:00
27209,204.61,2025-06-11,10:15
27210,206.87,2025-06-11,10:30
27211,205.13,2025-06-11,10:45
27212,157.03,2025-06-11,11:00
27213,147.31,2025-06-11,11:15
27214,143.33,2025-06-11,11:30
27215,120.75,2025-06-11,11:45
27216,40.0,2025-06-11,12:00
27217,206.7,2025-06-11,12:15
27218,157.73,2025-06-11,12:30
27219,40.0,2025-06-11,12:45
27220,133.46,2025-06-11,13:00
27221,155.18,2025-06-11,13:15
27222,151.77,2025-06-11,13:30
27223,161.0,2025-06-11,13:45
27224,181.53,2025-06-11,14:00
27225,258.86,2025-06-11,14:15
27226,151.12,2025-06-11,14:30
27227,143.25,2025-06-11,14:45
27228,158.31,2025-06-11,15:00
27229,209.42,2025-06-11,15:15
27230,194.89,2025-06-11,15:30
27231,179.06,2025-06-11,15:45
27232,156.8,2025-06-11,16:00
27233,170.9,2025-06-11,16:15
27234,177.97,2025-06-11,16:30
27235,236.2,2025-06-11,16:45
27236,144.24,2025-06-11,17:00
27237,210.62,2025-06-11,17:15
27238,260.71,2025-06-11,17:30
27239,280.88,2025-06-11,17:45
27240,240.11,2025-06-11,18:00
27241,345.21,2025-06-11,18:15
27242,376.24,2025-06-11,18:30
27243,387.31,2025-06-11,18:45
27244,404.96,2025-06-11,19:00
27245,404.46,2025-06-11,19:15
27246,273.08,2025-06-11,19:30
27247,271.9,2025-06-11,19:45
27248,270.78,2025-06-11,20:00
27249,300.34,2025-06-11,20:15
27250,331.27,2025-06-11,20:30
27251,343.85,2025-06-11,20:45
27252,338.9,2025-06-11,21:00
27253,300.1,2025-06-11,21:15
27254,255.14,2025-06-11,21:30
27255,250.53,2025-06-11,21:45
27256,256.62,2025-06-11,22:00
27257,212.82,2025-06-11,22:15
27258,40.0,2025-06-11,22:30
27259,40.0,2025-06-11,22:45
27260,40.0,2025-06-11,23:00
27261,112.46,2025-06-11,23:15
27262,40.0,2025-06-11,23:30
27263,40.0,2025-06-11,23:45
27264,40.0,2025-06-11,24:00
27265,220.11,2025-06-12,00:15
27266,191.64,2025-06-12,00:30
27267,178.4,2025-06-12,00:45
27268,183.85,2025-06-12,01:00
27269,219.54,2025-06-12,01:15
27270,226.12,2025-06-12,01:30
27271,225.26,2025-06-12,01:45
27272,223.03,2025-06-12,02:00
27273,222.64,2025-06-12,02:15
27274,210.84,2025-06-12,02:30
27275,40.0,2025-06-12,02:45
27276,40.0,2025-06-12,03:00
27277,40.0,2025-06-12,03:15
27278,226.68,2025-06-12,03:30
27279,211.94,2025-06-12,03:45
27280,40.0,2025-06-12,04:00
27281,249.84,2025-06-12,04:15
27282,281.72,2025-06-12,04:30
27283,278.14,2025-06-12,04:45
27284,230.63,2025-06-12,05:00
27285,233.32,2025-06-12,05:15
27286,229.38,2025-06-12,05:30
27287,251.72,2025-06-12,05:45
27288,263.65,2025-06-12,06:00
27289,257.92,2025-06-12,06:15
27290,264.15,2025-06-12,06:30
27291,271.01,2025-06-12,06:45
27292,299.48,2025-06-12,07:00
27293,361.94,2025-06-12,07:15
27294,331.53,2025-06-12,07:30
27295,271.11,2025-06-12,07:45
27296,221.26,2025-06-12,08:00
27297,40.0,2025-06-12,08:15
27298,40.0,2025-06-12,08:30
27299,190.21,2025-06-12,08:45
27300,173.51,2025-06-12,09:00
27301,40.0,2025-06-12,09:15
27302,151.98,2025-06-12,09:30
27303,167.68,2025-06-12,09:45
27304,196.24,2025-06-12,10:00
27305,237.78,2025-06-12,10:15
27306,239.22,2025-06-12,10:30
27307,256.47,2025-06-12,10:45
27308,234.35,2025-06-12,11:00
27309,139.25,2025-06-12,11:15
27310,275.66,2025-06-12,11:30
27311,198.4,2025-06-12,11:45
27312,198.78,2025-06-12,12:00
27313,283.69,2025-06-12,12:15
27314,288.76,2025-06-12,12:30
27315,225.38,2025-06-12,12:45
27316,297.91,2025-06-12,13:00
27317,311.96,2025-06-12,13:15
27318,202.74,2025-06-12,13:30
27319,273.4,2025-06-12,13:45
27320,302.65,2025-06-12,14:00
27321,265.44,2025-06-12,14:15
27322,179.9,2025-06-12,14:30
27323,234.99,2025-06-12,14:45
27324,252.91,2025-06-12,15:00
27325,252.06,2025-06-12,15:15
27326,287.92,2025-06-12,15:30
27327,214.56,2025-06-12,15:45
27328,211.11,2025-06-12,16:00
27329,216.29,2025-06-12,16:15
27330,331.79,2025-06-12,16:30
27331,275.98,2025-06-12,16:45
27332,283.59,2025-06-12,17:00
27333,346.09,2025-06-12,17:15
27334,342.77,2025-06-12,17:30
27335,471.56,2025-06-12,17:45
27336,375.12,2025-06-12,18:00
27337,289.25,2025-06-12,18:15
27338,40.0,2025-06-12,18:30
27339,295.89,2025-06-12,18:45
27340,40.0,2025-06-12,19:00
27341,391.22,2025-06-12,19:15
27342,40.0,2025-06-12,19:30
27343,496.51,2025-06-12,19:45
27344,488.89,2025-06-12,20:00
27345,499.36,2025-06-12,20:15
27346,501.0,2025-06-12,20:30
27347,475.16,2025-06-12,20:45
27348,456.17,2025-06-12,21:00
27349,459.55,2025-06-12,21:15
27350,469.51,2025-06-12,21:30
27351,438.4,2025-06-12,21:45
27352,430.34,2025-06-12,22:00
27353,373.58,2025-06-12,22:15
27354,369.73,2025-06-12,22:30
27355,388.39,2025-06-12,22:45
27356,330.97,2025-06-12,23:00
27357,387.16,2025-06-12,23:15
27358,530.54,2025-06-12,23:30
27359,517.96,2025-06-12,23:45
27360,404.42,2025-06-12,24:00
27361,373.93,2025-06-13,00:15
27362,443.12,2025-06-13,00:30
27363,482.78,2025-06-13,00:45
27364,427.01,2025-06-13,01:00
27365,398.43,2025-06-13,01:15
27366,355.26,2025-06-13,01:30
27367,365.53,2025-06-13,01:45
27368,365.26,2025-06-13,02:00
27369,384.14,2025-06-13,02:15
27370,348.17,2025-06-13,02:30
27371,295.62,2025-06-13,02:45
27372,319.07,2025-06-13,03:00
27373,309.03,2025-06-13,03:15
27374,305.7,2025-06-13,03:30
27375,307.86,2025-06-13,03:45
27376,319.49,2025-06-13,04:00
27377,475.44,2025-06-13,04:15
27378,467.97,2025-06-13,04:30
27379,451.1,2025-06-13,04:45
27380,448.55,2025-06-13,05:00
27381,471.31,2025-06-13,05:15
27382,472.88,2025-06-13,05:30
27383,514.88,2025-06-13,05:45
27384,517.37,2025-06-13,06:00
27385,495.22,2025-06-13,06:15
27386,441.67,2025-06-13,06:30
27387,508.69,2025-06-13,06:45
27388,508.39,2025-06-13,07:00
27389,468.05,2025-06-13,07:15
27390,378.93,2025-06-13,07:30
27391,497.06,2025-06-13,07:45
27392,470.06,2025-06-13,08:00
27393,346.56,2025-06-13,08:15
27394,314.46,2025-06-13,08:30
27395,254.37,2025-06-13,08:45
27396,219.35,2025-06-13,09:00
27397,146.17,2025-06-13,09:15
27398,177.05,2025-06-13,09:30
27399,176.2,2025-06-13,09:45
27400,151.71,2025-06-13,10:00
27401,200.71,2025-06-13,10:15
27402,145.25,2025-06-13,10:30
27403,162.09,2025-06-13,10:45
27404,152.64,2025-06-13,11:00
27405,236.47,2025-06-13,11:15
27406,241.41,2025-06-13,11:30
27407,211.88,2025-06-13,11:45
27408,206.58,2025-06-13,12:00
27409,218.93,2025-06-13,12:15
27410,189.82,2025-06-13,12:30
27411,133.3,2025-06-13,12:45
27412,163.78,2025-06-13,13:00
27413,119.05,2025-06-13,13:15
27414,254.77,2025-06-13,13:30
27415,40.0,2025-06-13,13:45
27416,228.72,2025-06-13,14:00
27417,207.92,2025-06-13,14:15
27418,162.52,2025-06-13,14:30
27419,40.0,2025-06-13,14:45
27420,40.0,2025-06-13,15:00
27421,255.83,2025-06-13,15:15
27422,245.0,2025-06-13,15:30
27423,268.13,2025-06-13,15:45
27424,293.46,2025-06-13,16:00
27425,352.12,2025-06-13,16:15
27426,284.19,2025-06-13,16:30
27427,345.29,2025-06-13,16:45
27428,255.38,2025-06-13,17:00
27429,343.06,2025-06-13,17:15
27430,346.82,2025-06-13,17:30
27431,225.36,2025-06-13,17:45
27432,251.85,2025-06-13,18:00
27433,40.0,2025-06-13,18:15
27434,40.0,2025-06-13,18:30
27435,389.98,2025-06-13,18:45
27436,281.88,2025-06-13,19:00
27437,336.52,2025-06-13,19:15
27438,288.4,2025-06-13,19:30
27439,323.57,2025-06-13,19:45
27440,244.98,2025-06-13,20:00
27441,304.71,2025-06-13,20:15
27442,414.17,2025-06-13,20:30
27443,369.54,2025-06-13,20:45
27444,335.36,2025-06-13,21:00
27445,291.56,2025-06-13,21:15
27446,261.65,2025-06-13,21:30
27447,263.96,2025-06-13,21:45
27448,247.79,2025-06-13,22:00
27449,267.91,2025-06-13,22:15
27450,307.31,2025-06-13,22:30
27451,274.57,2025-06-13,22:45
27452,249.46,2025-06-13,23:00
27453,249.84,2025-06-13,23:15
27454,237.32,2025-06-13,23:30
27455,233.51,2025-06-13,23:45
27456,40.0,2025-06-13,24:00
27457,243.24,2025-06-14,00:15
27458,291.89,2025-06-14,00:30
27459,40.0,2025-06-14,00:45
27460,40.0,2025-06-14,01:00
27461,40.0,2025-06-14,01:15
27462,40.0,2025-06-14,01:30
27463,40.0,2025-06-14,01:45
27464,40.0,2025-06-14,02:00
27465,40.0,2025-06-14,02:15
27466,40.0,2025-06-14,02:30
27467,40.0,2025-06-14,02:45
27468,40.0,2025-06-14,03:00
27469,40.0,2025-06-14,03:15
27470,40.0,2025-06-14,03:30
27471,131.53,2025-06-14,03:45
27472,40.0,2025-06-14,04:00
27473,40.0,2025-06-14,04:15
27474,40.0,2025-06-14,04:30
27475,40.0,2025-06-14,04:45
27476,40.0,2025-06-14,05:00
27477,40.0,2025-06-14,05:15
27478,40.0,2025-06-14,05:30
27479,40.0,2025-06-14,05:45
27480,40.0,2025-06-14,06:00
27481,40.0,2025-06-14,06:15
27482,40.0,2025-06-14,06:30
27483,40.0,2025-06-14,06:45
27484,40.0,2025-06-14,07:00
27485,40.0,2025-06-14,07:15
27486,40.0,2025-06-14,07:30
27487,40.0,2025-06-14,07:45
27488,40.0,2025-06-14,08:00
27489,40.0,2025-06-14,08:15
27490,40.0,2025-06-14,08:30
27491,40.0,2025-06-14,08:45
27492,40.0,2025-06-14,09:00
27493,40.0,2025-06-14,09:15
27494,40.0,2025-06-14,09:30
27495,40.0,2025-06-14,09:45
27496,40.0,2025-06-14,10:00
27497,40.0,2025-06-14,10:15
27498,40.0,2025-06-14,10:30
27499,40.0,2025-06-14,10:45
27500,40.0,2025-06-14,11:00
27501,106.1,2025-06-14,11:15
27502,40.0,2025-06-14,11:30
27503,40.0,2025-06-14,11:45
27504,40.0,2025-06-14,12:00
27505,40.0,2025-06-14,12:15
27506,40.0,2025-06-14,12:30
27507,40.0,2025-06-14,12:45
27508,40.0,2025-06-14,13:00
27509,40.0,2025-06-14,13:15
27510,40.0,2025-06-14,13:30
27511,40.0,2025-06-14,13:45
27512,40.0,2025-06-14,14:00
27513,40.0,2025-06-14,14:15
27514,109.56,2025-06-14,14:30
27515,118.49,2025-06-14,14:45
27516,125.73,2025-06-14,15:00
27517,132.79,2025-06-14,15:15
27518,151.81,2025-06-14,15:30
27519,140.29,2025-06-14,15:45
27520,193.05,2025-06-14,16:00
27521,234.52,2025-06-14,16:15
27522,216.33,2025-06-14,16:30
27523,244.75,2025-06-14,16:45
27524,259.63,2025-06-14,17:00
27525,310.26,2025-06-14,17:15
27526,335.52,2025-06-14,17:30
27527,271.99,2025-06-14,17:45
27528,238.65,2025-06-14,18:00
27529,183.06,2025-06-14,18:15
27530,142.7,2025-06-14,18:30
27531,40.0,2025-06-14,18:45
27532,122.61,2025-06-14,19:00
27533,229.11,2025-06-14,19:15
27534,230.87,2025-06-14,19:30
27535,169.8,2025-06-14,19:45
27536,195.31,2025-06-14,20:00
27537,40.0,2025-06-14,20:15
27538,191.74,2025-06-14,20:30
27539,191.5,2025-06-14,20:45
27540,204.52,2025-06-14,21:00
27541,205.61,2025-06-14,21:15
27542,120.95,2025-06-14,21:30
27543,120.01,2025-06-14,21:45
27544,40.0,2025-06-14,22:00
27545,40.0,2025-06-14,22:15
27546,40.0,2025-06-14,22:30
27547,40.0,2025-06-14,22:45
27548,40.0,2025-06-14,23:00
27549,40.0,2025-06-14,23:15
27550,40.0,2025-06-14,23:30
27551,40.0,2025-06-14,23:45
27552,288.59,2025-06-14,24:00
27553,238.65,2025-06-15,00:15
27554,267.24,2025-06-15,00:30
27555,267.36,2025-06-15,00:45
27556,260.91,2025-06-15,01:00
27557,297.49,2025-06-15,01:15
27558,273.16,2025-06-15,01:30
27559,310.33,2025-06-15,01:45
27560,320.08,2025-06-15,02:00
27561,311.26,2025-06-15,02:15
27562,330.58,2025-06-15,02:30
27563,312.66,2025-06-15,02:45
27564,290.08,2025-06-15,03:00
27565,328.82,2025-06-15,03:15
27566,323.81,2025-06-15,03:30
27567,324.73,2025-06-15,03:45
27568,322.09,2025-06-15,04:00
27569,327.41,2025-06-15,04:15
27570,328.4,2025-06-15,04:30
27571,343.98,2025-06-15,04:45
27572,329.92,2025-06-15,05:00
27573,356.76,2025-06-15,05:15
27574,320.65,2025-06-15,05:30
27575,314.4,2025-06-15,05:45
27576,322.63,2025-06-15,06:00
27577,336.46,2025-06-15,06:15
27578,315.81,2025-06-15,06:30
27579,280.95,2025-06-15,06:45
27580,285.93,2025-06-15,07:00
27581,194.77,2025-06-15,07:15
27582,294.02,2025-06-15,07:30
27583,205.13,2025-06-15,07:45
27584,40.0,2025-06-15,08:00
27585,40.0,2025-06-15,08:15
27586,40.0,2025-06-15,08:30
27587,40.0,2025-06-15,08:45
27588,132.19,2025-06-15,09:00
27589,40.0,2025-06-15,09:15
27590,123.91,2025-06-15,09:30
27591,152.49,2025-06-15,09:45
27592,132.65,2025-06-15,10:00
27593,149.98,2025-06-15,10:15
27594,103.3,2025-06-15,10:30
27595,90.07,2025-06-15,10:45
27596,40.0,2025-06-15,11:00
27597,91.2,2025-06-15,11:15
27598,143.22,2025-06-15,11:30
27599,40.0,2025-06-15,11:45
27600,40.0,2025-06-15,12:00
27601,146.98,2025-06-15,12:15
27602,154.5,2025-06-15,12:30
27603,40.0,2025-06-15,12:45
27604,40.0,2025-06-15,13:00
27605,40.0,2025-06-15,13:15
27606,40.0,2025-06-15,13:30
27607,40.0,2025-06-15,13:45
27608,40.0,2025-06-15,14:00
27609,40.0,2025-06-15,14:15
27610,40.0,2025-06-15,14:30
27611,40.0,2025-06-15,14:45
27612,40.0,2025-06-15,15:00
27613,143.47,2025-06-15,15:15
27614,118.57,2025-06-15,15:30
27615,116.82,2025-06-15,15:45
27616,169.9,2025-06-15,16:00
27617,209.94,2025-06-15,16:15
27618,210.89,2025-06-15,16:30
27619,202.76,2025-06-15,16:45
27620,195.01,2025-06-15,17:00
27621,223.4,2025-06-15,17:15
27622,211.66,2025-06-15,17:30
27623,189.52,2025-06-15,17:45
27624,117.02,2025-06-15,18:00
27625,40.0,2025-06-15,18:15
27626,195.0,2025-06-15,18:30
27627,40.0,2025-06-15,18:45
27628,42.05,2025-06-15,19:00
27629,293.03,2025-06-15,19:15
27630,324.7,2025-06-15,19:30
27631,302.8,2025-06-15,19:45
27632,271.31,2025-06-15,20:00
27633,300.84,2025-06-15,20:15
27634,218.23,2025-06-15,20:30
27635,187.84,2025-06-15,20:45
27636,207.96,2025-06-15,21:00
27637,206.82,2025-06-15,21:15
27638,219.36,2025-06-15,21:30
27639,248.77,2025-06-15,21:45
27640,233.83,2025-06-15,22:00
27641,215.84,2025-06-15,22:15
27642,208.85,2025-06-15,22:30
27643,174.35,2025-06-15,22:45
27644,40.0,2025-06-15,23:00
27645,179.76,2025-06-15,23:15
27646,200.79,2025-06-15,23:30
27647,40.0,2025-06-15,23:45
27648,390.0,2025-06-15,24:00
27649,334.89,2025-06-16,00:15
27650,341.65,2025-06-16,00:30
27651,316.14,2025-06-16,00:45
27652,328.74,2025-06-16,01:00
27653,340.48,2025-06-16,01:15
27654,360.02,2025-06-16,01:30
27655,350.22,2025-06-16,01:45
27656,353.98,2025-06-16,02:00
27657,421.82,2025-06-16,02:15
27658,410.16,2025-06-16,02:30
27659,430.44,2025-06-16,02:45
27660,388.4,2025-06-16,03:00
27661,428.2,2025-06-16,03:15
27662,407.07,2025-06-16,03:30
27663,418.58,2025-06-16,03:45
27664,405.35,2025-06-16,04:00
27665,359.88,2025-06-16,04:15
27666,434.5,2025-06-16,04:30
27667,420.27,2025-06-16,04:45
27668,406.44,2025-06-16,05:00
27669,415.86,2025-06-16,05:15
27670,418.91,2025-06-16,05:30
27671,406.21,2025-06-16,05:45
27672,407.19,2025-06-16,06:00
27673,354.39,2025-06-16,06:15
27674,348.38,2025-06-16,06:30
27675,343.11,2025-06-16,06:45
27676,302.57,2025-06-16,07:00
27677,312.77,2025-06-16,07:15
27678,290.07,2025-06-16,07:30
27679,256.63,2025-06-16,07:45
27680,223.06,2025-06-16,08:00
27681,76.33,2025-06-16,08:15
27682,152.01,2025-06-16,08:30
27683,130.2,2025-06-16,08:45
27684,40.0,2025-06-16,09:00
27685,40.0,2025-06-16,09:15
27686,40.0,2025-06-16,09:30
27687,40.0,2025-06-16,09:45
27688,40.0,2025-06-16,10:00
27689,188.92,2025-06-16,10:15
27690,151.53,2025-06-16,10:30
27691,158.28,2025-06-16,10:45
27692,147.0,2025-06-16,11:00
27693,190.78,2025-06-16,11:15
27694,193.48,2025-06-16,11:30
27695,189.89,2025-06-16,11:45
27696,94.68,2025-06-16,12:00
27697,98.94,2025-06-16,12:15
27698,40.0,2025-06-16,12:30
27699,40.0,2025-06-16,12:45
27700,40.0,2025-06-16,13:00
27701,235.12,2025-06-16,13:15
27702,253.3,2025-06-16,13:30
27703,249.6,2025-06-16,13:45
27704,198.94,2025-06-16,14:00
27705,142.2,2025-06-16,14:15
27706,171.97,2025-06-16,14:30
27707,232.97,2025-06-16,14:45
27708,215.97,2025-06-16,15:00
27709,280.39,2025-06-16,15:15
27710,278.25,2025-06-16,15:30
27711,250.92,2025-06-16,15:45
27712,204.17,2025-06-16,16:00
27713,345.52,2025-06-16,16:15
27714,228.2,2025-06-16,16:30
27715,198.7,2025-06-16,16:45
27716,151.91,2025-06-16,17:00
27717,229.86,2025-06-16,17:15
27718,249.29,2025-06-16,17:30
27719,40.0,2025-06-16,17:45
27720,260.91,2025-06-16,18:00
27721,91.85,2025-06-16,18:15
27722,40.0,2025-06-16,18:30
27723,40.0,2025-06-16,18:45
27724,40.0,2025-06-16,19:00
27725,350.45,2025-06-16,19:15
27726,40.0,2025-06-16,19:30
27727,40.0,2025-06-16,19:45
27728,410.0,2025-06-16,20:00
27729,427.46,2025-06-16,20:15
27730,373.48,2025-06-16,20:30
27731,279.23,2025-06-16,20:45
27732,324.89,2025-06-16,21:00
27733,312.24,2025-06-16,21:15
27734,283.61,2025-06-16,21:30
27735,279.94,2025-06-16,21:45
27736,251.49,2025-06-16,22:00
27737,350.0,2025-06-16,22:15
27738,320.0,2025-06-16,22:30
27739,300.0,2025-06-16,22:45
27740,40.0,2025-06-16,23:00
27741,40.0,2025-06-16,23:15
27742,40.0,2025-06-16,23:30
27743,40.0,2025-06-16,23:45
27744,40.0,2025-06-16,24:00
27745,40.0,2025-06-17,00:15
27746,40.0,2025-06-17,00:30
27747,40.0,2025-06-17,00:45
27748,231.82,2025-06-17,01:00
27749,40.0,2025-06-17,01:15
27750,218.28,2025-06-17,01:30
27751,135.94,2025-06-17,01:45
27752,211.92,2025-06-17,02:00
27753,208.44,2025-06-17,02:15
27754,40.0,2025-06-17,02:30
27755,40.0,2025-06-17,02:45
27756,40.0,2025-06-17,03:00
27757,40.0,2025-06-17,03:15
27758,40.0,2025-06-17,03:30
27759,40.0,2025-06-17,03:45
27760,138.62,2025-06-17,04:00
27761,131.98,2025-06-17,04:15
27762,211.46,2025-06-17,04:30
27763,217.76,2025-06-17,04:45
27764,204.74,2025-06-17,05:00
27765,202.6,2025-06-17,05:15
27766,200.14,2025-06-17,05:30
27767,216.81,2025-06-17,05:45
27768,221.07,2025-06-17,06:00
27769,241.2,2025-06-17,06:15
27770,240.56,2025-06-17,06:30
27771,214.38,2025-06-17,06:45
27772,210.44,2025-06-17,07:00
27773,205.36,2025-06-17,07:15
27774,188.08,2025-06-17,07:30
27775,117.8,2025-06-17,07:45
27776,40.0,2025-06-17,08:00
27777,40.0,2025-06-17,08:15
27778,40.0,2025-06-17,08:30
27779,40.0,2025-06-17,08:45
27780,40.0,2025-06-17,09:00
27781,40.0,2025-06-17,09:15
27782,40.0,2025-06-17,09:30
27783,154.13,2025-06-17,09:45
27784,183.56,2025-06-17,10:00
27785,208.64,2025-06-17,10:15
27786,176.42,2025-06-17,10:30
27787,189.69,2025-06-17,10:45
27788,161.12,2025-06-17,11:00
27789,192.23,2025-06-17,11:15
27790,177.33,2025-06-17,11:30
27791,171.71,2025-06-17,11:45
27792,102.49,2025-06-17,12:00
27793,40.0,2025-06-17,12:15
27794,40.0,2025-06-17,12:30
27795,164.87,2025-06-17,12:45
27796,136.52,2025-06-17,13:00
27797,173.26,2025-06-17,13:15
27798,172.99,2025-06-17,13:30
27799,172.85,2025-06-17,13:45
27800,174.04,2025-06-17,14:00
27801,192.88,2025-06-17,14:15
27802,240.45,2025-06-17,14:30
27803,235.61,2025-06-17,14:45
27804,243.15,2025-06-17,15:00
27805,294.74,2025-06-17,15:15
27806,298.14,2025-06-17,15:30
27807,295.99,2025-06-17,15:45
27808,261.0,2025-06-17,16:00
27809,339.45,2025-06-17,16:15
27810,303.39,2025-06-17,16:30
27811,260.68,2025-06-17,16:45
27812,231.8,2025-06-17,17:00
27813,278.46,2025-06-17,17:15
27814,319.23,2025-06-17,17:30
27815,341.06,2025-06-17,17:45
27816,454.15,2025-06-17,18:00
27817,271.78,2025-06-17,18:15
27818,272.76,2025-06-17,18:30
27819,279.55,2025-06-17,18:45
27820,281.09,2025-06-17,19:00
27821,355.72,2025-06-17,19:15
27822,352.64,2025-06-17,19:30
27823,418.98,2025-06-17,19:45
27824,390.77,2025-06-17,20:00
27825,368.88,2025-06-17,20:15
27826,376.94,2025-06-17,20:30
27827,363.98,2025-06-17,20:45
27828,349.01,2025-06-17,21:00
27829,365.29,2025-06-17,21:15
27830,446.57,2025-06-17,21:30
27831,446.12,2025-06-17,21:45
27832,433.4,2025-06-17,22:00
27833,443.39,2025-06-17,22:15
27834,352.66,2025-06-17,22:30
27835,358.02,2025-06-17,22:45
27836,343.33,2025-06-17,23:00
27837,314.52,2025-06-17,23:15
27838,319.64,2025-06-17,23:30
27839,397.45,2025-06-17,23:45
27840,393.97,2025-06-17,24:00
27841,478.36,2025-06-18,00:15
27842,413.64,2025-06-18,00:30
27843,427.05,2025-06-18,00:45
27844,397.02,2025-06-18,01:00
27845,391.89,2025-06-18,01:15
27846,381.38,2025-06-18,01:30
27847,294.57,2025-06-18,01:45
27848,353.4,2025-06-18,02:00
27849,397.88,2025-06-18,02:15
27850,379.24,2025-06-18,02:30
27851,318.03,2025-06-18,02:45
27852,371.15,2025-06-18,03:00
27853,374.77,2025-06-18,03:15
27854,366.76,2025-06-18,03:30
27855,290.28,2025-06-18,03:45
27856,264.66,2025-06-18,04:00
27857,284.66,2025-06-18,04:15
27858,285.15,2025-06-18,04:30
27859,281.78,2025-06-18,04:45
27860,250.04,2025-06-18,05:00
27861,270.91,2025-06-18,05:15
27862,270.69,2025-06-18,05:30
27863,285.22,2025-06-18,05:45
27864,272.82,2025-06-18,06:00
27865,245.29,2025-06-18,06:15
27866,221.59,2025-06-18,06:30
27867,186.56,2025-06-18,06:45
27868,40.0,2025-06-18,07:00
27869,40.0,2025-06-18,07:15
27870,259.63,2025-06-18,07:30
27871,238.94,2025-06-18,07:45
27872,236.64,2025-06-18,08:00
27873,143.76,2025-06-18,08:15
27874,250.0,2025-06-18,08:30
27875,296.19,2025-06-18,08:45
27876,320.0,2025-06-18,09:00
27877,40.0,2025-06-18,09:15
27878,310.0,2025-06-18,09:30
27879,194.25,2025-06-18,09:45
27880,222.57,2025-06-18,10:00
27881,237.81,2025-06-18,10:15
27882,218.84,2025-06-18,10:30
27883,381.15,2025-06-18,10:45
27884,193.56,2025-06-18,11:00
27885,190.6,2025-06-18,11:15
27886,169.3,2025-06-18,11:30
27887,99.94,2025-06-18,11:45
27888,168.45,2025-06-18,12:00
27889,182.91,2025-06-18,12:15
27890,208.38,2025-06-18,12:30
27891,192.39,2025-06-18,12:45
27892,194.53,2025-06-18,13:00
27893,231.54,2025-06-18,13:15
27894,238.67,2025-06-18,13:30
27895,228.64,2025-06-18,13:45
27896,208.7,2025-06-18,14:00
27897,224.95,2025-06-18,14:15
27898,208.03,2025-06-18,14:30
27899,226.56,2025-06-18,14:45
27900,229.0,2025-06-18,15:00
27901,217.98,2025-06-18,15:15
27902,214.79,2025-06-18,15:30
27903,221.4,2025-06-18,15:45
27904,258.08,2025-06-18,16:00
27905,313.75,2025-06-18,16:15
27906,288.43,2025-06-18,16:30
27907,236.65,2025-06-18,16:45
27908,256.15,2025-06-18,17:00
27909,300.58,2025-06-18,17:15
27910,311.37,2025-06-18,17:30
27911,346.19,2025-06-18,17:45
27912,333.11,2025-06-18,18:00
27913,255.47,2025-06-18,18:15
27914,271.78,2025-06-18,18:30
27915,339.31,2025-06-18,18:45
27916,366.96,2025-06-18,19:00
27917,410.1,2025-06-18,19:15
27918,424.36,2025-06-18,19:30
27919,386.12,2025-06-18,19:45
27920,394.52,2025-06-18,20:00
27921,440.28,2025-06-18,20:15
27922,442.71,2025-06-18,20:30
27923,488.85,2025-06-18,20:45
27924,360.25,2025-06-18,21:00
27925,335.78,2025-06-18,21:15
27926,361.03,2025-06-18,21:30
27927,357.16,2025-06-18,21:45
27928,338.3,2025-06-18,22:00
27929,263.06,2025-06-18,22:15
27930,235.76,2025-06-18,22:30
27931,275.72,2025-06-18,22:45
27932,259.8,2025-06-18,23:00
27933,268.01,2025-06-18,23:15
27934,256.53,2025-06-18,23:30
27935,268.38,2025-06-18,23:45
27936,297.32,2025-06-18,24:00
27937,347.06,2025-06-19,00:15
27938,338.31,2025-06-19,00:30
27939,283.38,2025-06-19,00:45
27940,276.64,2025-06-19,01:00
27941,280.12,2025-06-19,01:15
27942,48.65,2025-06-19,01:30
27943,48.29,2025-06-19,01:45
27944,40.0,2025-06-19,02:00
27945,40.0,2025-06-19,02:15
27946,194.94,2025-06-19,02:30
27947,159.03,2025-06-19,02:45
27948,40.0,2025-06-19,03:00
27949,40.0,2025-06-19,03:15
27950,201.61,2025-06-19,03:30
27951,40.0,2025-06-19,03:45
27952,40.0,2025-06-19,04:00
27953,40.0,2025-06-19,04:15
27954,40.0,2025-06-19,04:30
27955,40.0,2025-06-19,04:45
27956,171.83,2025-06-19,05:00
27957,214.17,2025-06-19,05:15
27958,212.91,2025-06-19,05:30
27959,223.04,2025-06-19,05:45
27960,40.0,2025-06-19,06:00
27961,47.67,2025-06-19,06:15
27962,47.63,2025-06-19,06:30
27963,48.88,2025-06-19,06:45
27964,49.36,2025-06-19,07:00
27965,48.37,2025-06-19,07:15
27966,48.25,2025-06-19,07:30
27967,48.96,2025-06-19,07:45
27968,48.61,2025-06-19,08:00
27969,48.92,2025-06-19,08:15
27970,48.77,2025-06-19,08:30
27971,48.78,2025-06-19,08:45
27972,48.78,2025-06-19,09:00
27973,49.48,2025-06-19,09:15
27974,49.06,2025-06-19,09:30
27975,47.82,2025-06-19,09:45
27976,47.19,2025-06-19,10:00
27977,155.57,2025-06-19,10:15
27978,47.81,2025-06-19,10:30
27979,47.52,2025-06-19,10:45
27980,47.58,2025-06-19,11:00
27981,47.46,2025-06-19,11:15
27982,142.71,2025-06-19,11:30
27983,47.84,2025-06-19,11:45
27984,48.42,2025-06-19,12:00
27985,189.07,2025-06-19,12:15
27986,182.89,2025-06-19,12:30
27987,180.6,2025-06-19,12:45
27988,194.65,2025-06-19,13:00
27989,179.82,2025-06-19,13:15
27990,179.44,2025-06-19,13:30
27991,194.15,2025-06-19,13:45
27992,194.67,2025-06-19,14:00
27993,40.0,2025-06-19,14:15
27994,48.25,2025-06-19,14:30
27995,48.34,2025-06-19,14:45
27996,156.19,2025-06-19,15:00
27997,139.16,2025-06-19,15:15
27998,47.36,2025-06-19,15:30
27999,46.83,2025-06-19,15:45
28000,47.01,2025-06-19,16:00
28001,283.61,2025-06-19,16:15
28002,279.71,2025-06-19,16:30
28003,253.59,2025-06-19,16:45
28004,227.28,2025-06-19,17:00
28005,265.55,2025-06-19,17:15
28006,249.24,2025-06-19,17:30
28007,283.71,2025-06-19,17:45
28008,253.8,2025-06-19,18:00
28009,196.23,2025-06-19,18:15
28010,197.57,2025-06-19,18:30
28011,219.79,2025-06-19,18:45
28012,232.94,2025-06-19,19:00
28013,319.44,2025-06-19,19:15
28014,291.56,2025-06-19,19:30
28015,265.61,2025-06-19,19:45
28016,264.14,2025-06-19,20:00
28017,245.62,2025-06-19,20:15
28018,216.43,2025-06-19,20:30
28019,40.0,2025-06-19,20:45
28020,40.0,2025-06-19,21:00
28021,215.08,2025-06-19,21:15
28022,212.26,2025-06-19,21:30
28023,171.5,2025-06-19,21:45
28024,47.87,2025-06-19,22:00
28025,209.3,2025-06-19,22:15
28026,47.87,2025-06-19,22:30
28027,200.91,2025-06-19,22:45
28028,203.52,2025-06-19,23:00
28029,210.81,2025-06-19,23:15
28030,197.88,2025-06-19,23:30
28031,178.98,2025-06-19,23:45
28032,185.39,2025-06-19,24:00
28033,217.97,2025-06-20,00:15
28034,192.34,2025-06-20,00:30
28035,180.85,2025-06-20,00:45
28036,158.21,2025-06-20,01:00
28037,214.92,2025-06-20,01:15
28038,211.98,2025-06-20,01:30
28039,214.31,2025-06-20,01:45
28040,267.79,2025-06-20,02:00
28041,258.77,2025-06-20,02:15
28042,270.56,2025-06-20,02:30
28043,259.21,2025-06-20,02:45
28044,243.56,2025-06-20,03:00
28045,248.69,2025-06-20,03:15
28046,238.29,2025-06-20,03:30
28047,234.62,2025-06-20,03:45
28048,303.41,2025-06-20,04:00
28049,259.29,2025-06-20,04:15
28050,236.94,2025-06-20,04:30
28051,252.91,2025-06-20,04:45
28052,257.28,2025-06-20,05:00
28053,260.52,2025-06-20,05:15
28054,258.27,2025-06-20,05:30
28055,256.9,2025-06-20,05:45
28056,261.76,2025-06-20,06:00
28057,293.26,2025-06-20,06:15
28058,284.86,2025-06-20,06:30
28059,219.12,2025-06-20,06:45
28060,205.38,2025-06-20,07:00
28061,193.41,2025-06-20,07:15
28062,186.72,2025-06-20,07:30
28063,185.12,2025-06-20,07:45
28064,51.03,2025-06-20,08:00
28065,50.7,2025-06-20,08:15
28066,49.51,2025-06-20,08:30
28067,48.57,2025-06-20,08:45
28068,152.58,2025-06-20,09:00
28069,49.23,2025-06-20,09:15
28070,49.08,2025-06-20,09:30
28071,157.14,2025-06-20,09:45
28072,155.32,2025-06-20,10:00
28073,185.89,2025-06-20,10:15
28074,185.65,2025-06-20,10:30
28075,199.2,2025-06-20,10:45
28076,181.41,2025-06-20,11:00
28077,185.47,2025-06-20,11:15
28078,152.77,2025-06-20,11:30
28079,170.83,2025-06-20,11:45
28080,48.26,2025-06-20,12:00
28081,49.32,2025-06-20,12:15
28082,166.84,2025-06-20,12:30
28083,141.33,2025-06-20,12:45
28084,132.47,2025-06-20,13:00
28085,143.21,2025-06-20,13:15
28086,147.76,2025-06-20,13:30
28087,172.03,2025-06-20,13:45
28088,281.97,2025-06-20,14:00
28089,242.13,2025-06-20,14:15
28090,261.11,2025-06-20,14:30
28091,289.78,2025-06-20,14:45
28092,269.33,2025-06-20,15:00
28093,271.34,2025-06-20,15:15
28094,284.4,2025-06-20,15:30
28095,297.18,2025-06-20,15:45
28096,296.91,2025-06-20,16:00
28097,308.82,2025-06-20,16:15
28098,275.24,2025-06-20,16:30
28099,237.33,2025-06-20,16:45
28100,223.92,2025-06-20,17:00
28101,279.94,2025-06-20,17:15
28102,236.53,2025-06-20,17:30
28103,225.06,2025-06-20,17:45
28104,287.5,2025-06-20,18:00
28105,223.91,2025-06-20,18:15
28106,279.09,2025-06-20,18:30
28107,300.72,2025-06-20,18:45
28108,291.92,2025-06-20,19:00
28109,372.1,2025-06-20,19:15
28110,323.26,2025-06-20,19:30
28111,311.28,2025-06-20,19:45
28112,345.99,2025-06-20,20:00
28113,350.41,2025-06-20,20:15
28114,286.69,2025-06-20,20:30
28115,305.75,2025-06-20,20:45
28116,315.1,2025-06-20,21:00
28117,360.95,2025-06-20,21:15
28118,352.85,2025-06-20,21:30
28119,320.36,2025-06-20,21:45
28120,281.41,2025-06-20,22:00
28121,289.82,2025-06-20,22:15
28122,295.01,2025-06-20,22:30
28123,281.14,2025-06-20,22:45
28124,276.43,2025-06-20,23:00
28125,242.48,2025-06-20,23:15
28126,229.29,2025-06-20,23:30
28127,226.49,2025-06-20,23:45
28128,217.76,2025-06-20,24:00
28129,50.09,2025-06-21,00:15
28130,49.39,2025-06-21,00:30
28131,48.74,2025-06-21,00:45
28132,49.23,2025-06-21,01:00
28133,210.07,2025-06-21,01:15
28134,211.82,2025-06-21,01:30
28135,213.1,2025-06-21,01:45
28136,215.01,2025-06-21,02:00
28137,219.35,2025-06-21,02:15
28138,179.99,2025-06-21,02:30
28139,49.96,2025-06-21,02:45
28140,181.03,2025-06-21,03:00
28141,176.45,2025-06-21,03:15
28142,182.31,2025-06-21,03:30
28143,208.28,2025-06-21,03:45
28144,199.32,2025-06-21,04:00
28145,210.46,2025-06-21,04:15
28146,218.43,2025-06-21,04:30
28147,247.95,2025-06-21,04:45
28148,246.94,2025-06-21,05:00
28149,244.61,2025-06-21,05:15
28150,242.29,2025-06-21,05:30
28151,242.61,2025-06-21,05:45
28152,213.21,2025-06-21,06:00
28153,223.67,2025-06-21,06:15
28154,203.39,2025-06-21,06:30
28155,51.8,2025-06-21,06:45
28156,51.67,2025-06-21,07:00
28157,51.94,2025-06-21,07:15
28158,52.21,2025-06-21,07:30
28159,52.06,2025-06-21,07:45
28160,51.74,2025-06-21,08:00
28161,51.45,2025-06-21,08:15
28162,51.42,2025-06-21,08:30
28163,50.44,2025-06-21,08:45
28164,50.34,2025-06-21,09:00
28165,50.81,2025-06-21,09:15
28166,51.26,2025-06-21,09:30
28167,50.57,2025-06-21,09:45
28168,130.75,2025-06-21,10:00
28169,148.91,2025-06-21,10:15
28170,48.21,2025-06-21,10:30
28171,160.24,2025-06-21,10:45
28172,162.82,2025-06-21,11:00
28173,176.99,2025-06-21,11:15
28174,139.21,2025-06-21,11:30
28175,156.99,2025-06-21,11:45
28176,182.68,2025-06-21,12:00
28177,177.35,2025-06-21,12:15
28178,48.64,2025-06-21,12:30
28179,48.66,2025-06-21,12:45
28180,48.37,2025-06-21,13:00
28181,172.37,2025-06-21,13:15
28182,49.66,2025-06-21,13:30
28183,49.48,2025-06-21,13:45
28184,49.43,2025-06-21,14:00
28185,176.46,2025-06-21,14:15
28186,161.55,2025-06-21,14:30
28187,50.22,2025-06-21,14:45
28188,50.37,2025-06-21,15:00
28189,190.65,2025-06-21,15:15
28190,215.86,2025-06-21,15:30
28191,217.41,2025-06-21,15:45
28192,211.2,2025-06-21,16:00
28193,267.24,2025-06-21,16:15
28194,237.98,2025-06-21,16:30
28195,219.26,2025-06-21,16:45
28196,195.73,2025-06-21,17:00
28197,239.15,2025-06-21,17:15
28198,268.52,2025-06-21,17:30
28199,313.11,2025-06-21,17:45
28200,292.63,2025-06-21,18:00
28201,51.07,2025-06-21,18:15
28202,50.69,2025-06-21,18:30
28203,50.34,2025-06-21,18:45
28204,50.0,2025-06-21,19:00
28205,254.88,2025-06-21,19:15
28206,264.56,2025-06-21,19:30
28207,272.31,2025-06-21,19:45
28208,277.87,2025-06-21,20:00
28209,305.12,2025-06-21,20:15
28210,315.43,2025-06-21,20:30
28211,305.44,2025-06-21,20:45
28212,265.03,2025-06-21,21:00
28213,263.6,2025-06-21,21:15
28214,271.39,2025-06-21,21:30
28215,50.0,2025-06-21,21:45
28216,50.26,2025-06-21,22:00
28217,315.28,2025-06-21,22:15
28218,305.64,2025-06-21,22:30
28219,257.23,2025-06-21,22:45
28220,51.04,2025-06-21,23:00
28221,315.83,2025-06-21,23:15
28222,325.86,2025-06-21,23:30
28223,306.23,2025-06-21,23:45
28224,306.52,2025-06-21,24:00
28225,354.74,2025-06-22,00:15
28226,355.03,2025-06-22,00:30
28227,335.85,2025-06-22,00:45
28228,336.18,2025-06-22,01:00
28229,335.98,2025-06-22,01:15
28230,326.68,2025-06-22,01:30
28231,326.15,2025-06-22,01:45
28232,345.89,2025-06-22,02:00
28233,356.18,2025-06-22,02:15
28234,356.02,2025-06-22,02:30
28235,355.04,2025-06-22,02:45
28236,354.48,2025-06-22,03:00
28237,355.2,2025-06-22,03:15
28238,335.51,2025-06-22,03:30
28239,335.3,2025-06-22,03:45
28240,335.21,2025-06-22,04:00
28241,302.95,2025-06-22,04:15
28242,301.25,2025-06-22,04:30
28243,284.94,2025-06-22,04:45
28244,281.19,2025-06-22,05:00
28245,259.71,2025-06-22,05:15
28246,261.84,2025-06-22,05:30
28247,265.09,2025-06-22,05:45
28248,270.09,2025-06-22,06:00
28249,260.29,2025-06-22,06:15
28250,53.12,2025-06-22,06:30
28251,52.04,2025-06-22,06:45
28252,51.99,2025-06-22,07:00
28253,52.3,2025-06-22,07:15
28254,51.86,2025-06-22,07:30
28255,51.57,2025-06-22,07:45
28256,51.09,2025-06-22,08:00
28257,51.31,2025-06-22,08:15
28258,50.93,2025-06-22,08:30
28259,51.51,2025-06-22,08:45
28260,50.63,2025-06-22,09:00
28261,51.03,2025-06-22,09:15
28262,50.5,2025-06-22,09:30
28263,50.18,2025-06-22,09:45
28264,49.93,2025-06-22,10:00
28265,49.34,2025-06-22,10:15
28266,49.86,2025-06-22,10:30
28267,49.6,2025-06-22,10:45
28268,48.28,2025-06-22,11:00
28269,135.99,2025-06-22,11:15
28270,188.87,2025-06-22,11:30
28271,155.12,2025-06-22,11:45
28272,48.19,2025-06-22,12:00
28273,49.39,2025-06-22,12:15
28274,49.35,2025-06-22,12:30
28275,49.1,2025-06-22,12:45
28276,49.49,2025-06-22,13:00
28277,49.28,2025-06-22,13:15
28278,49.08,2025-06-22,13:30
28279,48.94,2025-06-22,13:45
28280,165.92,2025-06-22,14:00
28281,210.8,2025-06-22,14:15
28282,164.48,2025-06-22,14:30
28283,176.73,2025-06-22,14:45
28284,186.36,2025-06-22,15:00
28285,233.85,2025-06-22,15:15
28286,221.87,2025-06-22,15:30
28287,234.68,2025-06-22,15:45
28288,178.85,2025-06-22,16:00
28289,221.41,2025-06-22,16:15
28290,212.75,2025-06-22,16:30
28291,176.29,2025-06-22,16:45
28292,177.65,2025-06-22,17:00
28293,208.93,2025-06-22,17:15
28294,209.17,2025-06-22,17:30
28295,267.47,2025-06-22,17:45
28296,252.75,2025-06-22,18:00
28297,49.79,2025-06-22,18:15
28298,210.06,2025-06-22,18:30
28299,219.28,2025-06-22,18:45
28300,224.11,2025-06-22,19:00
28301,297.8,2025-06-22,19:15
28302,289.42,2025-06-22,19:30
28303,219.78,2025-06-22,19:45
28304,241.54,2025-06-22,20:00
28305,231.46,2025-06-22,20:15
28306,256.54,2025-06-22,20:30
28307,264.07,2025-06-22,20:45
28308,386.7,2025-06-22,21:00
28309,312.84,2025-06-22,21:15
28310,210.71,2025-06-22,21:30
28311,235.22,2025-06-22,21:45
28312,234.23,2025-06-22,22:00
28313,217.77,2025-06-22,22:15
28314,206.9,2025-06-22,22:30
28315,194.52,2025-06-22,22:45
28316,176.95,2025-06-22,23:00
28317,195.38,2025-06-22,23:15
28318,193.57,2025-06-22,23:30
28319,48.05,2025-06-22,23:45
28320,304.54,2025-06-22,24:00
28321,300.0,2025-06-23,00:15
28322,304.71,2025-06-23,00:30
28323,304.78,2025-06-23,00:45
28324,275.8,2025-06-23,01:00
28325,255.91,2025-06-23,01:15
28326,285.4,2025-06-23,01:30
28327,275.9,2025-06-23,01:45
28328,275.9,2025-06-23,02:00
28329,50.52,2025-06-23,02:15
28330,246.88,2025-06-23,02:30
28331,50.52,2025-06-23,02:45
28332,51.29,2025-06-23,03:00
28333,50.95,2025-06-23,03:15
28334,266.61,2025-06-23,03:30
28335,276.41,2025-06-23,03:45
28336,257.2,2025-06-23,04:00
28337,296.95,2025-06-23,04:15
28338,296.98,2025-06-23,04:30
28339,277.41,2025-06-23,04:45
28340,51.54,2025-06-23,05:00
28341,277.5,2025-06-23,05:15
28342,297.24,2025-06-23,05:30
28343,306.56,2025-06-23,05:45
28344,306.7,2025-06-23,06:00
28345,306.46,2025-06-23,06:15
28346,306.58,2025-06-23,06:30
28347,296.77,2025-06-23,06:45
28348,51.53,2025-06-23,07:00
28349,51.83,2025-06-23,07:15
28350,51.64,2025-06-23,07:30
28351,51.52,2025-06-23,07:45
28352,51.09,2025-06-23,08:00
28353,276.39,2025-06-23,08:15
28354,50.11,2025-06-23,08:30
28355,50.18,2025-06-23,08:45
28356,40.0,2025-06-23,09:00
28357,40.0,2025-06-23,09:15
28358,40.0,2025-06-23,09:30
28359,40.0,2025-06-23,09:45
28360,40.0,2025-06-23,10:00
28361,171.49,2025-06-23,10:15
28362,168.83,2025-06-23,10:30
28363,190.35,2025-06-23,10:45
28364,187.53,2025-06-23,11:00
28365,208.53,2025-06-23,11:15
28366,187.73,2025-06-23,11:30
28367,179.93,2025-06-23,11:45
28368,169.25,2025-06-23,12:00
28369,192.96,2025-06-23,12:15
28370,187.72,2025-06-23,12:30
28371,48.1,2025-06-23,12:45
28372,48.07,2025-06-23,13:00
28373,198.07,2025-06-23,13:15
28374,49.95,2025-06-23,13:30
28375,50.21,2025-06-23,13:45
28376,146.29,2025-06-23,14:00
28377,159.26,2025-06-23,14:15
28378,162.52,2025-06-23,14:30
28379,213.69,2025-06-23,14:45
28380,49.81,2025-06-23,15:00
28381,227.55,2025-06-23,15:15
28382,49.13,2025-06-23,15:30
28383,228.92,2025-06-23,15:45
28384,49.05,2025-06-23,16:00
28385,262.47,2025-06-23,16:15
28386,245.97,2025-06-23,16:30
28387,215.62,2025-06-23,16:45
28388,223.4,2025-06-23,17:00
28389,292.72,2025-06-23,17:15
28390,291.55,2025-06-23,17:30
28391,288.81,2025-06-23,17:45
28392,243.8,2025-06-23,18:00
28393,46.96,2025-06-23,18:15
28394,47.17,2025-06-23,18:30
28395,47.87,2025-06-23,18:45
28396,252.64,2025-06-23,19:00
28397,351.07,2025-06-23,19:15
28398,259.52,2025-06-23,19:30
28399,268.59,2025-06-23,19:45
28400,227.6,2025-06-23,20:00
28401,236.68,2025-06-23,20:15
28402,230.53,2025-06-23,20:30
28403,216.01,2025-06-23,20:45
28404,250.94,2025-06-23,21:00
28405,256.42,2025-06-23,21:15
28406,233.48,2025-06-23,21:30
28407,40.0,2025-06-23,21:45
28408,40.0,2025-06-23,22:00
28409,40.0,2025-06-23,22:15
28410,40.0,2025-06-23,22:30
28411,40.0,2025-06-23,22:45
28412,40.0,2025-06-23,23:00
28413,40.0,2025-06-23,23:15
28414,40.0,2025-06-23,23:30
28415,320.0,2025-06-23,23:45
28416,310.0,2025-06-23,24:00
28417,260.0,2025-06-24,00:15
28418,249.01,2025-06-24,00:30
28419,281.97,2025-06-24,00:45
28420,261.7,2025-06-24,01:00
28421,220.57,2025-06-24,01:15
28422,250.0,2025-06-24,01:30
28423,40.0,2025-06-24,01:45
28424,40.0,2025-06-24,02:00
28425,40.0,2025-06-24,02:15
28426,40.0,2025-06-24,02:30
28427,40.0,2025-06-24,02:45
28428,40.0,2025-06-24,03:00
28429,40.0,2025-06-24,03:15
28430,250.0,2025-06-24,03:30
28431,183.64,2025-06-24,03:45
28432,176.79,2025-06-24,04:00
28433,237.04,2025-06-24,04:15
28434,236.17,2025-06-24,04:30
28435,252.11,2025-06-24,04:45
28436,240.18,2025-06-24,05:00
28437,40.0,2025-06-24,05:15
28438,40.0,2025-06-24,05:30
28439,40.0,2025-06-24,05:45
28440,40.0,2025-06-24,06:00
28441,40.0,2025-06-24,06:15
28442,40.0,2025-06-24,06:30
28443,40.0,2025-06-24,06:45
28444,40.0,2025-06-24,07:00
28445,40.0,2025-06-24,07:15
28446,40.0,2025-06-24,07:30
28447,40.0,2025-06-24,07:45
28448,40.0,2025-06-24,08:00
28449,40.0,2025-06-24,08:15
28450,40.0,2025-06-24,08:30
28451,40.0,2025-06-24,08:45
28452,40.0,2025-06-24,09:00
28453,40.0,2025-06-24,09:15
28454,40.0,2025-06-24,09:30
28455,40.0,2025-06-24,09:45
28456,145.15,2025-06-24,10:00
28457,175.41,2025-06-24,10:15
28458,127.79,2025-06-24,10:30
28459,177.6,2025-06-24,10:45
28460,40.0,2025-06-24,11:00
28461,238.52,2025-06-24,11:15
28462,153.13,2025-06-24,11:30
28463,187.63,2025-06-24,11:45
28464,193.68,2025-06-24,12:00
28465,218.82,2025-06-24,12:15
28466,195.12,2025-06-24,12:30
28467,173.16,2025-06-24,12:45
28468,135.84,2025-06-24,13:00
28469,183.29,2025-06-24,13:15
28470,189.25,2025-06-24,13:30
28471,206.31,2025-06-24,13:45
28472,213.82,2025-06-24,14:00
28473,243.34,2025-06-24,14:15
28474,226.68,2025-06-24,14:30
28475,226.0,2025-06-24,14:45
28476,229.93,2025-06-24,15:00
28477,228.32,2025-06-24,15:15
28478,217.98,2025-06-24,15:30
28479,213.23,2025-06-24,15:45
28480,197.81,2025-06-24,16:00
28481,239.01,2025-06-24,16:15
28482,197.5,2025-06-24,16:30
28483,183.07,2025-06-24,16:45
28484,152.8,2025-06-24,17:00
28485,206.26,2025-06-24,17:15
28486,165.69,2025-06-24,17:30
28487,208.51,2025-06-24,17:45
28488,215.07,2025-06-24,18:00
28489,40.0,2025-06-24,18:15
28490,40.0,2025-06-24,18:30
28491,40.0,2025-06-24,18:45
28492,40.0,2025-06-24,19:00
28493,239.08,2025-06-24,19:15
28494,232.53,2025-06-24,19:30
28495,222.26,2025-06-24,19:45
28496,239.16,2025-06-24,20:00
28497,231.64,2025-06-24,20:15
28498,231.97,2025-06-24,20:30
28499,174.47,2025-06-24,20:45
28500,40.0,2025-06-24,21:00
28501,40.0,2025-06-24,21:15
28502,247.93,2025-06-24,21:30
28503,40.0,2025-06-24,21:45
28504,40.0,2025-06-24,22:00
28505,40.0,2025-06-24,22:15
28506,40.0,2025-06-24,22:30
28507,40.0,2025-06-24,22:45
28508,40.0,2025-06-24,23:00
28509,40.0,2025-06-24,23:15
28510,250.0,2025-06-24,23:30
28511,260.0,2025-06-24,23:45
28512,270.0,2025-06-24,24:00
28513,300.0,2025-06-25,00:15
28514,270.0,2025-06-25,00:30
28515,40.0,2025-06-25,00:45
28516,40.0,2025-06-25,01:00
28517,40.0,2025-06-25,01:15
28518,40.0,2025-06-25,01:30
28519,40.0,2025-06-25,01:45
28520,40.0,2025-06-25,02:00
28521,40.0,2025-06-25,02:15
28522,40.0,2025-06-25,02:30
28523,40.0,2025-06-25,02:45
28524,181.54,2025-06-25,03:00
28525,190.37,2025-06-25,03:15
28526,164.65,2025-06-25,03:30
28527,40.0,2025-06-25,03:45
28528,40.0,2025-06-25,04:00
28529,40.0,2025-06-25,04:15
28530,40.0,2025-06-25,04:30
28531,40.0,2025-06-25,04:45
28532,40.0,2025-06-25,05:00
28533,40.0,2025-06-25,05:15
28534,40.0,2025-06-25,05:30
28535,40.0,2025-06-25,05:45
28536,40.0,2025-06-25,06:00
28537,40.0,2025-06-25,06:15
28538,40.0,2025-06-25,06:30
28539,40.0,2025-06-25,06:45
28540,40.0,2025-06-25,07:00
28541,40.0,2025-06-25,07:15
28542,40.0,2025-06-25,07:30
28543,40.0,2025-06-25,07:45
28544,40.0,2025-06-25,08:00
28545,40.0,2025-06-25,08:15
28546,40.0,2025-06-25,08:30
28547,40.0,2025-06-25,08:45
28548,40.0,2025-06-25,09:00
28549,40.0,2025-06-25,09:15
28550,40.0,2025-06-25,09:30
28551,40.0,2025-06-25,09:45
28552,40.0,2025-06-25,10:00
28553,40.0,2025-06-25,10:15
28554,40.0,2025-06-25,10:30
28555,40.0,2025-06-25,10:45
28556,40.0,2025-06-25,11:00
28557,40.0,2025-06-25,11:15
28558,40.0,2025-06-25,11:30
28559,40.0,2025-06-25,11:45
28560,40.0,2025-06-25,12:00
28561,40.0,2025-06-25,12:15
28562,40.0,2025-06-25,12:30
28563,40.0,2025-06-25,12:45
28564,40.0,2025-06-25,13:00
28565,40.0,2025-06-25,13:15
28566,40.0,2025-06-25,13:30
28567,40.0,2025-06-25,13:45
28568,40.0,2025-06-25,14:00
28569,154.78,2025-06-25,14:15
28570,153.94,2025-06-25,14:30
28571,139.75,2025-06-25,14:45
28572,40.0,2025-06-25,15:00
28573,144.08,2025-06-25,15:15
28574,165.23,2025-06-25,15:30
28575,179.63,2025-06-25,15:45
28576,174.35,2025-06-25,16:00
28577,167.64,2025-06-25,16:15
28578,146.08,2025-06-25,16:30
28579,40.0,2025-06-25,16:45
28580,40.0,2025-06-25,17:00
28581,191.46,2025-06-25,17:15
28582,201.18,2025-06-25,17:30
28583,209.67,2025-06-25,17:45
28584,219.15,2025-06-25,18:00
28585,40.0,2025-06-25,18:15
28586,40.0,2025-06-25,18:30
28587,40.0,2025-06-25,18:45
28588,179.6,2025-06-25,19:00
28589,253.18,2025-06-25,19:15
28590,280.12,2025-06-25,19:30
28591,260.24,2025-06-25,19:45
28592,281.58,2025-06-25,20:00
28593,201.37,2025-06-25,20:15
28594,200.79,2025-06-25,20:30
28595,198.45,2025-06-25,20:45
28596,200.35,2025-06-25,21:00
28597,219.15,2025-06-25,21:15
28598,40.0,2025-06-25,21:30
28599,40.0,2025-06-25,21:45
28600,40.0,2025-06-25,22:00
28601,40.0,2025-06-25,22:15
28602,40.0,2025-06-25,22:30
28603,40.0,2025-06-25,22:45
28604,40.0,2025-06-25,23:00
28605,40.0,2025-06-25,23:15
28606,40.0,2025-06-25,23:30
28607,40.0,2025-06-25,23:45
28608,260.0,2025-06-25,24:00
28609,330.0,2025-06-26,00:15
28610,300.0,2025-06-26,00:30
28611,40.0,2025-06-26,00:45
28612,40.0,2025-06-26,01:00
28613,40.0,2025-06-26,01:15
28614,40.0,2025-06-26,01:30
28615,40.0,2025-06-26,01:45
28616,40.0,2025-06-26,02:00
28617,40.0,2025-06-26,02:15
28618,40.0,2025-06-26,02:30
28619,40.0,2025-06-26,02:45
28620,40.0,2025-06-26,03:00
28621,40.0,2025-06-26,03:15
28622,250.0,2025-06-26,03:30
28623,40.0,2025-06-26,03:45
28624,40.0,2025-06-26,04:00
28625,40.0,2025-06-26,04:15
28626,40.0,2025-06-26,04:30
28627,40.0,2025-06-26,04:45
28628,40.0,2025-06-26,05:00
28629,40.0,2025-06-26,05:15
28630,40.0,2025-06-26,05:30
28631,40.0,2025-06-26,05:45
28632,250.0,2025-06-26,06:00
28633,250.0,2025-06-26,06:15
28634,40.0,2025-06-26,06:30
28635,220.0,2025-06-26,06:45
28636,40.0,2025-06-26,07:00
28637,40.0,2025-06-26,07:15
28638,40.0,2025-06-26,07:30
28639,40.0,2025-06-26,07:45
28640,40.0,2025-06-26,08:00
28641,40.0,2025-06-26,08:15
28642,40.0,2025-06-26,08:30
28643,40.0,2025-06-26,08:45
28644,40.0,2025-06-26,09:00
28645,40.0,2025-06-26,09:15
28646,40.0,2025-06-26,09:30
28647,40.0,2025-06-26,09:45
28648,40.0,2025-06-26,10:00
28649,40.0,2025-06-26,10:15
28650,40.0,2025-06-26,10:30
28651,40.0,2025-06-26,10:45
28652,40.0,2025-06-26,11:00
28653,40.0,2025-06-26,11:15
28654,40.0,2025-06-26,11:30
28655,40.0,2025-06-26,11:45
28656,40.0,2025-06-26,12:00
28657,40.0,2025-06-26,12:15
28658,40.0,2025-06-26,12:30
28659,40.0,2025-06-26,12:45
28660,40.0,2025-06-26,13:00
28661,40.0,2025-06-26,13:15
28662,40.0,2025-06-26,13:30
28663,40.0,2025-06-26,13:45
28664,40.0,2025-06-26,14:00
28665,40.0,2025-06-26,14:15
28666,40.0,2025-06-26,14:30
28667,40.0,2025-06-26,14:45
28668,40.0,2025-06-26,15:00
28669,40.0,2025-06-26,15:15
28670,131.28,2025-06-26,15:30
28671,40.0,2025-06-26,15:45
28672,40.0,2025-06-26,16:00
28673,40.0,2025-06-26,16:15
28674,40.0,2025-06-26,16:30
28675,40.0,2025-06-26,16:45
28676,40.0,2025-06-26,17:00
28677,110.17,2025-06-26,17:15
28678,95.17,2025-06-26,17:30
28679,40.0,2025-06-26,17:45
28680,40.0,2025-06-26,18:00
28681,40.0,2025-06-26,18:15
28682,40.0,2025-06-26,18:30
28683,40.0,2025-06-26,18:45
28684,40.0,2025-06-26,19:00
28685,40.0,2025-06-26,19:15
28686,40.0,2025-06-26,19:30
28687,40.0,2025-06-26,19:45
28688,40.0,2025-06-26,20:00
28689,40.0,2025-06-26,20:15
28690,40.0,2025-06-26,20:30
28691,40.0,2025-06-26,20:45
28692,40.0,2025-06-26,21:00
28693,260.0,2025-06-26,21:15
28694,40.0,2025-06-26,21:30
28695,40.0,2025-06-26,21:45
28696,260.0,2025-06-26,22:00
28697,40.0,2025-06-26,22:15
28698,40.0,2025-06-26,22:30
28699,40.0,2025-06-26,22:45
28700,40.0,2025-06-26,23:00
28701,40.0,2025-06-26,23:15
28702,40.0,2025-06-26,23:30
28703,40.0,2025-06-26,23:45
28704,300.0,2025-06-26,24:00
28705,350.0,2025-06-27,00:15
28706,300.0,2025-06-27,00:30
28707,300.0,2025-06-27,00:45
28708,40.0,2025-06-27,01:00
28709,40.0,2025-06-27,01:15
28710,40.0,2025-06-27,01:30
28711,40.0,2025-06-27,01:45
28712,40.0,2025-06-27,02:00
28713,40.0,2025-06-27,02:15
28714,40.0,2025-06-27,02:30
28715,40.0,2025-06-27,02:45
28716,40.0,2025-06-27,03:00
28717,40.0,2025-06-27,03:15
28718,40.0,2025-06-27,03:30
28719,40.0,2025-06-27,03:45
28720,40.0,2025-06-27,04:00
28721,40.0,2025-06-27,04:15
28722,40.0,2025-06-27,04:30
28723,40.0,2025-06-27,04:45
28724,40.0,2025-06-27,05:00
28725,40.0,2025-06-27,05:15
28726,40.0,2025-06-27,05:30
28727,40.0,2025-06-27,05:45
28728,40.0,2025-06-27,06:00
28729,40.0,2025-06-27,06:15
28730,40.0,2025-06-27,06:30
28731,40.0,2025-06-27,06:45
28732,40.0,2025-06-27,07:00
28733,40.0,2025-06-27,07:15
28734,40.0,2025-06-27,07:30
28735,40.0,2025-06-27,07:45
28736,40.0,2025-06-27,08:00
28737,40.0,2025-06-27,08:15
28738,104.87,2025-06-27,08:30
28739,40.0,2025-06-27,08:45
28740,40.0,2025-06-27,09:00
28741,40.0,2025-06-27,09:15
28742,40.0,2025-06-27,09:30
28743,40.0,2025-06-27,09:45
28744,40.0,2025-06-27,10:00
28745,40.0,2025-06-27,10:15
28746,40.0,2025-06-27,10:30
28747,40.0,2025-06-27,10:45
28748,40.0,2025-06-27,11:00
28749,40.0,2025-06-27,11:15
28750,40.0,2025-06-27,11:30
28751,40.0,2025-06-27,11:45
28752,40.0,2025-06-27,12:00
28753,40.0,2025-06-27,12:15
28754,40.0,2025-06-27,12:30
28755,40.0,2025-06-27,12:45
28756,40.0,2025-06-27,13:00
28757,40.0,2025-06-27,13:15
28758,40.0,2025-06-27,13:30
28759,40.0,2025-06-27,13:45
28760,40.0,2025-06-27,14:00
28761,40.0,2025-06-27,14:15
28762,40.0,2025-06-27,14:30
28763,40.0,2025-06-27,14:45
28764,40.0,2025-06-27,15:00
28765,40.0,2025-06-27,15:15
28766,40.0,2025-06-27,15:30
28767,40.0,2025-06-27,15:45
28768,40.0,2025-06-27,16:00
28769,40.0,2025-06-27,16:15
28770,40.0,2025-06-27,16:30
28771,40.0,2025-06-27,16:45
28772,40.0,2025-06-27,17:00
28773,40.0,2025-06-27,17:15
28774,40.0,2025-06-27,17:30
28775,40.0,2025-06-27,17:45
28776,40.0,2025-06-27,18:00
28777,40.0,2025-06-27,18:15
28778,40.0,2025-06-27,18:30
28779,40.0,2025-06-27,18:45
28780,40.0,2025-06-27,19:00
28781,152.71,2025-06-27,19:15
28782,40.0,2025-06-27,19:30
28783,40.0,2025-06-27,19:45
28784,193.3,2025-06-27,20:00
28785,40.0,2025-06-27,20:15
28786,40.0,2025-06-27,20:30
28787,40.0,2025-06-27,20:45
28788,40.0,2025-06-27,21:00
28789,234.99,2025-06-27,21:15
28790,236.1,2025-06-27,21:30
28791,174.58,2025-06-27,21:45
28792,40.0,2025-06-27,22:00
28793,40.0,2025-06-27,22:15
28794,40.0,2025-06-27,22:30
28795,40.0,2025-06-27,22:45
28796,40.0,2025-06-27,23:00
28797,40.0,2025-06-27,23:15
28798,40.0,2025-06-27,23:30
28799,40.0,2025-06-27,23:45
28800,40.0,2025-06-27,24:00
28801,157.22,2025-06-28,00:15
28802,170.36,2025-06-28,00:30
28803,40.0,2025-06-28,00:45
28804,40.0,2025-06-28,01:00
28805,142.6,2025-06-28,01:15
28806,141.82,2025-06-28,01:30
28807,142.17,2025-06-28,01:45
28808,133.71,2025-06-28,02:00
28809,40.0,2025-06-28,02:15
28810,40.0,2025-06-28,02:30
28811,149.11,2025-06-28,02:45
28812,40.0,2025-06-28,03:00
28813,157.07,2025-06-28,03:15
28814,166.93,2025-06-28,03:30
28815,164.84,2025-06-28,03:45
28816,156.1,2025-06-28,04:00
28817,170.97,2025-06-28,04:15
28818,179.88,2025-06-28,04:30
28819,186.55,2025-06-28,04:45
28820,186.49,2025-06-28,05:00
28821,189.35,2025-06-28,05:15
28822,185.84,2025-06-28,05:30
28823,181.07,2025-06-28,05:45
28824,186.41,2025-06-28,06:00
28825,185.5,2025-06-28,06:15
28826,151.02,2025-06-28,06:30
28827,40.0,2025-06-28,06:45
28828,40.0,2025-06-28,07:00
28829,155.18,2025-06-28,07:15
28830,40.0,2025-06-28,07:30
28831,166.14,2025-06-28,07:45
28832,40.0,2025-06-28,08:00
28833,40.0,2025-06-28,08:15
28834,40.0,2025-06-28,08:30
28835,126.2,2025-06-28,08:45
28836,40.0,2025-06-28,09:00
28837,40.0,2025-06-28,09:15
28838,120.7,2025-06-28,09:30
28839,143.04,2025-06-28,09:45
28840,124.5,2025-06-28,10:00
28841,40.0,2025-06-28,10:15
28842,40.0,2025-06-28,10:30
28843,105.86,2025-06-28,10:45
28844,141.97,2025-06-28,11:00
28845,152.58,2025-06-28,11:15
28846,40.0,2025-06-28,11:30
28847,40.0,2025-06-28,11:45
28848,121.91,2025-06-28,12:00
28849,40.0,2025-06-28,12:15
28850,40.0,2025-06-28,12:30
28851,40.0,2025-06-28,12:45
28852,40.0,2025-06-28,13:00
28853,40.0,2025-06-28,13:15
28854,40.0,2025-06-28,13:30
28855,40.0,2025-06-28,13:45
28856,40.0,2025-06-28,14:00
28857,40.0,2025-06-28,14:15
28858,40.0,2025-06-28,14:30
28859,40.0,2025-06-28,14:45
28860,40.0,2025-06-28,15:00
28861,40.0,2025-06-28,15:15
28862,40.0,2025-06-28,15:30
28863,40.0,2025-06-28,15:45
28864,112.68,2025-06-28,16:00
28865,145.28,2025-06-28,16:15
28866,40.0,2025-06-28,16:30
28867,40.0,2025-06-28,16:45
28868,40.0,2025-06-28,17:00
28869,40.0,2025-06-28,17:15
28870,40.0,2025-06-28,17:30
28871,40.0,2025-06-28,17:45
28872,40.0,2025-06-28,18:00
28873,40.0,2025-06-28,18:15
28874,40.0,2025-06-28,18:30
28875,40.0,2025-06-28,18:45
28876,40.0,2025-06-28,19:00
28877,40.0,2025-06-28,19:15
28878,165.35,2025-06-28,19:30
28879,40.0,2025-06-28,19:45
28880,40.0,2025-06-28,20:00
28881,173.13,2025-06-28,20:15
28882,164.5,2025-06-28,20:30
28883,189.0,2025-06-28,20:45
28884,188.61,2025-06-28,21:00
28885,187.31,2025-06-28,21:15
28886,40.0,2025-06-28,21:30
28887,40.0,2025-06-28,21:45
28888,40.0,2025-06-28,22:00
28889,40.0,2025-06-28,22:15
28890,40.0,2025-06-28,22:30
28891,40.0,2025-06-28,22:45
28892,40.0,2025-06-28,23:00
28893,271.46,2025-06-28,23:15
28894,271.32,2025-06-28,23:30
28895,40.0,2025-06-28,23:45
28896,271.6,2025-06-28,24:00
28897,272.94,2025-06-29,00:15
28898,227.95,2025-06-29,00:30
28899,40.0,2025-06-29,00:45
28900,40.0,2025-06-29,01:00
28901,40.0,2025-06-29,01:15
28902,242.67,2025-06-29,01:30
28903,40.0,2025-06-29,01:45
28904,40.0,2025-06-29,02:00
28905,40.0,2025-06-29,02:15
28906,40.0,2025-06-29,02:30
28907,40.0,2025-06-29,02:45
28908,40.0,2025-06-29,03:00
28909,40.0,2025-06-29,03:15
28910,40.0,2025-06-29,03:30
28911,40.0,2025-06-29,03:45
28912,40.0,2025-06-29,04:00
28913,40.0,2025-06-29,04:15
28914,40.0,2025-06-29,04:30
28915,40.0,2025-06-29,04:45
28916,250.0,2025-06-29,05:00
28917,250.0,2025-06-29,05:15
28918,40.0,2025-06-29,05:30
28919,40.0,2025-06-29,05:45
28920,40.0,2025-06-29,06:00
28921,250.0,2025-06-29,06:15
28922,40.0,2025-06-29,06:30
28923,40.0,2025-06-29,06:45
28924,40.0,2025-06-29,07:00
28925,40.0,2025-06-29,07:15
28926,40.0,2025-06-29,07:30
28927,40.0,2025-06-29,07:45
28928,40.0,2025-06-29,08:00
28929,40.0,2025-06-29,08:15
28930,40.0,2025-06-29,08:30
28931,153.65,2025-06-29,08:45
28932,40.0,2025-06-29,09:00
28933,143.18,2025-06-29,09:15
28934,150.41,2025-06-29,09:30
28935,40.0,2025-06-29,09:45
28936,158.74,2025-06-29,10:00
28937,110.58,2025-06-29,10:15
28938,40.0,2025-06-29,10:30
28939,40.0,2025-06-29,10:45
28940,40.0,2025-06-29,11:00
28941,118.65,2025-06-29,11:15
28942,40.0,2025-06-29,11:30
28943,243.88,2025-06-29,11:45
28944,40.0,2025-06-29,12:00
28945,40.0,2025-06-29,12:15
28946,40.0,2025-06-29,12:30
28947,40.0,2025-06-29,12:45
28948,40.0,2025-06-29,13:00
28949,40.0,2025-06-29,13:15
28950,40.0,2025-06-29,13:30
28951,40.0,2025-06-29,13:45
28952,176.28,2025-06-29,14:00
28953,40.0,2025-06-29,14:15
28954,40.0,2025-06-29,14:30
28955,162.67,2025-06-29,14:45
28956,141.47,2025-06-29,15:00
28957,40.0,2025-06-29,15:15
28958,155.39,2025-06-29,15:30
28959,180.46,2025-06-29,15:45
28960,159.47,2025-06-29,16:00
28961,181.48,2025-06-29,16:15
28962,40.0,2025-06-29,16:30
28963,40.0,2025-06-29,16:45
28964,40.0,2025-06-29,17:00
28965,40.0,2025-06-29,17:15
28966,40.0,2025-06-29,17:30
28967,40.0,2025-06-29,17:45
28968,40.0,2025-06-29,18:00
28969,40.0,2025-06-29,18:15
28970,40.0,2025-06-29,18:30
28971,40.0,2025-06-29,18:45
28972,40.0,2025-06-29,19:00
28973,40.0,2025-06-29,19:15
28974,40.0,2025-06-29,19:30
28975,40.0,2025-06-29,19:45
28976,40.0,2025-06-29,20:00
28977,40.0,2025-06-29,20:15
28978,40.0,2025-06-29,20:30
28979,40.0,2025-06-29,20:45
28980,40.0,2025-06-29,21:00
28981,40.0,2025-06-29,21:15
28982,40.0,2025-06-29,21:30
28983,40.0,2025-06-29,21:45
28984,40.0,2025-06-29,22:00
28985,40.0,2025-06-29,22:15
28986,40.0,2025-06-29,22:30
28987,40.0,2025-06-29,22:45
28988,40.0,2025-06-29,23:00
28989,40.0,2025-06-29,23:15
28990,250.0,2025-06-29,23:30
28991,300.0,2025-06-29,23:45
28992,300.0,2025-06-29,24:00
28993,380.0,2025-06-30,00:15
28994,360.0,2025-06-30,00:30
28995,310.0,2025-06-30,00:45
28996,280.0,2025-06-30,01:00
28997,280.0,2025-06-30,01:15
28998,40.0,2025-06-30,01:30
28999,250.0,2025-06-30,01:45
29000,40.0,2025-06-30,02:00
29001,250.0,2025-06-30,02:15
29002,280.0,2025-06-30,02:30
29003,300.0,2025-06-30,02:45
29004,300.0,2025-06-30,03:00
29005,300.0,2025-06-30,03:15
29006,300.0,2025-06-30,03:30
29007,300.0,2025-06-30,03:45
29008,280.0,2025-06-30,04:00
29009,280.0,2025-06-30,04:15
29010,300.0,2025-06-30,04:30
29011,300.0,2025-06-30,04:45
29012,300.0,2025-06-30,05:00
29013,310.0,2025-06-30,05:15
29014,330.0,2025-06-30,05:30
29015,350.0,2025-06-30,05:45
29016,360.0,2025-06-30,06:00
29017,370.0,2025-06-30,06:15
29018,380.0,2025-06-30,06:30
29019,320.0,2025-06-30,06:45
29020,300.0,2025-06-30,07:00
29021,350.0,2025-06-30,07:15
29022,300.0,2025-06-30,07:30
29023,288.52,2025-06-30,07:45
29024,249.93,2025-06-30,08:00
29025,260.11,2025-06-30,08:15
29026,289.53,2025-06-30,08:30
29027,261.53,2025-06-30,08:45
29028,40.0,2025-06-30,09:00
29029,40.0,2025-06-30,09:15
29030,255.14,2025-06-30,09:30
29031,265.61,2025-06-30,09:45
29032,40.0,2025-06-30,10:00
29033,40.0,2025-06-30,10:15
29034,106.41,2025-06-30,10:30
29035,40.0,2025-06-30,10:45
29036,40.0,2025-06-30,11:00
29037,40.0,2025-06-30,11:15
29038,103.01,2025-06-30,11:30
29039,40.0,2025-06-30,11:45
29040,40.0,2025-06-30,12:00
29041,40.0,2025-06-30,12:15
29042,40.0,2025-06-30,12:30
29043,40.0,2025-06-30,12:45
29044,40.0,2025-06-30,13:00
29045,186.96,2025-06-30,13:15
29046,174.12,2025-06-30,13:30
29047,203.51,2025-06-30,13:45
29048,169.4,2025-06-30,14:00
29049,207.2,2025-06-30,14:15
29050,136.39,2025-06-30,14:30
29051,168.06,2025-06-30,14:45
29052,125.09,2025-06-30,15:00
29053,122.51,2025-06-30,15:15
29054,218.89,2025-06-30,15:30
29055,181.76,2025-06-30,15:45
29056,189.18,2025-06-30,16:00
29057,226.82,2025-06-30,16:15
29058,199.79,2025-06-30,16:30
29059,306.99,2025-06-30,16:45
29060,248.85,2025-06-30,17:00
29061,242.75,2025-06-30,17:15
29062,231.28,2025-06-30,17:30
29063,165.98,2025-06-30,17:45
29064,40.0,2025-06-30,18:00
29065,40.0,2025-06-30,18:15
29066,40.0,2025-06-30,18:30
29067,40.0,2025-06-30,18:45
29068,40.0,2025-06-30,19:00
29069,201.06,2025-06-30,19:15
29070,194.03,2025-06-30,19:30
29071,40.0,2025-06-30,19:45
29072,40.0,2025-06-30,20:00
29073,169.93,2025-06-30,20:15
29074,182.74,2025-06-30,20:30
29075,177.32,2025-06-30,20:45
29076,168.83,2025-06-30,21:00
29077,174.27,2025-06-30,21:15
29078,40.0,2025-06-30,21:30
29079,40.0,2025-06-30,21:45
29080,40.0,2025-06-30,22:00
29081,40.0,2025-06-30,22:15
29082,40.0,2025-06-30,22:30
29083,40.0,2025-06-30,22:45
29084,40.0,2025-06-30,23:00
29085,40.0,2025-06-30,23:15
29086,40.0,2025-06-30,23:30
29087,40.0,2025-06-30,23:45
29088,40.0,2025-06-30,24:00
29089,300.0,2025-07-01,00:15
29090,264.66,2025-07-01,00:30
29091,40.0,2025-07-01,00:45
29092,40.0,2025-07-01,01:00
29093,40.0,2025-07-01,01:15
29094,40.0,2025-07-01,01:30
29095,40.0,2025-07-01,01:45
29096,40.0,2025-07-01,02:00
29097,40.0,2025-07-01,02:15
29098,40.0,2025-07-01,02:30
29099,40.0,2025-07-01,02:45
29100,40.0,2025-07-01,03:00
29101,40.0,2025-07-01,03:15
29102,40.0,2025-07-01,03:30
29103,40.0,2025-07-01,03:45
29104,40.0,2025-07-01,04:00
29105,40.0,2025-07-01,04:15
29106,40.0,2025-07-01,04:30
29107,40.0,2025-07-01,04:45
29108,40.0,2025-07-01,05:00
29109,40.0,2025-07-01,05:15
29110,40.0,2025-07-01,05:30
29111,40.0,2025-07-01,05:45
29112,40.0,2025-07-01,06:00
29113,40.0,2025-07-01,06:15
29114,40.0,2025-07-01,06:30
29115,40.0,2025-07-01,06:45
29116,40.0,2025-07-01,07:00
29117,40.0,2025-07-01,07:15
29118,40.0,2025-07-01,07:30
29119,40.0,2025-07-01,07:45
29120,40.0,2025-07-01,08:00
29121,40.0,2025-07-01,08:15
29122,40.0,2025-07-01,08:30
29123,40.0,2025-07-01,08:45
29124,40.0,2025-07-01,09:00
29125,40.0,2025-07-01,09:15
29126,40.0,2025-07-01,09:30
29127,40.0,2025-07-01,09:45
29128,40.0,2025-07-01,10:00
29129,40.0,2025-07-01,10:15
29130,40.0,2025-07-01,10:30
29131,126.23,2025-07-01,10:45
29132,128.32,2025-07-01,11:00
29133,40.0,2025-07-01,11:15
29134,40.0,2025-07-01,11:30
29135,40.0,2025-07-01,11:45
29136,40.0,2025-07-01,12:00
29137,40.0,2025-07-01,12:15
29138,40.0,2025-07-01,12:30
29139,40.0,2025-07-01,12:45
29140,40.0,2025-07-01,13:00
29141,40.0,2025-07-01,13:15
29142,40.0,2025-07-01,13:30
29143,131.96,2025-07-01,13:45
29144,139.89,2025-07-01,14:00
29145,130.22,2025-07-01,14:15
29146,129.11,2025-07-01,14:30
29147,146.66,2025-07-01,14:45
29148,140.79,2025-07-01,15:00
29149,145.03,2025-07-01,15:15
29150,177.52,2025-07-01,15:30
29151,178.79,2025-07-01,15:45
29152,189.45,2025-07-01,16:00
29153,202.13,2025-07-01,16:15
29154,186.81,2025-07-01,16:30
29155,224.22,2025-07-01,16:45
29156,153.19,2025-07-01,17:00
29157,159.85,2025-07-01,17:15
29158,233.33,2025-07-01,17:30
29159,231.65,2025-07-01,17:45
29160,243.24,2025-07-01,18:00
29161,191.15,2025-07-01,18:15
29162,223.82,2025-07-01,18:30
29163,245.12,2025-07-01,18:45
29164,257.91,2025-07-01,19:00
29165,282.66,2025-07-01,19:15
29166,284.09,2025-07-01,19:30
29167,280.87,2025-07-01,19:45
29168,281.83,2025-07-01,20:00
29169,283.87,2025-07-01,20:15
29170,300.33,2025-07-01,20:30
29171,323.6,2025-07-01,20:45
29172,287.2,2025-07-01,21:00
29173,264.64,2025-07-01,21:15
29174,229.57,2025-07-01,21:30
29175,300.0,2025-07-01,21:45
29176,451.13,2025-07-01,22:00
29177,347.65,2025-07-01,22:15
29178,357.17,2025-07-01,22:30
29179,363.88,2025-07-01,22:45
29180,364.19,2025-07-01,23:00
29181,410.99,2025-07-01,23:15
29182,411.54,2025-07-01,23:30
29183,420.37,2025-07-01,23:45
29184,500.0,2025-07-01,24:00
29185,552.75,2025-07-02,00:15
29186,553.25,2025-07-02,00:30
29187,458.39,2025-07-02,00:45
29188,410.02,2025-07-02,01:00
29189,380.72,2025-07-02,01:15
29190,350.0,2025-07-02,01:30
29191,342.52,2025-07-02,01:45
29192,300.0,2025-07-02,02:00
29193,260.0,2025-07-02,02:15
29194,284.76,2025-07-02,02:30
29195,40.0,2025-07-02,02:45
29196,274.92,2025-07-02,03:00
29197,40.0,2025-07-02,03:15
29198,40.0,2025-07-02,03:30
29199,40.0,2025-07-02,03:45
29200,40.0,2025-07-02,04:00
29201,40.0,2025-07-02,04:15
29202,40.0,2025-07-02,04:30
29203,147.94,2025-07-02,04:45
29204,148.36,2025-07-02,05:00
29205,153.13,2025-07-02,05:15
29206,40.0,2025-07-02,05:30
29207,40.0,2025-07-02,05:45
29208,40.0,2025-07-02,06:00
29209,40.0,2025-07-02,06:15
29210,40.0,2025-07-02,06:30
29211,40.0,2025-07-02,06:45
29212,40.0,2025-07-02,07:00
29213,40.0,2025-07-02,07:15
29214,40.0,2025-07-02,07:30
29215,40.0,2025-07-02,07:45
29216,40.0,2025-07-02,08:00
29217,40.0,2025-07-02,08:15
29218,40.0,2025-07-02,08:30
29219,40.0,2025-07-02,08:45
29220,40.0,2025-07-02,09:00
29221,40.0,2025-07-02,09:15
29222,40.0,2025-07-02,09:30
29223,40.0,2025-07-02,09:45
29224,40.0,2025-07-02,10:00
29225,40.0,2025-07-02,10:15
29226,40.0,2025-07-02,10:30
29227,159.41,2025-07-02,10:45
29228,167.48,2025-07-02,11:00
29229,156.16,2025-07-02,11:15
29230,147.18,2025-07-02,11:30
29231,152.85,2025-07-02,11:45
29232,155.42,2025-07-02,12:00
29233,146.88,2025-07-02,12:15
29234,40.0,2025-07-02,12:30
29235,40.0,2025-07-02,12:45
29236,134.72,2025-07-02,13:00
29237,130.27,2025-07-02,13:15
29238,136.06,2025-07-02,13:30
29239,141.22,2025-07-02,13:45
29240,140.27,2025-07-02,14:00
29241,154.48,2025-07-02,14:15
29242,152.93,2025-07-02,14:30
29243,153.44,2025-07-02,14:45
29244,174.58,2025-07-02,15:00
29245,152.21,2025-07-02,15:15
29246,201.61,2025-07-02,15:30
29247,184.44,2025-07-02,15:45
29248,153.28,2025-07-02,16:00
29249,189.14,2025-07-02,16:15
29250,153.57,2025-07-02,16:30
29251,138.09,2025-07-02,16:45
29252,40.0,2025-07-02,17:00
29253,136.49,2025-07-02,17:15
29254,142.06,2025-07-02,17:30
29255,152.52,2025-07-02,17:45
29256,146.73,2025-07-02,18:00
29257,40.0,2025-07-02,18:15
29258,161.13,2025-07-02,18:30
29259,194.9,2025-07-02,18:45
29260,193.77,2025-07-02,19:00
29261,222.91,2025-07-02,19:15
29262,221.55,2025-07-02,19:30
29263,255.03,2025-07-02,19:45
29264,262.65,2025-07-02,20:00
29265,294.86,2025-07-02,20:15
29266,319.81,2025-07-02,20:30
29267,307.18,2025-07-02,20:45
29268,316.92,2025-07-02,21:00
29269,282.53,2025-07-02,21:15
29270,264.5,2025-07-02,21:30
29271,268.89,2025-07-02,21:45
29272,253.15,2025-07-02,22:00
29273,347.76,2025-07-02,22:15
29274,320.41,2025-07-02,22:30
29275,365.32,2025-07-02,22:45
29276,410.28,2025-07-02,23:00
29277,409.2,2025-07-02,23:15
29278,408.34,2025-07-02,23:30
29279,406.94,2025-07-02,23:45
29280,407.43,2025-07-02,24:00
29281,379.62,2025-07-03,00:15
29282,235.95,2025-07-03,00:30
29283,196.26,2025-07-03,00:45
29284,172.0,2025-07-03,01:00
29285,169.27,2025-07-03,01:15
29286,40.0,2025-07-03,01:30
29287,40.0,2025-07-03,01:45
29288,40.0,2025-07-03,02:00
29289,40.0,2025-07-03,02:15
29290,40.0,2025-07-03,02:30
29291,40.0,2025-07-03,02:45
29292,40.0,2025-07-03,03:00
29293,40.0,2025-07-03,03:15
29294,40.0,2025-07-03,03:30
29295,40.0,2025-07-03,03:45
29296,40.0,2025-07-03,04:00
29297,40.0,2025-07-03,04:15
29298,40.0,2025-07-03,04:30
29299,40.0,2025-07-03,04:45
29300,40.0,2025-07-03,05:00
29301,40.0,2025-07-03,05:15
29302,40.0,2025-07-03,05:30
29303,40.0,2025-07-03,05:45
29304,40.0,2025-07-03,06:00
29305,40.0,2025-07-03,06:15
29306,40.0,2025-07-03,06:30
29307,40.0,2025-07-03,06:45
29308,40.0,2025-07-03,07:00
29309,40.0,2025-07-03,07:15
29310,40.0,2025-07-03,07:30
29311,40.0,2025-07-03,07:45
29312,40.0,2025-07-03,08:00
29313,40.0,2025-07-03,08:15
29314,40.0,2025-07-03,08:30
29315,40.0,2025-07-03,08:45
29316,40.0,2025-07-03,09:00
29317,40.0,2025-07-03,09:15
29318,40.0,2025-07-03,09:30
29319,40.0,2025-07-03,09:45
29320,40.0,2025-07-03,10:00
29321,40.0,2025-07-03,10:15
29322,40.0,2025-07-03,10:30
29323,40.0,2025-07-03,10:45
29324,110.86,2025-07-03,11:00
29325,101.99,2025-07-03,11:15
29326,40.0,2025-07-03,11:30
29327,40.0,2025-07-03,11:45
29328,40.0,2025-07-03,12:00
29329,137.61,2025-07-03,12:15
29330,40.0,2025-07-03,12:30
29331,40.0,2025-07-03,12:45
29332,40.0,2025-07-03,13:00
29333,131.59,2025-07-03,13:15
29334,121.45,2025-07-03,13:30
29335,140.81,2025-07-03,13:45
29336,140.02,2025-07-03,14:00
29337,135.83,2025-07-03,14:15
29338,147.79,2025-07-03,14:30
29339,149.76,2025-07-03,14:45
29340,180.14,2025-07-03,15:00
29341,167.4,2025-07-03,15:15
29342,169.95,2025-07-03,15:30
29343,171.96,2025-07-03,15:45
29344,173.7,2025-07-03,16:00
29345,177.13,2025-07-03,16:15
29346,159.39,2025-07-03,16:30
29347,157.55,2025-07-03,16:45
29348,155.64,2025-07-03,17:00
29349,152.44,2025-07-03,17:15
29350,202.38,2025-07-03,17:30
29351,198.55,2025-07-03,17:45
29352,194.24,2025-07-03,18:00
29353,166.37,2025-07-03,18:15
29354,161.86,2025-07-03,18:30
29355,188.68,2025-07-03,18:45
29356,164.78,2025-07-03,19:00
29357,197.68,2025-07-03,19:15
29358,196.91,2025-07-03,19:30
29359,166.73,2025-07-03,19:45
29360,163.27,2025-07-03,20:00
29361,140.96,2025-07-03,20:15
29362,40.0,2025-07-03,20:30
29363,340.0,2025-07-03,20:45
29364,310.0,2025-07-03,21:00
29365,319.12,2025-07-03,21:15
29366,300.0,2025-07-03,21:30
29367,300.0,2025-07-03,21:45
29368,40.0,2025-07-03,22:00
29369,260.0,2025-07-03,22:15
29370,40.0,2025-07-03,22:30
29371,40.0,2025-07-03,22:45
29372,40.0,2025-07-03,23:00
29373,40.0,2025-07-03,23:15
29374,40.0,2025-07-03,23:30
29375,250.0,2025-07-03,23:45
29376,40.0,2025-07-03,24:00
29377,350.0,2025-07-04,00:15
29378,330.0,2025-07-04,00:30
29379,40.0,2025-07-04,00:45
29380,40.0,2025-07-04,01:00
29381,40.0,2025-07-04,01:15
29382,40.0,2025-07-04,01:30
29383,40.0,2025-07-04,01:45
29384,40.0,2025-07-04,02:00
29385,241.6,2025-07-04,02:15
29386,241.85,2025-07-04,02:30
29387,241.63,2025-07-04,02:45
29388,251.17,2025-07-04,03:00
29389,240.88,2025-07-04,03:15
29390,258.84,2025-07-04,03:30
29391,225.64,2025-07-04,03:45
29392,234.13,2025-07-04,04:00
29393,224.83,2025-07-04,04:15
29394,250.84,2025-07-04,04:30
29395,259.53,2025-07-04,04:45
29396,260.89,2025-07-04,05:00
29397,278.98,2025-07-04,05:15
29398,270.41,2025-07-04,05:30
29399,269.54,2025-07-04,05:45
29400,244.28,2025-07-04,06:00
29401,273.5,2025-07-04,06:15
29402,265.07,2025-07-04,06:30
29403,40.0,2025-07-04,06:45
29404,40.0,2025-07-04,07:00
29405,40.0,2025-07-04,07:15
29406,40.0,2025-07-04,07:30
29407,40.0,2025-07-04,07:45
29408,40.0,2025-07-04,08:00
29409,40.0,2025-07-04,08:15
29410,40.0,2025-07-04,08:30
29411,40.0,2025-07-04,08:45
29412,40.0,2025-07-04,09:00
29413,160.18,2025-07-04,09:15
29414,40.0,2025-07-04,09:30
29415,40.0,2025-07-04,09:45
29416,40.0,2025-07-04,10:00
29417,40.0,2025-07-04,10:15
29418,40.0,2025-07-04,10:30
29419,40.0,2025-07-04,10:45
29420,40.0,2025-07-04,11:00
29421,146.69,2025-07-04,11:15
29422,147.53,2025-07-04,11:30
29423,147.79,2025-07-04,11:45
29424,40.0,2025-07-04,12:00
29425,40.0,2025-07-04,12:15
29426,40.0,2025-07-04,12:30
29427,40.0,2025-07-04,12:45
29428,40.0,2025-07-04,13:00
29429,40.0,2025-07-04,13:15
29430,40.0,2025-07-04,13:30
29431,40.0,2025-07-04,13:45
29432,40.0,2025-07-04,14:00
29433,40.0,2025-07-04,14:15
29434,208.66,2025-07-04,14:30
29435,187.11,2025-07-04,14:45
29436,186.77,2025-07-04,15:00
29437,40.0,2025-07-04,15:15
29438,141.48,2025-07-04,15:30
29439,40.0,2025-07-04,15:45
29440,40.0,2025-07-04,16:00
29441,40.0,2025-07-04,16:15
29442,40.0,2025-07-04,16:30
29443,40.0,2025-07-04,16:45
29444,40.0,2025-07-04,17:00
29445,40.0,2025-07-04,17:15
29446,40.0,2025-07-04,17:30
29447,40.0,2025-07-04,17:45
29448,40.0,2025-07-04,18:00
29449,40.0,2025-07-04,18:15
29450,40.0,2025-07-04,18:30
29451,257.58,2025-07-04,18:45
29452,223.59,2025-07-04,19:00
29453,285.23,2025-07-04,19:15
29454,292.5,2025-07-04,19:30
29455,240.19,2025-07-04,19:45
29456,264.88,2025-07-04,20:00
29457,280.62,2025-07-04,20:15
29458,301.97,2025-07-04,20:30
29459,350.97,2025-07-04,20:45
29460,367.54,2025-07-04,21:00
29461,361.38,2025-07-04,21:15
29462,387.26,2025-07-04,21:30
29463,376.0,2025-07-04,21:45
29464,370.0,2025-07-04,22:00
29465,370.0,2025-07-04,22:15
29466,370.0,2025-07-04,22:30
29467,350.0,2025-07-04,22:45
29468,350.0,2025-07-04,23:00
29469,362.53,2025-07-04,23:15
29470,369.67,2025-07-04,23:30
29471,336.11,2025-07-04,23:45
29472,345.18,2025-07-04,24:00
29473,343.54,2025-07-05,00:15
29474,333.05,2025-07-05,00:30
29475,296.57,2025-07-05,00:45
29476,268.91,2025-07-05,01:00
29477,232.58,2025-07-05,01:15
29478,290.0,2025-07-05,01:30
29479,293.17,2025-07-05,01:45
29480,259.45,2025-07-05,02:00
29481,295.61,2025-07-05,02:15
29482,330.0,2025-07-05,02:30
29483,326.0,2025-07-05,02:45
29484,300.73,2025-07-05,03:00
29485,350.0,2025-07-05,03:15
29486,352.01,2025-07-05,03:30
29487,370.0,2025-07-05,03:45
29488,370.0,2025-07-05,04:00
29489,370.0,2025-07-05,04:15
29490,380.0,2025-07-05,04:30
29491,380.0,2025-07-05,04:45
29492,370.0,2025-07-05,05:00
29493,370.0,2025-07-05,05:15
29494,380.0,2025-07-05,05:30
29495,380.0,2025-07-05,05:45
29496,369.93,2025-07-05,06:00
29497,369.92,2025-07-05,06:15
29498,360.0,2025-07-05,06:30
29499,341.3,2025-07-05,06:45
29500,320.0,2025-07-05,07:00
29501,320.0,2025-07-05,07:15
29502,320.0,2025-07-05,07:30
29503,270.0,2025-07-05,07:45
29504,280.0,2025-07-05,08:00
29505,144.72,2025-07-05,08:15
29506,176.35,2025-07-05,08:30
29507,174.12,2025-07-05,08:45
29508,40.0,2025-07-05,09:00
29509,40.0,2025-07-05,09:15
29510,40.0,2025-07-05,09:30
29511,40.0,2025-07-05,09:45
29512,40.0,2025-07-05,10:00
29513,40.0,2025-07-05,10:15
29514,40.0,2025-07-05,10:30
29515,40.0,2025-07-05,10:45
29516,40.0,2025-07-05,11:00
29517,40.0,2025-07-05,11:15
29518,40.0,2025-07-05,11:30
29519,40.0,2025-07-05,11:45
29520,40.0,2025-07-05,12:00
29521,185.25,2025-07-05,12:15
29522,167.57,2025-07-05,12:30
29523,167.45,2025-07-05,12:45
29524,148.81,2025-07-05,13:00
29525,40.0,2025-07-05,13:15
29526,40.0,2025-07-05,13:30
29527,124.78,2025-07-05,13:45
29528,40.0,2025-07-05,14:00
29529,150.6,2025-07-05,14:15
29530,161.9,2025-07-05,14:30
29531,164.44,2025-07-05,14:45
29532,204.66,2025-07-05,15:00
29533,184.11,2025-07-05,15:15
29534,183.97,2025-07-05,15:30
29535,169.84,2025-07-05,15:45
29536,209.33,2025-07-05,16:00
29537,262.03,2025-07-05,16:15
29538,214.11,2025-07-05,16:30
29539,210.6,2025-07-05,16:45
29540,247.45,2025-07-05,17:00
29541,343.25,2025-07-05,17:15
29542,371.82,2025-07-05,17:30
29543,364.16,2025-07-05,17:45
29544,311.42,2025-07-05,18:00
29545,332.6,2025-07-05,18:15
29546,330.73,2025-07-05,18:30
29547,318.79,2025-07-05,18:45
29548,337.1,2025-07-05,19:00
29549,338.09,2025-07-05,19:15
29550,365.7,2025-07-05,19:30
29551,374.25,2025-07-05,19:45
29552,363.79,2025-07-05,20:00
29553,346.82,2025-07-05,20:15
29554,373.38,2025-07-05,20:30
29555,441.36,2025-07-05,20:45
29556,448.15,2025-07-05,21:00
29557,379.93,2025-07-05,21:15
29558,365.63,2025-07-05,21:30
29559,406.63,2025-07-05,21:45
29560,434.51,2025-07-05,22:00
29561,430.0,2025-07-05,22:15
29562,430.0,2025-07-05,22:30
29563,420.0,2025-07-05,22:45
29564,380.0,2025-07-05,23:00
29565,420.0,2025-07-05,23:15
29566,400.0,2025-07-05,23:30
29567,420.0,2025-07-05,23:45
29568,430.0,2025-07-05,24:00
29569,470.0,2025-07-06,00:15
29570,450.0,2025-07-06,00:30
29571,430.0,2025-07-06,00:45
29572,410.0,2025-07-06,01:00
29573,400.0,2025-07-06,01:15
29574,400.0,2025-07-06,01:30
29575,400.0,2025-07-06,01:45
29576,380.0,2025-07-06,02:00
29577,380.0,2025-07-06,02:15
29578,400.0,2025-07-06,02:30
29579,400.0,2025-07-06,02:45
29580,400.0,2025-07-06,03:00
29581,400.0,2025-07-06,03:15
29582,400.0,2025-07-06,03:30
29583,380.0,2025-07-06,03:45
29584,380.0,2025-07-06,04:00
29585,380.0,2025-07-06,04:15
29586,380.0,2025-07-06,04:30
29587,380.0,2025-07-06,04:45
29588,370.0,2025-07-06,05:00
29589,380.0,2025-07-06,05:15
29590,380.0,2025-07-06,05:30
29591,420.0,2025-07-06,05:45
29592,430.0,2025-07-06,06:00
29593,450.0,2025-07-06,06:15
29594,430.0,2025-07-06,06:30
29595,410.0,2025-07-06,06:45
29596,380.0,2025-07-06,07:00
29597,370.0,2025-07-06,07:15
29598,330.0,2025-07-06,07:30
29599,250.0,2025-07-06,07:45
29600,40.0,2025-07-06,08:00
29601,40.0,2025-07-06,08:15
29602,40.0,2025-07-06,08:30
29603,40.0,2025-07-06,08:45
29604,40.0,2025-07-06,09:00
29605,40.0,2025-07-06,09:15
29606,40.0,2025-07-06,09:30
29607,40.0,2025-07-06,09:45
29608,40.0,2025-07-06,10:00
29609,40.0,2025-07-06,10:15
29610,40.0,2025-07-06,10:30
29611,110.63,2025-07-06,10:45
29612,188.4,2025-07-06,11:00
29613,199.54,2025-07-06,11:15
29614,218.82,2025-07-06,11:30
29615,207.47,2025-07-06,11:45
29616,225.53,2025-07-06,12:00
29617,224.46,2025-07-06,12:15
29618,218.39,2025-07-06,12:30
29619,195.07,2025-07-06,12:45
29620,189.44,2025-07-06,13:00
29621,200.33,2025-07-06,13:15
29622,156.92,2025-07-06,13:30
29623,185.33,2025-07-06,13:45
29624,185.08,2025-07-06,14:00
29625,196.66,2025-07-06,14:15
29626,196.33,2025-07-06,14:30
29627,194.02,2025-07-06,14:45
29628,203.05,2025-07-06,15:00
29629,199.46,2025-07-06,15:15
29630,205.32,2025-07-06,15:30
29631,207.38,2025-07-06,15:45
29632,201.65,2025-07-06,16:00
29633,212.3,2025-07-06,16:15
29634,205.76,2025-07-06,16:30
29635,241.89,2025-07-06,16:45
29636,235.46,2025-07-06,17:00
29637,253.04,2025-07-06,17:15
29638,252.75,2025-07-06,17:30
29639,301.87,2025-07-06,17:45
29640,290.32,2025-07-06,18:00
29641,262.92,2025-07-06,18:15
29642,292.02,2025-07-06,18:30
29643,239.47,2025-07-06,18:45
29644,252.25,2025-07-06,19:00
29645,321.73,2025-07-06,19:15
29646,331.9,2025-07-06,19:30
29647,410.0,2025-07-06,19:45
29648,430.0,2025-07-06,20:00
29649,450.0,2025-07-06,20:15
29650,430.0,2025-07-06,20:30
29651,417.97,2025-07-06,20:45
29652,432.81,2025-07-06,21:00
29653,490.0,2025-07-06,21:15
29654,480.0,2025-07-06,21:30
29655,450.0,2025-07-06,21:45
29656,420.0,2025-07-06,22:00
29657,416.77,2025-07-06,22:15
29658,400.0,2025-07-06,22:30
29659,350.0,2025-07-06,22:45
29660,330.0,2025-07-06,23:00
29661,320.0,2025-07-06,23:15
29662,40.0,2025-07-06,23:30
29663,40.0,2025-07-06,23:45
29664,40.0,2025-07-06,24:00
29665,229.01,2025-07-07,00:15
29666,203.93,2025-07-07,00:30
29667,187.02,2025-07-07,00:45
29668,40.0,2025-07-07,01:00
29669,210.09,2025-07-07,01:15
29670,217.64,2025-07-07,01:30
29671,191.28,2025-07-07,01:45
29672,189.71,2025-07-07,02:00
29673,192.42,2025-07-07,02:15
29674,40.0,2025-07-07,02:30
29675,40.0,2025-07-07,02:45
29676,40.0,2025-07-07,03:00
29677,40.0,2025-07-07,03:15
29678,40.0,2025-07-07,03:30
29679,40.0,2025-07-07,03:45
29680,40.0,2025-07-07,04:00
29681,40.0,2025-07-07,04:15
29682,40.0,2025-07-07,04:30
29683,40.0,2025-07-07,04:45
29684,40.0,2025-07-07,05:00
29685,40.0,2025-07-07,05:15
29686,40.0,2025-07-07,05:30
29687,40.0,2025-07-07,05:45
29688,40.0,2025-07-07,06:00
29689,40.0,2025-07-07,06:15
29690,40.0,2025-07-07,06:30
29691,40.0,2025-07-07,06:45
29692,40.0,2025-07-07,07:00
29693,40.0,2025-07-07,07:15
29694,40.0,2025-07-07,07:30
29695,40.0,2025-07-07,07:45
29696,40.0,2025-07-07,08:00
29697,40.0,2025-07-07,08:15
29698,117.07,2025-07-07,08:30
29699,40.0,2025-07-07,08:45
29700,40.0,2025-07-07,09:00
29701,40.0,2025-07-07,09:15
29702,40.0,2025-07-07,09:30
29703,40.0,2025-07-07,09:45
29704,40.0,2025-07-07,10:00
29705,40.0,2025-07-07,10:15
29706,40.0,2025-07-07,10:30
29707,112.01,2025-07-07,10:45
29708,40.0,2025-07-07,11:00
29709,40.0,2025-07-07,11:15
29710,40.0,2025-07-07,11:30
29711,40.0,2025-07-07,11:45
29712,40.0,2025-07-07,12:00
29713,40.0,2025-07-07,12:15
29714,40.0,2025-07-07,12:30
29715,40.0,2025-07-07,12:45
29716,40.0,2025-07-07,13:00
29717,40.0,2025-07-07,13:15
29718,40.0,2025-07-07,13:30
29719,40.0,2025-07-07,13:45
29720,40.0,2025-07-07,14:00
29721,40.0,2025-07-07,14:15
29722,40.0,2025-07-07,14:30
29723,40.0,2025-07-07,14:45
29724,40.0,2025-07-07,15:00
29725,40.0,2025-07-07,15:15
29726,40.0,2025-07-07,15:30
29727,40.0,2025-07-07,15:45
29728,211.07,2025-07-07,16:00
29729,226.99,2025-07-07,16:15
29730,225.57,2025-07-07,16:30
29731,207.93,2025-07-07,16:45
29732,205.62,2025-07-07,17:00
29733,179.37,2025-07-07,17:15
29734,231.77,2025-07-07,17:30
29735,238.78,2025-07-07,17:45
29736,222.75,2025-07-07,18:00
29737,260.58,2025-07-07,18:15
29738,266.35,2025-07-07,18:30
29739,276.94,2025-07-07,18:45
29740,274.43,2025-07-07,19:00
29741,273.54,2025-07-07,19:15
29742,265.72,2025-07-07,19:30
29743,251.43,2025-07-07,19:45
29744,195.63,2025-07-07,20:00
29745,218.69,2025-07-07,20:15
29746,218.77,2025-07-07,20:30
29747,336.73,2025-07-07,20:45
29748,282.9,2025-07-07,21:00
29749,272.33,2025-07-07,21:15
29750,249.09,2025-07-07,21:30
29751,40.0,2025-07-07,21:45
29752,40.0,2025-07-07,22:00
29753,276.54,2025-07-07,22:15
29754,40.0,2025-07-07,22:30
29755,40.0,2025-07-07,22:45
29756,40.0,2025-07-07,23:00
29757,40.0,2025-07-07,23:15
29758,40.0,2025-07-07,23:30
29759,40.0,2025-07-07,23:45
29760,40.0,2025-07-07,24:00
29761,40.0,2025-07-08,00:15
29762,40.0,2025-07-08,00:30
29763,40.0,2025-07-08,00:45
29764,40.0,2025-07-08,01:00
29765,40.0,2025-07-08,01:15
29766,40.0,2025-07-08,01:30
29767,40.0,2025-07-08,01:45
29768,40.0,2025-07-08,02:00
29769,40.0,2025-07-08,02:15
29770,40.0,2025-07-08,02:30
29771,250.0,2025-07-08,02:45
29772,40.0,2025-07-08,03:00
29773,300.0,2025-07-08,03:15
29774,300.0,2025-07-08,03:30
29775,300.0,2025-07-08,03:45
29776,290.0,2025-07-08,04:00
29777,40.0,2025-07-08,04:15
29778,260.0,2025-07-08,04:30
29779,40.0,2025-07-08,04:45
29780,270.0,2025-07-08,05:00
29781,300.0,2025-07-08,05:15
29782,300.0,2025-07-08,05:30
29783,310.0,2025-07-08,05:45
29784,320.0,2025-07-08,06:00
29785,320.0,2025-07-08,06:15
29786,310.0,2025-07-08,06:30
29787,320.0,2025-07-08,06:45
29788,280.0,2025-07-08,07:00
29789,250.0,2025-07-08,07:15
29790,40.0,2025-07-08,07:30
29791,40.0,2025-07-08,07:45
29792,270.0,2025-07-08,08:00
29793,300.0,2025-07-08,08:15
29794,300.0,2025-07-08,08:30
29795,198.51,2025-07-08,08:45
29796,196.08,2025-07-08,09:00
29797,141.96,2025-07-08,09:15
29798,236.92,2025-07-08,09:30
29799,204.43,2025-07-08,09:45
29800,215.53,2025-07-08,10:00
29801,232.03,2025-07-08,10:15
29802,242.17,2025-07-08,10:30
29803,273.86,2025-07-08,10:45
29804,300.76,2025-07-08,11:00
29805,316.77,2025-07-08,11:15
29806,309.39,2025-07-08,11:30
29807,307.18,2025-07-08,11:45
29808,301.09,2025-07-08,12:00
29809,293.53,2025-07-08,12:15
29810,275.01,2025-07-08,12:30
29811,271.61,2025-07-08,12:45
29812,266.53,2025-07-08,13:00
29813,279.25,2025-07-08,13:15
29814,278.55,2025-07-08,13:30
29815,285.81,2025-07-08,13:45
29816,280.56,2025-07-08,14:00
29817,250.29,2025-07-08,14:15
29818,198.3,2025-07-08,14:30
29819,158.63,2025-07-08,14:45
29820,232.35,2025-07-08,15:00
29821,272.06,2025-07-08,15:15
29822,286.74,2025-07-08,15:30
29823,276.51,2025-07-08,15:45
29824,273.43,2025-07-08,16:00
29825,283.04,2025-07-08,16:15
29826,256.63,2025-07-08,16:30
29827,224.64,2025-07-08,16:45
29828,208.9,2025-07-08,17:00
29829,237.17,2025-07-08,17:15
29830,238.8,2025-07-08,17:30
29831,245.48,2025-07-08,17:45
29832,228.09,2025-07-08,18:00
29833,271.54,2025-07-08,18:15
29834,316.0,2025-07-08,18:30
29835,326.21,2025-07-08,18:45
29836,388.21,2025-07-08,19:00
29837,421.54,2025-07-08,19:15
29838,367.41,2025-07-08,19:30
29839,452.5,2025-07-08,19:45
29840,462.53,2025-07-08,20:00
29841,393.05,2025-07-08,20:15
29842,410.87,2025-07-08,20:30
29843,458.1,2025-07-08,20:45
29844,431.18,2025-07-08,21:00
29845,438.0,2025-07-08,21:15
29846,438.01,2025-07-08,21:30
29847,371.03,2025-07-08,21:45
29848,364.04,2025-07-08,22:00
29849,407.46,2025-07-08,22:15
29850,346.26,2025-07-08,22:30
29851,330.2,2025-07-08,22:45
29852,282.85,2025-07-08,23:00
29853,286.61,2025-07-08,23:15
29854,268.21,2025-07-08,23:30
29855,264.76,2025-07-08,23:45
29856,355.78,2025-07-08,24:00
29857,348.69,2025-07-09,00:15
29858,312.22,2025-07-09,00:30
29859,265.83,2025-07-09,00:45
29860,220.34,2025-07-09,01:00
29861,40.0,2025-07-09,01:15
29862,40.0,2025-07-09,01:30
29863,175.94,2025-07-09,01:45
29864,40.0,2025-07-09,02:00
29865,40.0,2025-07-09,02:15
29866,167.89,2025-07-09,02:30
29867,40.0,2025-07-09,02:45
29868,40.0,2025-07-09,03:00
29869,172.7,2025-07-09,03:15
29870,40.0,2025-07-09,03:30
29871,168.64,2025-07-09,03:45
29872,40.0,2025-07-09,04:00
29873,40.0,2025-07-09,04:15
29874,40.0,2025-07-09,04:30
29875,40.0,2025-07-09,04:45
29876,40.0,2025-07-09,05:00
29877,40.0,2025-07-09,05:15
29878,40.0,2025-07-09,05:30
29879,40.0,2025-07-09,05:45
29880,280.0,2025-07-09,06:00
29881,300.0,2025-07-09,06:15
29882,300.0,2025-07-09,06:30
29883,310.0,2025-07-09,06:45
29884,310.0,2025-07-09,07:00
29885,310.0,2025-07-09,07:15
29886,40.0,2025-07-09,07:30
29887,40.0,2025-07-09,07:45
29888,40.0,2025-07-09,08:00
29889,40.0,2025-07-09,08:15
29890,40.0,2025-07-09,08:30
29891,40.0,2025-07-09,08:45
29892,40.0,2025-07-09,09:00
29893,40.0,2025-07-09,09:15
29894,160.47,2025-07-09,09:30
29895,162.2,2025-07-09,09:45
29896,168.46,2025-07-09,10:00
29897,113.24,2025-07-09,10:15
29898,159.42,2025-07-09,10:30
29899,163.44,2025-07-09,10:45
29900,172.41,2025-07-09,11:00
29901,209.53,2025-07-09,11:15
29902,173.15,2025-07-09,11:30
29903,166.13,2025-07-09,11:45
29904,165.55,2025-07-09,12:00
29905,169.42,2025-07-09,12:15
29906,169.44,2025-07-09,12:30
29907,136.58,2025-07-09,12:45
29908,150.01,2025-07-09,13:00
29909,201.03,2025-07-09,13:15
29910,166.04,2025-07-09,13:30
29911,172.05,2025-07-09,13:45
29912,174.1,2025-07-09,14:00
29913,227.57,2025-07-09,14:15
29914,223.98,2025-07-09,14:30
29915,254.51,2025-07-09,14:45
29916,277.48,2025-07-09,15:00
29917,268.7,2025-07-09,15:15
29918,229.68,2025-07-09,15:30
29919,203.39,2025-07-09,15:45
29920,210.52,2025-07-09,16:00
29921,205.62,2025-07-09,16:15
29922,201.6,2025-07-09,16:30
29923,203.37,2025-07-09,16:45
29924,166.11,2025-07-09,17:00
29925,214.76,2025-07-09,17:15
29926,238.46,2025-07-09,17:30
29927,241.09,2025-07-09,17:45
29928,247.92,2025-07-09,18:00
29929,292.64,2025-07-09,18:15
29930,342.21,2025-07-09,18:30
29931,393.6,2025-07-09,18:45
29932,392.74,2025-07-09,19:00
29933,390.76,2025-07-09,19:15
29934,392.19,2025-07-09,19:30
29935,321.06,2025-07-09,19:45
29936,281.23,2025-07-09,20:00
29937,278.32,2025-07-09,20:15
29938,316.77,2025-07-09,20:30
29939,369.91,2025-07-09,20:45
29940,366.97,2025-07-09,21:00
29941,358.59,2025-07-09,21:15
29942,340.08,2025-07-09,21:30
29943,318.73,2025-07-09,21:45
29944,288.64,2025-07-09,22:00
29945,217.46,2025-07-09,22:15
29946,40.0,2025-07-09,22:30
29947,300.0,2025-07-09,22:45
29948,40.0,2025-07-09,23:00
29949,40.0,2025-07-09,23:15
29950,40.0,2025-07-09,23:30
29951,40.0,2025-07-09,23:45
29952,40.0,2025-07-09,24:00
29953,40.0,2025-07-10,00:15
29954,40.0,2025-07-10,00:30
29955,40.0,2025-07-10,00:45
29956,40.0,2025-07-10,01:00
29957,40.0,2025-07-10,01:15
29958,40.0,2025-07-10,01:30
29959,40.0,2025-07-10,01:45
29960,40.0,2025-07-10,02:00
29961,40.0,2025-07-10,02:15
29962,40.0,2025-07-10,02:30
29963,40.0,2025-07-10,02:45
29964,40.0,2025-07-10,03:00
29965,40.0,2025-07-10,03:15
29966,40.0,2025-07-10,03:30
29967,40.0,2025-07-10,03:45
29968,40.0,2025-07-10,04:00
29969,40.0,2025-07-10,04:15
29970,40.0,2025-07-10,04:30
29971,40.0,2025-07-10,04:45
29972,40.0,2025-07-10,05:00
29973,40.0,2025-07-10,05:15
29974,40.0,2025-07-10,05:30
29975,40.0,2025-07-10,05:45
29976,40.0,2025-07-10,06:00
29977,40.0,2025-07-10,06:15
29978,40.0,2025-07-10,06:30
29979,40.0,2025-07-10,06:45
29980,40.0,2025-07-10,07:00
29981,40.0,2025-07-10,07:15
29982,40.0,2025-07-10,07:30
29983,40.0,2025-07-10,07:45
29984,40.0,2025-07-10,08:00
29985,40.0,2025-07-10,08:15
29986,40.0,2025-07-10,08:30
29987,110.64,2025-07-10,08:45
29988,40.0,2025-07-10,09:00
29989,40.0,2025-07-10,09:15
29990,40.0,2025-07-10,09:30
29991,40.0,2025-07-10,09:45
29992,40.0,2025-07-10,10:00
29993,40.0,2025-07-10,10:15
29994,40.0,2025-07-10,10:30
29995,40.0,2025-07-10,10:45
29996,40.0,2025-07-10,11:00
29997,40.0,2025-07-10,11:15
29998,40.0,2025-07-10,11:30
29999,40.0,2025-07-10,11:45
30000,40.0,2025-07-10,12:00
30001,40.0,2025-07-10,12:15
30002,40.0,2025-07-10,12:30
30003,40.0,2025-07-10,12:45
30004,40.0,2025-07-10,13:00
30005,40.0,2025-07-10,13:15
30006,40.0,2025-07-10,13:30
30007,40.0,2025-07-10,13:45
30008,40.0,2025-07-10,14:00
30009,40.0,2025-07-10,14:15
30010,40.0,2025-07-10,14:30
30011,40.0,2025-07-10,14:45
30012,40.0,2025-07-10,15:00
30013,40.0,2025-07-10,15:15
30014,40.0,2025-07-10,15:30
30015,40.0,2025-07-10,15:45
30016,40.0,2025-07-10,16:00
30017,40.0,2025-07-10,16:15
30018,40.0,2025-07-10,16:30
30019,40.0,2025-07-10,16:45
30020,40.0,2025-07-10,17:00
30021,213.92,2025-07-10,17:15
30022,188.35,2025-07-10,17:30
30023,234.16,2025-07-10,17:45
30024,192.11,2025-07-10,18:00
30025,202.12,2025-07-10,18:15
30026,213.58,2025-07-10,18:30
30027,245.07,2025-07-10,18:45
30028,272.05,2025-07-10,19:00
30029,298.31,2025-07-10,19:15
30030,320.72,2025-07-10,19:30
30031,318.86,2025-07-10,19:45
30032,315.75,2025-07-10,20:00
30033,324.5,2025-07-10,20:15
30034,342.31,2025-07-10,20:30
30035,322.7,2025-07-10,20:45
30036,298.17,2025-07-10,21:00
30037,288.3,2025-07-10,21:15
30038,316.88,2025-07-10,21:30
30039,271.32,2025-07-10,21:45
30040,234.01,2025-07-10,22:00
30041,41.95,2025-07-10,22:15
30042,40.0,2025-07-10,22:30
30043,40.0,2025-07-10,22:45
30044,40.0,2025-07-10,23:00
30045,40.0,2025-07-10,23:15
30046,47.28,2025-07-10,23:30
30047,47.33,2025-07-10,23:45
30048,40.0,2025-07-10,24:00
30049,40.0,2025-07-11,00:15
30050,40.0,2025-07-11,00:30
30051,40.0,2025-07-11,00:45
30052,40.0,2025-07-11,01:00
30053,40.0,2025-07-11,01:15
30054,40.0,2025-07-11,01:30
30055,40.0,2025-07-11,01:45
30056,218.43,2025-07-11,02:00
30057,40.0,2025-07-11,02:15
30058,40.0,2025-07-11,02:30
30059,40.0,2025-07-11,02:45
30060,40.0,2025-07-11,03:00
30061,40.0,2025-07-11,03:15
30062,40.0,2025-07-11,03:30
30063,40.0,2025-07-11,03:45
30064,40.0,2025-07-11,04:00
30065,40.0,2025-07-11,04:15
30066,40.0,2025-07-11,04:30
30067,40.0,2025-07-11,04:45
30068,40.0,2025-07-11,05:00
30069,40.0,2025-07-11,05:15
30070,40.0,2025-07-11,05:30
30071,40.0,2025-07-11,05:45
30072,40.0,2025-07-11,06:00
30073,40.0,2025-07-11,06:15
30074,40.0,2025-07-11,06:30
30075,40.0,2025-07-11,06:45
30076,40.0,2025-07-11,07:00
30077,40.0,2025-07-11,07:15
30078,40.0,2025-07-11,07:30
30079,40.0,2025-07-11,07:45
30080,40.0,2025-07-11,08:00
30081,40.0,2025-07-11,08:15
30082,40.0,2025-07-11,08:30
30083,40.0,2025-07-11,08:45
30084,40.0,2025-07-11,09:00
30085,40.0,2025-07-11,09:15
30086,40.0,2025-07-11,09:30
30087,40.0,2025-07-11,09:45
30088,40.0,2025-07-11,10:00
30089,40.0,2025-07-11,10:15
30090,40.0,2025-07-11,10:30
30091,166.33,2025-07-11,10:45
30092,168.32,2025-07-11,11:00
30093,150.01,2025-07-11,11:15
30094,40.0,2025-07-11,11:30
30095,40.0,2025-07-11,11:45
30096,40.0,2025-07-11,12:00
30097,40.0,2025-07-11,12:15
30098,40.0,2025-07-11,12:30
30099,40.0,2025-07-11,12:45
30100,40.0,2025-07-11,13:00
30101,40.0,2025-07-11,13:15
30102,40.0,2025-07-11,13:30
30103,40.0,2025-07-11,13:45
30104,40.0,2025-07-11,14:00
30105,40.0,2025-07-11,14:15
30106,40.0,2025-07-11,14:30
30107,40.0,2025-07-11,14:45
30108,40.0,2025-07-11,15:00
30109,40.0,2025-07-11,15:15
30110,163.9,2025-07-11,15:30
30111,180.97,2025-07-11,15:45
30112,175.74,2025-07-11,16:00
30113,172.67,2025-07-11,16:15
30114,168.84,2025-07-11,16:30
30115,40.0,2025-07-11,16:45
30116,154.88,2025-07-11,17:00
30117,172.45,2025-07-11,17:15
30118,164.47,2025-07-11,17:30
30119,174.23,2025-07-11,17:45
30120,160.98,2025-07-11,18:00
30121,162.16,2025-07-11,18:15
30122,40.0,2025-07-11,18:30
30123,174.94,2025-07-11,18:45
30124,40.0,2025-07-11,19:00
30125,165.58,2025-07-11,19:15
30126,249.87,2025-07-11,19:30
30127,220.54,2025-07-11,19:45
30128,219.44,2025-07-11,20:00
30129,267.11,2025-07-11,20:15
30130,331.03,2025-07-11,20:30
30131,354.67,2025-07-11,20:45
30132,353.15,2025-07-11,21:00
30133,219.08,2025-07-11,21:15
30134,252.56,2025-07-11,21:30
30135,206.51,2025-07-11,21:45
30136,243.78,2025-07-11,22:00
30137,323.36,2025-07-11,22:15
30138,275.99,2025-07-11,22:30
30139,292.16,2025-07-11,22:45
30140,40.0,2025-07-11,23:00
30141,40.0,2025-07-11,23:15
30142,40.0,2025-07-11,23:30
30143,198.47,2025-07-11,23:45
30144,198.29,2025-07-11,24:00
30145,40.0,2025-07-12,00:15
30146,40.0,2025-07-12,00:30
30147,40.0,2025-07-12,00:45
30148,40.0,2025-07-12,01:00
30149,40.0,2025-07-12,01:15
30150,40.0,2025-07-12,01:30
30151,40.0,2025-07-12,01:45
30152,40.0,2025-07-12,02:00
30153,40.0,2025-07-12,02:15
30154,40.0,2025-07-12,02:30
30155,40.0,2025-07-12,02:45
30156,40.0,2025-07-12,03:00
30157,40.0,2025-07-12,03:15
30158,40.0,2025-07-12,03:30
30159,40.0,2025-07-12,03:45
30160,40.0,2025-07-12,04:00
30161,40.0,2025-07-12,04:15
30162,40.0,2025-07-12,04:30
30163,40.0,2025-07-12,04:45
30164,40.0,2025-07-12,05:00
30165,40.0,2025-07-12,05:15
30166,40.0,2025-07-12,05:30
30167,40.0,2025-07-12,05:45
30168,40.0,2025-07-12,06:00
30169,40.0,2025-07-12,06:15
30170,40.0,2025-07-12,06:30
30171,40.0,2025-07-12,06:45
30172,40.0,2025-07-12,07:00
30173,40.0,2025-07-12,07:15
30174,40.0,2025-07-12,07:30
30175,40.0,2025-07-12,07:45
30176,40.0,2025-07-12,08:00
30177,40.0,2025-07-12,08:15
30178,40.0,2025-07-12,08:30
30179,40.0,2025-07-12,08:45
30180,40.0,2025-07-12,09:00
30181,40.0,2025-07-12,09:15
30182,110.79,2025-07-12,09:30
30183,40.0,2025-07-12,09:45
30184,151.31,2025-07-12,10:00
30185,40.0,2025-07-12,10:15
30186,40.0,2025-07-12,10:30
30187,108.11,2025-07-12,10:45
30188,169.12,2025-07-12,11:00
30189,177.98,2025-07-12,11:15
30190,178.27,2025-07-12,11:30
30191,166.46,2025-07-12,11:45
30192,40.0,2025-07-12,12:00
30193,165.68,2025-07-12,12:15
30194,171.9,2025-07-12,12:30
30195,166.2,2025-07-12,12:45
30196,40.0,2025-07-12,13:00
30197,163.46,2025-07-12,13:15
30198,152.9,2025-07-12,13:30
30199,167.74,2025-07-12,13:45
30200,179.32,2025-07-12,14:00
30201,180.23,2025-07-12,14:15
30202,169.02,2025-07-12,14:30
30203,174.13,2025-07-12,14:45
30204,175.06,2025-07-12,15:00
30205,174.04,2025-07-12,15:15
30206,172.08,2025-07-12,15:30
30207,207.38,2025-07-12,15:45
30208,207.24,2025-07-12,16:00
30209,40.0,2025-07-12,16:15
30210,40.0,2025-07-12,16:30
30211,40.0,2025-07-12,16:45
30212,40.0,2025-07-12,17:00
30213,151.17,2025-07-12,17:15
30214,152.39,2025-07-12,17:30
30215,304.72,2025-07-12,17:45
30216,280.49,2025-07-12,18:00
30217,275.77,2025-07-12,18:15
30218,204.34,2025-07-12,18:30
30219,174.28,2025-07-12,18:45
30220,205.78,2025-07-12,19:00
30221,216.87,2025-07-12,19:15
30222,219.48,2025-07-12,19:30
30223,40.0,2025-07-12,19:45
30224,40.0,2025-07-12,20:00
30225,186.23,2025-07-12,20:15
30226,203.02,2025-07-12,20:30
30227,372.83,2025-07-12,20:45
30228,347.71,2025-07-12,21:00
30229,204.96,2025-07-12,21:15
30230,203.37,2025-07-12,21:30
30231,196.07,2025-07-12,21:45
30232,190.31,2025-07-12,22:00
30233,219.74,2025-07-12,22:15
30234,40.0,2025-07-12,22:30
30235,40.0,2025-07-12,22:45
30236,40.0,2025-07-12,23:00
30237,40.0,2025-07-12,23:15
30238,40.0,2025-07-12,23:30
30239,40.0,2025-07-12,23:45
30240,40.0,2025-07-12,24:00
30241,40.0,2025-07-13,00:15
30242,40.0,2025-07-13,00:30
30243,40.0,2025-07-13,00:45
30244,40.0,2025-07-13,01:00
30245,40.0,2025-07-13,01:15
30246,40.0,2025-07-13,01:30
30247,192.7,2025-07-13,01:45
30248,192.36,2025-07-13,02:00
30249,241.18,2025-07-13,02:15
30250,324.43,2025-07-13,02:30
30251,338.23,2025-07-13,02:45
30252,336.59,2025-07-13,03:00
30253,232.33,2025-07-13,03:15
30254,224.23,2025-07-13,03:30
30255,40.0,2025-07-13,03:45
30256,40.0,2025-07-13,04:00
30257,175.5,2025-07-13,04:15
30258,173.83,2025-07-13,04:30
30259,177.57,2025-07-13,04:45
30260,181.38,2025-07-13,05:00
30261,172.35,2025-07-13,05:15
30262,40.0,2025-07-13,05:30
30263,40.0,2025-07-13,05:45
30264,40.0,2025-07-13,06:00
30265,40.0,2025-07-13,06:15
30266,40.0,2025-07-13,06:30
30267,40.0,2025-07-13,06:45
30268,40.0,2025-07-13,07:00
30269,40.0,2025-07-13,07:15
30270,40.0,2025-07-13,07:30
30271,40.0,2025-07-13,07:45
30272,40.0,2025-07-13,08:00
30273,40.0,2025-07-13,08:15
30274,40.0,2025-07-13,08:30
30275,40.0,2025-07-13,08:45
30276,40.0,2025-07-13,09:00
30277,40.0,2025-07-13,09:15
30278,40.0,2025-07-13,09:30
30279,40.0,2025-07-13,09:45
30280,40.0,2025-07-13,10:00
30281,40.0,2025-07-13,10:15
30282,40.0,2025-07-13,10:30
30283,150.39,2025-07-13,10:45
30284,271.01,2025-07-13,11:00
30285,245.12,2025-07-13,11:15
30286,246.37,2025-07-13,11:30
30287,298.06,2025-07-13,11:45
30288,151.89,2025-07-13,12:00
30289,40.0,2025-07-13,12:15
30290,142.32,2025-07-13,12:30
30291,40.0,2025-07-13,12:45
30292,156.17,2025-07-13,13:00
30293,40.0,2025-07-13,13:15
30294,313.0,2025-07-13,13:30
30295,308.79,2025-07-13,13:45
30296,165.61,2025-07-13,14:00
30297,257.29,2025-07-13,14:15
30298,328.65,2025-07-13,14:30
30299,261.12,2025-07-13,14:45
30300,40.0,2025-07-13,15:00
30301,194.42,2025-07-13,15:15
30302,144.5,2025-07-13,15:30
30303,240.43,2025-07-13,15:45
30304,224.23,2025-07-13,16:00
30305,354.15,2025-07-13,16:15
30306,320.51,2025-07-13,16:30
30307,300.18,2025-07-13,16:45
30308,270.92,2025-07-13,17:00
30309,289.63,2025-07-13,17:15
30310,289.88,2025-07-13,17:30
30311,337.53,2025-07-13,17:45
30312,279.46,2025-07-13,18:00
30313,274.39,2025-07-13,18:15
30314,279.12,2025-07-13,18:30
30315,313.4,2025-07-13,18:45
30316,247.23,2025-07-13,19:00
30317,352.56,2025-07-13,19:15
30318,365.89,2025-07-13,19:30
30319,349.42,2025-07-13,19:45
30320,353.51,2025-07-13,20:00
30321,289.48,2025-07-13,20:15
30322,300.52,2025-07-13,20:30
30323,358.57,2025-07-13,20:45
30324,335.1,2025-07-13,21:00
30325,340.21,2025-07-13,21:15
30326,334.62,2025-07-13,21:30
30327,360.32,2025-07-13,21:45
30328,249.3,2025-07-13,22:00
30329,255.77,2025-07-13,22:15
30330,198.21,2025-07-13,22:30
30331,202.81,2025-07-13,22:45
30332,197.29,2025-07-13,23:00
30333,40.0,2025-07-13,23:15
30334,300.0,2025-07-13,23:30
30335,320.0,2025-07-13,23:45
30336,366.63,2025-07-13,24:00
30337,191.08,2025-07-14,00:15
30338,40.0,2025-07-14,00:30
30339,40.0,2025-07-14,00:45
30340,40.0,2025-07-14,01:00
30341,40.0,2025-07-14,01:15
30342,40.0,2025-07-14,01:30
30343,40.0,2025-07-14,01:45
30344,40.0,2025-07-14,02:00
30345,202.79,2025-07-14,02:15
30346,250.0,2025-07-14,02:30
30347,40.0,2025-07-14,02:45
30348,40.0,2025-07-14,03:00
30349,40.0,2025-07-14,03:15
30350,250.0,2025-07-14,03:30
30351,40.0,2025-07-14,03:45
30352,40.0,2025-07-14,04:00
30353,290.0,2025-07-14,04:15
30354,290.0,2025-07-14,04:30
30355,300.0,2025-07-14,04:45
30356,310.0,2025-07-14,05:00
30357,320.0,2025-07-14,05:15
30358,320.0,2025-07-14,05:30
30359,320.0,2025-07-14,05:45
30360,320.0,2025-07-14,06:00
30361,320.0,2025-07-14,06:15
30362,320.0,2025-07-14,06:30
30363,310.0,2025-07-14,06:45
30364,310.0,2025-07-14,07:00
30365,40.0,2025-07-14,07:15
30366,40.0,2025-07-14,07:30
30367,40.0,2025-07-14,07:45
30368,40.0,2025-07-14,08:00
30369,40.0,2025-07-14,08:15
30370,40.0,2025-07-14,08:30
30371,40.0,2025-07-14,08:45
30372,40.0,2025-07-14,09:00
30373,188.65,2025-07-14,09:15
30374,190.18,2025-07-14,09:30
30375,201.01,2025-07-14,09:45
30376,209.72,2025-07-14,10:00
30377,217.2,2025-07-14,10:15
30378,228.68,2025-07-14,10:30
30379,248.84,2025-07-14,10:45
30380,246.14,2025-07-14,11:00
30381,290.87,2025-07-14,11:15
30382,248.05,2025-07-14,11:30
30383,267.27,2025-07-14,11:45
30384,186.78,2025-07-14,12:00
30385,279.63,2025-07-14,12:15
30386,268.05,2025-07-14,12:30
30387,242.44,2025-07-14,12:45
30388,238.54,2025-07-14,13:00
30389,252.39,2025-07-14,13:15
30390,265.18,2025-07-14,13:30
30391,208.53,2025-07-14,13:45
30392,215.96,2025-07-14,14:00
30393,273.07,2025-07-14,14:15
30394,299.31,2025-07-14,14:30
30395,299.56,2025-07-14,14:45
30396,284.09,2025-07-14,15:00
30397,307.73,2025-07-14,15:15
30398,315.43,2025-07-14,15:30
30399,335.96,2025-07-14,15:45
30400,354.05,2025-07-14,16:00
30401,399.31,2025-07-14,16:15
30402,350.97,2025-07-14,16:30
30403,315.31,2025-07-14,16:45
30404,289.73,2025-07-14,17:00
30405,286.37,2025-07-14,17:15
30406,304.32,2025-07-14,17:30
30407,291.61,2025-07-14,17:45
30408,254.23,2025-07-14,18:00
30409,314.62,2025-07-14,18:15
30410,374.1,2025-07-14,18:30
30411,459.99,2025-07-14,18:45
30412,428.18,2025-07-14,19:00
30413,465.96,2025-07-14,19:15
30414,526.4,2025-07-14,19:30
30415,529.09,2025-07-14,19:45
30416,591.95,2025-07-14,20:00
30417,494.92,2025-07-14,20:15
30418,495.06,2025-07-14,20:30
30419,541.86,2025-07-14,20:45
30420,536.21,2025-07-14,21:00
30421,519.58,2025-07-14,21:15
30422,472.57,2025-07-14,21:30
30423,419.55,2025-07-14,21:45
30424,365.95,2025-07-14,22:00
30425,397.05,2025-07-14,22:15
30426,319.61,2025-07-14,22:30
30427,350.0,2025-07-14,22:45
30428,390.0,2025-07-14,23:00
30429,430.0,2025-07-14,23:15
30430,430.0,2025-07-14,23:30
30431,420.0,2025-07-14,23:45
30432,420.0,2025-07-14,24:00
30433,460.0,2025-07-15,00:15
30434,400.0,2025-07-15,00:30
30435,400.0,2025-07-15,00:45
30436,400.0,2025-07-15,01:00
30437,350.0,2025-07-15,01:15
30438,350.0,2025-07-15,01:30
30439,406.15,2025-07-15,01:45
30440,364.06,2025-07-15,02:00
30441,342.34,2025-07-15,02:15
30442,309.43,2025-07-15,02:30
30443,212.82,2025-07-15,02:45
30444,213.1,2025-07-15,03:00
30445,206.4,2025-07-15,03:15
30446,262.77,2025-07-15,03:30
30447,266.7,2025-07-15,03:45
30448,253.1,2025-07-15,04:00
30449,239.29,2025-07-15,04:15
30450,245.02,2025-07-15,04:30
30451,251.72,2025-07-15,04:45
30452,249.74,2025-07-15,05:00
30453,259.74,2025-07-15,05:15
30454,265.2,2025-07-15,05:30
30455,258.57,2025-07-15,05:45
30456,263.6,2025-07-15,06:00
30457,257.45,2025-07-15,06:15
30458,261.75,2025-07-15,06:30
30459,255.36,2025-07-15,06:45
30460,202.77,2025-07-15,07:00
30461,196.42,2025-07-15,07:15
30462,189.38,2025-07-15,07:30
30463,300.0,2025-07-15,07:45
30464,270.0,2025-07-15,08:00
30465,40.0,2025-07-15,08:15
30466,40.0,2025-07-15,08:30
30467,40.0,2025-07-15,08:45
30468,40.0,2025-07-15,09:00
30469,151.83,2025-07-15,09:15
30470,163.15,2025-07-15,09:30
30471,189.35,2025-07-15,09:45
30472,190.97,2025-07-15,10:00
30473,189.06,2025-07-15,10:15
30474,207.1,2025-07-15,10:30
30475,216.89,2025-07-15,10:45
30476,229.01,2025-07-15,11:00
30477,284.98,2025-07-15,11:15
30478,276.02,2025-07-15,11:30
30479,258.6,2025-07-15,11:45
30480,245.0,2025-07-15,12:00
30481,257.11,2025-07-15,12:15
30482,251.81,2025-07-15,12:30
30483,239.25,2025-07-15,12:45
30484,219.03,2025-07-15,13:00
30485,255.37,2025-07-15,13:15
30486,254.82,2025-07-15,13:30
30487,255.59,2025-07-15,13:45
30488,255.81,2025-07-15,14:00
30489,277.81,2025-07-15,14:15
30490,284.58,2025-07-15,14:30
30491,300.98,2025-07-15,14:45
30492,256.99,2025-07-15,15:00
30493,251.33,2025-07-15,15:15
30494,293.36,2025-07-15,15:30
30495,314.07,2025-07-15,15:45
30496,235.92,2025-07-15,16:00
30497,372.88,2025-07-15,16:15
30498,364.72,2025-07-15,16:30
30499,338.52,2025-07-15,16:45
30500,309.58,2025-07-15,17:00
30501,315.38,2025-07-15,17:15
30502,315.46,2025-07-15,17:30
30503,338.14,2025-07-15,17:45
30504,375.89,2025-07-15,18:00
30505,414.1,2025-07-15,18:15
30506,472.12,2025-07-15,18:30
30507,541.71,2025-07-15,18:45
30508,539.5,2025-07-15,19:00
30509,535.3,2025-07-15,19:15
30510,511.83,2025-07-15,19:30
30511,488.07,2025-07-15,19:45
30512,491.8,2025-07-15,20:00
30513,526.08,2025-07-15,20:15
30514,527.34,2025-07-15,20:30
30515,518.44,2025-07-15,20:45
30516,510.66,2025-07-15,21:00
30517,513.78,2025-07-15,21:15
30518,508.18,2025-07-15,21:30
30519,503.91,2025-07-15,21:45
30520,498.35,2025-07-15,22:00
30521,481.02,2025-07-15,22:15
30522,380.52,2025-07-15,22:30
30523,317.72,2025-07-15,22:45
30524,337.04,2025-07-15,23:00
30525,345.98,2025-07-15,23:15
30526,379.29,2025-07-15,23:30
30527,360.0,2025-07-15,23:45
30528,400.0,2025-07-15,24:00
30529,350.53,2025-07-16,00:15
30530,280.89,2025-07-16,00:30
30531,269.45,2025-07-16,00:45
30532,286.87,2025-07-16,01:00
30533,235.94,2025-07-16,01:15
30534,216.2,2025-07-16,01:30
30535,269.45,2025-07-16,01:45
30536,292.18,2025-07-16,02:00
30537,263.84,2025-07-16,02:15
30538,300.0,2025-07-16,02:30
30539,215.45,2025-07-16,02:45
30540,214.59,2025-07-16,03:00
30541,300.0,2025-07-16,03:15
30542,300.0,2025-07-16,03:30
30543,310.0,2025-07-16,03:45
30544,300.0,2025-07-16,04:00
30545,300.0,2025-07-16,04:15
30546,300.0,2025-07-16,04:30
30547,300.0,2025-07-16,04:45
30548,222.5,2025-07-16,05:00
30549,229.2,2025-07-16,05:15
30550,229.44,2025-07-16,05:30
30551,229.28,2025-07-16,05:45
30552,229.56,2025-07-16,06:00
30553,229.7,2025-07-16,06:15
30554,202.07,2025-07-16,06:30
30555,183.38,2025-07-16,06:45
30556,178.32,2025-07-16,07:00
30557,40.0,2025-07-16,07:15
30558,40.0,2025-07-16,07:30
30559,40.0,2025-07-16,07:45
30560,40.0,2025-07-16,08:00
30561,40.0,2025-07-16,08:15
30562,40.0,2025-07-16,08:30
30563,40.0,2025-07-16,08:45
30564,152.67,2025-07-16,09:00
30565,183.7,2025-07-16,09:15
30566,187.89,2025-07-16,09:30
30567,186.02,2025-07-16,09:45
30568,169.39,2025-07-16,10:00
30569,190.6,2025-07-16,10:15
30570,216.23,2025-07-16,10:30
30571,222.26,2025-07-16,10:45
30572,232.8,2025-07-16,11:00
30573,257.72,2025-07-16,11:15
30574,250.62,2025-07-16,11:30
30575,245.08,2025-07-16,11:45
30576,230.37,2025-07-16,12:00
30577,227.13,2025-07-16,12:15
30578,221.8,2025-07-16,12:30
30579,226.01,2025-07-16,12:45
30580,224.61,2025-07-16,13:00
30581,240.81,2025-07-16,13:15
30582,243.25,2025-07-16,13:30
30583,238.14,2025-07-16,13:45
30584,241.8,2025-07-16,14:00
30585,208.56,2025-07-16,14:15
30586,222.13,2025-07-16,14:30
30587,226.82,2025-07-16,14:45
30588,232.47,2025-07-16,15:00
30589,242.74,2025-07-16,15:15
30590,271.11,2025-07-16,15:30
30591,272.92,2025-07-16,15:45
30592,279.47,2025-07-16,16:00
30593,274.85,2025-07-16,16:15
30594,257.19,2025-07-16,16:30
30595,240.8,2025-07-16,16:45
30596,218.13,2025-07-16,17:00
30597,245.86,2025-07-16,17:15
30598,257.59,2025-07-16,17:30
30599,307.62,2025-07-16,17:45
30600,275.78,2025-07-16,18:00
30601,348.23,2025-07-16,18:15
30602,347.65,2025-07-16,18:30
30603,387.84,2025-07-16,18:45
30604,384.02,2025-07-16,19:00
30605,413.83,2025-07-16,19:15
30606,367.63,2025-07-16,19:30
30607,303.44,2025-07-16,19:45
30608,306.03,2025-07-16,20:00
30609,340.85,2025-07-16,20:15
30610,344.39,2025-07-16,20:30
30611,358.21,2025-07-16,20:45
30612,377.66,2025-07-16,21:00
30613,373.95,2025-07-16,21:15
30614,364.81,2025-07-16,21:30
30615,363.15,2025-07-16,21:45
30616,359.61,2025-07-16,22:00
30617,339.26,2025-07-16,22:15
30618,303.86,2025-07-16,22:30
30619,294.05,2025-07-16,22:45
30620,293.52,2025-07-16,23:00
30621,233.44,2025-07-16,23:15
30622,212.27,2025-07-16,23:30
30623,213.72,2025-07-16,23:45
30624,204.46,2025-07-16,24:00
30625,222.78,2025-07-17,00:15
30626,224.54,2025-07-17,00:30
30627,203.13,2025-07-17,00:45
30628,199.2,2025-07-17,01:00
30629,186.43,2025-07-17,01:15
30630,177.94,2025-07-17,01:30
30631,40.0,2025-07-17,01:45
30632,178.4,2025-07-17,02:00
30633,193.47,2025-07-17,02:15
30634,187.84,2025-07-17,02:30
30635,188.51,2025-07-17,02:45
30636,177.32,2025-07-17,03:00
30637,40.0,2025-07-17,03:15
30638,40.0,2025-07-17,03:30
30639,40.0,2025-07-17,03:45
30640,194.4,2025-07-17,04:00
30641,193.08,2025-07-17,04:15
30642,190.16,2025-07-17,04:30
30643,190.31,2025-07-17,04:45
30644,197.84,2025-07-17,05:00
30645,197.89,2025-07-17,05:15
30646,205.08,2025-07-17,05:30
30647,193.5,2025-07-17,05:45
30648,192.78,2025-07-17,06:00
30649,189.3,2025-07-17,06:15
30650,189.02,2025-07-17,06:30
30651,196.85,2025-07-17,06:45
30652,233.54,2025-07-17,07:00
30653,185.09,2025-07-17,07:15
30654,176.03,2025-07-17,07:30
30655,40.0,2025-07-17,07:45
30656,40.0,2025-07-17,08:00
30657,40.0,2025-07-17,08:15
30658,40.0,2025-07-17,08:30
30659,40.0,2025-07-17,08:45
30660,40.0,2025-07-17,09:00
30661,40.0,2025-07-17,09:15
30662,40.0,2025-07-17,09:30
30663,40.0,2025-07-17,09:45
30664,144.26,2025-07-17,10:00
30665,149.18,2025-07-17,10:15
30666,163.05,2025-07-17,10:30
30667,197.25,2025-07-17,10:45
30668,216.66,2025-07-17,11:00
30669,225.75,2025-07-17,11:15
30670,225.48,2025-07-17,11:30
30671,196.4,2025-07-17,11:45
30672,169.84,2025-07-17,12:00
30673,155.11,2025-07-17,12:15
30674,171.64,2025-07-17,12:30
30675,155.91,2025-07-17,12:45
30676,161.8,2025-07-17,13:00
30677,197.78,2025-07-17,13:15
30678,177.94,2025-07-17,13:30
30679,191.62,2025-07-17,13:45
30680,192.31,2025-07-17,14:00
30681,189.99,2025-07-17,14:15
30682,183.48,2025-07-17,14:30
30683,176.71,2025-07-17,14:45
30684,172.94,2025-07-17,15:00
30685,172.73,2025-07-17,15:15
30686,173.64,2025-07-17,15:30
30687,186.07,2025-07-17,15:45
30688,189.49,2025-07-17,16:00
30689,215.69,2025-07-17,16:15
30690,197.74,2025-07-17,16:30
30691,179.98,2025-07-17,16:45
30692,176.03,2025-07-17,17:00
30693,180.04,2025-07-17,17:15
30694,186.72,2025-07-17,17:30
30695,242.25,2025-07-17,17:45
30696,284.17,2025-07-17,18:00
30697,313.14,2025-07-17,18:15
30698,292.38,2025-07-17,18:30
30699,331.72,2025-07-17,18:45
30700,327.47,2025-07-17,19:00
30701,334.5,2025-07-17,19:15
30702,316.51,2025-07-17,19:30
30703,322.39,2025-07-17,19:45
30704,308.66,2025-07-17,20:00
30705,347.74,2025-07-17,20:15
30706,320.06,2025-07-17,20:30
30707,391.89,2025-07-17,20:45
30708,360.67,2025-07-17,21:00
30709,346.7,2025-07-17,21:15
30710,334.23,2025-07-17,21:30
30711,315.03,2025-07-17,21:45
30712,301.95,2025-07-17,22:00
30713,247.47,2025-07-17,22:15
30714,223.39,2025-07-17,22:30
30715,231.58,2025-07-17,22:45
30716,211.83,2025-07-17,23:00
30717,200.37,2025-07-17,23:15
30718,238.93,2025-07-17,23:30
30719,203.44,2025-07-17,23:45
30720,176.67,2025-07-17,24:00
30721,191.75,2025-07-18,00:15
30722,192.94,2025-07-18,00:30
30723,175.27,2025-07-18,00:45
30724,40.0,2025-07-18,01:00
30725,40.0,2025-07-18,01:15
30726,40.0,2025-07-18,01:30
30727,40.0,2025-07-18,01:45
30728,40.0,2025-07-18,02:00
30729,123.49,2025-07-18,02:15
30730,123.62,2025-07-18,02:30
30731,161.17,2025-07-18,02:45
30732,173.16,2025-07-18,03:00
30733,176.11,2025-07-18,03:15
30734,195.29,2025-07-18,03:30
30735,207.42,2025-07-18,03:45
30736,223.4,2025-07-18,04:00
30737,157.18,2025-07-18,04:15
30738,168.74,2025-07-18,04:30
30739,180.58,2025-07-18,04:45
30740,160.96,2025-07-18,05:00
30741,161.64,2025-07-18,05:15
30742,167.11,2025-07-18,05:30
30743,162.08,2025-07-18,05:45
30744,151.63,2025-07-18,06:00
30745,40.0,2025-07-18,06:15
30746,40.0,2025-07-18,06:30
30747,40.0,2025-07-18,06:45
30748,40.0,2025-07-18,07:00
30749,40.0,2025-07-18,07:15
30750,40.0,2025-07-18,07:30
30751,40.0,2025-07-18,07:45
30752,40.0,2025-07-18,08:00
30753,40.0,2025-07-18,08:15
30754,40.0,2025-07-18,08:30
30755,40.0,2025-07-18,08:45
30756,40.0,2025-07-18,09:00
30757,40.0,2025-07-18,09:15
30758,40.0,2025-07-18,09:30
30759,40.0,2025-07-18,09:45
30760,40.0,2025-07-18,10:00
30761,40.0,2025-07-18,10:15
30762,40.0,2025-07-18,10:30
30763,40.0,2025-07-18,10:45
30764,40.0,2025-07-18,11:00
30765,40.0,2025-07-18,11:15
30766,40.0,2025-07-18,11:30
30767,40.0,2025-07-18,11:45
30768,40.0,2025-07-18,12:00
30769,40.0,2025-07-18,12:15
30770,40.0,2025-07-18,12:30
30771,40.0,2025-07-18,12:45
30772,40.0,2025-07-18,13:00
30773,154.59,2025-07-18,13:15
30774,165.48,2025-07-18,13:30
30775,160.32,2025-07-18,13:45
30776,40.0,2025-07-18,14:00
30777,40.0,2025-07-18,14:15
30778,180.94,2025-07-18,14:30
30779,171.92,2025-07-18,14:45
30780,171.22,2025-07-18,15:00
30781,190.41,2025-07-18,15:15
30782,191.82,2025-07-18,15:30
30783,183.72,2025-07-18,15:45
30784,178.18,2025-07-18,16:00
30785,178.63,2025-07-18,16:15
30786,171.26,2025-07-18,16:30
30787,148.02,2025-07-18,16:45
30788,40.0,2025-07-18,17:00
30789,40.0,2025-07-18,17:15
30790,185.42,2025-07-18,17:30
30791,186.81,2025-07-18,17:45
30792,180.39,2025-07-18,18:00
30793,181.07,2025-07-18,18:15
30794,203.87,2025-07-18,18:30
30795,236.51,2025-07-18,18:45
30796,246.78,2025-07-18,19:00
30797,267.81,2025-07-18,19:15
30798,269.3,2025-07-18,19:30
30799,273.59,2025-07-18,19:45
30800,268.94,2025-07-18,20:00
30801,278.46,2025-07-18,20:15
30802,275.16,2025-07-18,20:30
30803,279.9,2025-07-18,20:45
30804,264.09,2025-07-18,21:00
30805,275.3,2025-07-18,21:15
30806,274.09,2025-07-18,21:30
30807,261.1,2025-07-18,21:45
30808,253.96,2025-07-18,22:00
30809,206.33,2025-07-18,22:15
30810,161.83,2025-07-18,22:30
30811,40.0,2025-07-18,22:45
30812,40.0,2025-07-18,23:00
30813,40.0,2025-07-18,23:15
30814,40.0,2025-07-18,23:30
30815,40.0,2025-07-18,23:45
30816,40.0,2025-07-18,24:00
30817,298.91,2025-07-19,00:15
30818,300.0,2025-07-19,00:30
30819,280.0,2025-07-19,00:45
30820,150.0,2025-07-19,01:00
30821,40.0,2025-07-19,01:15
30822,40.0,2025-07-19,01:30
30823,40.0,2025-07-19,01:45
30824,40.0,2025-07-19,02:00
30825,40.0,2025-07-19,02:15
30826,40.0,2025-07-19,02:30
30827,40.0,2025-07-19,02:45
30828,40.0,2025-07-19,03:00
30829,40.0,2025-07-19,03:15
30830,40.0,2025-07-19,03:30
30831,40.0,2025-07-19,03:45
30832,40.0,2025-07-19,04:00
30833,40.0,2025-07-19,04:15
30834,40.0,2025-07-19,04:30
30835,40.0,2025-07-19,04:45
30836,40.0,2025-07-19,05:00
30837,40.0,2025-07-19,05:15
30838,283.57,2025-07-19,05:30
30839,40.0,2025-07-19,05:45
30840,40.0,2025-07-19,06:00
30841,40.0,2025-07-19,06:15
30842,40.0,2025-07-19,06:30
30843,40.0,2025-07-19,06:45
30844,40.0,2025-07-19,07:00
30845,40.0,2025-07-19,07:15
30846,40.0,2025-07-19,07:30
30847,40.0,2025-07-19,07:45
30848,40.0,2025-07-19,08:00
30849,40.0,2025-07-19,08:15
30850,40.0,2025-07-19,08:30
30851,40.0,2025-07-19,08:45
30852,40.0,2025-07-19,09:00
30853,40.0,2025-07-19,09:15
30854,40.0,2025-07-19,09:30
30855,153.44,2025-07-19,09:45
30856,40.0,2025-07-19,10:00
30857,40.0,2025-07-19,10:15
30858,40.0,2025-07-19,10:30
30859,40.0,2025-07-19,10:45
30860,180.13,2025-07-19,11:00
30861,147.61,2025-07-19,11:15
30862,180.55,2025-07-19,11:30
30863,145.41,2025-07-19,11:45
30864,151.4,2025-07-19,12:00
30865,40.0,2025-07-19,12:15
30866,40.0,2025-07-19,12:30
30867,40.0,2025-07-19,12:45
30868,40.0,2025-07-19,13:00
30869,156.54,2025-07-19,13:15
30870,40.0,2025-07-19,13:30
30871,40.0,2025-07-19,13:45
30872,40.0,2025-07-19,14:00
30873,40.0,2025-07-19,14:15
30874,40.0,2025-07-19,14:30
30875,40.0,2025-07-19,14:45
30876,40.0,2025-07-19,15:00
30877,40.0,2025-07-19,15:15
30878,40.0,2025-07-19,15:30
30879,40.0,2025-07-19,15:45
30880,40.0,2025-07-19,16:00
30881,40.0,2025-07-19,16:15
30882,40.0,2025-07-19,16:30
30883,40.0,2025-07-19,16:45
30884,40.0,2025-07-19,17:00
30885,40.0,2025-07-19,17:15
30886,40.0,2025-07-19,17:30
30887,40.0,2025-07-19,17:45
30888,40.0,2025-07-19,18:00
30889,40.0,2025-07-19,18:15
30890,171.77,2025-07-19,18:30
30891,190.31,2025-07-19,18:45
30892,209.07,2025-07-19,19:00
30893,209.58,2025-07-19,19:15
30894,249.91,2025-07-19,19:30
30895,40.0,2025-07-19,19:45
30896,40.0,2025-07-19,20:00
30897,285.39,2025-07-19,20:15
30898,213.48,2025-07-19,20:30
30899,310.44,2025-07-19,20:45
30900,316.58,2025-07-19,21:00
30901,312.38,2025-07-19,21:15
30902,216.24,2025-07-19,21:30
30903,196.95,2025-07-19,21:45
30904,193.63,2025-07-19,22:00
30905,40.0,2025-07-19,22:15
30906,40.0,2025-07-19,22:30
30907,40.0,2025-07-19,22:45
30908,260.0,2025-07-19,23:00
30909,40.0,2025-07-19,23:15
30910,40.0,2025-07-19,23:30
30911,270.0,2025-07-19,23:45
30912,310.0,2025-07-19,24:00
30913,320.0,2025-07-20,00:15
30914,320.0,2025-07-20,00:30
30915,300.0,2025-07-20,00:45
30916,290.0,2025-07-20,01:00
30917,40.0,2025-07-20,01:15
30918,40.0,2025-07-20,01:30
30919,40.0,2025-07-20,01:45
30920,40.0,2025-07-20,02:00
30921,250.0,2025-07-20,02:15
30922,40.0,2025-07-20,02:30
30923,40.0,2025-07-20,02:45
30924,40.0,2025-07-20,03:00
30925,40.0,2025-07-20,03:15
30926,40.0,2025-07-20,03:30
30927,40.0,2025-07-20,03:45
30928,40.0,2025-07-20,04:00
30929,40.0,2025-07-20,04:15
30930,40.0,2025-07-20,04:30
30931,40.0,2025-07-20,04:45
30932,40.0,2025-07-20,05:00
30933,40.0,2025-07-20,05:15
30934,40.0,2025-07-20,05:30
30935,150.0,2025-07-20,05:45
30936,40.0,2025-07-20,06:00
30937,260.0,2025-07-20,06:15
30938,150.0,2025-07-20,06:30
30939,40.0,2025-07-20,06:45
30940,40.0,2025-07-20,07:00
30941,40.0,2025-07-20,07:15
30942,40.0,2025-07-20,07:30
30943,40.0,2025-07-20,07:45
30944,40.0,2025-07-20,08:00
30945,40.0,2025-07-20,08:15
30946,40.0,2025-07-20,08:30
30947,40.0,2025-07-20,08:45
30948,40.0,2025-07-20,09:00
30949,174.95,2025-07-20,09:15
30950,156.34,2025-07-20,09:30
30951,151.98,2025-07-20,09:45
30952,143.24,2025-07-20,10:00
30953,40.0,2025-07-20,10:15
30954,40.0,2025-07-20,10:30
30955,40.0,2025-07-20,10:45
30956,144.2,2025-07-20,11:00
30957,145.35,2025-07-20,11:15
30958,163.92,2025-07-20,11:30
30959,159.87,2025-07-20,11:45
30960,138.18,2025-07-20,12:00
30961,171.29,2025-07-20,12:15
30962,40.0,2025-07-20,12:30
30963,40.0,2025-07-20,12:45
30964,40.0,2025-07-20,13:00
30965,40.0,2025-07-20,13:15
30966,40.0,2025-07-20,13:30
30967,40.0,2025-07-20,13:45
30968,159.27,2025-07-20,14:00
30969,164.47,2025-07-20,14:15
30970,166.22,2025-07-20,14:30
30971,143.4,2025-07-20,14:45
30972,40.0,2025-07-20,15:00
30973,150.22,2025-07-20,15:15
30974,150.83,2025-07-20,15:30
30975,161.85,2025-07-20,15:45
30976,163.69,2025-07-20,16:00
30977,168.44,2025-07-20,16:15
30978,160.03,2025-07-20,16:30
30979,161.65,2025-07-20,16:45
30980,151.58,2025-07-20,17:00
30981,178.52,2025-07-20,17:15
30982,179.31,2025-07-20,17:30
30983,174.73,2025-07-20,17:45
30984,178.7,2025-07-20,18:00
30985,219.73,2025-07-20,18:15
30986,243.1,2025-07-20,18:30
30987,299.86,2025-07-20,18:45
30988,326.27,2025-07-20,19:00
30989,365.04,2025-07-20,19:15
30990,358.06,2025-07-20,19:30
30991,284.86,2025-07-20,19:45
30992,273.84,2025-07-20,20:00
30993,288.95,2025-07-20,20:15
30994,282.93,2025-07-20,20:30
30995,324.1,2025-07-20,20:45
30996,303.23,2025-07-20,21:00
30997,292.49,2025-07-20,21:15
30998,278.2,2025-07-20,21:30
30999,234.08,2025-07-20,21:45
31000,187.62,2025-07-20,22:00
31001,184.9,2025-07-20,22:15
31002,183.49,2025-07-20,22:30
31003,179.9,2025-07-20,22:45
31004,179.09,2025-07-20,23:00
31005,40.0,2025-07-20,23:15
31006,40.0,2025-07-20,23:30
31007,40.0,2025-07-20,23:45
31008,40.0,2025-07-20,24:00
31009,40.0,2025-07-21,00:15
31010,40.0,2025-07-21,00:30
31011,40.0,2025-07-21,00:45
31012,40.0,2025-07-21,01:00
31013,40.0,2025-07-21,01:15
31014,40.0,2025-07-21,01:30
31015,40.0,2025-07-21,01:45
31016,40.0,2025-07-21,02:00
31017,40.0,2025-07-21,02:15
31018,40.0,2025-07-21,02:30
31019,40.0,2025-07-21,02:45
31020,40.0,2025-07-21,03:00
31021,40.0,2025-07-21,03:15
31022,40.0,2025-07-21,03:30
31023,40.0,2025-07-21,03:45
31024,40.0,2025-07-21,04:00
31025,40.0,2025-07-21,04:15
31026,40.0,2025-07-21,04:30
31027,40.0,2025-07-21,04:45
31028,40.0,2025-07-21,05:00
31029,40.0,2025-07-21,05:15
31030,40.0,2025-07-21,05:30
31031,40.0,2025-07-21,05:45
31032,40.0,2025-07-21,06:00
31033,40.0,2025-07-21,06:15
31034,40.0,2025-07-21,06:30
31035,40.0,2025-07-21,06:45
31036,40.0,2025-07-21,07:00
31037,40.0,2025-07-21,07:15
31038,40.0,2025-07-21,07:30
31039,40.0,2025-07-21,07:45
31040,40.0,2025-07-21,08:00
31041,40.0,2025-07-21,08:15
31042,40.0,2025-07-21,08:30
31043,40.0,2025-07-21,08:45
31044,40.0,2025-07-21,09:00
31045,40.0,2025-07-21,09:15
31046,40.0,2025-07-21,09:30
31047,40.0,2025-07-21,09:45
31048,40.0,2025-07-21,10:00
31049,40.0,2025-07-21,10:15
31050,40.0,2025-07-21,10:30
31051,40.0,2025-07-21,10:45
31052,40.0,2025-07-21,11:00
31053,40.0,2025-07-21,11:15
31054,40.0,2025-07-21,11:30
31055,40.0,2025-07-21,11:45
31056,40.0,2025-07-21,12:00
31057,40.0,2025-07-21,12:15
31058,40.0,2025-07-21,12:30
31059,40.0,2025-07-21,12:45
31060,40.0,2025-07-21,13:00
31061,40.0,2025-07-21,13:15
31062,40.0,2025-07-21,13:30
31063,40.0,2025-07-21,13:45
31064,40.0,2025-07-21,14:00
31065,118.41,2025-07-21,14:15
31066,40.0,2025-07-21,14:30
31067,40.0,2025-07-21,14:45
31068,40.0,2025-07-21,15:00
31069,40.0,2025-07-21,15:15
31070,40.0,2025-07-21,15:30
31071,119.74,2025-07-21,15:45
31072,145.71,2025-07-21,16:00
31073,139.74,2025-07-21,16:15
31074,40.0,2025-07-21,16:30
31075,40.0,2025-07-21,16:45
31076,40.0,2025-07-21,17:00
31077,40.0,2025-07-21,17:15
31078,40.0,2025-07-21,17:30
31079,40.0,2025-07-21,17:45
31080,40.0,2025-07-21,18:00
31081,113.11,2025-07-21,18:15
31082,137.42,2025-07-21,18:30
31083,166.77,2025-07-21,18:45
31084,214.12,2025-07-21,19:00
31085,212.41,2025-07-21,19:15
31086,258.89,2025-07-21,19:30
31087,212.43,2025-07-21,19:45
31088,229.38,2025-07-21,20:00
31089,207.42,2025-07-21,20:15
31090,215.68,2025-07-21,20:30
31091,214.62,2025-07-21,20:45
31092,204.1,2025-07-21,21:00
31093,197.47,2025-07-21,21:15
31094,40.0,2025-07-21,21:30
31095,40.0,2025-07-21,21:45
31096,40.0,2025-07-21,22:00
31097,40.0,2025-07-21,22:15
31098,139.37,2025-07-21,22:30
31099,40.0,2025-07-21,22:45
31100,40.0,2025-07-21,23:00
31101,40.0,2025-07-21,23:15
31102,40.0,2025-07-21,23:30
31103,40.0,2025-07-21,23:45
31104,40.0,2025-07-21,24:00
31105,40.0,2025-07-22,00:15
31106,40.0,2025-07-22,00:30
31107,40.0,2025-07-22,00:45
31108,40.0,2025-07-22,01:00
31109,40.0,2025-07-22,01:15
31110,40.0,2025-07-22,01:30
31111,40.0,2025-07-22,01:45
31112,40.0,2025-07-22,02:00
31113,40.0,2025-07-22,02:15
31114,40.0,2025-07-22,02:30
31115,40.0,2025-07-22,02:45
31116,40.0,2025-07-22,03:00
31117,40.0,2025-07-22,03:15
31118,40.0,2025-07-22,03:30
31119,40.0,2025-07-22,03:45
31120,40.0,2025-07-22,04:00
31121,40.0,2025-07-22,04:15
31122,40.0,2025-07-22,04:30
31123,40.0,2025-07-22,04:45
31124,40.0,2025-07-22,05:00
31125,40.0,2025-07-22,05:15
31126,40.0,2025-07-22,05:30
31127,40.0,2025-07-22,05:45
31128,40.0,2025-07-22,06:00
31129,40.0,2025-07-22,06:15
31130,40.0,2025-07-22,06:30
31131,40.0,2025-07-22,06:45
31132,40.0,2025-07-22,07:00
31133,40.0,2025-07-22,07:15
31134,40.0,2025-07-22,07:30
31135,40.0,2025-07-22,07:45
31136,40.0,2025-07-22,08:00
31137,40.0,2025-07-22,08:15
31138,40.0,2025-07-22,08:30
31139,40.0,2025-07-22,08:45
31140,40.0,2025-07-22,09:00
31141,40.0,2025-07-22,09:15
31142,40.0,2025-07-22,09:30
31143,40.0,2025-07-22,09:45
31144,40.0,2025-07-22,10:00
31145,40.0,2025-07-22,10:15
31146,40.0,2025-07-22,10:30
31147,40.0,2025-07-22,10:45
31148,40.0,2025-07-22,11:00
31149,40.0,2025-07-22,11:15
31150,40.0,2025-07-22,11:30
31151,40.0,2025-07-22,11:45
31152,40.0,2025-07-22,12:00
31153,40.0,2025-07-22,12:15
31154,40.0,2025-07-22,12:30
31155,40.0,2025-07-22,12:45
31156,40.0,2025-07-22,13:00
31157,40.0,2025-07-22,13:15
31158,40.0,2025-07-22,13:30
31159,40.0,2025-07-22,13:45
31160,40.0,2025-07-22,14:00
31161,40.0,2025-07-22,14:15
31162,40.0,2025-07-22,14:30
31163,115.6,2025-07-22,14:45
31164,40.0,2025-07-22,15:00
31165,40.0,2025-07-22,15:15
31166,129.09,2025-07-22,15:30
31167,143.77,2025-07-22,15:45
31168,153.39,2025-07-22,16:00
31169,136.68,2025-07-22,16:15
31170,40.0,2025-07-22,16:30
31171,40.0,2025-07-22,16:45
31172,111.44,2025-07-22,17:00
31173,169.1,2025-07-22,17:15
31174,175.96,2025-07-22,17:30
31175,180.54,2025-07-22,17:45
31176,204.35,2025-07-22,18:00
31177,196.54,2025-07-22,18:15
31178,225.34,2025-07-22,18:30
31179,249.16,2025-07-22,18:45
31180,241.03,2025-07-22,19:00
31181,252.59,2025-07-22,19:15
31182,242.29,2025-07-22,19:30
31183,270.52,2025-07-22,19:45
31184,247.01,2025-07-22,20:00
31185,267.1,2025-07-22,20:15
31186,298.41,2025-07-22,20:30
31187,254.08,2025-07-22,20:45
31188,297.58,2025-07-22,21:00
31189,244.75,2025-07-22,21:15
31190,215.76,2025-07-22,21:30
31191,231.6,2025-07-22,21:45
31192,226.24,2025-07-22,22:00
31193,217.33,2025-07-22,22:15
31194,214.72,2025-07-22,22:30
31195,205.68,2025-07-22,22:45
31196,197.69,2025-07-22,23:00
31197,40.0,2025-07-22,23:15
31198,40.0,2025-07-22,23:30
31199,40.0,2025-07-22,23:45
31200,40.0,2025-07-22,24:00
31201,235.75,2025-07-23,00:15
31202,40.0,2025-07-23,00:30
31203,169.4,2025-07-23,00:45
31204,171.68,2025-07-23,01:00
31205,40.0,2025-07-23,01:15
31206,40.0,2025-07-23,01:30
31207,40.0,2025-07-23,01:45
31208,40.0,2025-07-23,02:00
31209,40.0,2025-07-23,02:15
31210,40.0,2025-07-23,02:30
31211,40.0,2025-07-23,02:45
31212,40.0,2025-07-23,03:00
31213,40.0,2025-07-23,03:15
31214,40.0,2025-07-23,03:30
31215,40.0,2025-07-23,03:45
31216,40.0,2025-07-23,04:00
31217,40.0,2025-07-23,04:15
31218,40.0,2025-07-23,04:30
31219,40.0,2025-07-23,04:45
31220,40.0,2025-07-23,05:00
31221,40.0,2025-07-23,05:15
31222,40.0,2025-07-23,05:30
31223,40.0,2025-07-23,05:45
31224,147.25,2025-07-23,06:00
31225,222.63,2025-07-23,06:15
31226,206.07,2025-07-23,06:30
31227,199.35,2025-07-23,06:45
31228,40.0,2025-07-23,07:00
31229,40.0,2025-07-23,07:15
31230,40.0,2025-07-23,07:30
31231,40.0,2025-07-23,07:45
31232,40.0,2025-07-23,08:00
31233,40.0,2025-07-23,08:15
31234,40.0,2025-07-23,08:30
31235,40.0,2025-07-23,08:45
31236,40.0,2025-07-23,09:00
31237,89.84,2025-07-23,09:15
31238,40.0,2025-07-23,09:30
31239,104.4,2025-07-23,09:45
31240,117.59,2025-07-23,10:00
31241,130.96,2025-07-23,10:15
31242,146.08,2025-07-23,10:30
31243,163.84,2025-07-23,10:45
31244,167.89,2025-07-23,11:00
31245,235.69,2025-07-23,11:15
31246,234.77,2025-07-23,11:30
31247,203.76,2025-07-23,11:45
31248,186.1,2025-07-23,12:00
31249,176.51,2025-07-23,12:15
31250,170.84,2025-07-23,12:30
31251,163.56,2025-07-23,12:45
31252,162.57,2025-07-23,13:00
31253,165.62,2025-07-23,13:15
31254,183.75,2025-07-23,13:30
31255,199.19,2025-07-23,13:45
31256,182.15,2025-07-23,14:00
31257,189.67,2025-07-23,14:15
31258,190.79,2025-07-23,14:30
31259,192.3,2025-07-23,14:45
31260,193.55,2025-07-23,15:00
31261,207.06,2025-07-23,15:15
31262,219.09,2025-07-23,15:30
31263,223.87,2025-07-23,15:45
31264,246.11,2025-07-23,16:00
31265,242.61,2025-07-23,16:15
31266,214.22,2025-07-23,16:30
31267,208.1,2025-07-23,16:45
31268,174.48,2025-07-23,17:00
31269,229.33,2025-07-23,17:15
31270,258.42,2025-07-23,17:30
31271,243.37,2025-07-23,17:45
31272,245.64,2025-07-23,18:00
31273,251.44,2025-07-23,18:15
31274,251.67,2025-07-23,18:30
31275,190.21,2025-07-23,18:45
31276,240.92,2025-07-23,19:00
31277,256.09,2025-07-23,19:15
31278,253.18,2025-07-23,19:30
31279,230.06,2025-07-23,19:45
31280,247.1,2025-07-23,20:00
31281,251.33,2025-07-23,20:15
31282,308.22,2025-07-23,20:30
31283,323.55,2025-07-23,20:45
31284,333.47,2025-07-23,21:00
31285,315.27,2025-07-23,21:15
31286,304.57,2025-07-23,21:30
31287,239.87,2025-07-23,21:45
31288,237.71,2025-07-23,22:00
31289,40.0,2025-07-23,22:15
31290,40.0,2025-07-23,22:30
31291,40.0,2025-07-23,22:45
31292,40.0,2025-07-23,23:00
31293,40.0,2025-07-23,23:15
31294,40.0,2025-07-23,23:30
31295,40.0,2025-07-23,23:45
31296,40.0,2025-07-23,24:00
31297,40.0,2025-07-24,00:15
31298,40.0,2025-07-24,00:30
31299,40.0,2025-07-24,00:45
31300,40.0,2025-07-24,01:00
31301,40.0,2025-07-24,01:15
31302,40.0,2025-07-24,01:30
31303,40.0,2025-07-24,01:45
31304,40.0,2025-07-24,02:00
31305,40.0,2025-07-24,02:15
31306,40.0,2025-07-24,02:30
31307,40.0,2025-07-24,02:45
31308,40.0,2025-07-24,03:00
31309,40.0,2025-07-24,03:15
31310,40.0,2025-07-24,03:30
31311,40.0,2025-07-24,03:45
31312,40.0,2025-07-24,04:00
31313,40.0,2025-07-24,04:15
31314,40.0,2025-07-24,04:30
31315,40.0,2025-07-24,04:45
31316,40.0,2025-07-24,05:00
31317,40.0,2025-07-24,05:15
31318,40.0,2025-07-24,05:30
31319,40.0,2025-07-24,05:45
31320,40.0,2025-07-24,06:00
31321,186.44,2025-07-24,06:15
31322,174.48,2025-07-24,06:30
31323,40.0,2025-07-24,06:45
31324,40.0,2025-07-24,07:00
31325,40.0,2025-07-24,07:15
31326,40.0,2025-07-24,07:30
31327,40.0,2025-07-24,07:45
31328,40.0,2025-07-24,08:00
31329,197.43,2025-07-24,08:15
31330,227.34,2025-07-24,08:30
31331,235.34,2025-07-24,08:45
31332,218.19,2025-07-24,09:00
31333,212.64,2025-07-24,09:15
31334,235.59,2025-07-24,09:30
31335,173.83,2025-07-24,09:45
31336,227.05,2025-07-24,10:00
31337,189.05,2025-07-24,10:15
31338,248.25,2025-07-24,10:30
31339,258.29,2025-07-24,10:45
31340,246.04,2025-07-24,11:00
31341,227.49,2025-07-24,11:15
31342,272.01,2025-07-24,11:30
31343,231.39,2025-07-24,11:45
31344,272.77,2025-07-24,12:00
31345,237.75,2025-07-24,12:15
31346,253.03,2025-07-24,12:30
31347,262.36,2025-07-24,12:45
31348,257.56,2025-07-24,13:00
31349,219.75,2025-07-24,13:15
31350,251.19,2025-07-24,13:30
31351,253.4,2025-07-24,13:45
31352,254.43,2025-07-24,14:00
31353,252.36,2025-07-24,14:15
31354,249.43,2025-07-24,14:30
31355,212.46,2025-07-24,14:45
31356,209.82,2025-07-24,15:00
31357,223.21,2025-07-24,15:15
31358,201.51,2025-07-24,15:30
31359,219.8,2025-07-24,15:45
31360,211.9,2025-07-24,16:00
31361,243.3,2025-07-24,16:15
31362,221.56,2025-07-24,16:30
31363,243.0,2025-07-24,16:45
31364,238.35,2025-07-24,17:00
31365,248.94,2025-07-24,17:15
31366,305.52,2025-07-24,17:30
31367,273.97,2025-07-24,17:45
31368,237.62,2025-07-24,18:00
31369,239.9,2025-07-24,18:15
31370,290.26,2025-07-24,18:30
31371,322.34,2025-07-24,18:45
31372,374.88,2025-07-24,19:00
31373,475.49,2025-07-24,19:15
31374,399.26,2025-07-24,19:30
31375,386.0,2025-07-24,19:45
31376,340.79,2025-07-24,20:00
31377,357.04,2025-07-24,20:15
31378,397.22,2025-07-24,20:30
31379,380.2,2025-07-24,20:45
31380,360.29,2025-07-24,21:00
31381,371.13,2025-07-24,21:15
31382,324.39,2025-07-24,21:30
31383,278.81,2025-07-24,21:45
31384,268.69,2025-07-24,22:00
31385,286.89,2025-07-24,22:15
31386,279.93,2025-07-24,22:30
31387,248.87,2025-07-24,22:45
31388,225.89,2025-07-24,23:00
31389,169.86,2025-07-24,23:15
31390,174.05,2025-07-24,23:30
31391,185.32,2025-07-24,23:45
31392,183.05,2025-07-24,24:00
31393,224.17,2025-07-25,00:15
31394,284.39,2025-07-25,00:30
31395,243.36,2025-07-25,00:45
31396,234.21,2025-07-25,01:00
31397,234.52,2025-07-25,01:15
31398,207.4,2025-07-25,01:30
31399,206.15,2025-07-25,01:45
31400,190.36,2025-07-25,02:00
31401,226.27,2025-07-25,02:15
31402,214.75,2025-07-25,02:30
31403,228.62,2025-07-25,02:45
31404,227.22,2025-07-25,03:00
31405,214.76,2025-07-25,03:15
31406,258.03,2025-07-25,03:30
31407,288.98,2025-07-25,03:45
31408,284.48,2025-07-25,04:00
31409,289.94,2025-07-25,04:15
31410,314.49,2025-07-25,04:30
31411,313.84,2025-07-25,04:45
31412,306.28,2025-07-25,05:00
31413,307.62,2025-07-25,05:15
31414,308.54,2025-07-25,05:30
31415,305.82,2025-07-25,05:45
31416,304.72,2025-07-25,06:00
31417,348.32,2025-07-25,06:15
31418,308.79,2025-07-25,06:30
31419,291.61,2025-07-25,06:45
31420,193.04,2025-07-25,07:00
31421,200.85,2025-07-25,07:15
31422,226.41,2025-07-25,07:30
31423,227.18,2025-07-25,07:45
31424,205.15,2025-07-25,08:00
31425,161.78,2025-07-25,08:15
31426,40.0,2025-07-25,08:30
31427,40.0,2025-07-25,08:45
31428,172.05,2025-07-25,09:00
31429,139.28,2025-07-25,09:15
31430,215.15,2025-07-25,09:30
31431,220.15,2025-07-25,09:45
31432,220.38,2025-07-25,10:00
31433,264.9,2025-07-25,10:15
31434,301.48,2025-07-25,10:30
31435,305.9,2025-07-25,10:45
31436,220.92,2025-07-25,11:00
31437,285.1,2025-07-25,11:15
31438,268.5,2025-07-25,11:30
31439,268.36,2025-07-25,11:45
31440,250.63,2025-07-25,12:00
31441,226.01,2025-07-25,12:15
31442,225.39,2025-07-25,12:30
31443,222.59,2025-07-25,12:45
31444,226.08,2025-07-25,13:00
31445,241.03,2025-07-25,13:15
31446,242.69,2025-07-25,13:30
31447,254.5,2025-07-25,13:45
31448,273.22,2025-07-25,14:00
31449,271.99,2025-07-25,14:15
31450,269.68,2025-07-25,14:30
31451,238.94,2025-07-25,14:45
31452,265.87,2025-07-25,15:00
31453,293.64,2025-07-25,15:15
31454,316.89,2025-07-25,15:30
31455,371.24,2025-07-25,15:45
31456,352.23,2025-07-25,16:00
31457,381.07,2025-07-25,16:15
31458,346.66,2025-07-25,16:30
31459,309.71,2025-07-25,16:45
31460,275.35,2025-07-25,17:00
31461,284.36,2025-07-25,17:15
31462,297.5,2025-07-25,17:30
31463,329.27,2025-07-25,17:45
31464,326.22,2025-07-25,18:00
31465,293.19,2025-07-25,18:15
31466,264.34,2025-07-25,18:30
31467,237.31,2025-07-25,18:45
31468,404.88,2025-07-25,19:00
31469,343.02,2025-07-25,19:15
31470,363.33,2025-07-25,19:30
31471,354.49,2025-07-25,19:45
31472,376.39,2025-07-25,20:00
31473,376.76,2025-07-25,20:15
31474,468.84,2025-07-25,20:30
31475,468.2,2025-07-25,20:45
31476,512.0,2025-07-25,21:00
31477,495.37,2025-07-25,21:15
31478,368.43,2025-07-25,21:30
31479,418.9,2025-07-25,21:45
31480,391.3,2025-07-25,22:00
31481,343.61,2025-07-25,22:15
31482,334.52,2025-07-25,22:30
31483,298.73,2025-07-25,22:45
31484,292.39,2025-07-25,23:00
31485,368.37,2025-07-25,23:15
31486,367.51,2025-07-25,23:30
31487,367.47,2025-07-25,23:45
31488,367.78,2025-07-25,24:00
31489,442.85,2025-07-26,00:15
31490,508.6,2025-07-26,00:30
31491,387.38,2025-07-26,00:45
31492,254.91,2025-07-26,01:00
31493,258.42,2025-07-26,01:15
31494,258.63,2025-07-26,01:30
31495,255.93,2025-07-26,01:45
31496,254.88,2025-07-26,02:00
31497,328.27,2025-07-26,02:15
31498,337.59,2025-07-26,02:30
31499,444.89,2025-07-26,02:45
31500,381.73,2025-07-26,03:00
31501,305.25,2025-07-26,03:15
31502,415.27,2025-07-26,03:30
31503,415.63,2025-07-26,03:45
31504,311.95,2025-07-26,04:00
31505,297.39,2025-07-26,04:15
31506,297.26,2025-07-26,04:30
31507,291.71,2025-07-26,04:45
31508,251.15,2025-07-26,05:00
31509,250.74,2025-07-26,05:15
31510,400.0,2025-07-26,05:30
31511,450.0,2025-07-26,05:45
31512,240.49,2025-07-26,06:00
31513,216.68,2025-07-26,06:15
31514,203.97,2025-07-26,06:30
31515,235.27,2025-07-26,06:45
31516,216.91,2025-07-26,07:00
31517,213.95,2025-07-26,07:15
31518,205.64,2025-07-26,07:30
31519,206.93,2025-07-26,07:45
31520,181.37,2025-07-26,08:00
31521,40.0,2025-07-26,08:15
31522,40.0,2025-07-26,08:30
31523,40.0,2025-07-26,08:45
31524,149.44,2025-07-26,09:00
31525,201.85,2025-07-26,09:15
31526,187.74,2025-07-26,09:30
31527,174.99,2025-07-26,09:45
31528,180.78,2025-07-26,10:00
31529,180.71,2025-07-26,10:15
31530,182.61,2025-07-26,10:30
31531,207.55,2025-07-26,10:45
31532,203.62,2025-07-26,11:00
31533,209.65,2025-07-26,11:15
31534,205.64,2025-07-26,11:30
31535,209.89,2025-07-26,11:45
31536,199.81,2025-07-26,12:00
31537,199.5,2025-07-26,12:15
31538,199.45,2025-07-26,12:30
31539,198.99,2025-07-26,12:45
31540,189.6,2025-07-26,13:00
31541,200.22,2025-07-26,13:15
31542,218.09,2025-07-26,13:30
31543,223.73,2025-07-26,13:45
31544,224.46,2025-07-26,14:00
31545,238.09,2025-07-26,14:15
31546,240.1,2025-07-26,14:30
31547,245.84,2025-07-26,14:45
31548,215.93,2025-07-26,15:00
31549,241.78,2025-07-26,15:15
31550,229.38,2025-07-26,15:30
31551,230.95,2025-07-26,15:45
31552,243.34,2025-07-26,16:00
31553,210.34,2025-07-26,16:15
31554,239.15,2025-07-26,16:30
31555,231.44,2025-07-26,16:45
31556,237.55,2025-07-26,17:00
31557,238.58,2025-07-26,17:15
31558,234.89,2025-07-26,17:30
31559,232.57,2025-07-26,17:45
31560,236.54,2025-07-26,18:00
31561,239.32,2025-07-26,18:15
31562,250.54,2025-07-26,18:30
31563,254.25,2025-07-26,18:45
31564,333.24,2025-07-26,19:00
31565,325.56,2025-07-26,19:15
31566,289.82,2025-07-26,19:30
31567,309.07,2025-07-26,19:45
31568,278.58,2025-07-26,20:00
31569,280.82,2025-07-26,20:15
31570,351.3,2025-07-26,20:30
31571,352.78,2025-07-26,20:45
31572,349.85,2025-07-26,21:00
31573,334.76,2025-07-26,21:15
31574,325.31,2025-07-26,21:30
31575,320.89,2025-07-26,21:45
31576,273.72,2025-07-26,22:00
31577,271.8,2025-07-26,22:15
31578,253.89,2025-07-26,22:30
31579,232.47,2025-07-26,22:45
31580,235.15,2025-07-26,23:00
31581,189.95,2025-07-26,23:15
31582,188.04,2025-07-26,23:30
31583,193.38,2025-07-26,23:45
31584,199.46,2025-07-26,24:00
31585,240.1,2025-07-27,00:15
31586,304.42,2025-07-27,00:30
31587,272.44,2025-07-27,00:45
31588,250.69,2025-07-27,01:00
31589,275.96,2025-07-27,01:15
31590,279.67,2025-07-27,01:30
31591,257.18,2025-07-27,01:45
31592,240.2,2025-07-27,02:00
31593,254.24,2025-07-27,02:15
31594,253.85,2025-07-27,02:30
31595,252.38,2025-07-27,02:45
31596,253.18,2025-07-27,03:00
31597,281.21,2025-07-27,03:15
31598,274.2,2025-07-27,03:30
31599,251.68,2025-07-27,03:45
31600,268.99,2025-07-27,04:00
31601,213.02,2025-07-27,04:15
31602,214.52,2025-07-27,04:30
31603,213.93,2025-07-27,04:45
31604,306.97,2025-07-27,05:00
31605,277.18,2025-07-27,05:15
31606,296.58,2025-07-27,05:30
31607,302.34,2025-07-27,05:45
31608,296.45,2025-07-27,06:00
31609,246.35,2025-07-27,06:15
31610,246.63,2025-07-27,06:30
31611,196.7,2025-07-27,06:45
31612,191.93,2025-07-27,07:00
31613,213.58,2025-07-27,07:15
31614,217.09,2025-07-27,07:30
31615,226.18,2025-07-27,07:45
31616,190.55,2025-07-27,08:00
31617,40.0,2025-07-27,08:15
31618,40.0,2025-07-27,08:30
31619,40.0,2025-07-27,08:45
31620,140.95,2025-07-27,09:00
31621,155.37,2025-07-27,09:15
31622,155.53,2025-07-27,09:30
31623,158.49,2025-07-27,09:45
31624,162.79,2025-07-27,10:00
31625,156.6,2025-07-27,10:15
31626,178.35,2025-07-27,10:30
31627,188.71,2025-07-27,10:45
31628,187.28,2025-07-27,11:00
31629,204.44,2025-07-27,11:15
31630,205.85,2025-07-27,11:30
31631,238.04,2025-07-27,11:45
31632,225.04,2025-07-27,12:00
31633,240.49,2025-07-27,12:15
31634,245.97,2025-07-27,12:30
31635,228.82,2025-07-27,12:45
31636,228.79,2025-07-27,13:00
31637,221.42,2025-07-27,13:15
31638,275.33,2025-07-27,13:30
31639,284.2,2025-07-27,13:45
31640,283.35,2025-07-27,14:00
31641,269.14,2025-07-27,14:15
31642,274.15,2025-07-27,14:30
31643,281.74,2025-07-27,14:45
31644,281.57,2025-07-27,15:00
31645,279.46,2025-07-27,15:15
31646,241.18,2025-07-27,15:30
31647,215.17,2025-07-27,15:45
31648,217.36,2025-07-27,16:00
31649,197.16,2025-07-27,16:15
31650,193.58,2025-07-27,16:30
31651,213.29,2025-07-27,16:45
31652,190.35,2025-07-27,17:00
31653,195.54,2025-07-27,17:15
31654,210.44,2025-07-27,17:30
31655,190.14,2025-07-27,17:45
31656,188.74,2025-07-27,18:00
31657,239.22,2025-07-27,18:15
31658,277.77,2025-07-27,18:30
31659,271.66,2025-07-27,18:45
31660,281.67,2025-07-27,19:00
31661,321.57,2025-07-27,19:15
31662,333.28,2025-07-27,19:30
31663,326.19,2025-07-27,19:45
31664,348.96,2025-07-27,20:00
31665,396.96,2025-07-27,20:15
31666,419.33,2025-07-27,20:30
31667,328.49,2025-07-27,20:45
31668,345.79,2025-07-27,21:00
31669,313.24,2025-07-27,21:15
31670,361.56,2025-07-27,21:30
31671,358.43,2025-07-27,21:45
31672,315.98,2025-07-27,22:00
31673,313.6,2025-07-27,22:15
31674,278.57,2025-07-27,22:30
31675,249.87,2025-07-27,22:45
31676,232.95,2025-07-27,23:00
31677,209.14,2025-07-27,23:15
31678,209.37,2025-07-27,23:30
31679,207.57,2025-07-27,23:45
31680,209.43,2025-07-27,24:00
31681,40.0,2025-07-28,00:15
31682,181.59,2025-07-28,00:30
31683,40.0,2025-07-28,00:45
31684,40.0,2025-07-28,01:00
31685,40.0,2025-07-28,01:15
31686,40.0,2025-07-28,01:30
31687,40.0,2025-07-28,01:45
31688,40.0,2025-07-28,02:00
31689,40.0,2025-07-28,02:15
31690,40.0,2025-07-28,02:30
31691,153.5,2025-07-28,02:45
31692,177.69,2025-07-28,03:00
31693,181.08,2025-07-28,03:15
31694,170.79,2025-07-28,03:30
31695,40.0,2025-07-28,03:45
31696,40.0,2025-07-28,04:00
31697,40.0,2025-07-28,04:15
31698,40.0,2025-07-28,04:30
31699,209.73,2025-07-28,04:45
31700,120.4,2025-07-28,05:00
31701,192.58,2025-07-28,05:15
31702,216.42,2025-07-28,05:30
31703,40.0,2025-07-28,05:45
31704,40.0,2025-07-28,06:00
31705,40.0,2025-07-28,06:15
31706,40.0,2025-07-28,06:30
31707,40.0,2025-07-28,06:45
31708,40.0,2025-07-28,07:00
31709,169.29,2025-07-28,07:15
31710,172.5,2025-07-28,07:30
31711,179.3,2025-07-28,07:45
31712,40.0,2025-07-28,08:00
31713,40.0,2025-07-28,08:15
31714,40.0,2025-07-28,08:30
31715,40.0,2025-07-28,08:45
31716,40.0,2025-07-28,09:00
31717,84.55,2025-07-28,09:15
31718,95.48,2025-07-28,09:30
31719,159.9,2025-07-28,09:45
31720,157.09,2025-07-28,10:00
31721,169.28,2025-07-28,10:15
31722,177.18,2025-07-28,10:30
31723,187.45,2025-07-28,10:45
31724,183.88,2025-07-28,11:00
31725,192.86,2025-07-28,11:15
31726,184.83,2025-07-28,11:30
31727,212.31,2025-07-28,11:45
31728,203.89,2025-07-28,12:00
31729,198.14,2025-07-28,12:15
31730,198.15,2025-07-28,12:30
31731,198.79,2025-07-28,12:45
31732,194.79,2025-07-28,13:00
31733,203.86,2025-07-28,13:15
31734,204.55,2025-07-28,13:30
31735,210.09,2025-07-28,13:45
31736,211.26,2025-07-28,14:00
31737,236.06,2025-07-28,14:15
31738,217.83,2025-07-28,14:30
31739,216.7,2025-07-28,14:45
31740,210.69,2025-07-28,15:00
31741,193.44,2025-07-28,15:15
31742,199.01,2025-07-28,15:30
31743,212.3,2025-07-28,15:45
31744,222.73,2025-07-28,16:00
31745,250.73,2025-07-28,16:15
31746,249.62,2025-07-28,16:30
31747,233.14,2025-07-28,16:45
31748,204.33,2025-07-28,17:00
31749,210.86,2025-07-28,17:15
31750,210.07,2025-07-28,17:30
31751,211.44,2025-07-28,17:45
31752,361.0,2025-07-28,18:00
31753,354.38,2025-07-28,18:15
31754,315.93,2025-07-28,18:30
31755,337.95,2025-07-28,18:45
31756,375.11,2025-07-28,19:00
31757,388.21,2025-07-28,19:15
31758,402.98,2025-07-28,19:30
31759,425.32,2025-07-28,19:45
31760,423.11,2025-07-28,20:00
31761,465.45,2025-07-28,20:15
31762,467.43,2025-07-28,20:30
31763,461.8,2025-07-28,20:45
31764,466.9,2025-07-28,21:00
31765,449.49,2025-07-28,21:15
31766,447.25,2025-07-28,21:30
31767,417.42,2025-07-28,21:45
31768,407.97,2025-07-28,22:00
31769,325.55,2025-07-28,22:15
31770,375.54,2025-07-28,22:30
31771,376.9,2025-07-28,22:45
31772,399.13,2025-07-28,23:00
31773,284.34,2025-07-28,23:15
31774,231.29,2025-07-28,23:30
31775,224.67,2025-07-28,23:45
31776,268.55,2025-07-28,24:00
31777,212.46,2025-07-29,00:15
31778,270.49,2025-07-29,00:30
31779,293.71,2025-07-29,00:45
31780,254.59,2025-07-29,01:00
31781,250.69,2025-07-29,01:15
31782,216.1,2025-07-29,01:30
31783,217.05,2025-07-29,01:45
31784,216.59,2025-07-29,02:00
31785,205.99,2025-07-29,02:15
31786,210.96,2025-07-29,02:30
31787,228.17,2025-07-29,02:45
31788,241.63,2025-07-29,03:00
31789,268.13,2025-07-29,03:15
31790,234.6,2025-07-29,03:30
31791,262.53,2025-07-29,03:45
31792,266.14,2025-07-29,04:00
31793,289.41,2025-07-29,04:15
31794,285.2,2025-07-29,04:30
31795,285.2,2025-07-29,04:45
31796,285.46,2025-07-29,05:00
31797,283.23,2025-07-29,05:15
31798,272.95,2025-07-29,05:30
31799,294.39,2025-07-29,05:45
31800,306.6,2025-07-29,06:00
31801,285.4,2025-07-29,06:15
31802,273.42,2025-07-29,06:30
31803,250.62,2025-07-29,06:45
31804,221.66,2025-07-29,07:00
31805,191.74,2025-07-29,07:15
31806,198.47,2025-07-29,07:30
31807,189.61,2025-07-29,07:45
31808,191.47,2025-07-29,08:00
31809,40.0,2025-07-29,08:15
31810,40.0,2025-07-29,08:30
31811,40.0,2025-07-29,08:45
31812,40.0,2025-07-29,09:00
31813,154.54,2025-07-29,09:15
31814,170.3,2025-07-29,09:30
31815,165.32,2025-07-29,09:45
31816,154.62,2025-07-29,10:00
31817,165.93,2025-07-29,10:15
31818,168.2,2025-07-29,10:30
31819,181.55,2025-07-29,10:45
31820,183.16,2025-07-29,11:00
31821,202.86,2025-07-29,11:15
31822,202.79,2025-07-29,11:30
31823,196.93,2025-07-29,11:45
31824,195.73,2025-07-29,12:00
31825,201.99,2025-07-29,12:15
31826,186.9,2025-07-29,12:30
31827,161.86,2025-07-29,12:45
31828,40.0,2025-07-29,13:00
31829,168.37,2025-07-29,13:15
31830,176.02,2025-07-29,13:30
31831,183.99,2025-07-29,13:45
31832,191.3,2025-07-29,14:00
31833,209.55,2025-07-29,14:15
31834,209.71,2025-07-29,14:30
31835,204.95,2025-07-29,14:45
31836,206.32,2025-07-29,15:00
31837,217.16,2025-07-29,15:15
31838,224.29,2025-07-29,15:30
31839,218.95,2025-07-29,15:45
31840,224.9,2025-07-29,16:00
31841,223.3,2025-07-29,16:15
31842,234.3,2025-07-29,16:30
31843,223.63,2025-07-29,16:45
31844,200.34,2025-07-29,17:00
31845,203.97,2025-07-29,17:15
31846,209.89,2025-07-29,17:30
31847,210.66,2025-07-29,17:45
31848,208.8,2025-07-29,18:00
31849,202.79,2025-07-29,18:15
31850,221.2,2025-07-29,18:30
31851,221.18,2025-07-29,18:45
31852,224.75,2025-07-29,19:00
31853,230.56,2025-07-29,19:15
31854,242.62,2025-07-29,19:30
31855,270.3,2025-07-29,19:45
31856,270.32,2025-07-29,20:00
31857,256.84,2025-07-29,20:15
31858,275.1,2025-07-29,20:30
31859,314.44,2025-07-29,20:45
31860,315.79,2025-07-29,21:00
31861,269.95,2025-07-29,21:15
31862,272.88,2025-07-29,21:30
31863,244.26,2025-07-29,21:45
31864,224.31,2025-07-29,22:00
31865,229.44,2025-07-29,22:15
31866,254.89,2025-07-29,22:30
31867,254.53,2025-07-29,22:45
31868,254.24,2025-07-29,23:00
31869,234.57,2025-07-29,23:15
31870,234.09,2025-07-29,23:30
31871,218.71,2025-07-29,23:45
31872,213.77,2025-07-29,24:00
31873,192.22,2025-07-30,00:15
31874,210.19,2025-07-30,00:30
31875,213.63,2025-07-30,00:45
31876,40.0,2025-07-30,01:00
31877,40.0,2025-07-30,01:15
31878,40.0,2025-07-30,01:30
31879,40.0,2025-07-30,01:45
31880,40.0,2025-07-30,02:00
31881,207.97,2025-07-30,02:15
31882,208.84,2025-07-30,02:30
31883,197.57,2025-07-30,02:45
31884,182.38,2025-07-30,03:00
31885,178.99,2025-07-30,03:15
31886,168.28,2025-07-30,03:30
31887,174.46,2025-07-30,03:45
31888,186.22,2025-07-30,04:00
31889,188.03,2025-07-30,04:15
31890,184.08,2025-07-30,04:30
31891,178.95,2025-07-30,04:45
31892,40.0,2025-07-30,05:00
31893,40.0,2025-07-30,05:15
31894,40.0,2025-07-30,05:30
31895,40.0,2025-07-30,05:45
31896,40.0,2025-07-30,06:00
31897,40.0,2025-07-30,06:15
31898,40.0,2025-07-30,06:30
31899,40.0,2025-07-30,06:45
31900,40.0,2025-07-30,07:00
31901,40.0,2025-07-30,07:15
31902,40.0,2025-07-30,07:30
31903,40.0,2025-07-30,07:45
31904,40.0,2025-07-30,08:00
31905,40.0,2025-07-30,08:15
31906,40.0,2025-07-30,08:30
31907,40.0,2025-07-30,08:45
31908,40.0,2025-07-30,09:00
31909,40.0,2025-07-30,09:15
31910,40.0,2025-07-30,09:30
31911,40.0,2025-07-30,09:45
31912,40.0,2025-07-30,10:00
31913,40.0,2025-07-30,10:15
31914,40.0,2025-07-30,10:30
31915,40.0,2025-07-30,10:45
31916,40.0,2025-07-30,11:00
31917,40.0,2025-07-30,11:15
31918,40.0,2025-07-30,11:30
31919,40.0,2025-07-30,11:45
31920,40.0,2025-07-30,12:00
31921,40.0,2025-07-30,12:15
31922,40.0,2025-07-30,12:30
31923,40.0,2025-07-30,12:45
31924,40.0,2025-07-30,13:00
31925,40.0,2025-07-30,13:15
31926,40.0,2025-07-30,13:30
31927,40.0,2025-07-30,13:45
31928,40.0,2025-07-30,14:00
31929,40.0,2025-07-30,14:15
31930,40.0,2025-07-30,14:30
31931,40.0,2025-07-30,14:45
31932,40.0,2025-07-30,15:00
31933,40.0,2025-07-30,15:15
31934,40.0,2025-07-30,15:30
31935,40.0,2025-07-30,15:45
31936,40.0,2025-07-30,16:00
31937,40.0,2025-07-30,16:15
31938,40.0,2025-07-30,16:30
31939,40.0,2025-07-30,16:45
31940,40.0,2025-07-30,17:00
31941,40.0,2025-07-30,17:15
31942,160.45,2025-07-30,17:30
31943,201.75,2025-07-30,17:45
31944,190.66,2025-07-30,18:00
31945,213.06,2025-07-30,18:15
31946,223.0,2025-07-30,18:30
31947,240.07,2025-07-30,18:45
31948,247.13,2025-07-30,19:00
31949,261.17,2025-07-30,19:15
31950,339.56,2025-07-30,19:30
31951,244.89,2025-07-30,19:45
31952,230.16,2025-07-30,20:00
31953,225.33,2025-07-30,20:15
31954,329.68,2025-07-30,20:30
31955,349.78,2025-07-30,20:45
31956,349.78,2025-07-30,21:00
31957,349.78,2025-07-30,21:15
31958,319.8,2025-07-30,21:30
31959,319.79,2025-07-30,21:45
31960,350.0,2025-07-30,22:00
31961,300.0,2025-07-30,22:15
31962,300.0,2025-07-30,22:30
31963,300.0,2025-07-30,22:45
31964,250.0,2025-07-30,23:00
31965,250.0,2025-07-30,23:15
31966,250.0,2025-07-30,23:30
31967,290.0,2025-07-30,23:45
31968,300.0,2025-07-30,24:00
31969,300.0,2025-07-31,00:15
31970,380.0,2025-07-31,00:30
31971,300.0,2025-07-31,00:45
31972,270.0,2025-07-31,01:00
31973,40.0,2025-07-31,01:15
31974,100.0,2025-07-31,01:30
31975,40.0,2025-07-31,01:45
31976,40.0,2025-07-31,02:00
31977,40.0,2025-07-31,02:15
31978,40.0,2025-07-31,02:30
31979,40.0,2025-07-31,02:45
31980,40.0,2025-07-31,03:00
31981,40.0,2025-07-31,03:15
31982,40.0,2025-07-31,03:30
31983,270.0,2025-07-31,03:45
31984,280.0,2025-07-31,04:00
31985,300.0,2025-07-31,04:15
31986,300.0,2025-07-31,04:30
31987,320.0,2025-07-31,04:45
31988,320.0,2025-07-31,05:00
31989,300.0,2025-07-31,05:15
31990,300.0,2025-07-31,05:30
31991,300.0,2025-07-31,05:45
31992,300.0,2025-07-31,06:00
31993,300.0,2025-07-31,06:15
31994,299.99,2025-07-31,06:30
31995,299.96,2025-07-31,06:45
31996,249.93,2025-07-31,07:00
31997,249.9,2025-07-31,07:15
31998,99.96,2025-07-31,07:30
31999,40.0,2025-07-31,07:45
32000,40.0,2025-07-31,08:00
32001,40.0,2025-07-31,08:15
32002,40.0,2025-07-31,08:30
32003,40.0,2025-07-31,08:45
32004,40.0,2025-07-31,09:00
32005,205.52,2025-07-31,09:15
32006,204.17,2025-07-31,09:30
32007,40.0,2025-07-31,09:45
32008,40.0,2025-07-31,10:00
32009,197.47,2025-07-31,10:15
32010,179.24,2025-07-31,10:30
32011,208.69,2025-07-31,10:45
32012,255.87,2025-07-31,11:00
32013,239.7,2025-07-31,11:15
32014,248.36,2025-07-31,11:30
32015,245.24,2025-07-31,11:45
32016,243.03,2025-07-31,12:00
32017,241.45,2025-07-31,12:15
32018,233.15,2025-07-31,12:30
32019,240.46,2025-07-31,12:45
32020,240.99,2025-07-31,13:00
32021,224.11,2025-07-31,13:15
32022,245.78,2025-07-31,13:30
32023,255.0,2025-07-31,13:45
32024,256.26,2025-07-31,14:00
32025,256.29,2025-07-31,14:15
32026,254.63,2025-07-31,14:30
32027,254.02,2025-07-31,14:45
32028,254.57,2025-07-31,15:00
32029,253.89,2025-07-31,15:15
32030,241.05,2025-07-31,15:30
32031,232.16,2025-07-31,15:45
32032,235.34,2025-07-31,16:00
32033,247.77,2025-07-31,16:15
32034,245.04,2025-07-31,16:30
32035,268.06,2025-07-31,16:45
32036,258.17,2025-07-31,17:00
32037,263.98,2025-07-31,17:15
32038,267.66,2025-07-31,17:30
32039,268.64,2025-07-31,17:45
32040,265.62,2025-07-31,18:00
32041,264.76,2025-07-31,18:15
32042,270.53,2025-07-31,18:30
32043,266.82,2025-07-31,18:45
32044,245.53,2025-07-31,19:00
32045,281.63,2025-07-31,19:15
32046,267.42,2025-07-31,19:30
32047,237.59,2025-07-31,19:45
32048,286.84,2025-07-31,20:00
32049,279.76,2025-07-31,20:15
32050,267.68,2025-07-31,20:30
32051,257.68,2025-07-31,20:45
32052,316.32,2025-07-31,21:00
32053,322.47,2025-07-31,21:15
32054,351.35,2025-07-31,21:30
32055,273.52,2025-07-31,21:45
32056,267.68,2025-07-31,22:00
32057,309.44,2025-07-31,22:15
32058,337.09,2025-07-31,22:30
32059,309.31,2025-07-31,22:45
32060,440.0,2025-07-31,23:00
32061,460.0,2025-07-31,23:15
32062,460.0,2025-07-31,23:30
32063,450.0,2025-07-31,23:45
32064,450.0,2025-07-31,24:00
32065,340.0,2025-08-01,00:15
32066,320.0,2025-08-01,00:30
32067,320.0,2025-08-01,00:45
32068,300.0,2025-08-01,01:00
32069,290.0,2025-08-01,01:15
32070,300.0,2025-08-01,01:30
32071,290.0,2025-08-01,01:45
32072,290.0,2025-08-01,02:00
32073,300.0,2025-08-01,02:15
32074,300.0,2025-08-01,02:30
32075,300.0,2025-08-01,02:45
32076,300.0,2025-08-01,03:00
32077,300.0,2025-08-01,03:15
32078,300.0,2025-08-01,03:30
32079,300.0,2025-08-01,03:45
32080,310.0,2025-08-01,04:00
32081,310.0,2025-08-01,04:15
32082,303.74,2025-08-01,04:30
32083,226.24,2025-08-01,04:45
32084,300.0,2025-08-01,05:00
32085,300.0,2025-08-01,05:15
32086,300.0,2025-08-01,05:30
32087,300.0,2025-08-01,05:45
32088,320.0,2025-08-01,06:00
32089,309.93,2025-08-01,06:15
32090,225.11,2025-08-01,06:30
32091,221.46,2025-08-01,06:45
32092,219.67,2025-08-01,07:00
32093,205.7,2025-08-01,07:15
32094,200.71,2025-08-01,07:30
32095,40.0,2025-08-01,07:45
32096,40.0,2025-08-01,08:00
32097,40.0,2025-08-01,08:15
32098,107.64,2025-08-01,08:30
32099,180.82,2025-08-01,08:45
32100,183.27,2025-08-01,09:00
32101,159.85,2025-08-01,09:15
32102,165.97,2025-08-01,09:30
32103,167.74,2025-08-01,09:45
32104,176.99,2025-08-01,10:00
32105,206.54,2025-08-01,10:15
32106,191.63,2025-08-01,10:30
32107,204.76,2025-08-01,10:45
32108,209.53,2025-08-01,11:00
32109,229.52,2025-08-01,11:15
32110,221.44,2025-08-01,11:30
32111,215.04,2025-08-01,11:45
32112,191.29,2025-08-01,12:00
32113,191.75,2025-08-01,12:15
32114,186.31,2025-08-01,12:30
32115,187.18,2025-08-01,12:45
32116,186.81,2025-08-01,13:00
32117,196.61,2025-08-01,13:15
32118,193.89,2025-08-01,13:30
32119,189.56,2025-08-01,13:45
32120,194.75,2025-08-01,14:00
32121,194.07,2025-08-01,14:15
32122,206.03,2025-08-01,14:30
32123,205.96,2025-08-01,14:45
32124,207.62,2025-08-01,15:00
32125,207.43,2025-08-01,15:15
32126,212.85,2025-08-01,15:30
32127,207.92,2025-08-01,15:45
32128,199.33,2025-08-01,16:00
32129,191.41,2025-08-01,16:15
32130,196.45,2025-08-01,16:30
32131,187.31,2025-08-01,16:45
32132,200.21,2025-08-01,17:00
32133,242.73,2025-08-01,17:15
32134,243.98,2025-08-01,17:30
32135,286.58,2025-08-01,17:45
32136,316.0,2025-08-01,18:00
32137,317.85,2025-08-01,18:15
32138,327.44,2025-08-01,18:30
32139,346.32,2025-08-01,18:45
32140,342.79,2025-08-01,19:00
32141,388.88,2025-08-01,19:15
32142,424.19,2025-08-01,19:30
32143,367.47,2025-08-01,19:45
32144,408.59,2025-08-01,20:00
32145,387.68,2025-08-01,20:15
32146,400.0,2025-08-01,20:30
32147,400.0,2025-08-01,20:45
32148,337.04,2025-08-01,21:00
32149,333.82,2025-08-01,21:15
32150,328.95,2025-08-01,21:30
32151,308.88,2025-08-01,21:45
32152,320.0,2025-08-01,22:00
32153,329.1,2025-08-01,22:15
32154,327.61,2025-08-01,22:30
32155,350.0,2025-08-01,22:45
32156,330.0,2025-08-01,23:00
32157,320.0,2025-08-01,23:15
32158,320.0,2025-08-01,23:30
32159,320.0,2025-08-01,23:45
32160,300.0,2025-08-01,24:00
32161,350.0,2025-08-02,00:15
32162,320.0,2025-08-02,00:30
32163,290.0,2025-08-02,00:45
32164,215.77,2025-08-02,01:00
32165,220.58,2025-08-02,01:15
32166,211.39,2025-08-02,01:30
32167,225.35,2025-08-02,01:45
32168,211.78,2025-08-02,02:00
32169,208.87,2025-08-02,02:15
32170,209.53,2025-08-02,02:30
32171,197.06,2025-08-02,02:45
32172,197.54,2025-08-02,03:00
32173,195.05,2025-08-02,03:15
32174,199.13,2025-08-02,03:30
32175,197.68,2025-08-02,03:45
32176,206.41,2025-08-02,04:00
32177,40.0,2025-08-02,04:15
32178,186.79,2025-08-02,04:30
32179,185.16,2025-08-02,04:45
32180,188.75,2025-08-02,05:00
32181,175.46,2025-08-02,05:15
32182,200.51,2025-08-02,05:30
32183,218.42,2025-08-02,05:45
32184,231.49,2025-08-02,06:00
32185,248.14,2025-08-02,06:15
32186,232.8,2025-08-02,06:30
32187,231.85,2025-08-02,06:45
32188,216.03,2025-08-02,07:00
32189,229.44,2025-08-02,07:15
32190,201.52,2025-08-02,07:30
32191,40.0,2025-08-02,07:45
32192,40.0,2025-08-02,08:00
32193,40.0,2025-08-02,08:15
32194,40.0,2025-08-02,08:30
32195,185.79,2025-08-02,08:45
32196,196.67,2025-08-02,09:00
32197,96.79,2025-08-02,09:15
32198,195.01,2025-08-02,09:30
32199,203.34,2025-08-02,09:45
32200,175.36,2025-08-02,10:00
32201,175.31,2025-08-02,10:15
32202,175.02,2025-08-02,10:30
32203,154.91,2025-08-02,10:45
32204,176.96,2025-08-02,11:00
32205,182.26,2025-08-02,11:15
32206,174.8,2025-08-02,11:30
32207,174.17,2025-08-02,11:45
32208,170.49,2025-08-02,12:00
32209,173.44,2025-08-02,12:15
32210,173.73,2025-08-02,12:30
32211,174.19,2025-08-02,12:45
32212,168.67,2025-08-02,13:00
32213,176.19,2025-08-02,13:15
32214,180.63,2025-08-02,13:30
32215,176.1,2025-08-02,13:45
32216,175.28,2025-08-02,14:00
32217,192.12,2025-08-02,14:15
32218,191.72,2025-08-02,14:30
32219,185.66,2025-08-02,14:45
32220,185.97,2025-08-02,15:00
32221,186.25,2025-08-02,15:15
32222,186.91,2025-08-02,15:30
32223,187.79,2025-08-02,15:45
32224,188.05,2025-08-02,16:00
32225,187.74,2025-08-02,16:15
32226,186.23,2025-08-02,16:30
32227,207.95,2025-08-02,16:45
32228,193.43,2025-08-02,17:00
32229,235.1,2025-08-02,17:15
32230,232.32,2025-08-02,17:30
32231,243.52,2025-08-02,17:45
32232,256.2,2025-08-02,18:00
32233,263.19,2025-08-02,18:15
32234,346.72,2025-08-02,18:30
32235,327.41,2025-08-02,18:45
32236,319.28,2025-08-02,19:00
32237,397.37,2025-08-02,19:15
32238,421.45,2025-08-02,19:30
32239,440.0,2025-08-02,19:45
32240,420.0,2025-08-02,20:00
32241,379.14,2025-08-02,20:15
32242,338.03,2025-08-02,20:30
32243,375.95,2025-08-02,20:45
32244,349.33,2025-08-02,21:00
32245,367.98,2025-08-02,21:15
32246,352.61,2025-08-02,21:30
32247,375.53,2025-08-02,21:45
32248,375.0,2025-08-02,22:00
32249,360.49,2025-08-02,22:15
32250,385.91,2025-08-02,22:30
32251,341.79,2025-08-02,22:45
32252,321.91,2025-08-02,23:00
32253,403.99,2025-08-02,23:15
32254,355.4,2025-08-02,23:30
32255,346.76,2025-08-02,23:45
32256,307.65,2025-08-02,24:00
32257,226.31,2025-08-03,00:15
32258,220.33,2025-08-03,00:30
32259,198.69,2025-08-03,00:45
32260,197.1,2025-08-03,01:00
32261,206.28,2025-08-03,01:15
32262,210.08,2025-08-03,01:30
32263,213.19,2025-08-03,01:45
32264,214.78,2025-08-03,02:00
32265,211.18,2025-08-03,02:15
32266,216.4,2025-08-03,02:30
32267,236.91,2025-08-03,02:45
32268,264.21,2025-08-03,03:00
32269,249.71,2025-08-03,03:15
32270,209.02,2025-08-03,03:30
32271,198.59,2025-08-03,03:45
32272,187.26,2025-08-03,04:00
32273,199.73,2025-08-03,04:15
32274,236.17,2025-08-03,04:30
32275,224.17,2025-08-03,04:45
32276,223.65,2025-08-03,05:00
32277,232.98,2025-08-03,05:15
32278,231.55,2025-08-03,05:30
32279,236.76,2025-08-03,05:45
32280,238.45,2025-08-03,06:00
32281,246.54,2025-08-03,06:15
32282,243.86,2025-08-03,06:30
32283,242.38,2025-08-03,06:45
32284,238.78,2025-08-03,07:00
32285,250.15,2025-08-03,07:15
32286,229.97,2025-08-03,07:30
32287,202.12,2025-08-03,07:45
32288,40.0,2025-08-03,08:00
32289,40.0,2025-08-03,08:15
32290,40.0,2025-08-03,08:30
32291,40.0,2025-08-03,08:45
32292,215.33,2025-08-03,09:00
32293,40.0,2025-08-03,09:15
32294,201.67,2025-08-03,09:30
32295,222.77,2025-08-03,09:45
32296,227.02,2025-08-03,10:00
32297,217.32,2025-08-03,10:15
32298,178.39,2025-08-03,10:30
32299,198.77,2025-08-03,10:45
32300,215.24,2025-08-03,11:00
32301,222.21,2025-08-03,11:15
32302,213.25,2025-08-03,11:30
32303,203.17,2025-08-03,11:45
32304,183.87,2025-08-03,12:00
32305,187.61,2025-08-03,12:15
32306,187.4,2025-08-03,12:30
32307,181.52,2025-08-03,12:45
32308,175.87,2025-08-03,13:00
32309,190.54,2025-08-03,13:15
32310,183.47,2025-08-03,13:30
32311,201.45,2025-08-03,13:45
32312,218.56,2025-08-03,14:00
32313,221.53,2025-08-03,14:15
32314,198.58,2025-08-03,14:30
32315,182.5,2025-08-03,14:45
32316,176.57,2025-08-03,15:00
32317,188.75,2025-08-03,15:15
32318,194.22,2025-08-03,15:30
32319,177.28,2025-08-03,15:45
32320,182.03,2025-08-03,16:00
32321,171.24,2025-08-03,16:15
32322,205.23,2025-08-03,16:30
32323,177.05,2025-08-03,16:45
32324,184.65,2025-08-03,17:00
32325,226.34,2025-08-03,17:15
32326,199.92,2025-08-03,17:30
32327,209.55,2025-08-03,17:45
32328,185.96,2025-08-03,18:00
32329,182.95,2025-08-03,18:15
32330,220.03,2025-08-03,18:30
32331,228.04,2025-08-03,18:45
32332,253.78,2025-08-03,19:00
32333,342.84,2025-08-03,19:15
32334,350.21,2025-08-03,19:30
32335,294.2,2025-08-03,19:45
32336,311.05,2025-08-03,20:00
32337,253.47,2025-08-03,20:15
32338,254.69,2025-08-03,20:30
32339,307.72,2025-08-03,20:45
32340,238.93,2025-08-03,21:00
32341,226.19,2025-08-03,21:15
32342,226.5,2025-08-03,21:30
32343,208.41,2025-08-03,21:45
32344,212.5,2025-08-03,22:00
32345,227.39,2025-08-03,22:15
32346,202.72,2025-08-03,22:30
32347,196.66,2025-08-03,22:45
32348,216.13,2025-08-03,23:00
32349,242.19,2025-08-03,23:15
32350,226.55,2025-08-03,23:30
32351,225.82,2025-08-03,23:45
32352,196.82,2025-08-03,24:00
32353,40.0,2025-08-04,00:15
32354,40.0,2025-08-04,00:30
32355,40.0,2025-08-04,00:45
32356,40.0,2025-08-04,01:00
32357,40.0,2025-08-04,01:15
32358,40.0,2025-08-04,01:30
32359,40.0,2025-08-04,01:45
32360,40.0,2025-08-04,02:00
32361,40.0,2025-08-04,02:15
32362,40.0,2025-08-04,02:30
32363,190.34,2025-08-04,02:45
32364,40.0,2025-08-04,03:00
32365,200.0,2025-08-04,03:15
32366,40.0,2025-08-04,03:30
32367,227.21,2025-08-04,03:45
32368,260.0,2025-08-04,04:00
32369,280.0,2025-08-04,04:15
32370,280.0,2025-08-04,04:30
32371,263.19,2025-08-04,04:45
32372,263.19,2025-08-04,05:00
32373,263.56,2025-08-04,05:15
32374,254.21,2025-08-04,05:30
32375,254.4,2025-08-04,05:45
32376,187.97,2025-08-04,06:00
32377,190.75,2025-08-04,06:15
32378,189.22,2025-08-04,06:30
32379,187.07,2025-08-04,06:45
32380,235.59,2025-08-04,07:00
32381,245.11,2025-08-04,07:15
32382,245.15,2025-08-04,07:30
32383,40.0,2025-08-04,07:45
32384,40.0,2025-08-04,08:00
32385,119.95,2025-08-04,08:15
32386,40.0,2025-08-04,08:30
32387,190.8,2025-08-04,08:45
32388,109.28,2025-08-04,09:00
32389,152.79,2025-08-04,09:15
32390,238.68,2025-08-04,09:30
32391,252.55,2025-08-04,09:45
32392,227.84,2025-08-04,10:00
32393,182.25,2025-08-04,10:15
32394,180.77,2025-08-04,10:30
32395,182.31,2025-08-04,10:45
32396,186.13,2025-08-04,11:00
32397,215.8,2025-08-04,11:15
32398,213.38,2025-08-04,11:30
32399,183.66,2025-08-04,11:45
32400,165.67,2025-08-04,12:00
32401,160.27,2025-08-04,12:15
32402,161.58,2025-08-04,12:30
32403,162.52,2025-08-04,12:45
32404,174.41,2025-08-04,13:00
32405,184.71,2025-08-04,13:15
32406,184.04,2025-08-04,13:30
32407,176.53,2025-08-04,13:45
32408,184.38,2025-08-04,14:00
32409,190.96,2025-08-04,14:15
32410,191.86,2025-08-04,14:30
32411,185.11,2025-08-04,14:45
32412,186.53,2025-08-04,15:00
32413,185.74,2025-08-04,15:15
32414,185.67,2025-08-04,15:30
32415,187.64,2025-08-04,15:45
32416,191.54,2025-08-04,16:00
32417,194.25,2025-08-04,16:15
32418,171.34,2025-08-04,16:30
32419,178.99,2025-08-04,16:45
32420,220.0,2025-08-04,17:00
32421,232.29,2025-08-04,17:15
32422,262.17,2025-08-04,17:30
32423,268.47,2025-08-04,17:45
32424,261.34,2025-08-04,18:00
32425,244.79,2025-08-04,18:15
32426,247.43,2025-08-04,18:30
32427,270.4,2025-08-04,18:45
32428,335.05,2025-08-04,19:00
32429,339.06,2025-08-04,19:15
32430,342.64,2025-08-04,19:30
32431,339.98,2025-08-04,19:45
32432,400.0,2025-08-04,20:00
32433,350.0,2025-08-04,20:15
32434,350.0,2025-08-04,20:30
32435,370.0,2025-08-04,20:45
32436,400.0,2025-08-04,21:00
32437,410.0,2025-08-04,21:15
32438,400.0,2025-08-04,21:30
32439,390.0,2025-08-04,21:45
32440,390.0,2025-08-04,22:00
32441,310.0,2025-08-04,22:15
32442,320.0,2025-08-04,22:30
32443,300.0,2025-08-04,22:45
32444,320.0,2025-08-04,23:00
32445,320.0,2025-08-04,23:15
32446,320.0,2025-08-04,23:30
32447,320.0,2025-08-04,23:45
32448,340.0,2025-08-04,24:00
32449,360.0,2025-08-05,00:15
32450,330.0,2025-08-05,00:30
32451,330.0,2025-08-05,00:45
32452,320.0,2025-08-05,01:00
32453,320.0,2025-08-05,01:15
32454,320.0,2025-08-05,01:30
32455,340.0,2025-08-05,01:45
32456,330.0,2025-08-05,02:00
32457,350.0,2025-08-05,02:15
32458,330.0,2025-08-05,02:30
32459,310.0,2025-08-05,02:45
32460,300.0,2025-08-05,03:00
32461,320.0,2025-08-05,03:15
32462,310.0,2025-08-05,03:30
32463,300.0,2025-08-05,03:45
32464,245.88,2025-08-05,04:00
32465,280.0,2025-08-05,04:15
32466,270.0,2025-08-05,04:30
32467,280.0,2025-08-05,04:45
32468,280.0,2025-08-05,05:00
32469,182.27,2025-08-05,05:15
32470,185.39,2025-08-05,05:30
32471,165.83,2025-08-05,05:45
32472,185.63,2025-08-05,06:00
32473,175.32,2025-08-05,06:15
32474,176.37,2025-08-05,06:30
32475,193.22,2025-08-05,06:45
32476,203.06,2025-08-05,07:00
32477,223.2,2025-08-05,07:15
32478,218.04,2025-08-05,07:30
32479,215.31,2025-08-05,07:45
32480,208.31,2025-08-05,08:00
32481,197.68,2025-08-05,08:15
32482,195.07,2025-08-05,08:30
32483,186.44,2025-08-05,08:45
32484,193.03,2025-08-05,09:00
32485,223.34,2025-08-05,09:15
32486,249.95,2025-08-05,09:30
32487,262.0,2025-08-05,09:45
32488,284.14,2025-08-05,10:00
32489,269.74,2025-08-05,10:15
32490,253.0,2025-08-05,10:30
32491,260.98,2025-08-05,10:45
32492,255.93,2025-08-05,11:00
32493,256.42,2025-08-05,11:15
32494,214.57,2025-08-05,11:30
32495,224.96,2025-08-05,11:45
32496,227.29,2025-08-05,12:00
32497,214.19,2025-08-05,12:15
32498,213.2,2025-08-05,12:30
32499,202.09,2025-08-05,12:45
32500,194.06,2025-08-05,13:00
32501,201.09,2025-08-05,13:15
32502,194.45,2025-08-05,13:30
32503,194.41,2025-08-05,13:45
32504,194.8,2025-08-05,14:00
32505,224.47,2025-08-05,14:15
32506,226.0,2025-08-05,14:30
32507,222.57,2025-08-05,14:45
32508,230.13,2025-08-05,15:00
32509,224.31,2025-08-05,15:15
32510,224.35,2025-08-05,15:30
32511,229.54,2025-08-05,15:45
32512,221.94,2025-08-05,16:00
32513,220.72,2025-08-05,16:15
32514,265.46,2025-08-05,16:30
32515,256.11,2025-08-05,16:45
32516,264.48,2025-08-05,17:00
32517,284.78,2025-08-05,17:15
32518,381.79,2025-08-05,17:30
32519,442.29,2025-08-05,17:45
32520,436.78,2025-08-05,18:00
32521,294.37,2025-08-05,18:15
32522,299.44,2025-08-05,18:30
32523,348.34,2025-08-05,18:45
32524,334.57,2025-08-05,19:00
32525,353.68,2025-08-05,19:15
32526,453.51,2025-08-05,19:30
32527,470.63,2025-08-05,19:45
32528,484.23,2025-08-05,20:00
32529,335.85,2025-08-05,20:15
32530,335.76,2025-08-05,20:30
32531,343.65,2025-08-05,20:45
32532,335.7,2025-08-05,21:00
32533,454.44,2025-08-05,21:15
32534,444.18,2025-08-05,21:30
32535,450.5,2025-08-05,21:45
32536,434.17,2025-08-05,22:00
32537,441.39,2025-08-05,22:15
32538,444.45,2025-08-05,22:30
32539,452.42,2025-08-05,22:45
32540,441.88,2025-08-05,23:00
32541,372.2,2025-08-05,23:15
32542,403.54,2025-08-05,23:30
32543,284.98,2025-08-05,23:45
32544,268.88,2025-08-05,24:00
32545,329.37,2025-08-06,00:15
32546,387.6,2025-08-06,00:30
32547,457.0,2025-08-06,00:45
32548,486.1,2025-08-06,01:00
32549,443.19,2025-08-06,01:15
32550,410.16,2025-08-06,01:30
32551,304.64,2025-08-06,01:45
32552,285.66,2025-08-06,02:00
32553,329.14,2025-08-06,02:15
32554,332.02,2025-08-06,02:30
32555,319.62,2025-08-06,02:45
32556,333.83,2025-08-06,03:00
32557,325.5,2025-08-06,03:15
32558,366.8,2025-08-06,03:30
32559,320.01,2025-08-06,03:45
32560,302.95,2025-08-06,04:00
32561,317.18,2025-08-06,04:15
32562,315.33,2025-08-06,04:30
32563,313.74,2025-08-06,04:45
32564,313.42,2025-08-06,05:00
32565,325.55,2025-08-06,05:15
32566,324.57,2025-08-06,05:30
32567,323.6,2025-08-06,05:45
32568,321.76,2025-08-06,06:00
32569,315.25,2025-08-06,06:15
32570,408.43,2025-08-06,06:30
32571,283.17,2025-08-06,06:45
32572,288.1,2025-08-06,07:00
32573,281.69,2025-08-06,07:15
32574,275.87,2025-08-06,07:30
32575,263.02,2025-08-06,07:45
32576,296.06,2025-08-06,08:00
32577,229.25,2025-08-06,08:15
32578,261.01,2025-08-06,08:30
32579,257.05,2025-08-06,08:45
32580,269.59,2025-08-06,09:00
32581,232.12,2025-08-06,09:15
32582,267.94,2025-08-06,09:30
32583,304.4,2025-08-06,09:45
32584,253.94,2025-08-06,10:00
32585,252.32,2025-08-06,10:15
32586,320.84,2025-08-06,10:30
32587,307.04,2025-08-06,10:45
32588,261.02,2025-08-06,11:00
32589,272.93,2025-08-06,11:15
32590,257.13,2025-08-06,11:30
32591,256.46,2025-08-06,11:45
32592,316.09,2025-08-06,12:00
32593,261.26,2025-08-06,12:15
32594,286.55,2025-08-06,12:30
32595,280.67,2025-08-06,12:45
32596,263.89,2025-08-06,13:00
32597,271.37,2025-08-06,13:15
32598,271.68,2025-08-06,13:30
32599,271.33,2025-08-06,13:45
32600,273.32,2025-08-06,14:00
32601,273.08,2025-08-06,14:15
32602,273.29,2025-08-06,14:30
32603,282.85,2025-08-06,14:45
32604,294.04,2025-08-06,15:00
32605,268.32,2025-08-06,15:15
32606,260.65,2025-08-06,15:30
32607,288.86,2025-08-06,15:45
32608,293.86,2025-08-06,16:00
32609,294.13,2025-08-06,16:15
32610,296.3,2025-08-06,16:30
32611,326.84,2025-08-06,16:45
32612,326.01,2025-08-06,17:00
32613,391.11,2025-08-06,17:15
32614,427.64,2025-08-06,17:30
32615,451.65,2025-08-06,17:45
32616,429.03,2025-08-06,18:00
32617,382.64,2025-08-06,18:15
32618,380.71,2025-08-06,18:30
32619,491.98,2025-08-06,18:45
32620,517.6,2025-08-06,19:00
32621,419.2,2025-08-06,19:15
32622,516.62,2025-08-06,19:30
32623,610.0,2025-08-06,19:45
32624,600.0,2025-08-06,20:00
32625,620.0,2025-08-06,20:15
32626,539.56,2025-08-06,20:30
32627,545.21,2025-08-06,20:45
32628,549.59,2025-08-06,21:00
32629,513.62,2025-08-06,21:15
32630,489.42,2025-08-06,21:30
32631,480.04,2025-08-06,21:45
32632,498.94,2025-08-06,22:00
32633,475.33,2025-08-06,22:15
32634,477.73,2025-08-06,22:30
32635,445.39,2025-08-06,22:45
32636,509.75,2025-08-06,23:00
32637,508.97,2025-08-06,23:15
32638,507.62,2025-08-06,23:30
32639,389.55,2025-08-06,23:45
32640,450.05,2025-08-06,24:00
32641,510.0,2025-08-07,00:15
32642,460.0,2025-08-07,00:30
32643,440.0,2025-08-07,00:45
32644,410.0,2025-08-07,01:00
32645,410.0,2025-08-07,01:15
32646,410.0,2025-08-07,01:30
32647,400.0,2025-08-07,01:45
32648,410.0,2025-08-07,02:00
32649,410.0,2025-08-07,02:15
32650,400.0,2025-08-07,02:30
32651,400.0,2025-08-07,02:45
32652,400.0,2025-08-07,03:00
32653,400.0,2025-08-07,03:15
32654,400.0,2025-08-07,03:30
32655,400.0,2025-08-07,03:45
32656,410.0,2025-08-07,04:00
32657,400.0,2025-08-07,04:15
32658,400.0,2025-08-07,04:30
32659,410.0,2025-08-07,04:45
32660,410.0,2025-08-07,05:00
32661,430.0,2025-08-07,05:15
32662,430.0,2025-08-07,05:30
32663,430.0,2025-08-07,05:45
32664,450.0,2025-08-07,06:00
32665,450.0,2025-08-07,06:15
32666,459.97,2025-08-07,06:30
32667,459.97,2025-08-07,06:45
32668,449.95,2025-08-07,07:00
32669,459.92,2025-08-07,07:15
32670,449.87,2025-08-07,07:30
32671,429.81,2025-08-07,07:45
32672,409.7,2025-08-07,08:00
32673,429.6,2025-08-07,08:15
32674,439.52,2025-08-07,08:30
32675,409.46,2025-08-07,08:45
32676,409.39,2025-08-07,09:00
32677,409.32,2025-08-07,09:15
32678,439.23,2025-08-07,09:30
32679,449.15,2025-08-07,09:45
32680,449.11,2025-08-07,10:00
32681,399.14,2025-08-07,10:15
32682,409.11,2025-08-07,10:30
32683,382.88,2025-08-07,10:45
32684,409.05,2025-08-07,11:00
32685,375.8,2025-08-07,11:15
32686,407.5,2025-08-07,11:30
32687,394.21,2025-08-07,11:45
32688,345.29,2025-08-07,12:00
32689,372.57,2025-08-07,12:15
32690,398.92,2025-08-07,12:30
32691,321.6,2025-08-07,12:45
32692,312.32,2025-08-07,13:00
32693,305.05,2025-08-07,13:15
32694,199.78,2025-08-07,13:30
32695,211.24,2025-08-07,13:45
32696,222.76,2025-08-07,14:00
32697,222.78,2025-08-07,14:15
32698,224.51,2025-08-07,14:30
32699,223.09,2025-08-07,14:45
32700,223.73,2025-08-07,15:00
32701,221.56,2025-08-07,15:15
32702,223.78,2025-08-07,15:30
32703,316.16,2025-08-07,15:45
32704,320.9,2025-08-07,16:00
32705,349.96,2025-08-07,16:15
32706,340.01,2025-08-07,16:30
32707,351.0,2025-08-07,16:45
32708,399.55,2025-08-07,17:00
32709,300.08,2025-08-07,17:15
32710,311.76,2025-08-07,17:30
32711,340.3,2025-08-07,17:45
32712,346.83,2025-08-07,18:00
32713,355.11,2025-08-07,18:15
32714,336.62,2025-08-07,18:30
32715,386.24,2025-08-07,18:45
32716,393.4,2025-08-07,19:00
32717,467.23,2025-08-07,19:15
32718,419.55,2025-08-07,19:30
32719,409.98,2025-08-07,19:45
32720,420.0,2025-08-07,20:00
32721,450.0,2025-08-07,20:15
32722,450.0,2025-08-07,20:30
32723,460.0,2025-08-07,20:45
32724,555.13,2025-08-07,21:00
32725,537.24,2025-08-07,21:15
32726,443.04,2025-08-07,21:30
32727,460.0,2025-08-07,21:45
32728,450.0,2025-08-07,22:00
32729,450.0,2025-08-07,22:15
32730,450.0,2025-08-07,22:30
32731,480.0,2025-08-07,22:45
32732,451.33,2025-08-07,23:00
32733,475.03,2025-08-07,23:15
32734,460.0,2025-08-07,23:30
32735,400.0,2025-08-07,23:45
32736,400.0,2025-08-07,24:00
32737,380.0,2025-08-08,00:15
32738,360.0,2025-08-08,00:30
32739,400.0,2025-08-08,00:45
32740,400.0,2025-08-08,01:00
32741,360.0,2025-08-08,01:15
32742,360.0,2025-08-08,01:30
32743,400.0,2025-08-08,01:45
32744,400.0,2025-08-08,02:00
32745,400.0,2025-08-08,02:15
32746,390.0,2025-08-08,02:30
32747,400.0,2025-08-08,02:45
32748,360.0,2025-08-08,03:00
32749,350.0,2025-08-08,03:15
32750,360.0,2025-08-08,03:30
32751,350.0,2025-08-08,03:45
32752,360.0,2025-08-08,04:00
32753,350.0,2025-08-08,04:15
32754,360.0,2025-08-08,04:30
32755,400.0,2025-08-08,04:45
32756,400.0,2025-08-08,05:00
32757,400.0,2025-08-08,05:15
32758,390.0,2025-08-08,05:30
32759,400.0,2025-08-08,05:45
32760,400.0,2025-08-08,06:00
32761,400.0,2025-08-08,06:15
32762,400.0,2025-08-08,06:30
32763,390.0,2025-08-08,06:45
32764,359.98,2025-08-08,07:00
32765,349.98,2025-08-08,07:15
32766,349.96,2025-08-08,07:30
32767,299.97,2025-08-08,07:45
32768,279.94,2025-08-08,08:00
32769,249.95,2025-08-08,08:15
32770,249.94,2025-08-08,08:30
32771,129.97,2025-08-08,08:45
32772,212.95,2025-08-08,09:00
32773,201.54,2025-08-08,09:15
32774,223.51,2025-08-08,09:30
32775,40.0,2025-08-08,09:45
32776,159.76,2025-08-08,10:00
32777,172.39,2025-08-08,10:15
32778,237.7,2025-08-08,10:30
32779,249.03,2025-08-08,10:45
32780,259.31,2025-08-08,11:00
32781,265.19,2025-08-08,11:15
32782,260.38,2025-08-08,11:30
32783,254.38,2025-08-08,11:45
32784,248.43,2025-08-08,12:00
32785,193.33,2025-08-08,12:15
32786,188.74,2025-08-08,12:30
32787,193.12,2025-08-08,12:45
32788,196.89,2025-08-08,13:00
32789,216.19,2025-08-08,13:15
32790,202.66,2025-08-08,13:30
32791,220.17,2025-08-08,13:45
32792,228.64,2025-08-08,14:00
32793,231.2,2025-08-08,14:15
32794,249.73,2025-08-08,14:30
32795,259.49,2025-08-08,14:45
32796,259.87,2025-08-08,15:00
32797,270.71,2025-08-08,15:15
32798,266.35,2025-08-08,15:30
32799,256.63,2025-08-08,15:45
32800,266.76,2025-08-08,16:00
32801,268.41,2025-08-08,16:15
32802,258.86,2025-08-08,16:30
32803,256.75,2025-08-08,16:45
32804,238.96,2025-08-08,17:00
32805,253.51,2025-08-08,17:15
32806,314.41,2025-08-08,17:30
32807,324.97,2025-08-08,17:45
32808,308.21,2025-08-08,18:00
32809,307.91,2025-08-08,18:15
32810,321.45,2025-08-08,18:30
32811,361.28,2025-08-08,18:45
32812,355.77,2025-08-08,19:00
32813,353.37,2025-08-08,19:15
32814,351.87,2025-08-08,19:30
32815,352.82,2025-08-08,19:45
32816,371.19,2025-08-08,20:00
32817,337.0,2025-08-08,20:15
32818,341.98,2025-08-08,20:30
32819,342.88,2025-08-08,20:45
32820,340.71,2025-08-08,21:00
32821,333.08,2025-08-08,21:15
32822,315.05,2025-08-08,21:30
32823,295.45,2025-08-08,21:45
32824,282.04,2025-08-08,22:00
32825,290.05,2025-08-08,22:15
32826,273.39,2025-08-08,22:30
32827,271.55,2025-08-08,22:45
32828,317.15,2025-08-08,23:00
32829,350.0,2025-08-08,23:15
32830,360.0,2025-08-08,23:30
32831,360.0,2025-08-08,23:45
32832,360.0,2025-08-08,24:00
32833,400.0,2025-08-09,00:15
32834,390.0,2025-08-09,00:30
32835,390.0,2025-08-09,00:45
32836,390.0,2025-08-09,01:00
32837,380.0,2025-08-09,01:15
32838,380.0,2025-08-09,01:30
32839,380.0,2025-08-09,01:45
32840,390.0,2025-08-09,02:00
32841,400.0,2025-08-09,02:15
32842,400.0,2025-08-09,02:30
32843,400.0,2025-08-09,02:45
32844,400.0,2025-08-09,03:00
32845,400.0,2025-08-09,03:15
32846,400.0,2025-08-09,03:30
32847,400.0,2025-08-09,03:45
32848,400.0,2025-08-09,04:00
32849,400.0,2025-08-09,04:15
32850,400.0,2025-08-09,04:30
32851,400.0,2025-08-09,04:45
32852,400.0,2025-08-09,05:00
32853,410.0,2025-08-09,05:15
32854,410.0,2025-08-09,05:30
32855,410.0,2025-08-09,05:45
32856,420.0,2025-08-09,06:00
32857,410.0,2025-08-09,06:15
32858,420.0,2025-08-09,06:30
32859,419.97,2025-08-09,06:45
32860,409.95,2025-08-09,07:00
32861,399.93,2025-08-09,07:15
32862,399.91,2025-08-09,07:30
32863,389.84,2025-08-09,07:45
32864,349.78,2025-08-09,08:00
32865,309.74,2025-08-09,08:15
32866,191.58,2025-08-09,08:30
32867,187.46,2025-08-09,08:45
32868,232.29,2025-08-09,09:00
32869,209.66,2025-08-09,09:15
32870,223.99,2025-08-09,09:30
32871,237.96,2025-08-09,09:45
32872,219.45,2025-08-09,10:00
32873,224.57,2025-08-09,10:15
32874,211.65,2025-08-09,10:30
32875,210.71,2025-08-09,10:45
32876,200.72,2025-08-09,11:00
32877,199.21,2025-08-09,11:15
32878,189.31,2025-08-09,11:30
32879,210.78,2025-08-09,11:45
32880,206.43,2025-08-09,12:00
32881,202.97,2025-08-09,12:15
32882,194.29,2025-08-09,12:30
32883,182.49,2025-08-09,12:45
32884,164.68,2025-08-09,13:00
32885,177.66,2025-08-09,13:15
32886,163.65,2025-08-09,13:30
32887,158.66,2025-08-09,13:45
32888,155.73,2025-08-09,14:00
32889,152.3,2025-08-09,14:15
32890,150.32,2025-08-09,14:30
32891,156.02,2025-08-09,14:45
32892,164.46,2025-08-09,15:00
32893,187.7,2025-08-09,15:15
32894,192.32,2025-08-09,15:30
32895,195.21,2025-08-09,15:45
32896,205.01,2025-08-09,16:00
32897,210.08,2025-08-09,16:15
32898,219.24,2025-08-09,16:30
32899,214.14,2025-08-09,16:45
32900,211.75,2025-08-09,17:00
32901,257.39,2025-08-09,17:15
32902,256.69,2025-08-09,17:30
32903,269.92,2025-08-09,17:45
32904,322.56,2025-08-09,18:00
32905,319.12,2025-08-09,18:15
32906,382.68,2025-08-09,18:30
32907,490.95,2025-08-09,18:45
32908,418.61,2025-08-09,19:00
32909,452.16,2025-08-09,19:15
32910,507.37,2025-08-09,19:30
32911,504.22,2025-08-09,19:45
32912,496.92,2025-08-09,20:00
32913,481.08,2025-08-09,20:15
32914,478.94,2025-08-09,20:30
32915,464.3,2025-08-09,20:45
32916,447.16,2025-08-09,21:00
32917,435.66,2025-08-09,21:15
32918,421.29,2025-08-09,21:30
32919,440.89,2025-08-09,21:45
32920,417.49,2025-08-09,22:00
32921,392.56,2025-08-09,22:15
32922,322.94,2025-08-09,22:30
32923,312.15,2025-08-09,22:45
32924,278.56,2025-08-09,23:00
32925,251.25,2025-08-09,23:15
32926,256.48,2025-08-09,23:30
32927,379.51,2025-08-09,23:45
32928,361.02,2025-08-09,24:00
32929,273.83,2025-08-10,00:15
32930,244.33,2025-08-10,00:30
32931,209.19,2025-08-10,00:45
32932,201.03,2025-08-10,01:00
32933,198.94,2025-08-10,01:15
32934,183.91,2025-08-10,01:30
32935,40.0,2025-08-10,01:45
32936,264.32,2025-08-10,02:00
32937,269.56,2025-08-10,02:15
32938,291.2,2025-08-10,02:30
32939,291.45,2025-08-10,02:45
32940,308.85,2025-08-10,03:00
32941,295.74,2025-08-10,03:15
32942,311.78,2025-08-10,03:30
32943,323.85,2025-08-10,03:45
32944,306.2,2025-08-10,04:00
32945,302.5,2025-08-10,04:15
32946,330.0,2025-08-10,04:30
32947,350.0,2025-08-10,04:45
32948,350.0,2025-08-10,05:00
32949,360.0,2025-08-10,05:15
32950,360.0,2025-08-10,05:30
32951,360.0,2025-08-10,05:45
32952,360.0,2025-08-10,06:00
32953,360.0,2025-08-10,06:15
32954,359.98,2025-08-10,06:30
32955,349.98,2025-08-10,06:45
32956,329.96,2025-08-10,07:00
32957,309.96,2025-08-10,07:15
32958,299.96,2025-08-10,07:30
32959,259.97,2025-08-10,07:45
32960,40.0,2025-08-10,08:00
32961,40.0,2025-08-10,08:15
32962,40.0,2025-08-10,08:30
32963,40.0,2025-08-10,08:45
32964,40.0,2025-08-10,09:00
32965,197.99,2025-08-10,09:15
32966,218.52,2025-08-10,09:30
32967,190.98,2025-08-10,09:45
32968,201.7,2025-08-10,10:00
32969,186.93,2025-08-10,10:15
32970,188.88,2025-08-10,10:30
32971,182.31,2025-08-10,10:45
32972,189.53,2025-08-10,11:00
32973,195.59,2025-08-10,11:15
32974,198.42,2025-08-10,11:30
32975,195.42,2025-08-10,11:45
32976,184.3,2025-08-10,12:00
32977,174.92,2025-08-10,12:15
32978,174.49,2025-08-10,12:30
32979,40.0,2025-08-10,12:45
32980,40.0,2025-08-10,13:00
32981,140.08,2025-08-10,13:15
32982,40.0,2025-08-10,13:30
32983,40.0,2025-08-10,13:45
32984,175.24,2025-08-10,14:00
32985,184.1,2025-08-10,14:15
32986,177.68,2025-08-10,14:30
32987,193.49,2025-08-10,14:45
32988,190.36,2025-08-10,15:00
32989,194.55,2025-08-10,15:15
32990,206.54,2025-08-10,15:30
32991,210.77,2025-08-10,15:45
32992,214.64,2025-08-10,16:00
32993,218.14,2025-08-10,16:15
32994,218.93,2025-08-10,16:30
32995,212.88,2025-08-10,16:45
32996,213.86,2025-08-10,17:00
32997,242.09,2025-08-10,17:15
32998,245.34,2025-08-10,17:30
32999,244.05,2025-08-10,17:45
33000,236.95,2025-08-10,18:00
33001,230.97,2025-08-10,18:15
33002,227.76,2025-08-10,18:30
33003,235.11,2025-08-10,18:45
33004,242.62,2025-08-10,19:00
33005,296.91,2025-08-10,19:15
33006,291.6,2025-08-10,19:30
33007,312.63,2025-08-10,19:45
33008,311.62,2025-08-10,20:00
33009,303.99,2025-08-10,20:15
33010,311.2,2025-08-10,20:30
33011,293.73,2025-08-10,20:45
33012,299.36,2025-08-10,21:00
33013,298.53,2025-08-10,21:15
33014,293.64,2025-08-10,21:30
33015,359.07,2025-08-10,21:45
33016,378.11,2025-08-10,22:00
33017,369.38,2025-08-10,22:15
33018,350.97,2025-08-10,22:30
33019,358.45,2025-08-10,22:45
33020,251.25,2025-08-10,23:00
33021,256.12,2025-08-10,23:15
33022,263.02,2025-08-10,23:30
33023,264.16,2025-08-10,23:45
33024,257.17,2025-08-10,24:00
33025,261.08,2025-08-11,00:15
33026,262.72,2025-08-11,00:30
33027,250.31,2025-08-11,00:45
33028,212.86,2025-08-11,01:00
33029,204.58,2025-08-11,01:15
33030,183.58,2025-08-11,01:30
33031,180.99,2025-08-11,01:45
33032,170.2,2025-08-11,02:00
33033,178.91,2025-08-11,02:15
33034,193.83,2025-08-11,02:30
33035,188.45,2025-08-11,02:45
33036,186.8,2025-08-11,03:00
33037,179.97,2025-08-11,03:15
33038,176.44,2025-08-11,03:30
33039,170.43,2025-08-11,03:45
33040,250.0,2025-08-11,04:00
33041,171.5,2025-08-11,04:15
33042,170.86,2025-08-11,04:30
33043,168.04,2025-08-11,04:45
33044,167.78,2025-08-11,05:00
33045,181.84,2025-08-11,05:15
33046,181.24,2025-08-11,05:30
33047,179.4,2025-08-11,05:45
33048,250.0,2025-08-11,06:00
33049,260.0,2025-08-11,06:15
33050,279.98,2025-08-11,06:30
33051,289.98,2025-08-11,06:45
33052,299.94,2025-08-11,07:00
33053,289.93,2025-08-11,07:15
33054,269.89,2025-08-11,07:30
33055,149.92,2025-08-11,07:45
33056,40.0,2025-08-11,08:00
33057,40.0,2025-08-11,08:15
33058,40.0,2025-08-11,08:30
33059,40.0,2025-08-11,08:45
33060,137.42,2025-08-11,09:00
33061,100.59,2025-08-11,09:15
33062,128.52,2025-08-11,09:30
33063,167.42,2025-08-11,09:45
33064,180.2,2025-08-11,10:00
33065,172.15,2025-08-11,10:15
33066,160.05,2025-08-11,10:30
33067,165.85,2025-08-11,10:45
33068,149.94,2025-08-11,11:00
33069,167.71,2025-08-11,11:15
33070,163.5,2025-08-11,11:30
33071,166.43,2025-08-11,11:45
33072,160.58,2025-08-11,12:00
33073,162.12,2025-08-11,12:15
33074,151.49,2025-08-11,12:30
33075,40.0,2025-08-11,12:45
33076,40.0,2025-08-11,13:00
33077,170.59,2025-08-11,13:15
33078,163.16,2025-08-11,13:30
33079,168.85,2025-08-11,13:45
33080,163.61,2025-08-11,14:00
33081,198.25,2025-08-11,14:15
33082,192.47,2025-08-11,14:30
33083,193.28,2025-08-11,14:45
33084,184.04,2025-08-11,15:00
33085,163.36,2025-08-11,15:15
33086,166.15,2025-08-11,15:30
33087,199.13,2025-08-11,15:45
33088,196.86,2025-08-11,16:00
33089,198.69,2025-08-11,16:15
33090,205.59,2025-08-11,16:30
33091,208.37,2025-08-11,16:45
33092,220.85,2025-08-11,17:00
33093,243.95,2025-08-11,17:15
33094,244.32,2025-08-11,17:30
33095,242.56,2025-08-11,17:45
33096,241.75,2025-08-11,18:00
33097,259.78,2025-08-11,18:15
33098,265.0,2025-08-11,18:30
33099,283.71,2025-08-11,18:45
33100,273.55,2025-08-11,19:00
33101,280.58,2025-08-11,19:15
33102,292.23,2025-08-11,19:30
33103,302.84,2025-08-11,19:45
33104,313.81,2025-08-11,20:00
33105,308.93,2025-08-11,20:15
33106,290.8,2025-08-11,20:30
33107,267.15,2025-08-11,20:45
33108,251.2,2025-08-11,21:00
33109,234.74,2025-08-11,21:15
33110,179.82,2025-08-11,21:30
33111,40.0,2025-08-11,21:45
33112,174.86,2025-08-11,22:00
33113,40.0,2025-08-11,22:15
33114,40.0,2025-08-11,22:30
33115,40.0,2025-08-11,22:45
33116,174.93,2025-08-11,23:00
33117,190.69,2025-08-11,23:15
33118,184.58,2025-08-11,23:30
33119,200.12,2025-08-11,23:45
33120,179.47,2025-08-11,24:00
33121,40.0,2025-08-12,00:15
33122,40.0,2025-08-12,00:30
33123,40.0,2025-08-12,00:45
33124,40.0,2025-08-12,01:00
33125,40.0,2025-08-12,01:15
33126,40.0,2025-08-12,01:30
33127,40.0,2025-08-12,01:45
33128,250.0,2025-08-12,02:00
33129,250.0,2025-08-12,02:15
33130,250.0,2025-08-12,02:30
33131,250.0,2025-08-12,02:45
33132,260.0,2025-08-12,03:00
33133,290.0,2025-08-12,03:15
33134,280.0,2025-08-12,03:30
33135,280.0,2025-08-12,03:45
33136,280.0,2025-08-12,04:00
33137,270.0,2025-08-12,04:15
33138,250.0,2025-08-12,04:30
33139,260.0,2025-08-12,04:45
33140,260.0,2025-08-12,05:00
33141,300.0,2025-08-12,05:15
33142,300.0,2025-08-12,05:30
33143,310.0,2025-08-12,05:45
33144,310.0,2025-08-12,06:00
33145,300.0,2025-08-12,06:15
33146,310.0,2025-08-12,06:30
33147,320.0,2025-08-12,06:45
33148,310.0,2025-08-12,07:00
33149,300.0,2025-08-12,07:15
33150,280.0,2025-08-12,07:30
33151,150.0,2025-08-12,07:45
33152,40.0,2025-08-12,08:00
33153,40.0,2025-08-12,08:15
33154,40.0,2025-08-12,08:30
33155,40.0,2025-08-12,08:45
33156,40.0,2025-08-12,09:00
33157,40.0,2025-08-12,09:15
33158,40.0,2025-08-12,09:30
33159,40.0,2025-08-12,09:45
33160,40.0,2025-08-12,10:00
33161,40.0,2025-08-12,10:15
33162,40.0,2025-08-12,10:30
33163,40.0,2025-08-12,10:45
33164,148.0,2025-08-12,11:00
33165,155.92,2025-08-12,11:15
33166,144.68,2025-08-12,11:30
33167,40.0,2025-08-12,11:45
33168,40.0,2025-08-12,12:00
33169,40.0,2025-08-12,12:15
33170,40.0,2025-08-12,12:30
33171,40.0,2025-08-12,12:45
33172,40.0,2025-08-12,13:00
33173,40.0,2025-08-12,13:15
33174,40.0,2025-08-12,13:30
33175,40.0,2025-08-12,13:45
33176,40.0,2025-08-12,14:00
33177,40.0,2025-08-12,14:15
33178,40.0,2025-08-12,14:30
33179,145.6,2025-08-12,14:45
33180,145.97,2025-08-12,15:00
33181,174.33,2025-08-12,15:15
33182,177.88,2025-08-12,15:30
33183,181.12,2025-08-12,15:45
33184,186.19,2025-08-12,16:00
33185,191.17,2025-08-12,16:15
33186,195.07,2025-08-12,16:30
33187,201.12,2025-08-12,16:45
33188,190.05,2025-08-12,17:00
33189,217.88,2025-08-12,17:15
33190,214.77,2025-08-12,17:30
33191,229.59,2025-08-12,17:45
33192,218.97,2025-08-12,18:00
33193,221.93,2025-08-12,18:15
33194,215.26,2025-08-12,18:30
33195,280.79,2025-08-12,18:45
33196,277.72,2025-08-12,19:00
33197,291.63,2025-08-12,19:15
33198,314.38,2025-08-12,19:30
33199,334.58,2025-08-12,19:45
33200,311.77,2025-08-12,20:00
33201,306.63,2025-08-12,20:15
33202,296.45,2025-08-12,20:30
33203,259.65,2025-08-12,20:45
33204,272.3,2025-08-12,21:00
33205,288.71,2025-08-12,21:15
33206,281.0,2025-08-12,21:30
33207,266.57,2025-08-12,21:45
33208,254.87,2025-08-12,22:00
33209,281.94,2025-08-12,22:15
33210,258.82,2025-08-12,22:30
33211,251.32,2025-08-12,22:45
33212,254.28,2025-08-12,23:00
33213,260.46,2025-08-12,23:15
33214,251.35,2025-08-12,23:30
33215,254.1,2025-08-12,23:45
33216,232.67,2025-08-12,24:00
33217,253.92,2025-08-13,00:15
33218,232.07,2025-08-13,00:30
33219,225.48,2025-08-13,00:45
33220,193.45,2025-08-13,01:00
33221,192.05,2025-08-13,01:15
33222,260.26,2025-08-13,01:30
33223,271.67,2025-08-13,01:45
33224,262.44,2025-08-13,02:00
33225,260.27,2025-08-13,02:15
33226,269.09,2025-08-13,02:30
33227,250.61,2025-08-13,02:45
33228,262.34,2025-08-13,03:00
33229,271.58,2025-08-13,03:15
33230,280.78,2025-08-13,03:30
33231,300.0,2025-08-13,03:45
33232,295.75,2025-08-13,04:00
33233,252.77,2025-08-13,04:15
33234,250.0,2025-08-13,04:30
33235,260.0,2025-08-13,04:45
33236,270.0,2025-08-13,05:00
33237,290.0,2025-08-13,05:15
33238,300.0,2025-08-13,05:30
33239,310.0,2025-08-13,05:45
33240,300.0,2025-08-13,06:00
33241,300.0,2025-08-13,06:15
33242,300.0,2025-08-13,06:30
33243,300.0,2025-08-13,06:45
33244,300.0,2025-08-13,07:00
33245,290.0,2025-08-13,07:15
33246,250.0,2025-08-13,07:30
33247,40.0,2025-08-13,07:45
33248,40.0,2025-08-13,08:00
33249,40.0,2025-08-13,08:15
33250,40.0,2025-08-13,08:30
33251,40.0,2025-08-13,08:45
33252,40.0,2025-08-13,09:00
33253,40.0,2025-08-13,09:15
33254,40.0,2025-08-13,09:30
33255,40.0,2025-08-13,09:45
33256,40.0,2025-08-13,10:00
33257,40.0,2025-08-13,10:15
33258,40.0,2025-08-13,10:30
33259,40.0,2025-08-13,10:45
33260,40.0,2025-08-13,11:00
33261,40.0,2025-08-13,11:15
33262,40.0,2025-08-13,11:30
33263,40.0,2025-08-13,11:45
33264,40.0,2025-08-13,12:00
33265,147.78,2025-08-13,12:15
33266,40.0,2025-08-13,12:30
33267,40.0,2025-08-13,12:45
33268,40.0,2025-08-13,13:00
33269,40.0,2025-08-13,13:15
33270,40.0,2025-08-13,13:30
33271,40.0,2025-08-13,13:45
33272,40.0,2025-08-13,14:00
33273,40.0,2025-08-13,14:15
33274,40.0,2025-08-13,14:30
33275,40.0,2025-08-13,14:45
33276,40.0,2025-08-13,15:00
33277,40.0,2025-08-13,15:15
33278,40.0,2025-08-13,15:30
33279,151.75,2025-08-13,15:45
33280,165.49,2025-08-13,16:00
33281,151.52,2025-08-13,16:15
33282,161.76,2025-08-13,16:30
33283,181.23,2025-08-13,16:45
33284,181.31,2025-08-13,17:00
33285,220.9,2025-08-13,17:15
33286,224.69,2025-08-13,17:30
33287,264.65,2025-08-13,17:45
33288,266.73,2025-08-13,18:00
33289,262.05,2025-08-13,18:15
33290,254.54,2025-08-13,18:30
33291,261.38,2025-08-13,18:45
33292,252.06,2025-08-13,19:00
33293,334.33,2025-08-13,19:15
33294,307.72,2025-08-13,19:30
33295,263.92,2025-08-13,19:45
33296,285.91,2025-08-13,20:00
33297,281.85,2025-08-13,20:15
33298,287.36,2025-08-13,20:30
33299,350.0,2025-08-13,20:45
33300,330.0,2025-08-13,21:00
33301,334.43,2025-08-13,21:15
33302,330.0,2025-08-13,21:30
33303,330.0,2025-08-13,21:45
33304,320.0,2025-08-13,22:00
33305,208.96,2025-08-13,22:15
33306,250.0,2025-08-13,22:30
33307,180.0,2025-08-13,22:45
33308,40.0,2025-08-13,23:00
33309,180.0,2025-08-13,23:15
33310,230.0,2025-08-13,23:30
33311,280.0,2025-08-13,23:45
33312,300.0,2025-08-13,24:00
33313,300.0,2025-08-14,00:15
33314,290.0,2025-08-14,00:30
33315,188.27,2025-08-14,00:45
33316,250.0,2025-08-14,01:00
33317,40.0,2025-08-14,01:15
33318,250.0,2025-08-14,01:30
33319,270.0,2025-08-14,01:45
33320,270.0,2025-08-14,02:00
33321,260.0,2025-08-14,02:15
33322,270.0,2025-08-14,02:30
33323,290.0,2025-08-14,02:45
33324,300.0,2025-08-14,03:00
33325,300.0,2025-08-14,03:15
33326,300.0,2025-08-14,03:30
33327,300.0,2025-08-14,03:45
33328,290.0,2025-08-14,04:00
33329,280.0,2025-08-14,04:15
33330,290.0,2025-08-14,04:30
33331,290.0,2025-08-14,04:45
33332,290.0,2025-08-14,05:00
33333,300.0,2025-08-14,05:15
33334,310.0,2025-08-14,05:30
33335,310.0,2025-08-14,05:45
33336,320.0,2025-08-14,06:00
33337,350.0,2025-08-14,06:15
33338,350.0,2025-08-14,06:30
33339,350.0,2025-08-14,06:45
33340,350.0,2025-08-14,07:00
33341,330.0,2025-08-14,07:15
33342,310.0,2025-08-14,07:30
33343,270.0,2025-08-14,07:45
33344,260.0,2025-08-14,08:00
33345,250.0,2025-08-14,08:15
33346,250.0,2025-08-14,08:30
33347,40.0,2025-08-14,08:45
33348,40.0,2025-08-14,09:00
33349,40.0,2025-08-14,09:15
33350,40.0,2025-08-14,09:30
33351,40.0,2025-08-14,09:45
33352,40.0,2025-08-14,10:00
33353,40.0,2025-08-14,10:15
33354,92.97,2025-08-14,10:30
33355,95.38,2025-08-14,10:45
33356,93.67,2025-08-14,11:00
33357,40.0,2025-08-14,11:15
33358,40.0,2025-08-14,11:30
33359,163.84,2025-08-14,11:45
33360,158.91,2025-08-14,12:00
33361,70.49,2025-08-14,12:15
33362,162.01,2025-08-14,12:30
33363,40.0,2025-08-14,12:45
33364,40.0,2025-08-14,13:00
33365,143.25,2025-08-14,13:15
33366,146.72,2025-08-14,13:30
33367,142.84,2025-08-14,13:45
33368,40.0,2025-08-14,14:00
33369,40.0,2025-08-14,14:15
33370,40.0,2025-08-14,14:30
33371,154.53,2025-08-14,14:45
33372,40.0,2025-08-14,15:00
33373,174.21,2025-08-14,15:15
33374,143.81,2025-08-14,15:30
33375,40.0,2025-08-14,15:45
33376,40.0,2025-08-14,16:00
33377,160.96,2025-08-14,16:15
33378,157.38,2025-08-14,16:30
33379,170.5,2025-08-14,16:45
33380,173.24,2025-08-14,17:00
33381,208.59,2025-08-14,17:15
33382,216.07,2025-08-14,17:30
33383,262.64,2025-08-14,17:45
33384,271.38,2025-08-14,18:00
33385,281.74,2025-08-14,18:15
33386,293.02,2025-08-14,18:30
33387,310.85,2025-08-14,18:45
33388,311.93,2025-08-14,19:00
33389,312.73,2025-08-14,19:15
33390,370.61,2025-08-14,19:30
33391,380.0,2025-08-14,19:45
33392,400.0,2025-08-14,20:00
33393,364.41,2025-08-14,20:15
33394,350.37,2025-08-14,20:30
33395,340.0,2025-08-14,20:45
33396,239.75,2025-08-14,21:00
33397,247.04,2025-08-14,21:15
33398,237.94,2025-08-14,21:30
33399,216.55,2025-08-14,21:45
33400,213.99,2025-08-14,22:00
33401,210.62,2025-08-14,22:15
33402,201.99,2025-08-14,22:30
33403,221.83,2025-08-14,22:45
33404,40.0,2025-08-14,23:00
33405,40.0,2025-08-14,23:15
33406,169.25,2025-08-14,23:30
33407,183.97,2025-08-14,23:45
33408,174.52,2025-08-14,24:00
33409,214.24,2025-08-15,00:15
33410,192.29,2025-08-15,00:30
33411,174.35,2025-08-15,00:45
33412,40.0,2025-08-15,01:00
33413,40.0,2025-08-15,01:15
33414,216.58,2025-08-15,01:30
33415,201.8,2025-08-15,01:45
33416,197.35,2025-08-15,02:00
33417,203.64,2025-08-15,02:15
33418,174.97,2025-08-15,02:30
33419,174.76,2025-08-15,02:45
33420,175.12,2025-08-15,03:00
33421,40.0,2025-08-15,03:15
33422,40.0,2025-08-15,03:30
33423,174.27,2025-08-15,03:45
33424,40.0,2025-08-15,04:00
33425,192.28,2025-08-15,04:15
33426,193.42,2025-08-15,04:30
33427,207.09,2025-08-15,04:45
33428,225.49,2025-08-15,05:00
33429,169.65,2025-08-15,05:15
33430,152.16,2025-08-15,05:30
33431,40.0,2025-08-15,05:45
33432,179.5,2025-08-15,06:00
33433,193.98,2025-08-15,06:15
33434,189.61,2025-08-15,06:30
33435,40.0,2025-08-15,06:45
33436,206.4,2025-08-15,07:00
33437,215.37,2025-08-15,07:15
33438,203.05,2025-08-15,07:30
33439,40.0,2025-08-15,07:45
33440,40.0,2025-08-15,08:00
33441,40.0,2025-08-15,08:15
33442,40.0,2025-08-15,08:30
33443,40.0,2025-08-15,08:45
33444,40.0,2025-08-15,09:00
33445,40.0,2025-08-15,09:15
33446,40.0,2025-08-15,09:30
33447,40.0,2025-08-15,09:45
33448,40.0,2025-08-15,10:00
33449,116.27,2025-08-15,10:15
33450,116.38,2025-08-15,10:30
33451,40.0,2025-08-15,10:45
33452,40.0,2025-08-15,11:00
33453,40.0,2025-08-15,11:15
33454,40.0,2025-08-15,11:30
33455,40.0,2025-08-15,11:45
33456,40.0,2025-08-15,12:00
33457,40.0,2025-08-15,12:15
33458,40.0,2025-08-15,12:30
33459,40.0,2025-08-15,12:45
33460,40.0,2025-08-15,13:00
33461,40.0,2025-08-15,13:15
33462,40.0,2025-08-15,13:30
33463,40.0,2025-08-15,13:45
33464,40.0,2025-08-15,14:00
33465,40.0,2025-08-15,14:15
33466,123.81,2025-08-15,14:30
33467,123.4,2025-08-15,14:45
33468,181.25,2025-08-15,15:00
33469,179.46,2025-08-15,15:15
33470,181.94,2025-08-15,15:30
33471,40.0,2025-08-15,15:45
33472,40.0,2025-08-15,16:00
33473,40.0,2025-08-15,16:15
33474,157.06,2025-08-15,16:30
33475,136.31,2025-08-15,16:45
33476,169.79,2025-08-15,17:00
33477,197.03,2025-08-15,17:15
33478,196.29,2025-08-15,17:30
33479,214.67,2025-08-15,17:45
33480,233.38,2025-08-15,18:00
33481,253.48,2025-08-15,18:15
33482,260.48,2025-08-15,18:30
33483,263.42,2025-08-15,18:45
33484,274.9,2025-08-15,19:00
33485,277.73,2025-08-15,19:15
33486,279.48,2025-08-15,19:30
33487,309.24,2025-08-15,19:45
33488,278.73,2025-08-15,20:00
33489,257.94,2025-08-15,20:15
33490,244.08,2025-08-15,20:30
33491,217.35,2025-08-15,20:45
33492,223.71,2025-08-15,21:00
33493,219.22,2025-08-15,21:15
33494,212.94,2025-08-15,21:30
33495,212.21,2025-08-15,21:45
33496,229.22,2025-08-15,22:00
33497,209.82,2025-08-15,22:15
33498,240.52,2025-08-15,22:30
33499,239.17,2025-08-15,22:45
33500,207.11,2025-08-15,23:00
33501,214.6,2025-08-15,23:15
33502,204.82,2025-08-15,23:30
33503,204.32,2025-08-15,23:45
33504,40.0,2025-08-15,24:00
33505,40.0,2025-08-16,00:15
33506,40.0,2025-08-16,00:30
33507,123.62,2025-08-16,00:45
33508,40.0,2025-08-16,01:00
33509,40.0,2025-08-16,01:15
33510,40.0,2025-08-16,01:30
33511,40.0,2025-08-16,01:45
33512,175.25,2025-08-16,02:00
33513,175.0,2025-08-16,02:15
33514,187.79,2025-08-16,02:30
33515,191.85,2025-08-16,02:45
33516,187.2,2025-08-16,03:00
33517,200.71,2025-08-16,03:15
33518,200.87,2025-08-16,03:30
33519,201.21,2025-08-16,03:45
33520,196.33,2025-08-16,04:00
33521,189.86,2025-08-16,04:15
33522,199.1,2025-08-16,04:30
33523,198.49,2025-08-16,04:45
33524,40.0,2025-08-16,05:00
33525,176.42,2025-08-16,05:15
33526,191.47,2025-08-16,05:30
33527,185.07,2025-08-16,05:45
33528,200.64,2025-08-16,06:00
33529,209.45,2025-08-16,06:15
33530,188.6,2025-08-16,06:30
33531,189.12,2025-08-16,06:45
33532,247.56,2025-08-16,07:00
33533,200.05,2025-08-16,07:15
33534,183.78,2025-08-16,07:30
33535,179.67,2025-08-16,07:45
33536,176.9,2025-08-16,08:00
33537,40.0,2025-08-16,08:15
33538,107.49,2025-08-16,08:30
33539,40.0,2025-08-16,08:45
33540,40.0,2025-08-16,09:00
33541,40.0,2025-08-16,09:15
33542,40.0,2025-08-16,09:30
33543,40.0,2025-08-16,09:45
33544,40.0,2025-08-16,10:00
33545,139.78,2025-08-16,10:15
33546,40.0,2025-08-16,10:30
33547,40.0,2025-08-16,10:45
33548,91.49,2025-08-16,11:00
33549,40.0,2025-08-16,11:15
33550,89.08,2025-08-16,11:30
33551,40.0,2025-08-16,11:45
33552,40.0,2025-08-16,12:00
33553,40.0,2025-08-16,12:15
33554,40.0,2025-08-16,12:30
33555,40.0,2025-08-16,12:45
33556,40.0,2025-08-16,13:00
33557,40.0,2025-08-16,13:15
33558,40.0,2025-08-16,13:30
33559,40.0,2025-08-16,13:45
33560,40.0,2025-08-16,14:00
33561,40.0,2025-08-16,14:15
33562,40.0,2025-08-16,14:30
33563,97.74,2025-08-16,14:45
33564,104.1,2025-08-16,15:00
33565,106.19,2025-08-16,15:15
33566,109.99,2025-08-16,15:30
33567,40.0,2025-08-16,15:45
33568,40.0,2025-08-16,16:00
33569,40.0,2025-08-16,16:15
33570,40.0,2025-08-16,16:30
33571,40.0,2025-08-16,16:45
33572,40.0,2025-08-16,17:00
33573,40.0,2025-08-16,17:15
33574,164.91,2025-08-16,17:30
33575,181.17,2025-08-16,17:45
33576,199.25,2025-08-16,18:00
33577,215.72,2025-08-16,18:15
33578,320.0,2025-08-16,18:30
33579,350.0,2025-08-16,18:45
33580,313.41,2025-08-16,19:00
33581,327.55,2025-08-16,19:15
33582,305.91,2025-08-16,19:30
33583,285.42,2025-08-16,19:45
33584,273.97,2025-08-16,20:00
33585,300.0,2025-08-16,20:15
33586,310.0,2025-08-16,20:30
33587,320.0,2025-08-16,20:45
33588,281.11,2025-08-16,21:00
33589,300.0,2025-08-16,21:15
33590,320.0,2025-08-16,21:30
33591,300.0,2025-08-16,21:45
33592,300.0,2025-08-16,22:00
33593,176.05,2025-08-16,22:15
33594,40.0,2025-08-16,22:30
33595,40.0,2025-08-16,22:45
33596,40.0,2025-08-16,23:00
33597,40.0,2025-08-16,23:15
33598,40.0,2025-08-16,23:30
33599,40.0,2025-08-16,23:45
33600,40.0,2025-08-16,24:00
33601,40.0,2025-08-17,00:15
33602,40.0,2025-08-17,00:30
33603,40.0,2025-08-17,00:45
33604,40.0,2025-08-17,01:00
33605,40.0,2025-08-17,01:15
33606,40.0,2025-08-17,01:30
33607,40.0,2025-08-17,01:45
33608,40.0,2025-08-17,02:00
33609,40.0,2025-08-17,02:15
33610,40.0,2025-08-17,02:30
33611,40.0,2025-08-17,02:45
33612,40.0,2025-08-17,03:00
33613,40.0,2025-08-17,03:15
33614,40.0,2025-08-17,03:30
33615,40.0,2025-08-17,03:45
33616,40.0,2025-08-17,04:00
33617,40.0,2025-08-17,04:15
33618,40.0,2025-08-17,04:30
33619,40.0,2025-08-17,04:45
33620,40.0,2025-08-17,05:00
33621,40.0,2025-08-17,05:15
33622,40.0,2025-08-17,05:30
33623,240.0,2025-08-17,05:45
33624,150.0,2025-08-17,06:00
33625,240.0,2025-08-17,06:15
33626,171.15,2025-08-17,06:30
33627,212.89,2025-08-17,06:45
33628,104.48,2025-08-17,07:00
33629,40.0,2025-08-17,07:15
33630,40.0,2025-08-17,07:30
33631,40.0,2025-08-17,07:45
33632,40.0,2025-08-17,08:00
33633,40.0,2025-08-17,08:15
33634,40.0,2025-08-17,08:30
33635,40.0,2025-08-17,08:45
33636,40.0,2025-08-17,09:00
33637,40.0,2025-08-17,09:15
33638,40.0,2025-08-17,09:30
33639,40.0,2025-08-17,09:45
33640,40.0,2025-08-17,10:00
33641,40.0,2025-08-17,10:15
33642,40.0,2025-08-17,10:30
33643,40.0,2025-08-17,10:45
33644,40.0,2025-08-17,11:00
33645,40.0,2025-08-17,11:15
33646,40.0,2025-08-17,11:30
33647,40.0,2025-08-17,11:45
33648,40.0,2025-08-17,12:00
33649,40.0,2025-08-17,12:15
33650,40.0,2025-08-17,12:30
33651,40.0,2025-08-17,12:45
33652,40.0,2025-08-17,13:00
33653,40.0,2025-08-17,13:15
33654,138.32,2025-08-17,13:30
33655,40.0,2025-08-17,13:45
33656,40.0,2025-08-17,14:00
33657,40.0,2025-08-17,14:15
33658,40.0,2025-08-17,14:30
33659,40.0,2025-08-17,14:45
33660,40.0,2025-08-17,15:00
33661,40.0,2025-08-17,15:15
33662,40.0,2025-08-17,15:30
33663,40.0,2025-08-17,15:45
33664,143.31,2025-08-17,16:00
33665,40.0,2025-08-17,16:15
33666,158.74,2025-08-17,16:30
33667,199.06,2025-08-17,16:45
33668,211.85,2025-08-17,17:00
33669,259.27,2025-08-17,17:15
33670,264.88,2025-08-17,17:30
33671,259.75,2025-08-17,17:45
33672,246.79,2025-08-17,18:00
33673,235.28,2025-08-17,18:15
33674,278.65,2025-08-17,18:30
33675,266.69,2025-08-17,18:45
33676,274.7,2025-08-17,19:00
33677,283.59,2025-08-17,19:15
33678,278.86,2025-08-17,19:30
33679,261.31,2025-08-17,19:45
33680,239.05,2025-08-17,20:00
33681,224.37,2025-08-17,20:15
33682,224.08,2025-08-17,20:30
33683,229.92,2025-08-17,20:45
33684,229.89,2025-08-17,21:00
33685,255.1,2025-08-17,21:15
33686,254.29,2025-08-17,21:30
33687,210.13,2025-08-17,21:45
33688,218.66,2025-08-17,22:00
33689,251.3,2025-08-17,22:15
33690,216.41,2025-08-17,22:30
33691,242.22,2025-08-17,22:45
33692,223.15,2025-08-17,23:00
33693,40.0,2025-08-17,23:15
33694,193.86,2025-08-17,23:30
33695,214.45,2025-08-17,23:45
33696,218.86,2025-08-17,24:00
33697,195.06,2025-08-18,00:15
33698,251.49,2025-08-18,00:30
33699,195.33,2025-08-18,00:45
33700,203.45,2025-08-18,01:00
33701,184.33,2025-08-18,01:15
33702,176.84,2025-08-18,01:30
33703,226.39,2025-08-18,01:45
33704,193.24,2025-08-18,02:00
33705,187.08,2025-08-18,02:15
33706,187.86,2025-08-18,02:30
33707,177.95,2025-08-18,02:45
33708,167.14,2025-08-18,03:00
33709,180.11,2025-08-18,03:15
33710,86.9,2025-08-18,03:30
33711,40.0,2025-08-18,03:45
33712,40.0,2025-08-18,04:00
33713,40.0,2025-08-18,04:15
33714,40.0,2025-08-18,04:30
33715,174.29,2025-08-18,04:45
33716,198.52,2025-08-18,05:00
33717,40.0,2025-08-18,05:15
33718,40.0,2025-08-18,05:30
33719,199.31,2025-08-18,05:45
33720,208.78,2025-08-18,06:00
33721,210.82,2025-08-18,06:15
33722,230.52,2025-08-18,06:30
33723,228.24,2025-08-18,06:45
33724,226.48,2025-08-18,07:00
33725,226.64,2025-08-18,07:15
33726,177.75,2025-08-18,07:30
33727,191.3,2025-08-18,07:45
33728,176.39,2025-08-18,08:00
33729,40.0,2025-08-18,08:15
33730,40.0,2025-08-18,08:30
33731,40.0,2025-08-18,08:45
33732,40.0,2025-08-18,09:00
33733,40.0,2025-08-18,09:15
33734,40.0,2025-08-18,09:30
33735,40.0,2025-08-18,09:45
33736,40.0,2025-08-18,10:00
33737,40.0,2025-08-18,10:15
33738,40.0,2025-08-18,10:30
33739,40.0,2025-08-18,10:45
33740,40.0,2025-08-18,11:00
33741,40.0,2025-08-18,11:15
33742,40.0,2025-08-18,11:30
33743,40.0,2025-08-18,11:45
33744,40.0,2025-08-18,12:00
33745,40.0,2025-08-18,12:15
33746,40.0,2025-08-18,12:30
33747,40.0,2025-08-18,12:45
33748,40.0,2025-08-18,13:00
33749,40.0,2025-08-18,13:15
33750,192.24,2025-08-18,13:30
33751,177.05,2025-08-18,13:45
33752,40.0,2025-08-18,14:00
33753,151.24,2025-08-18,14:15
33754,40.0,2025-08-18,14:30
33755,40.0,2025-08-18,14:45
33756,40.0,2025-08-18,15:00
33757,40.0,2025-08-18,15:15
33758,40.0,2025-08-18,15:30
33759,40.0,2025-08-18,15:45
33760,40.0,2025-08-18,16:00
33761,40.0,2025-08-18,16:15
33762,40.0,2025-08-18,16:30
33763,40.0,2025-08-18,16:45
33764,40.0,2025-08-18,17:00
33765,193.36,2025-08-18,17:15
33766,186.29,2025-08-18,17:30
33767,190.73,2025-08-18,17:45
33768,187.16,2025-08-18,18:00
33769,41.33,2025-08-18,18:15
33770,202.78,2025-08-18,18:30
33771,228.76,2025-08-18,18:45
33772,226.73,2025-08-18,19:00
33773,218.08,2025-08-18,19:15
33774,211.19,2025-08-18,19:30
33775,218.56,2025-08-18,19:45
33776,225.76,2025-08-18,20:00
33777,249.96,2025-08-18,20:15
33778,257.32,2025-08-18,20:30
33779,248.97,2025-08-18,20:45
33780,237.24,2025-08-18,21:00
33781,232.17,2025-08-18,21:15
33782,224.44,2025-08-18,21:30
33783,276.62,2025-08-18,21:45
33784,276.33,2025-08-18,22:00
33785,252.45,2025-08-18,22:15
33786,192.61,2025-08-18,22:30
33787,192.96,2025-08-18,22:45
33788,195.73,2025-08-18,23:00
33789,271.93,2025-08-18,23:15
33790,237.14,2025-08-18,23:30
33791,229.39,2025-08-18,23:45
33792,211.79,2025-08-18,24:00
33793,226.38,2025-08-19,00:15
33794,222.87,2025-08-19,00:30
33795,226.57,2025-08-19,00:45
33796,219.75,2025-08-19,01:00
33797,173.71,2025-08-19,01:15
33798,182.07,2025-08-19,01:30
33799,231.32,2025-08-19,01:45
33800,223.5,2025-08-19,02:00
33801,226.62,2025-08-19,02:15
33802,203.36,2025-08-19,02:30
33803,186.61,2025-08-19,02:45
33804,40.0,2025-08-19,03:00
33805,40.0,2025-08-19,03:15
33806,184.75,2025-08-19,03:30
33807,229.14,2025-08-19,03:45
33808,238.06,2025-08-19,04:00
33809,207.97,2025-08-19,04:15
33810,206.43,2025-08-19,04:30
33811,207.9,2025-08-19,04:45
33812,206.19,2025-08-19,05:00
33813,214.91,2025-08-19,05:15
33814,218.84,2025-08-19,05:30
33815,214.97,2025-08-19,05:45
33816,197.14,2025-08-19,06:00
33817,212.24,2025-08-19,06:15
33818,215.81,2025-08-19,06:30
33819,230.88,2025-08-19,06:45
33820,206.22,2025-08-19,07:00
33821,225.75,2025-08-19,07:15
33822,196.27,2025-08-19,07:30
33823,183.88,2025-08-19,07:45
33824,40.0,2025-08-19,08:00
33825,192.08,2025-08-19,08:15
33826,40.0,2025-08-19,08:30
33827,40.0,2025-08-19,08:45
33828,40.0,2025-08-19,09:00
33829,40.0,2025-08-19,09:15
33830,40.0,2025-08-19,09:30
33831,96.54,2025-08-19,09:45
33832,40.0,2025-08-19,10:00
33833,40.0,2025-08-19,10:15
33834,40.0,2025-08-19,10:30
33835,40.0,2025-08-19,10:45
33836,40.0,2025-08-19,11:00
33837,113.38,2025-08-19,11:15
33838,40.0,2025-08-19,11:30
33839,40.0,2025-08-19,11:45
33840,40.0,2025-08-19,12:00
33841,40.0,2025-08-19,12:15
33842,40.0,2025-08-19,12:30
33843,40.0,2025-08-19,12:45
33844,40.0,2025-08-19,13:00
33845,40.0,2025-08-19,13:15
33846,40.0,2025-08-19,13:30
33847,40.0,2025-08-19,13:45
33848,40.0,2025-08-19,14:00
33849,108.53,2025-08-19,14:15
33850,40.0,2025-08-19,14:30
33851,40.0,2025-08-19,14:45
33852,40.0,2025-08-19,15:00
33853,40.0,2025-08-19,15:15
33854,40.0,2025-08-19,15:30
33855,40.0,2025-08-19,15:45
33856,40.0,2025-08-19,16:00
33857,40.0,2025-08-19,16:15
33858,118.62,2025-08-19,16:30
33859,119.47,2025-08-19,16:45
33860,160.48,2025-08-19,17:00
33861,171.43,2025-08-19,17:15
33862,178.49,2025-08-19,17:30
33863,180.13,2025-08-19,17:45
33864,186.12,2025-08-19,18:00
33865,168.05,2025-08-19,18:15
33866,219.38,2025-08-19,18:30
33867,224.51,2025-08-19,18:45
33868,246.57,2025-08-19,19:00
33869,253.33,2025-08-19,19:15
33870,253.79,2025-08-19,19:30
33871,278.56,2025-08-19,19:45
33872,283.23,2025-08-19,20:00
33873,320.92,2025-08-19,20:15
33874,281.3,2025-08-19,20:30
33875,353.05,2025-08-19,20:45
33876,295.55,2025-08-19,21:00
33877,461.7,2025-08-19,21:15
33878,291.18,2025-08-19,21:30
33879,285.6,2025-08-19,21:45
33880,253.03,2025-08-19,22:00
33881,269.09,2025-08-19,22:15
33882,270.3,2025-08-19,22:30
33883,227.72,2025-08-19,22:45
33884,208.42,2025-08-19,23:00
33885,202.41,2025-08-19,23:15
33886,199.8,2025-08-19,23:30
33887,201.02,2025-08-19,23:45
33888,201.15,2025-08-19,24:00
33889,213.61,2025-08-20,00:15
33890,223.96,2025-08-20,00:30
33891,219.6,2025-08-20,00:45
33892,219.63,2025-08-20,01:00
33893,223.93,2025-08-20,01:15
33894,220.79,2025-08-20,01:30
33895,220.42,2025-08-20,01:45
33896,213.9,2025-08-20,02:00
33897,235.86,2025-08-20,02:15
33898,237.22,2025-08-20,02:30
33899,208.14,2025-08-20,02:45
33900,171.72,2025-08-20,03:00
33901,40.0,2025-08-20,03:15
33902,40.0,2025-08-20,03:30
33903,169.89,2025-08-20,03:45
33904,40.0,2025-08-20,04:00
33905,40.0,2025-08-20,04:15
33906,40.0,2025-08-20,04:30
33907,40.0,2025-08-20,04:45
33908,40.0,2025-08-20,05:00
33909,40.0,2025-08-20,05:15
33910,40.0,2025-08-20,05:30
33911,40.0,2025-08-20,05:45
33912,287.76,2025-08-20,06:00
33913,239.41,2025-08-20,06:15
33914,245.07,2025-08-20,06:30
33915,211.69,2025-08-20,06:45
33916,269.23,2025-08-20,07:00
33917,255.17,2025-08-20,07:15
33918,231.47,2025-08-20,07:30
33919,40.0,2025-08-20,07:45
33920,278.98,2025-08-20,08:00
33921,279.59,2025-08-20,08:15
33922,157.83,2025-08-20,08:30
33923,235.76,2025-08-20,08:45
33924,136.56,2025-08-20,09:00
33925,98.77,2025-08-20,09:15
33926,128.7,2025-08-20,09:30
33927,137.46,2025-08-20,09:45
33928,153.62,2025-08-20,10:00
33929,116.53,2025-08-20,10:15
33930,104.12,2025-08-20,10:30
33931,169.59,2025-08-20,10:45
33932,170.98,2025-08-20,11:00
33933,180.16,2025-08-20,11:15
33934,166.76,2025-08-20,11:30
33935,156.53,2025-08-20,11:45
33936,127.62,2025-08-20,12:00
33937,124.79,2025-08-20,12:15
33938,150.05,2025-08-20,12:30
33939,137.66,2025-08-20,12:45
33940,122.98,2025-08-20,13:00
33941,108.46,2025-08-20,13:15
33942,160.37,2025-08-20,13:30
33943,148.78,2025-08-20,13:45
33944,40.0,2025-08-20,14:00
33945,40.0,2025-08-20,14:15
33946,40.0,2025-08-20,14:30
33947,100.1,2025-08-20,14:45
33948,115.78,2025-08-20,15:00
33949,125.9,2025-08-20,15:15
33950,134.23,2025-08-20,15:30
33951,134.37,2025-08-20,15:45
33952,168.15,2025-08-20,16:00
33953,149.42,2025-08-20,16:15
33954,120.6,2025-08-20,16:30
33955,204.94,2025-08-20,16:45
33956,212.96,2025-08-20,17:00
33957,237.68,2025-08-20,17:15
33958,212.5,2025-08-20,17:30
33959,213.01,2025-08-20,17:45
33960,213.39,2025-08-20,18:00
33961,203.37,2025-08-20,18:15
33962,198.46,2025-08-20,18:30
33963,218.21,2025-08-20,18:45
33964,206.68,2025-08-20,19:00
33965,201.79,2025-08-20,19:15
33966,206.42,2025-08-20,19:30
33967,236.92,2025-08-20,19:45
33968,209.31,2025-08-20,20:00
33969,214.03,2025-08-20,20:15
33970,228.72,2025-08-20,20:30
33971,216.84,2025-08-20,20:45
33972,205.81,2025-08-20,21:00
33973,221.5,2025-08-20,21:15
33974,289.42,2025-08-20,21:30
33975,278.87,2025-08-20,21:45
33976,269.3,2025-08-20,22:00
33977,259.15,2025-08-20,22:15
33978,185.9,2025-08-20,22:30
33979,40.0,2025-08-20,22:45
33980,40.0,2025-08-20,23:00
33981,40.0,2025-08-20,23:15
33982,40.0,2025-08-20,23:30
33983,40.0,2025-08-20,23:45
33984,239.86,2025-08-20,24:00
33985,268.52,2025-08-21,00:15
33986,268.44,2025-08-21,00:30
33987,286.65,2025-08-21,00:45
33988,286.59,2025-08-21,01:00
33989,286.47,2025-08-21,01:15
33990,300.0,2025-08-21,01:30
33991,305.72,2025-08-21,01:45
33992,340.0,2025-08-21,02:00
33993,340.0,2025-08-21,02:15
33994,326.19,2025-08-21,02:30
33995,318.18,2025-08-21,02:45
33996,328.17,2025-08-21,03:00
33997,330.0,2025-08-21,03:15
33998,332.72,2025-08-21,03:30
33999,342.36,2025-08-21,03:45
34000,349.47,2025-08-21,04:00
34001,350.0,2025-08-21,04:15
34002,350.0,2025-08-21,04:30
34003,350.0,2025-08-21,04:45
34004,360.0,2025-08-21,05:00
34005,380.0,2025-08-21,05:15
34006,380.0,2025-08-21,05:30
34007,380.0,2025-08-21,05:45
34008,380.0,2025-08-21,06:00
34009,380.0,2025-08-21,06:15
34010,380.0,2025-08-21,06:30
34011,380.0,2025-08-21,06:45
34012,390.0,2025-08-21,07:00
34013,380.0,2025-08-21,07:15
34014,390.0,2025-08-21,07:30
34015,380.0,2025-08-21,07:45
34016,400.0,2025-08-21,08:00
34017,349.56,2025-08-21,08:15
34018,310.0,2025-08-21,08:30
34019,249.36,2025-08-21,08:45
34020,40.0,2025-08-21,09:00
34021,40.0,2025-08-21,09:15
34022,40.0,2025-08-21,09:30
34023,40.0,2025-08-21,09:45
34024,148.56,2025-08-21,10:00
34025,168.71,2025-08-21,10:15
34026,169.36,2025-08-21,10:30
34027,167.36,2025-08-21,10:45
34028,143.49,2025-08-21,11:00
34029,138.67,2025-08-21,11:15
34030,40.0,2025-08-21,11:30
34031,40.0,2025-08-21,11:45
34032,141.52,2025-08-21,12:00
34033,139.38,2025-08-21,12:15
34034,40.0,2025-08-21,12:30
34035,40.0,2025-08-21,12:45
34036,40.0,2025-08-21,13:00
34037,40.0,2025-08-21,13:15
34038,40.0,2025-08-21,13:30
34039,146.6,2025-08-21,13:45
34040,144.6,2025-08-21,14:00
34041,115.99,2025-08-21,14:15
34042,118.81,2025-08-21,14:30
34043,121.14,2025-08-21,14:45
34044,117.61,2025-08-21,15:00
34045,120.47,2025-08-21,15:15
34046,142.29,2025-08-21,15:30
34047,157.25,2025-08-21,15:45
34048,155.59,2025-08-21,16:00
34049,178.4,2025-08-21,16:15
34050,189.59,2025-08-21,16:30
34051,186.9,2025-08-21,16:45
34052,188.53,2025-08-21,17:00
34053,188.67,2025-08-21,17:15
34054,191.25,2025-08-21,17:30
34055,204.57,2025-08-21,17:45
34056,243.98,2025-08-21,18:00
34057,249.05,2025-08-21,18:15
34058,242.09,2025-08-21,18:30
34059,266.81,2025-08-21,18:45
34060,288.36,2025-08-21,19:00
34061,287.48,2025-08-21,19:15
34062,364.7,2025-08-21,19:30
34063,374.61,2025-08-21,19:45
34064,392.98,2025-08-21,20:00
34065,396.6,2025-08-21,20:15
34066,395.68,2025-08-21,20:30
34067,395.86,2025-08-21,20:45
34068,394.84,2025-08-21,21:00
34069,394.89,2025-08-21,21:15
34070,390.62,2025-08-21,21:30
34071,383.05,2025-08-21,21:45
34072,392.69,2025-08-21,22:00
34073,443.18,2025-08-21,22:15
34074,383.05,2025-08-21,22:30
34075,362.79,2025-08-21,22:45
34076,361.66,2025-08-21,23:00
34077,364.27,2025-08-21,23:15
34078,351.65,2025-08-21,23:30
34079,342.42,2025-08-21,23:45
34080,343.14,2025-08-21,24:00
34081,382.55,2025-08-22,00:15
34082,361.82,2025-08-22,00:30
34083,366.92,2025-08-22,00:45
34084,340.71,2025-08-22,01:00
34085,348.6,2025-08-22,01:15
34086,321.2,2025-08-22,01:30
34087,340.7,2025-08-22,01:45
34088,317.91,2025-08-22,02:00
34089,318.18,2025-08-22,02:15
34090,329.59,2025-08-22,02:30
34091,348.2,2025-08-22,02:45
34092,367.57,2025-08-22,03:00
34093,330.55,2025-08-22,03:15
34094,330.54,2025-08-22,03:30
34095,341.04,2025-08-22,03:45
34096,321.69,2025-08-22,04:00
34097,338.91,2025-08-22,04:15
34098,372.77,2025-08-22,04:30
34099,369.35,2025-08-22,04:45
34100,368.62,2025-08-22,05:00
34101,388.0,2025-08-22,05:15
34102,388.13,2025-08-22,05:30
34103,427.72,2025-08-22,05:45
34104,400.92,2025-08-22,06:00
34105,388.78,2025-08-22,06:15
34106,387.18,2025-08-22,06:30
34107,371.8,2025-08-22,06:45
34108,379.43,2025-08-22,07:00
34109,370.16,2025-08-22,07:15
34110,370.2,2025-08-22,07:30
34111,363.14,2025-08-22,07:45
34112,363.17,2025-08-22,08:00
34113,310.85,2025-08-22,08:15
34114,311.37,2025-08-22,08:30
34115,212.85,2025-08-22,08:45
34116,286.15,2025-08-22,09:00
34117,246.12,2025-08-22,09:15
34118,226.85,2025-08-22,09:30
34119,232.8,2025-08-22,09:45
34120,248.81,2025-08-22,10:00
34121,250.47,2025-08-22,10:15
34122,240.29,2025-08-22,10:30
34123,231.22,2025-08-22,10:45
34124,235.24,2025-08-22,11:00
34125,242.14,2025-08-22,11:15
34126,246.45,2025-08-22,11:30
34127,244.84,2025-08-22,11:45
34128,199.44,2025-08-22,12:00
34129,205.55,2025-08-22,12:15
34130,175.54,2025-08-22,12:30
34131,178.9,2025-08-22,12:45
34132,179.73,2025-08-22,13:00
34133,182.15,2025-08-22,13:15
34134,176.57,2025-08-22,13:30
34135,185.97,2025-08-22,13:45
34136,180.73,2025-08-22,14:00
34137,189.95,2025-08-22,14:15
34138,185.43,2025-08-22,14:30
34139,188.55,2025-08-22,14:45
34140,175.32,2025-08-22,15:00
34141,178.32,2025-08-22,15:15
34142,180.3,2025-08-22,15:30
34143,159.96,2025-08-22,15:45
34144,160.05,2025-08-22,16:00
34145,197.25,2025-08-22,16:15
34146,188.14,2025-08-22,16:30
34147,196.61,2025-08-22,16:45
34148,193.71,2025-08-22,17:00
34149,237.05,2025-08-22,17:15
34150,248.84,2025-08-22,17:30
34151,223.15,2025-08-22,17:45
34152,216.88,2025-08-22,18:00
34153,228.48,2025-08-22,18:15
34154,275.31,2025-08-22,18:30
34155,305.7,2025-08-22,18:45
34156,321.35,2025-08-22,19:00
34157,321.44,2025-08-22,19:15
34158,316.68,2025-08-22,19:30
34159,314.22,2025-08-22,19:45
34160,304.34,2025-08-22,20:00
34161,297.5,2025-08-22,20:15
34162,259.34,2025-08-22,20:30
34163,245.54,2025-08-22,20:45
34164,249.17,2025-08-22,21:00
34165,248.05,2025-08-22,21:15
34166,236.42,2025-08-22,21:30
34167,203.49,2025-08-22,21:45
34168,40.0,2025-08-22,22:00
34169,211.79,2025-08-22,22:15
34170,212.17,2025-08-22,22:30
34171,217.44,2025-08-22,22:45
34172,203.61,2025-08-22,23:00
34173,205.24,2025-08-22,23:15
34174,197.46,2025-08-22,23:30
34175,196.84,2025-08-22,23:45
34176,268.59,2025-08-22,24:00
34177,40.0,2025-08-23,00:15
34178,40.0,2025-08-23,00:30
34179,40.0,2025-08-23,00:45
34180,40.0,2025-08-23,01:00
34181,40.0,2025-08-23,01:15
34182,40.0,2025-08-23,01:30
34183,40.0,2025-08-23,01:45
34184,40.0,2025-08-23,02:00
34185,40.0,2025-08-23,02:15
34186,40.0,2025-08-23,02:30
34187,239.75,2025-08-23,02:45
34188,259.32,2025-08-23,03:00
34189,258.75,2025-08-23,03:15
34190,268.35,2025-08-23,03:30
34191,277.83,2025-08-23,03:45
34192,286.83,2025-08-23,04:00
34193,286.31,2025-08-23,04:15
34194,276.01,2025-08-23,04:30
34195,285.42,2025-08-23,04:45
34196,286.08,2025-08-23,05:00
34197,286.03,2025-08-23,05:15
34198,267.25,2025-08-23,05:30
34199,266.48,2025-08-23,05:45
34200,253.89,2025-08-23,06:00
34201,256.52,2025-08-23,06:15
34202,266.43,2025-08-23,06:30
34203,272.61,2025-08-23,06:45
34204,257.16,2025-08-23,07:00
34205,257.2,2025-08-23,07:15
34206,264.98,2025-08-23,07:30
34207,286.7,2025-08-23,07:45
34208,254.45,2025-08-23,08:00
34209,40.0,2025-08-23,08:15
34210,40.0,2025-08-23,08:30
34211,40.0,2025-08-23,08:45
34212,40.0,2025-08-23,09:00
34213,40.0,2025-08-23,09:15
34214,174.38,2025-08-23,09:30
34215,187.51,2025-08-23,09:45
34216,188.43,2025-08-23,10:00
34217,40.0,2025-08-23,10:15
34218,40.0,2025-08-23,10:30
34219,40.0,2025-08-23,10:45
34220,40.0,2025-08-23,11:00
34221,150.19,2025-08-23,11:15
34222,151.47,2025-08-23,11:30
34223,150.73,2025-08-23,11:45
34224,40.0,2025-08-23,12:00
34225,40.0,2025-08-23,12:15
34226,40.0,2025-08-23,12:30
34227,40.0,2025-08-23,12:45
34228,40.0,2025-08-23,13:00
34229,40.0,2025-08-23,13:15
34230,163.0,2025-08-23,13:30
34231,164.38,2025-08-23,13:45
34232,169.36,2025-08-23,14:00
34233,151.42,2025-08-23,14:15
34234,103.91,2025-08-23,14:30
34235,162.32,2025-08-23,14:45
34236,177.05,2025-08-23,15:00
34237,180.78,2025-08-23,15:15
34238,182.73,2025-08-23,15:30
34239,179.22,2025-08-23,15:45
34240,158.32,2025-08-23,16:00
34241,135.52,2025-08-23,16:15
34242,173.91,2025-08-23,16:30
34243,197.63,2025-08-23,16:45
34244,180.38,2025-08-23,17:00
34245,268.15,2025-08-23,17:15
34246,230.55,2025-08-23,17:30
34247,191.75,2025-08-23,17:45
34248,191.42,2025-08-23,18:00
34249,261.64,2025-08-23,18:15
34250,264.48,2025-08-23,18:30
34251,291.69,2025-08-23,18:45
34252,285.72,2025-08-23,19:00
34253,283.26,2025-08-23,19:15
34254,292.17,2025-08-23,19:30
34255,365.21,2025-08-23,19:45
34256,383.72,2025-08-23,20:00
34257,383.91,2025-08-23,20:15
34258,384.74,2025-08-23,20:30
34259,385.27,2025-08-23,20:45
34260,385.3,2025-08-23,21:00
34261,365.66,2025-08-23,21:15
34262,365.35,2025-08-23,21:30
34263,345.8,2025-08-23,21:45
34264,345.59,2025-08-23,22:00
34265,363.57,2025-08-23,22:15
34266,364.92,2025-08-23,22:30
34267,345.16,2025-08-23,22:45
34268,335.21,2025-08-23,23:00
34269,334.09,2025-08-23,23:15
34270,343.59,2025-08-23,23:30
34271,362.65,2025-08-23,23:45
34272,381.06,2025-08-23,24:00
34273,430.57,2025-08-24,00:15
34274,421.1,2025-08-24,00:30
34275,401.73,2025-08-24,00:45
34276,382.37,2025-08-24,01:00
34277,362.88,2025-08-24,01:15
34278,350.97,2025-08-24,01:30
34279,335.68,2025-08-24,01:45
34280,357.79,2025-08-24,02:00
34281,351.93,2025-08-24,02:15
34282,317.81,2025-08-24,02:30
34283,255.89,2025-08-24,02:45
34284,280.45,2025-08-24,03:00
34285,273.19,2025-08-24,03:15
34286,279.57,2025-08-24,03:30
34287,244.14,2025-08-24,03:45
34288,244.13,2025-08-24,04:00
34289,220.57,2025-08-24,04:15
34290,218.94,2025-08-24,04:30
34291,198.08,2025-08-24,04:45
34292,205.93,2025-08-24,05:00
34293,296.18,2025-08-24,05:15
34294,305.94,2025-08-24,05:30
34295,325.34,2025-08-24,05:45
34296,324.77,2025-08-24,06:00
34297,314.52,2025-08-24,06:15
34298,314.17,2025-08-24,06:30
34299,313.95,2025-08-24,06:45
34300,295.15,2025-08-24,07:00
34301,295.26,2025-08-24,07:15
34302,295.96,2025-08-24,07:30
34303,287.18,2025-08-24,07:45
34304,287.62,2025-08-24,08:00
34305,139.21,2025-08-24,08:15
34306,153.96,2025-08-24,08:30
34307,113.63,2025-08-24,08:45
34308,40.0,2025-08-24,09:00
34309,93.39,2025-08-24,09:15
34310,106.99,2025-08-24,09:30
34311,140.86,2025-08-24,09:45
34312,121.03,2025-08-24,10:00
34313,115.06,2025-08-24,10:15
34314,98.62,2025-08-24,10:30
34315,93.83,2025-08-24,10:45
34316,40.0,2025-08-24,11:00
34317,40.0,2025-08-24,11:15
34318,40.0,2025-08-24,11:30
34319,40.0,2025-08-24,11:45
34320,40.0,2025-08-24,12:00
34321,40.0,2025-08-24,12:15
34322,40.0,2025-08-24,12:30
34323,40.0,2025-08-24,12:45
34324,40.0,2025-08-24,13:00
34325,40.0,2025-08-24,13:15
34326,40.0,2025-08-24,13:30
34327,40.0,2025-08-24,13:45
34328,40.0,2025-08-24,14:00
34329,40.0,2025-08-24,14:15
34330,98.6,2025-08-24,14:30
34331,100.14,2025-08-24,14:45
34332,103.48,2025-08-24,15:00
34333,40.0,2025-08-24,15:15
34334,162.76,2025-08-24,15:30
34335,166.73,2025-08-24,15:45
34336,158.83,2025-08-24,16:00
34337,152.71,2025-08-24,16:15
34338,158.81,2025-08-24,16:30
34339,179.57,2025-08-24,16:45
34340,178.77,2025-08-24,17:00
34341,199.53,2025-08-24,17:15
34342,197.93,2025-08-24,17:30
34343,217.76,2025-08-24,17:45
34344,203.49,2025-08-24,18:00
34345,198.32,2025-08-24,18:15
34346,199.74,2025-08-24,18:30
34347,264.05,2025-08-24,18:45
34348,298.49,2025-08-24,19:00
34349,281.01,2025-08-24,19:15
34350,278.45,2025-08-24,19:30
34351,265.55,2025-08-24,19:45
34352,233.16,2025-08-24,20:00
34353,245.09,2025-08-24,20:15
34354,242.53,2025-08-24,20:30
34355,255.3,2025-08-24,20:45
34356,227.48,2025-08-24,21:00
34357,292.98,2025-08-24,21:15
34358,241.62,2025-08-24,21:30
34359,234.08,2025-08-24,21:45
34360,257.0,2025-08-24,22:00
34361,228.0,2025-08-24,22:15
34362,264.42,2025-08-24,22:30
34363,208.25,2025-08-24,22:45
34364,239.02,2025-08-24,23:00
34365,222.24,2025-08-24,23:15
34366,205.67,2025-08-24,23:30
34367,198.15,2025-08-24,23:45
34368,197.05,2025-08-24,24:00
34369,40.0,2025-08-25,00:15
34370,230.53,2025-08-25,00:30
34371,231.92,2025-08-25,00:45
34372,222.06,2025-08-25,01:00
34373,214.68,2025-08-25,01:15
34374,200.38,2025-08-25,01:30
34375,40.0,2025-08-25,01:45
34376,185.0,2025-08-25,02:00
34377,184.62,2025-08-25,02:15
34378,206.2,2025-08-25,02:30
34379,204.29,2025-08-25,02:45
34380,40.0,2025-08-25,03:00
34381,40.0,2025-08-25,03:15
34382,40.0,2025-08-25,03:30
34383,40.0,2025-08-25,03:45
34384,40.0,2025-08-25,04:00
34385,166.22,2025-08-25,04:15
34386,40.0,2025-08-25,04:30
34387,184.38,2025-08-25,04:45
34388,182.27,2025-08-25,05:00
34389,191.46,2025-08-25,05:15
34390,199.81,2025-08-25,05:30
34391,200.16,2025-08-25,05:45
34392,188.67,2025-08-25,06:00
34393,243.43,2025-08-25,06:15
34394,202.13,2025-08-25,06:30
34395,206.83,2025-08-25,06:45
34396,218.75,2025-08-25,07:00
34397,228.24,2025-08-25,07:15
34398,209.72,2025-08-25,07:30
34399,206.17,2025-08-25,07:45
34400,188.65,2025-08-25,08:00
34401,187.56,2025-08-25,08:15
34402,129.63,2025-08-25,08:30
34403,177.1,2025-08-25,08:45
34404,183.41,2025-08-25,09:00
34405,106.56,2025-08-25,09:15
34406,152.29,2025-08-25,09:30
34407,147.56,2025-08-25,09:45
34408,40.0,2025-08-25,10:00
34409,152.17,2025-08-25,10:15
34410,104.92,2025-08-25,10:30
34411,40.0,2025-08-25,10:45
34412,114.43,2025-08-25,11:00
34413,114.67,2025-08-25,11:15
34414,137.64,2025-08-25,11:30
34415,40.0,2025-08-25,11:45
34416,40.0,2025-08-25,12:00
34417,40.0,2025-08-25,12:15
34418,40.0,2025-08-25,12:30
34419,112.72,2025-08-25,12:45
34420,103.38,2025-08-25,13:00
34421,161.69,2025-08-25,13:15
34422,102.94,2025-08-25,13:30
34423,40.0,2025-08-25,13:45
34424,40.0,2025-08-25,14:00
34425,40.0,2025-08-25,14:15
34426,103.8,2025-08-25,14:30
34427,109.3,2025-08-25,14:45
34428,125.06,2025-08-25,15:00
34429,106.8,2025-08-25,15:15
34430,111.17,2025-08-25,15:30
34431,108.65,2025-08-25,15:45
34432,137.65,2025-08-25,16:00
34433,40.0,2025-08-25,16:15
34434,40.0,2025-08-25,16:30
34435,170.59,2025-08-25,16:45
34436,169.5,2025-08-25,17:00
34437,234.02,2025-08-25,17:15
34438,227.51,2025-08-25,17:30
34439,236.31,2025-08-25,17:45
34440,230.46,2025-08-25,18:00
34441,189.87,2025-08-25,18:15
34442,205.65,2025-08-25,18:30
34443,252.32,2025-08-25,18:45
34444,241.1,2025-08-25,19:00
34445,235.8,2025-08-25,19:15
34446,199.21,2025-08-25,19:30
34447,224.31,2025-08-25,19:45
34448,227.01,2025-08-25,20:00
34449,137.42,2025-08-25,20:15
34450,170.16,2025-08-25,20:30
34451,127.6,2025-08-25,20:45
34452,289.87,2025-08-25,21:00
34453,337.68,2025-08-25,21:15
34454,318.61,2025-08-25,21:30
34455,299.15,2025-08-25,21:45
34456,289.45,2025-08-25,22:00
34457,40.0,2025-08-25,22:15
34458,40.0,2025-08-25,22:30
34459,40.0,2025-08-25,22:45
34460,40.0,2025-08-25,23:00
34461,40.0,2025-08-25,23:15
34462,40.0,2025-08-25,23:30
34463,259.26,2025-08-25,23:45
34464,40.0,2025-08-25,24:00
34465,239.81,2025-08-26,00:15
34466,259.45,2025-08-26,00:30
34467,278.64,2025-08-26,00:45
34468,278.18,2025-08-26,01:00
34469,278.13,2025-08-26,01:15
34470,259.02,2025-08-26,01:30
34471,258.8,2025-08-26,01:45
34472,258.39,2025-08-26,02:00
34473,267.79,2025-08-26,02:15
34474,258.65,2025-08-26,02:30
34475,278.18,2025-08-26,02:45
34476,288.24,2025-08-26,03:00
34477,287.63,2025-08-26,03:15
34478,287.86,2025-08-26,03:30
34479,287.5,2025-08-26,03:45
34480,278.43,2025-08-26,04:00
34481,259.16,2025-08-26,04:15
34482,259.02,2025-08-26,04:30
34483,288.02,2025-08-26,04:45
34484,259.48,2025-08-26,05:00
34485,278.49,2025-08-26,05:15
34486,259.44,2025-08-26,05:30
34487,268.69,2025-08-26,05:45
34488,239.99,2025-08-26,06:00
34489,240.09,2025-08-26,06:15
34490,40.0,2025-08-26,06:30
34491,40.0,2025-08-26,06:45
34492,40.0,2025-08-26,07:00
34493,40.0,2025-08-26,07:15
34494,40.0,2025-08-26,07:30
34495,40.0,2025-08-26,07:45
34496,40.0,2025-08-26,08:00
34497,40.0,2025-08-26,08:15
34498,40.0,2025-08-26,08:30
34499,250.56,2025-08-26,08:45
34500,40.0,2025-08-26,09:00
34501,40.0,2025-08-26,09:15
34502,40.0,2025-08-26,09:30
34503,40.0,2025-08-26,09:45
34504,40.0,2025-08-26,10:00
34505,40.0,2025-08-26,10:15
34506,40.0,2025-08-26,10:30
34507,40.0,2025-08-26,10:45
34508,40.0,2025-08-26,11:00
34509,40.0,2025-08-26,11:15
34510,40.0,2025-08-26,11:30
34511,40.0,2025-08-26,11:45
34512,40.0,2025-08-26,12:00
34513,40.0,2025-08-26,12:15
34514,40.0,2025-08-26,12:30
34515,40.0,2025-08-26,12:45
34516,40.0,2025-08-26,13:00
34517,40.0,2025-08-26,13:15
34518,40.0,2025-08-26,13:30
34519,40.0,2025-08-26,13:45
34520,40.0,2025-08-26,14:00
34521,40.0,2025-08-26,14:15
34522,40.0,2025-08-26,14:30
34523,40.0,2025-08-26,14:45
34524,40.0,2025-08-26,15:00
34525,40.0,2025-08-26,15:15
34526,40.0,2025-08-26,15:30
34527,40.0,2025-08-26,15:45
34528,40.0,2025-08-26,16:00
34529,40.0,2025-08-26,16:15
34530,40.0,2025-08-26,16:30
34531,276.34,2025-08-26,16:45
34532,334.59,2025-08-26,17:00
34533,281.31,2025-08-26,17:15
34534,169.24,2025-08-26,17:30
34535,157.38,2025-08-26,17:45
34536,173.66,2025-08-26,18:00
34537,181.23,2025-08-26,18:15
34538,212.74,2025-08-26,18:30
34539,317.35,2025-08-26,18:45
34540,311.91,2025-08-26,19:00
34541,302.74,2025-08-26,19:15
34542,289.42,2025-08-26,19:30
34543,259.96,2025-08-26,19:45
34544,261.78,2025-08-26,20:00
34545,259.74,2025-08-26,20:15
34546,240.42,2025-08-26,20:30
34547,240.7,2025-08-26,20:45
34548,97.36,2025-08-26,21:00
34549,97.17,2025-08-26,21:15
34550,97.08,2025-08-26,21:30
34551,96.93,2025-08-26,21:45
34552,40.0,2025-08-26,22:00
34553,40.0,2025-08-26,22:15
34554,96.48,2025-08-26,22:30
34555,189.6,2025-08-26,22:45
34556,95.9,2025-08-26,23:00
34557,40.0,2025-08-26,23:15
34558,100.0,2025-08-26,23:30
34559,100.0,2025-08-26,23:45
34560,200.0,2025-08-26,24:00
34561,270.0,2025-08-27,00:15
34562,100.0,2025-08-27,00:30
34563,100.0,2025-08-27,00:45
34564,100.0,2025-08-27,01:00
34565,40.0,2025-08-27,01:15
34566,100.0,2025-08-27,01:30
34567,100.0,2025-08-27,01:45
34568,40.0,2025-08-27,02:00
34569,40.0,2025-08-27,02:15
34570,40.0,2025-08-27,02:30
34571,40.0,2025-08-27,02:45
34572,40.0,2025-08-27,03:00
34573,40.0,2025-08-27,03:15
34574,40.0,2025-08-27,03:30
34575,40.0,2025-08-27,03:45
34576,40.0,2025-08-27,04:00
34577,40.0,2025-08-27,04:15
34578,40.0,2025-08-27,04:30
34579,40.0,2025-08-27,04:45
34580,40.0,2025-08-27,05:00
34581,40.0,2025-08-27,05:15
34582,40.0,2025-08-27,05:30
34583,40.0,2025-08-27,05:45
34584,40.0,2025-08-27,06:00
34585,40.0,2025-08-27,06:15
34586,40.0,2025-08-27,06:30
34587,40.0,2025-08-27,06:45
34588,40.0,2025-08-27,07:00
34589,40.0,2025-08-27,07:15
34590,40.0,2025-08-27,07:30
34591,40.0,2025-08-27,07:45
34592,40.0,2025-08-27,08:00
34593,40.0,2025-08-27,08:15
34594,40.0,2025-08-27,08:30
34595,40.0,2025-08-27,08:45
34596,40.0,2025-08-27,09:00
34597,40.0,2025-08-27,09:15
34598,40.0,2025-08-27,09:30
34599,40.0,2025-08-27,09:45
34600,223.63,2025-08-27,10:00
34601,210.4,2025-08-27,10:15
34602,40.0,2025-08-27,10:30
34603,40.0,2025-08-27,10:45
34604,40.0,2025-08-27,11:00
34605,40.0,2025-08-27,11:15
34606,40.0,2025-08-27,11:30
34607,40.0,2025-08-27,11:45
34608,40.0,2025-08-27,12:00
34609,40.0,2025-08-27,12:15
34610,40.0,2025-08-27,12:30
34611,40.0,2025-08-27,12:45
34612,195.87,2025-08-27,13:00
34613,40.0,2025-08-27,13:15
34614,40.0,2025-08-27,13:30
34615,40.0,2025-08-27,13:45
34616,40.0,2025-08-27,14:00
34617,243.23,2025-08-27,14:15
34618,40.0,2025-08-27,14:30
34619,40.0,2025-08-27,14:45
34620,40.0,2025-08-27,15:00
34621,167.64,2025-08-27,15:15
34622,40.0,2025-08-27,15:30
34623,40.0,2025-08-27,15:45
34624,40.0,2025-08-27,16:00
34625,40.0,2025-08-27,16:15
34626,191.09,2025-08-27,16:30
34627,167.28,2025-08-27,16:45
34628,211.5,2025-08-27,17:00
34629,256.82,2025-08-27,17:15
34630,274.99,2025-08-27,17:30
34631,309.23,2025-08-27,17:45
34632,326.45,2025-08-27,18:00
34633,294.48,2025-08-27,18:15
34634,312.09,2025-08-27,18:30
34635,322.12,2025-08-27,18:45
34636,326.19,2025-08-27,19:00
34637,291.37,2025-08-27,19:15
34638,244.39,2025-08-27,19:30
34639,315.67,2025-08-27,19:45
34640,318.74,2025-08-27,20:00
34641,317.93,2025-08-27,20:15
34642,314.81,2025-08-27,20:30
34643,276.12,2025-08-27,20:45
34644,273.96,2025-08-27,21:00
34645,266.35,2025-08-27,21:15
34646,340.08,2025-08-27,21:30
34647,279.55,2025-08-27,21:45
34648,327.91,2025-08-27,22:00
34649,345.76,2025-08-27,22:15
34650,287.92,2025-08-27,22:30
34651,287.08,2025-08-27,22:45
34652,283.8,2025-08-27,23:00
34653,40.0,2025-08-27,23:15
34654,40.0,2025-08-27,23:30
34655,40.0,2025-08-27,23:45
34656,309.28,2025-08-27,24:00
